Variante,Clinical_Group,ClinVar_Final_Classification,Structural_Category_Consensus,Structural_Categories_By_Structure,DDG_7UUY,DDG_7UUZ,DDG_7UV0,DDG_AF,Experimental_Mean_DDG,Experimental_Max_DDG,Conformational_Range_Experimental,Most_Destabilizing_Experimental_State,Allele_Frequency,Literature_Label,Functional_Summary
p.Met1?,VUS_or_unclassified,Uncertain significance / not classified in gnomAD extract,superficie,AF=superficie,,,,-0.045322,,,,,6.482461053373991e-07,,
p.Met1?,VUS_or_unclassified,Uncertain significance / not classified in gnomAD extract,superficie,AF=superficie,,,,0.0,,,,,1.2964922106e-06,,
p.Met1?,VUS_or_unclassified,Uncertain significance / not classified in gnomAD extract,superficie,AF=superficie,,,,0.0,,,,,6.661923377222085e-07,,
p.Met1?,VUS_or_unclassified,Uncertain significance / not classified in gnomAD extract,superficie,AF=superficie,,,,0.0,,,,,2.065347598e-05,,
p.Met1?,VUS_or_unclassified,Uncertain significance / not classified in gnomAD extract,superficie,AF=superficie,,,,0.0,,,,,6.34407469767312e-07,,
p.Glu2Val,VUS_or_unclassified,Uncertain significance / not classified in gnomAD extract,superficie,AF=superficie,,,,1.003219,,,,,6.464199324879023e-07,,
p.Ala3Asp,VUS_or_unclassified,Uncertain significance / not classified in gnomAD extract,superficie,AF=superficie,,,,1.00412,,,,,6.404254474332388e-07,,
p.Glu5Gln,VUS_or_unclassified,Uncertain significance / not classified in gnomAD extract,superficie,AF=superficie,,,,-0.232479,,,,,1.2645054582e-06,,
p.Thr6Ala,VUS_or_unclassified,Uncertain significance / not classified in gnomAD extract,superficie,AF=superficie,,,,-0.191791,,,,,1.8977108546e-06,,
p.Thr6Ile,Uncertain_significance,Uncertain significance,superficie,AF=superficie,,,,-0.212203,,,,,2.5281701357e-06,,
p.Gly7Arg,Uncertain_significance,Uncertain significance,superficie,AF=superficie,,,,1.66733,,,,,2.5348638841e-06,,
p.Gly7Arg,VUS_or_unclassified,Uncertain significance / not classified in gnomAD extract,superficie,AF=superficie,,,,1.665893,,,,,6.336677831893006e-07,,
p.Gly7Glu,VUS_or_unclassified,Uncertain significance / not classified in gnomAD extract,superficie,AF=superficie,,,,1.857443,,,,,1.2634350524e-06,,
p.Glu8Lys,Uncertain_significance,Uncertain significance,core,AF=core,,,,0.206611,,,,,6.3158665937e-06,,
p.Arg9Trp,VUS_or_unclassified,Uncertain significance / not classified in gnomAD extract,core,7UUY=superficie; AF=core,1.596203,,,-0.787256,1.596203,1.596203,0.0,7UUY_apo,6.31468606538226e-07,,
p.Arg9Pro,VUS_or_unclassified,Uncertain significance / not classified in gnomAD extract,core,7UUY=superficie; AF=core,2.527697,,,1.611387,2.527697,2.527697,0.0,7UUY_apo,1.2625911906e-06,,
p.Arg9Gln,VUS_or_unclassified,Uncertain significance / not classified in gnomAD extract,core,7UUY=superficie; AF=core,2.261437,,,0.885513,2.261437,2.261437,0.0,7UUY_apo,1.2625911906e-06,,
p.Pro10Leu,VUS_or_unclassified,Uncertain significance / not classified in gnomAD extract,core,7UUY=superficie; AF=core,0.33228,,,0.306875,0.33228,0.33228,0.0,7UUY_apo,6.307015419391297e-07,,
p.Thr11Ile,Uncertain_significance,Uncertain significance,core,7UUY=superficie; 7UUZ=superficie; 7UV0=superficie; AF=core,0.839993,0.442896,-1.292457,-0.652834,-0.0031893333333333405,0.839993,2.13245,7UUY_apo,1.8908285989e-06,,
p.Phe12Leu,VUS_or_unclassified,Uncertain significance / not classified in gnomAD extract,core,7UUY=core; 7UUZ=superficie; 7UV0=superficie; AF=core,1.763973,-0.833879,0.311488,0.953331,0.41386066666666665,1.763973,2.597852,7UUY_apo,6.295984295296773e-07,,
p.Trp15Leu,VUS_or_unclassified,Uncertain significance / not classified in gnomAD extract,core,7UUY=core; 7UUZ=superficie; 7UV0=core; AF=core,0.22672,-0.827501,0.05291,-0.536565,-0.18262366666666666,0.22672,1.054221,7UUY_apo,6.280026376110779e-07,,
p.Trp15Cys,VUS_or_unclassified,Uncertain significance / not classified in gnomAD extract,core,7UUY=core; 7UUZ=superficie; 7UV0=core; AF=core,1.037467,-0.062194,1.516413,0.731975,0.830562,1.516413,1.578607,7UV0_I_Na,6.277511192802457e-07,,
p.Trp15Cys,VUS_or_unclassified,Uncertain significance / not classified in gnomAD extract,core,7UUY=core; 7UUZ=superficie; 7UV0=core; AF=core,1.04267,-0.127292,1.50554,0.725676,0.8069726666666668,1.50554,1.632832,7UV0_I_Na,2.5111873395e-06,,
p.Asp16Asn,VUS_or_unclassified,Uncertain significance / not classified in gnomAD extract,core,7UUY=core; 7UUZ=core; 7UV0=core; AF=core,0.389607,0.566464,-0.159394,3.244453,0.26555899999999993,0.566464,0.725858,7UUZ_ReO4_Na,1.2548106302e-06,,
p.Asp16Gly,VUS_or_unclassified,Uncertain significance / not classified in gnomAD extract,core,7UUY=core; 7UUZ=core; 7UV0=core; AF=core,1.827703,0.971195,-0.303856,4.821003,0.8316806666666667,1.827703,2.131559,7UUY_apo,1.19185473925e-05,,
p.Gly18Arg,Uncertain_significance,Uncertain significance,core,7UUY=core; 7UUZ=core; 7UV0=core; AF=core,-1.512153,-1.06561,-1.302833,-1.608537,-1.293532,-1.06561,0.44654300000000013,7UUZ_ReO4_Na,1.2526791675e-06,,
p.Gly18Ala,VUS_or_unclassified,Uncertain significance / not classified in gnomAD extract,core,7UUY=core; 7UUZ=core; 7UV0=core; AF=core,-0.881724,0.355342,-0.051643,-0.845267,-0.19267499999999996,0.355342,1.237066,7UUZ_ReO4_Na,1.2522101509e-06,,
p.Val19Ile,VUS_or_unclassified,Uncertain significance / not classified in gnomAD extract,core,7UUY=core; 7UUZ=core; 7UV0=core; AF=core,0.541767,-1.7848,-0.848107,-0.430383,-0.6970466666666667,0.541767,2.326567,7UUY_apo,6.256287569006852e-07,,
p.Phe20Leu,VUS_or_unclassified,Uncertain significance / not classified in gnomAD extract,core,7UUY=core; 7UUZ=core; 7UV0=core; AF=core,0.692774,-0.83586,-0.644785,1.646687,-0.2626236666666667,0.692774,1.528634,7UUY_apo,6.252743391162873e-07,,
p.Leu22Phe,VUS_or_unclassified,Uncertain significance / not classified in gnomAD extract,core,7UUY=core; 7UUZ=core; 7UV0=core; AF=core,-0.641764,-0.75599,-0.926746,0.312922,-0.7748333333333334,-0.641764,0.28498199999999996,7UUY_apo,1.8739248356e-06,,
p.Leu22Pro,VUS_or_unclassified,Uncertain significance / not classified in gnomAD extract,core,7UUY=core; 7UUZ=core; 7UV0=core; AF=core,2.574537,2.484857,4.314137,3.951853,3.1245103333333333,4.314137,1.8292799999999998,7UV0_I_Na,6.244840200784102e-07,,
p.Met23Leu,Uncertain_significance,Uncertain significance,core,7UUY=core; 7UUZ=core; 7UV0=core; AF=core,-0.566375,-0.731219,-1.07169,1.193847,-0.7897613333333333,-0.566375,0.5053150000000001,7UUY_apo,1.8727737402e-06,,
p.Met23Thr,VUS_or_unclassified,Uncertain significance / not classified in gnomAD extract,core,7UUY=core; 7UUZ=core; 7UV0=core; AF=core,1.025819,0.002217,-0.000318,3.214807,0.34257266666666664,1.025819,1.026137,7UUY_apo,6.241581666727002e-07,,
p.Leu24Val,VUS_or_unclassified,Uncertain significance / not classified in gnomAD extract,core,7UUY=core; 7UUZ=core; 7UV0=core; AF=core,2.094753,0.62876,0.722666,2.05001,1.1487263333333333,2.094753,1.4659929999999999,7UUY_apo,6.237594982977604e-07,,
p.Val26Met,VUS_or_unclassified,Uncertain significance / not classified in gnomAD extract,core,7UUY=core; 7UUZ=core; 7UV0=core; AF=core,-0.819674,0.081161,-0.187302,-0.604361,-0.30860499999999996,0.081161,0.900835,7UUZ_ReO4_Na,6.23165556393367e-07,,
p.Ser27Ala,VUS_or_unclassified,Uncertain significance / not classified in gnomAD extract,core,7UUY=core; 7UUZ=core; 7UV0=core; AF=core,0.218019,-0.27511,-0.031255,-0.202083,-0.02944866666666668,0.218019,0.49312900000000004,7UUY_apo,6.229241054186922e-07,,
p.Thr28Ala,VUS_or_unclassified,Uncertain significance / not classified in gnomAD extract,core,7UUY=core; 7UUZ=core; 7UV0=core; AF=core,-0.125923,0.717974,1.156957,0.010748,0.5830026666666667,1.156957,1.28288,7UV0_I_Na,4.9812270007e-06,,
p.Thr28Ser,VUS_or_unclassified,Uncertain significance / not classified in gnomAD extract,core,7UUY=core; 7UUZ=core; 7UV0=core; AF=core,0.100424,-0.002389,-0.000158,0.091977,0.032625666666666664,0.100424,0.102813,7UUY_apo,6.226533750926197e-07,,
p.Thr28Ile,VUS_or_unclassified,Uncertain significance / not classified in gnomAD extract,core,7UUY=core; 7UUZ=core; 7UV0=core; AF=core,-1.562523,0.098868,1.33903,-0.742845,-0.041541666666666734,1.33903,2.901553,7UV0_I_Na,6.225890240045424e-07,,
p.Gly29Ser,VUS_or_unclassified,Uncertain significance / not classified in gnomAD extract,core,7UUY=core; 7UUZ=core; 7UV0=core; AF=core,0.082195,1.207207,0.951105,-0.472394,0.7468356666666667,1.207207,1.125012,7UUZ_ReO4_Na,6.224262673843656e-07,,
p.Ile30Met,VUS_or_unclassified,Uncertain significance / not classified in gnomAD extract,core,7UUY=core; 7UUZ=core; 7UV0=core; AF=core,-0.420431,-1.47004,-2.020047,0.889444,-1.3035059999999998,-0.420431,1.599616,7UUY_apo,6.222868294237126e-07,,
p.Gly31Arg,VUS_or_unclassified,Uncertain significance / not classified in gnomAD extract,core,7UUY=core; 7UUZ=core; 7UV0=core; AF=core,-2.0289,-1.33604,-0.422467,-1.934527,-1.262469,-0.422467,1.6064330000000002,7UV0_I_Na,6.222264257074092e-07,,
p.Leu32Pro,VUS_or_unclassified,Uncertain significance / not classified in gnomAD extract,core,7UUY=core; 7UUZ=core; 7UV0=core; AF=superficie,1.79378,2.84266,3.76748,2.666397,2.8013066666666666,3.76748,1.9737,7UV0_I_Na,5.5973421331e-06,,
p.Leu32Gln,VUS_or_unclassified,Uncertain significance / not classified in gnomAD extract,core,7UUY=core; 7UUZ=core; 7UV0=core; AF=superficie,-0.15227,-0.10087,-0.161377,0.826606,-0.1381723333333333,-0.10087,0.06050699999999999,7UUZ_ReO4_Na,6.219269036871558e-07,,
p.Trp33Arg,VUS_or_unclassified,Uncertain significance / not classified in gnomAD extract,core,7UUY=core; 7UUZ=core; 7UV0=core; AF=superficie,-0.034747,1.30609,1.91698,0.432233,1.0627743333333333,1.91698,1.951727,7UV0_I_Na,2.487565283e-06,,
p.Trp33Ser,VUS_or_unclassified,Uncertain significance / not classified in gnomAD extract,core,7UUY=core; 7UUZ=core; 7UV0=core; AF=superficie,0.748795,2.037917,3.087827,0.619564,1.9581796666666669,3.087827,2.339032,7UV0_I_Na,1.2437671717e-06,,
p.Val34Asp,VUS_or_unclassified,Uncertain significance / not classified in gnomAD extract,core,7UUZ=core; 7UV0=core; AF=superficie,,1.19569,0.671917,2.218793,0.9338035,1.19569,0.5237729999999999,7UUZ_ReO4_Na,1.2437192179e-06,,
p.Gly35Arg,Uncertain_significance,Uncertain significance,core,7UUZ=core; 7UV0=core; AF=superficie,,-0.185212,-0.691458,-0.215402,-0.43833500000000003,-0.185212,0.506246,7UUZ_ReO4_Na,2.36282847979e-05,,
p.Gly35Arg,VUS_or_unclassified,Uncertain significance / not classified in gnomAD extract,core,7UUZ=core; 7UV0=core; AF=superficie,,-0.170345,-0.718092,-0.699945,-0.44421849999999996,-0.170345,0.547747,7UUZ_ReO4_Na,1.2435026984e-06,,
p.Leu36Val,VUS_or_unclassified,Uncertain significance / not classified in gnomAD extract,core,7UUZ=core; AF=superficie,,9.456167,,0.603642,9.456167,9.456167,0.0,7UUZ_ReO4_Na,6.216137590475883e-07,,
p.Leu36Arg,VUS_or_unclassified,Uncertain significance / not classified in gnomAD extract,core,7UUZ=core; AF=superficie,,10.230677,,0.408899,10.230677,10.230677,0.0,7UUZ_ReO4_Na,1.8645422486e-06,,
p.Ala37Ser,VUS_or_unclassified,Uncertain significance / not classified in gnomAD extract,core,7UUZ=core; AF=superficie,,1.145627,,0.515435,1.145627,1.145627,0.0,7UUZ_ReO4_Na,8.081039147e-06,,
p.Arg38Pro,VUS_or_unclassified,Uncertain significance / not classified in gnomAD extract,superficie,AF=superficie,,,,0.844006,,,,,1.2433063494e-06,,
p.Arg38Gln,VUS_or_unclassified,Uncertain significance / not classified in gnomAD extract,superficie,AF=superficie,,,,0.4251,,,,,6.21653174720598e-07,,
p.Gly39Ser,VUS_or_unclassified,Uncertain significance / not classified in gnomAD extract,superficie,AF=superficie,,,,4.43623,,,,,1.2431316973e-06,,
p.Gly39Asp,VUS_or_unclassified,Uncertain significance / not classified in gnomAD extract,superficie,AF=superficie,,,,3.548173,,,,,1.2431456059e-06,,
p.Gly40Arg,VUS_or_unclassified,Uncertain significance / not classified in gnomAD extract,superficie,AF=superficie,,,,2.138487,,,,,1.8646071459e-06,,
p.Gln41Lys,VUS_or_unclassified,Uncertain significance / not classified in gnomAD extract,superficie,AF=superficie,,,,0.275205,,,,,6.21677135709632e-07,,
p.Gln41Arg,VUS_or_unclassified,Uncertain significance / not classified in gnomAD extract,superficie,AF=superficie,,,,0.508908,,,,,1.8647925915e-06,,
p.Arg42Cys,VUS_or_unclassified,Uncertain significance / not classified in gnomAD extract,superficie,AF=superficie,,,,0.360214,,,,,3.1065779925e-06,,
p.Arg42Leu,Uncertain_significance,Uncertain significance,superficie,AF=superficie,,,,1.305813,,,,,1.2425910508e-06,,
p.Arg42His,VUS_or_unclassified,Uncertain significance / not classified in gnomAD extract,superficie,AF=superficie,,,,0.623477,,,,,1.2424999596e-06,,
p.Ser43Arg,VUS_or_unclassified,Uncertain significance / not classified in gnomAD extract,superficie,AF=superficie,,,,-0.846451,,,,,1.67673327644e-05,,
p.Ser43Arg,VUS_or_unclassified,Uncertain significance / not classified in gnomAD extract,superficie,AF=superficie,,,,-0.888037,,,,,6.20966820500847e-07,,
p.Ala44Thr,VUS_or_unclassified,Uncertain significance / not classified in gnomAD extract,superficie,AF=superficie,,,,1.65388,,,,,1.2419290138e-06,,
p.Ala44Gly,VUS_or_unclassified,Uncertain significance / not classified in gnomAD extract,superficie,AF=superficie,,,,1.508127,,,,,4.3460714618e-06,,
p.Ala44Val,VUS_or_unclassified,Uncertain significance / not classified in gnomAD extract,superficie,AF=superficie,,,,-0.665469,,,,,1.24182568244e-05,,
p.Glu45Lys,VUS_or_unclassified,Uncertain significance / not classified in gnomAD extract,superficie,AF=superficie,,,,0.122639,,,,,6.20784099981004e-07,,
p.Asp46Tyr,VUS_or_unclassified,Uncertain significance / not classified in gnomAD extract,superficie,AF=superficie,,,,0.146703,,,,,6.206931652992796e-07,,
p.Asp46His,VUS_or_unclassified,Uncertain significance / not classified in gnomAD extract,superficie,AF=superficie,,,,0.832981,,,,,1.2414772586e-06,,
p.Asp46Val,VUS_or_unclassified,Uncertain significance / not classified in gnomAD extract,superficie,AF=superficie,,,,0.439345,,,,,1.8625002948e-06,,
p.Phe48Ser,VUS_or_unclassified,Uncertain significance / not classified in gnomAD extract,core,AF=core,,,,3.998217,,,,,6.206507895919345e-07,,
p.Thr49Ala,VUS_or_unclassified,Uncertain significance / not classified in gnomAD extract,superficie,AF=superficie,,,,0.580884,,,,,1.2415373708e-06,,
p.Thr49Pro,VUS_or_unclassified,Uncertain significance / not classified in gnomAD extract,superficie,AF=superficie,,,,1.860083,,,,,6.207686854478163e-07,,
p.Gly50Arg,VUS_or_unclassified,Uncertain significance / not classified in gnomAD extract,core,AF=core,,,,16.399167,,,,,6.208534748548134e-07,,
p.Gly50Arg,VUS_or_unclassified,Uncertain significance / not classified in gnomAD extract,core,AF=core,,,,14.187633,,,,,6.208534748548134e-07,,
p.Gly50Glu,VUS_or_unclassified,Uncertain significance / not classified in gnomAD extract,core,AF=core,,,,8.73973,,,,,1.2412106768e-06,,
p.Gly51Cys,VUS_or_unclassified,Uncertain significance / not classified in gnomAD extract,superficie,AF=superficie,,,,2.92174,,,,,6.205922435899027e-07,,
p.Gly51Asp,Uncertain_significance,Uncertain significance,superficie,AF=superficie,,,,3.846503,,,,,6.206346113027493e-07,,
p.Gly51Ala,VUS_or_unclassified,Uncertain significance / not classified in gnomAD extract,superficie,AF=superficie,,,,2.92788,,,,,6.206346113027493e-07,,
p.Arg52Gly,VUS_or_unclassified,Uncertain significance / not classified in gnomAD extract,superficie,AF=superficie,,,,2.388353,,,,,6.206700505597823e-07,,
p.Arg52Gln,VUS_or_unclassified,Uncertain significance / not classified in gnomAD extract,superficie,AF=superficie,,,,1.520407,,,,,6.206323001874309e-07,,
p.Arg53Gly,Uncertain_significance,Uncertain significance,superficie,AF=superficie,,,,1.289647,,,,,1.73779416821e-05,,
p.Arg53Pro,VUS_or_unclassified,Uncertain significance / not classified in gnomAD extract,superficie,AF=superficie,,,,4.403957,,,,,6.20580689763025e-07,,
p.Arg53Leu,VUS_or_unclassified,Uncertain significance / not classified in gnomAD extract,superficie,AF=superficie,,,,0.556008,,,,,6.20580689763025e-07,,
p.Arg53His,Benign_or_likely,Likely benign,superficie,AF=superficie,,,,0.783626,,,,,0.0001781068790213,,
p.Ala55Val,VUS_or_unclassified,Uncertain significance / not classified in gnomAD extract,core,7UV0=core; AF=core,,,7.142207,0.874148,7.142207,7.142207,0.0,7UV0_I_Na,1.2410889811e-06,,
p.Ala55Gly,VUS_or_unclassified,Uncertain significance / not classified in gnomAD extract,core,7UV0=core; AF=core,,,0.0,-0.098946,0.0,0.0,0.0,7UV0_I_Na,6.205444905577951e-07,,
p.Ala56Thr,VUS_or_unclassified,Uncertain significance / not classified in gnomAD extract,core,7UV0=core; AF=core,,,0.679576,4.01992,0.679576,0.679576,0.0,7UV0_I_Na,6.204012755450225e-07,,
p.Pro58Ser,VUS_or_unclassified,Uncertain significance / not classified in gnomAD extract,core,AF=core,,,,3.433803,,,,,6.202488934759741e-07,,
p.Pro58Leu,VUS_or_unclassified,Uncertain significance / not classified in gnomAD extract,core,AF=core,,,,1.78647,,,,,6.201758074378924e-07,,
p.Val59Leu,VUS_or_unclassified,Uncertain significance / not classified in gnomAD extract,core,AF=core,,,,2.403763,,,,,1.2403962321e-06,,
p.Val59Met,VUS_or_unclassified,Uncertain significance / not classified in gnomAD extract,core,AF=core,,,,3.431627,,,,,1.8605943482e-06,,
p.Val59Glu,Pathogenic_or_likely,Pathogenic/Likely pathogenic,core,AF=core,,,,5.3265,,,,,6.201719612814241e-07,Pathogenic/functional defect,Reported NIS mutation associated with iodide transport defect/thyroid dyshormonogenesis in reviews.
p.Ala65Thr,VUS_or_unclassified,Uncertain significance / not classified in gnomAD extract,core,AF=core,,,,2.228247,,,,,6.200935101013233e-07,,
p.Ala65Ser,VUS_or_unclassified,Uncertain significance / not classified in gnomAD extract,core,AF=core,,,,1.958233,,,,,6.200935101013233e-07,,
p.Ser66Gly,VUS_or_unclassified,Uncertain significance / not classified in gnomAD extract,core,AF=core,,,,1.755933,,,,,2.4802110163e-06,,
p.Ser66Ile,VUS_or_unclassified,Uncertain significance / not classified in gnomAD extract,core,AF=core,,,,3.242857,,,,,6.200612124428924e-07,,
p.Phe67Leu,VUS_or_unclassified,Uncertain significance / not classified in gnomAD extract,core,AF=core,,,,0.645313,,,,,6.200619813956604e-07,,
p.Met68Val,VUS_or_unclassified,Uncertain significance / not classified in gnomAD extract,core,AF=core,,,,3.899617,,,,,3.1003944941e-06,,
p.Met68Thr,VUS_or_unclassified,Uncertain significance / not classified in gnomAD extract,core,AF=core,,,,5.19205,,,,,1.2401039703e-06,,
p.Met68Ile,VUS_or_unclassified,Uncertain significance / not classified in gnomAD extract,core,AF=core,,,,2.701717,,,,,6.20055060889407e-07,,
p.Ser69Leu,VUS_or_unclassified,Uncertain significance / not classified in gnomAD extract,core,AF=core,,,,8.610703,,,,,3.1003214413e-06,,
p.Ala70Gly,VUS_or_unclassified,Uncertain significance / not classified in gnomAD extract,core,AF=core,,,,1.92499,,,,,6.200704400019842e-07,,
p.Gln72Glu,VUS_or_unclassified,Uncertain significance / not classified in gnomAD extract,core,7UUY=superficie; 7UUZ=core; AF=core,-0.152171,-0.725468,,0.634568,-0.43881950000000003,-0.152171,0.573297,7UUY_apo,6.200935101013233e-07,,
p.Gln72Arg,VUS_or_unclassified,Uncertain significance / not classified in gnomAD extract,core,7UUY=superficie; 7UUZ=core; AF=core,-0.204377,-0.157875,,0.672987,-0.181126,-0.157875,0.046502000000000016,7UUZ_ReO4_Na,6.201042767351757e-07,,
p.Val73Leu,VUS_or_unclassified,Uncertain significance / not classified in gnomAD extract,core,7UUY=superficie; 7UUZ=core; AF=core,-0.01324,0.366556,,2.161776,0.176658,0.366556,0.37979599999999997,7UUZ_ReO4_Na,1.2401085839e-05,,
p.Val73Met,VUS_or_unclassified,Uncertain significance / not classified in gnomAD extract,core,7UUY=superficie; 7UUZ=core; AF=core,-0.336784,-0.356506,,2.257233,-0.346645,-0.336784,0.019722000000000017,7UUY_apo,1.2401993248e-06,,
p.Gly75Arg,VUS_or_unclassified,Uncertain significance / not classified in gnomAD extract,core,7UUY=superficie; 7UUZ=core; AF=core,0.729593,2.384817,,12.52,1.557205,2.384817,1.655224,7UUZ_ReO4_Na,6.20035069183513e-07,,
p.Gly75Asp,Uncertain_significance,Uncertain significance,core,7UUY=superficie; 7UUZ=core; AF=core,0.648582,3.66978,,13.681833,2.159181,3.66978,3.021198,7UUZ_ReO4_Na,8.0611856391e-06,,
p.Val76Met,VUS_or_unclassified,Uncertain significance / not classified in gnomAD extract,core,7UUY=core; 7UUZ=core; 7UV0=superficie; AF=core,0.046223,0.355582,-0.983397,1.559573,-0.19386399999999995,0.355582,1.338979,7UUZ_ReO4_Na,6.200466027026591e-07,,
p.Val76Leu,VUS_or_unclassified,Uncertain significance / not classified in gnomAD extract,core,7UUY=core; 7UUZ=core; 7UV0=superficie; AF=core,-0.652582,0.139684,-1.398423,-0.099126,-0.637107,0.139684,1.538107,7UUZ_ReO4_Na,6.200466027026591e-07,,
p.Pro77Ser,VUS_or_unclassified,Uncertain significance / not classified in gnomAD extract,core,7UUY=core; 7UUZ=core; 7UV0=core; AF=core,2.410727,8.178203,1.194,3.74907,3.9276433333333336,8.178203,6.984203,7UUZ_ReO4_Na,6.201081220521611e-07,,
p.Pro77Leu,VUS_or_unclassified,Uncertain significance / not classified in gnomAD extract,core,7UUY=core; 7UUZ=core; 7UV0=core; AF=core,1.047123,31.185533,-0.795734,5.085643,10.478974,31.185533,31.981267,7UUZ_ReO4_Na,3.1003022174e-06,,
p.Ser78Pro,VUS_or_unclassified,Uncertain significance / not classified in gnomAD extract,core,7UUY=core; 7UUZ=core; 7UV0=core; AF=superficie,-0.474507,5.632323,0.001028,2.000247,1.7196146666666667,5.632323,6.10683,7UUZ_ReO4_Na,1.2401577976e-06,,
p.Ser78Leu,VUS_or_unclassified,Uncertain significance / not classified in gnomAD extract,core,7UUY=core; 7UUZ=core; 7UV0=core; AF=superficie,-1.337313,-0.048229,1.414723,-0.01623,0.009726999999999967,1.414723,2.752036,7UV0_I_Na,1.2402254729e-06,,
p.Glu79Gly,VUS_or_unclassified,Uncertain significance / not classified in gnomAD extract,core,7UUY=core; 7UUZ=core; 7UV0=core; AF=superficie,0.0,1.002539,1.507787,5.826767,0.8367753333333333,1.507787,1.507787,7UV0_I_Na,6.200773608515398e-07,,
p.Tyr81Asn,VUS_or_unclassified,Uncertain significance / not classified in gnomAD extract,core,7UUY=core; 7UUZ=core; 7UV0=core; AF=core,0.432597,3.934743,2.0836,3.189303,2.1503133333333335,3.934743,3.502146,7UUZ_ReO4_Na,1.2406439934e-06,,
p.Arg82Cys,VUS_or_unclassified,Uncertain significance / not classified in gnomAD extract,core,7UUY=core; 7UUZ=core; 7UV0=core; AF=superficie,1.589523,2.276877,2.37276,2.119083,2.07972,2.37276,0.783237,7UV0_I_Na,6.202881362450485e-07,,
p.Arg82Leu,VUS_or_unclassified,Uncertain significance / not classified in gnomAD extract,core,7UUY=core; 7UUZ=core; 7UV0=core; AF=superficie,-0.015605,6.272547,1.29128,-0.488754,2.516074,6.272547,6.288152,7UUZ_ReO4_Na,6.20322766341783e-07,,
p.Tyr83Cys,VUS_or_unclassified,Uncertain significance / not classified in gnomAD extract,core,7UUY=core; 7UUZ=core; 7UV0=core; AF=superficie,-0.270875,0.349578,2.96125,3.123563,1.0133176666666668,2.96125,3.232125,7UV0_I_Na,6.203289232082419e-07,,
p.Lys86Asn,VUS_or_unclassified,Uncertain significance / not classified in gnomAD extract,core,7UUY=core; 7UUZ=core; 7UV0=core; AF=superficie,1.789367,1.152059,0.094173,1.418837,1.0118663333333333,1.789367,1.6951939999999999,7UUY_apo,6.200081593073764e-07,,
p.Leu88Pro,VUS_or_unclassified,Uncertain significance / not classified in gnomAD extract,core,7UUY=core; 7UUZ=core; 7UV0=core; AF=superficie,1.072547,1.213873,7.298683,3.783753,3.1950343333333335,7.298683,6.2261359999999994,7UV0_I_Na,1.240053223e-06,,
p.Met90Thr,VUS_or_unclassified,Uncertain significance / not classified in gnomAD extract,core,7UUY=core; 7UUZ=core; 7UV0=core; AF=core,1.912437,1.406633,2.638303,2.271453,1.985791,2.638303,1.23167,7UV0_I_Na,1.8600683017e-06,,
p.Met90Ile,VUS_or_unclassified,Uncertain significance / not classified in gnomAD extract,core,7UUY=core; 7UUZ=core; 7UV0=core; AF=core,0.847943,-0.471124,3.921763,0.490237,1.4328606666666666,3.921763,4.392887,7UV0_I_Na,6.200450648753152e-07,,
p.Cys91Tyr,VUS_or_unclassified,Uncertain significance / not classified in gnomAD extract,sitio activo,7UUY=core; 7UUZ=core; 7UV0=sitio activo; AF=core,6.56553,12.437733,16.0415,-0.275016,11.681587666666667,16.0415,9.47597,7UV0_I_Na,6.200773608515398e-07,,
p.Leu92Gln,VUS_or_unclassified,Uncertain significance / not classified in gnomAD extract,sitio activo,7UUY=core; 7UUZ=core; 7UV0=sitio activo; AF=core,2.168003,7.430343,-0.03009,1.68786,3.1894186666666666,7.430343,7.460433,7UUZ_ReO4_Na,6.200927410703545e-07,,
p.Leu92Arg,VUS_or_unclassified,Uncertain significance / not classified in gnomAD extract,sitio activo,7UUY=core; 7UUZ=core; 7UV0=sitio activo; AF=core,6.00175,9.3233,0.766651,1.572797,5.3639003333333335,9.3233,8.556649,7UUZ_ReO4_Na,6.200927410703545e-07,,
p.Gly93Ser,VUS_or_unclassified,Uncertain significance / not classified in gnomAD extract,core,7UUY=core; 7UUZ=core; 7UV0=core; AF=core,3.97346,3.4322,2.89364,1.04039,3.4331,3.97346,1.0798200000000002,7UUY_apo,2.4805093974e-06,,
p.Gln94Lys,VUS_or_unclassified,Uncertain significance / not classified in gnomAD extract,core,7UUY=core; 7UUZ=core; 7UV0=core; AF=core,9.47089,10.015523,5.18313,2.111333,8.223180999999999,10.015523,4.832393,7UUZ_ReO4_Na,1.2402393165e-06,,
p.Asn97Ser,VUS_or_unclassified,Uncertain significance / not classified in gnomAD extract,core,7UUY=core; 7UUZ=core; 7UV0=core; AF=core,0.613062,0.055714,3.48299,-0.918621,1.383922,3.48299,3.427276,7UV0_I_Na,1.2405993583e-06,,
p.Ser98Thr,VUS_or_unclassified,Uncertain significance / not classified in gnomAD extract,core,7UUY=core; 7UUZ=superficie; 7UV0=core; AF=core,2.3758,2.80955,1.258657,-0.198526,2.148002333333333,2.80955,1.5508930000000003,7UUZ_ReO4_Na,1.2404654722e-06,,
p.Ser98Leu,VUS_or_unclassified,Uncertain significance / not classified in gnomAD extract,core,7UUY=core; 7UUZ=superficie; 7UV0=core; AF=core,2.050457,0.902734,4.514707,-2.226747,2.4892993333333333,4.514707,3.6119729999999994,7UV0_I_Na,6.203204575483694e-07,,
p.Val99Ile,VUS_or_unclassified,Uncertain significance / not classified in gnomAD extract,core,7UUY=core; 7UUZ=superficie; 7UV0=core; AF=core,5.156077,1.232868,3.354003,-0.822005,3.2476493333333334,5.156077,3.923209,7UUY_apo,6.20275824253529e-07,,
p.Val99Phe,VUS_or_unclassified,Uncertain significance / not classified in gnomAD extract,core,7UUY=core; 7UUZ=superficie; 7UV0=core; AF=core,13.554833,-0.678513,1.897387,-0.900638,4.924569,13.554833,14.233346000000001,7UUY_apo,6.20275824253529e-07,,
p.Val99Ala,Uncertain_significance,Uncertain significance,core,7UUY=core; 7UUZ=superficie; 7UV0=core; AF=core,0.0,1.329313,2.249157,0.211408,1.1928233333333333,2.249157,2.249157,7UV0_I_Na,2.41912073025e-05,,
p.Val99Gly,Uncertain_significance,Uncertain significance,core,7UUY=core; 7UUZ=superficie; 7UV0=core; AF=core,1.56809,2.458793,4.051977,1.057923,2.692953333333333,4.051977,2.483887,7UV0_I_Na,9.3049915696e-06,,
p.Leu100Val,VUS_or_unclassified,Uncertain significance / not classified in gnomAD extract,core,7UUY=superficie; 7UUZ=superficie; 7UV0=core; AF=core,2.835373,2.347453,2.6708,0.894269,2.6178753333333336,2.835373,0.48792000000000035,7UUY_apo,3.1016523122e-06,,
p.Leu100Phe,VUS_or_unclassified,Uncertain significance / not classified in gnomAD extract,core,7UUY=superficie; 7UUZ=superficie; 7UV0=core; AF=core,4.23158,-0.90073,21.3832,0.240336,8.238016666666667,21.3832,22.283929999999998,7UV0_I_Na,9.9260139733e-06,,
p.Thr101Ile,VUS_or_unclassified,Uncertain significance / not classified in gnomAD extract,core,7UUY=superficie; 7UUZ=core; 7UV0=superficie; AF=core,-0.719151,20.8107,1.447823,2.149103,7.179790666666666,20.8107,21.529851,7UUZ_ReO4_Na,6.20462095350133e-07,,
p.Ala102Thr,VUS_or_unclassified,Uncertain significance / not classified in gnomAD extract,core,7UUY=core; 7UUZ=core; 7UV0=superficie; AF=core,3.326243,0.628092,2.431757,1.880157,2.128697333333333,3.326243,2.6981509999999997,7UUY_apo,6.205159962818681e-07,,
p.Ala102Ser,Uncertain_significance,Uncertain significance,core,7UUY=core; 7UUZ=core; 7UV0=superficie; AF=core,4.10144,0.63553,1.397427,0.446368,2.044799,4.10144,3.46591,7UUY_apo,3.1028071717e-06,,
p.Ala102Asp,VUS_or_unclassified,Uncertain significance / not classified in gnomAD extract,core,7UUY=core; 7UUZ=core; 7UV0=superficie; AF=core,1.071616,1.153907,1.83154,3.896693,1.3523543333333332,1.83154,0.759924,7UV0_I_Na,6.204851946027716e-07,,
p.Ala102Val,VUS_or_unclassified,Uncertain significance / not classified in gnomAD extract,core,7UUY=core; 7UUZ=core; 7UV0=superficie; AF=core,3.018357,1.928993,0.548457,1.096331,1.8319356666666666,3.018357,2.4699,7UUY_apo,6.204851946027716e-07,,
p.Phe105Cys,VUS_or_unclassified,Uncertain significance / not classified in gnomAD extract,core,7UUY=core; 7UUZ=core; 7UV0=core; AF=core,-0.151503,1.530443,2.97059,4.802527,1.4498433333333332,2.97059,3.122093,7UV0_I_Na,6.207170523388618e-07,,
p.Phe105Ser,VUS_or_unclassified,Uncertain significance / not classified in gnomAD extract,core,7UUY=core; 7UUZ=core; 7UV0=core; AF=core,0.314248,1.807637,3.047533,3.895747,1.7231393333333334,3.047533,2.733285,7UV0_I_Na,4.9661001587e-06,,
p.Met106Val,VUS_or_unclassified,Uncertain significance / not classified in gnomAD extract,core,7UUY=core; 7UUZ=core; 7UV0=core; AF=core,1.90412,1.57779,-0.120305,2.585693,1.120535,1.90412,2.024425,7UUY_apo,6.207825584932366e-07,,
p.Val108Ile,VUS_or_unclassified,Uncertain significance / not classified in gnomAD extract,core,7UUY=core; 7UUZ=core; 7UV0=core; AF=core,2.185147,-0.526452,1.090513,-0.023049,0.9164026666666668,2.185147,2.711599,7UUY_apo,6.215650759987618e-07,,
p.Val108Ala,VUS_or_unclassified,Uncertain significance / not classified in gnomAD extract,core,7UUY=core; 7UUZ=core; 7UV0=core; AF=core,3.248993,-0.291714,1.93898,2.186047,1.6320863333333335,3.248993,3.540707,7UUY_apo,6.214484222667456e-07,,
p.Phe109Ser,VUS_or_unclassified,Uncertain significance / not classified in gnomAD extract,core,7UUY=core; 7UUZ=core; 7UV0=core; AF=core,4.20954,1.109083,3.383587,4.054753,2.9007366666666665,4.20954,3.1004569999999996,7UUY_apo,6.216222600444833e-07,,
p.Arg111His,VUS_or_unclassified,Uncertain significance / not classified in gnomAD extract,core,7UUY=core; 7UUZ=core; 7UV0=core; AF=core,1.82383,6.585027,6.618453,4.707953,5.009103333333333,6.618453,4.794623,7UV0_I_Na,1.245573543e-06,,
p.Leu112Val,VUS_or_unclassified,Uncertain significance / not classified in gnomAD extract,core,7UUY=core; 7UUZ=core; 7UV0=core; AF=core,2.374617,1.54045,-1.066083,3.25323,0.9496613333333336,2.374617,3.4407,7UUY_apo,6.228837524510475e-07,,
p.Gly113Cys,VUS_or_unclassified,Uncertain significance / not classified in gnomAD extract,core,7UUY=core; 7UUZ=core; 7UV0=core; AF=superficie,-1.093363,2.29483,0.381673,2.544497,0.5277133333333334,2.29483,3.3881930000000002,7UUZ_ReO4_Na,6.233862089515766e-07,,
p.Gly113Ala,VUS_or_unclassified,Uncertain significance / not classified in gnomAD extract,core,7UUY=core; 7UUZ=core; 7UV0=core; AF=superficie,-0.165353,1.88013,-1.29207,2.50185,0.14090233333333332,1.88013,3.1722,7UUZ_ReO4_Na,4.42821182569e-05,,
p.Gly113Val,VUS_or_unclassified,Uncertain significance / not classified in gnomAD extract,core,7UUY=core; 7UUZ=core; 7UV0=core; AF=superficie,-1.28815,1.199157,4.95624,3.810177,1.622415666666667,4.95624,6.24439,7UV0_I_Na,1.2473836128e-06,,
p.Gly113Asp,VUS_or_unclassified,Uncertain significance / not classified in gnomAD extract,core,7UUY=core; 7UUZ=core; 7UV0=core; AF=superficie,0.852473,2.43913,6.156623,2.919853,3.1494086666666665,6.156623,5.30415,7UV0_I_Na,1.2473836128e-06,,
p.Thr115Ile,VUS_or_unclassified,Uncertain significance / not classified in gnomAD extract,core,7UUY=core; 7UUZ=core; 7UV0=core; AF=superficie,1.6251,-2.465243,-0.043587,-0.68868,-0.2945766666666667,1.6251,4.090343,7UUY_apo,1.2536041118e-06,,
p.Thr117Ser,VUS_or_unclassified,Uncertain significance / not classified in gnomAD extract,core,7UUY=core; 7UUZ=core; 7UV0=core; AF=core,0.002651,3.042157,0.100358,1.332273,1.0483886666666666,3.042157,3.039506,7UUZ_ReO4_Na,6.292022847593364e-07,,
p.Tyr118Cys,VUS_or_unclassified,Uncertain significance / not classified in gnomAD extract,core,7UUY=core; 7UUZ=core; 7UV0=core; AF=core,0.654598,0.577973,-0.232533,4.01656,0.333346,0.654598,0.887131,7UUY_apo,3.1604044306e-06,,
p.Tyr118Phe,VUS_or_unclassified,Uncertain significance / not classified in gnomAD extract,core,7UUY=core; 7UUZ=core; 7UV0=core; AF=core,0.230409,14.6342,3.40086,1.775573,6.088489666666667,14.6342,14.403791,7UUZ_ReO4_Na,6.320808861268358e-07,,
p.Glu119Lys,VUS_or_unclassified,Uncertain significance / not classified in gnomAD extract,core,7UUY=core; 7UUZ=core; 7UV0=core; AF=superficie,0.258652,1.548063,0.43699,-0.570384,0.7479016666666668,1.548063,1.2894109999999999,7UUZ_ReO4_Na,1.9009238489e-06,,
p.Glu119Ala,VUS_or_unclassified,Uncertain significance / not classified in gnomAD extract,core,7UUY=core; 7UUZ=core; 7UV0=core; AF=superficie,2.083883,0.0,1.070537,-0.12944,1.0514733333333333,2.083883,2.083883,7UUY_apo,1.8992366334e-06,,
p.Glu122Lys,VUS_or_unclassified,Uncertain significance / not classified in gnomAD extract,core,7UUY=core; 7UUZ=core; 7UV0=core; AF=superficie,-0.148376,3.126997,0.59068,0.273118,1.189767,3.126997,3.2753729999999996,7UUZ_ReO4_Na,6.203443159091022e-07,,
p.Glu122Ala,VUS_or_unclassified,Uncertain significance / not classified in gnomAD extract,core,7UUY=core; 7UUZ=core; 7UV0=core; AF=superficie,0.447926,4.25258,0.0,0.185922,1.5668353333333334,4.25258,4.25258,7UUZ_ReO4_Na,6.205606641488451e-07,,
p.Met123Val,VUS_or_unclassified,Uncertain significance / not classified in gnomAD extract,core,7UUY=core; 7UUZ=core; 7UV0=core; AF=superficie,1.150447,2.002177,0.413822,1.606547,1.1888153333333336,2.002177,1.588355,7UUZ_ReO4_Na,1.8612453965e-06,,
p.Arg124Ser,VUS_or_unclassified,Uncertain significance / not classified in gnomAD extract,core,7UUY=core; 7UUZ=core; 7UV0=core; AF=core,4.102317,3.05972,2.751983,3.872117,3.3046733333333336,4.102317,1.3503340000000001,7UUY_apo,1.05457748663e-05,,
p.Arg124Gly,VUS_or_unclassified,Uncertain significance / not classified in gnomAD extract,core,7UUY=core; 7UUZ=core; 7UV0=core; AF=core,5.078687,3.122347,3.300933,5.23723,3.8339890000000003,5.078687,1.9563400000000004,7UUY_apo,1.2405885848e-06,,
p.Arg124Leu,VUS_or_unclassified,Uncertain significance / not classified in gnomAD extract,core,7UUY=core; 7UUZ=core; 7UV0=core; AF=core,0.602511,3.172067,-0.007517,2.446733,1.255687,3.172067,3.179584,7UUZ_ReO4_Na,1.2404516236e-06,,
p.Arg124His,Pathogenic_or_likely,Likely pathogenic,core,7UUY=core; 7UUZ=core; 7UV0=core; AF=core,2.824967,5.99556,0.98366,5.538117,3.2680623333333334,5.99556,5.011900000000001,7UUZ_ReO4_Na,3.10112905906e-05,Pathogenic/functional defect,NIS mutation reported with iodide transport defect; described in congenital iodide transport defect literature.
p.Arg127Cys,VUS_or_unclassified,Uncertain significance / not classified in gnomAD extract,superficie,7UUY=superficie; 7UUZ=superficie; 7UV0=superficie; AF=superficie,1.319194,0.244563,2.354677,1.046789,1.3061446666666667,2.354677,2.1101140000000003,7UV0_I_Na,1.860557423e-06,,
p.Ala128Thr,VUS_or_unclassified,Uncertain significance / not classified in gnomAD extract,core,7UUY=core; 7UUZ=superficie; 7UV0=superficie; AF=superficie,3.972357,1.9296,2.063227,-0.252691,2.6550613333333337,3.972357,2.042757,7UUY_apo,6.202004239690098e-07,,
p.Ala128Ser,Uncertain_significance,Uncertain significance,core,7UUY=core; 7UUZ=superficie; 7UV0=superficie; AF=superficie,3.319973,2.159803,2.50324,0.138934,2.6610053333333332,3.319973,1.16017,7UUY_apo,1.8607374474e-06,,
p.Val129Met,VUS_or_unclassified,Uncertain significance / not classified in gnomAD extract,core,7UUY=superficie; 7UUZ=superficie; 7UV0=core; AF=core,0.197104,0.745274,1.821557,2.335103,0.9213116666666666,1.821557,1.6244530000000001,7UV0_I_Na,6.200258426771228e-07,,
p.Arg130Pro,VUS_or_unclassified,Uncertain significance / not classified in gnomAD extract,core,7UUY=superficie; 7UUZ=core; 7UV0=superficie; AF=superficie,6.40773,3.16835,4.472623,7.537283,4.682901,6.40773,3.2393799999999997,7UUY_apo,6.201119674168368e-07,,
p.Gly133Arg,VUS_or_unclassified,Uncertain significance / not classified in gnomAD extract,core,7UUY=superficie; 7UUZ=superficie; 7UV0=superficie; AF=core,3.221847,0.367447,-0.405148,14.162333,1.0613819999999998,3.221847,3.626995,7UUY_apo,6.201765766749108e-07,,
p.Thr134Ser,Uncertain_significance,Uncertain significance,core,7UUY=superficie; 7UUZ=core; 7UV0=superficie; AF=core,0.139277,1.995427,3.832673,2.13775,1.989125666666667,3.832673,3.6933960000000003,7UV0_I_Na,3.7217242003e-06,,
p.Gln136Leu,VUS_or_unclassified,Uncertain significance / not classified in gnomAD extract,core,7UUY=superficie; 7UUZ=superficie; 7UV0=core; AF=core,-0.252075,-0.473454,0.924378,-1.824207,0.06628300000000002,0.924378,1.397832,7UV0_I_Na,6.20554502681416e-07,,
p.Gln136Arg,VUS_or_unclassified,Uncertain significance / not classified in gnomAD extract,core,7UUY=superficie; 7UUZ=superficie; 7UV0=core; AF=core,5.156383,-0.033232,1.095909,-0.168677,2.07302,5.156383,5.189615,7UUY_apo,1.2411090053e-06,,
p.Gln136His,VUS_or_unclassified,Uncertain significance / not classified in gnomAD extract,core,7UUY=superficie; 7UUZ=superficie; 7UV0=core; AF=core,7.765213,0.792869,2.63062,0.388012,3.7295673333333337,7.765213,6.972344,7UUY_apo,6.20580689763025e-07,,
p.Tyr137His,VUS_or_unclassified,Uncertain significance / not classified in gnomAD extract,core,7UUY=core; 7UUZ=core; 7UV0=core; AF=core,3.530677,2.405523,16.475697,1.17421,7.4706323333333335,16.475697,14.070174,7UV0_I_Na,1.8619777928e-06,,
p.Ile138Phe,VUS_or_unclassified,Uncertain significance / not classified in gnomAD extract,core,7UUY=superficie; 7UUZ=core; 7UV0=core; AF=core,0.479434,0.294508,-0.98828,2.275553,-0.07144600000000001,0.479434,1.467714,7UUY_apo,6.207948906097324e-07,,
p.Ile138Leu,VUS_or_unclassified,Uncertain significance / not classified in gnomAD extract,core,7UUY=superficie; 7UUZ=core; 7UV0=core; AF=core,0.282264,-0.001239,-0.520138,-0.43666,-0.07970433333333332,0.282264,0.8024020000000001,7UUY_apo,6.207948906097324e-07,,
p.Ile138Val,VUS_or_unclassified,Uncertain significance / not classified in gnomAD extract,core,7UUY=superficie; 7UUZ=core; 7UV0=core; AF=core,1.125,3.706177,0.899995,1.361043,1.9103906666666666,3.706177,2.8061819999999997,7UUZ_ReO4_Na,6.8287437967e-06,,
p.Ile138Thr,VUS_or_unclassified,Uncertain significance / not classified in gnomAD extract,core,7UUY=superficie; 7UUZ=core; 7UV0=core; AF=core,1.17264,3.63531,2.742767,1.52425,2.5169056666666667,3.63531,2.46267,7UUZ_ReO4_Na,1.2419320986e-06,,
p.Val139Ile,VUS_or_unclassified,Uncertain significance / not classified in gnomAD extract,core,7UUY=core; 7UUZ=superficie; 7UV0=superficie; AF=core,3.90914,2.277503,0.471583,-0.727343,2.219408666666667,3.90914,3.437557,7UUY_apo,1.2425786987e-06,,
p.Val139Ala,VUS_or_unclassified,Uncertain significance / not classified in gnomAD extract,core,7UUY=core; 7UUZ=superficie; 7UV0=superficie; AF=core,4.410813,0.684284,0.806471,0.603612,1.9671893333333335,4.410813,3.726529,7UUY_apo,1.864243316e-06,,
p.Ala140Thr,VUS_or_unclassified,Uncertain significance / not classified in gnomAD extract,core,7UUY=core; 7UUZ=superficie; 7UV0=core; AF=core,2.078047,2.685997,4.691387,2.972733,3.1518103333333336,4.691387,2.6133399999999996,7UV0_I_Na,1.2435568212e-06,,
p.Ala140Val,VUS_or_unclassified,Uncertain significance / not classified in gnomAD extract,core,7UUY=core; 7UUZ=superficie; 7UV0=core; AF=core,4.015093,1.83186,5.730837,1.056245,3.8592633333333333,5.730837,3.8989770000000004,7UV0_I_Na,1.2441849904e-06,,
p.Thr141Pro,VUS_or_unclassified,Uncertain significance / not classified in gnomAD extract,core,7UUY=superficie; 7UUZ=superficie; 7UV0=core; AF=core,8.574437,12.485567,1.44879,4.834723,7.502931333333333,12.485567,11.036776999999999,7UUZ_ReO4_Na,1.244669702e-06,,
p.Thr141Met,VUS_or_unclassified,Uncertain significance / not classified in gnomAD extract,core,7UUY=superficie; 7UUZ=superficie; 7UV0=core; AF=core,2.19378,1.122457,0.043689,-2.128163,1.1199753333333333,2.19378,2.1500909999999998,7UUY_apo,6.230778049716624e-07,,
p.Thr141Lys,VUS_or_unclassified,Uncertain significance / not classified in gnomAD extract,core,7UUY=superficie; 7UUZ=superficie; 7UV0=core; AF=core,2.05946,3.012303,3.15489,0.709849,2.742217666666667,3.15489,1.09543,7UV0_I_Na,1.2461571628e-06,,
p.Met142Val,VUS_or_unclassified,Uncertain significance / not classified in gnomAD extract,core,7UUY=superficie; 7UUZ=superficie; 7UV0=superficie; AF=core,1.770203,7.743117,1.857543,1.390963,3.7902876666666665,7.743117,5.972913999999999,7UUZ_ReO4_Na,6.196754387921782e-07,,
p.Met142Leu,VUS_or_unclassified,Uncertain significance / not classified in gnomAD extract,core,7UUY=superficie; 7UUZ=superficie; 7UV0=superficie; AF=core,-0.002965,2.0289,-0.07523,-0.513236,0.650235,2.0289,2.10413,7UUZ_ReO4_Na,6.196301303825721e-07,,
p.Met142Thr,VUS_or_unclassified,Uncertain significance / not classified in gnomAD extract,core,7UUY=superficie; 7UUZ=superficie; 7UV0=superficie; AF=core,1.15616,5.408117,2.981697,1.296967,3.181991333333333,5.408117,4.251957,7UUZ_ReO4_Na,6.196040234606868e-07,,
p.Met142Ile,VUS_or_unclassified,Uncertain significance / not classified in gnomAD extract,core,7UUY=superficie; 7UUZ=superficie; 7UV0=superficie; AF=core,1.340427,6.954213,1.672813,0.608508,3.3224843333333336,6.954213,5.613786,7UUZ_ReO4_Na,9.9143646751e-06,,
p.Thr145Ala,VUS_or_unclassified,Uncertain significance / not classified in gnomAD extract,core,7UUY=superficie; 7UUZ=core; 7UV0=core; AF=core,0.980704,0.0,4.089437,0.035552,1.690047,4.089437,4.089437,7UV0_I_Na,6.19663151111056e-07,,
p.Thr145Ile,VUS_or_unclassified,Uncertain significance / not classified in gnomAD extract,core,7UUY=superficie; 7UUZ=core; 7UV0=core; AF=core,1.90923,-0.420468,5.38238,2.89893,2.290380666666667,5.38238,5.802848,7UV0_I_Na,8.6740586168e-06,,
p.Gly146Arg,VUS_or_unclassified,Uncertain significance / not classified in gnomAD extract,core,7UUY=superficie; 7UUZ=core; 7UV0=superficie; AF=core,-0.092427,9.003633,1.075921,20.971933,3.329042333333333,9.003633,9.096060000000001,7UUZ_ReO4_Na,1.2393662376e-06,,
p.Gly146Cys,VUS_or_unclassified,Uncertain significance / not classified in gnomAD extract,core,7UUY=superficie; 7UUZ=core; 7UV0=superficie; AF=core,2.446177,2.209887,0.918703,9.539503,1.8582556666666667,2.446177,1.527474,7UUY_apo,6.196378093077035e-07,,
p.Gly146Ser,VUS_or_unclassified,Uncertain significance / not classified in gnomAD extract,core,7UUY=superficie; 7UUZ=core; 7UV0=superficie; AF=core,1.969353,2.70302,-0.002684,7.235473,1.556563,2.70302,2.705704,7UUZ_ReO4_Na,1.2392756186e-06,,
p.Gly146Asp,VUS_or_unclassified,Uncertain significance / not classified in gnomAD extract,core,7UUY=superficie; 7UUZ=core; 7UV0=superficie; AF=core,1.56686,4.22366,-1.626577,20.970533,1.387981,4.22366,5.850237,7UUZ_ReO4_Na,1.2391957619e-06,,
p.Ile147Val,VUS_or_unclassified,Uncertain significance / not classified in gnomAD extract,core,7UUY=superficie; 7UUZ=superficie; 7UV0=superficie; AF=core,-0.021211,3.859963,0.895013,1.09661,1.5779216666666667,3.859963,3.881174,7UUZ_ReO4_Na,6.196186123517253e-07,,
p.Val148Ile,VUS_or_unclassified,Uncertain significance / not classified in gnomAD extract,core,7UUY=core; 7UUZ=core; 7UV0=core; AF=core,0.434392,0.090596,-1.274567,1.94271,-0.24985966666666667,0.434392,1.7089590000000001,7UUY_apo,6.19584828598053e-07,,
p.Ile149Val,VUS_or_unclassified,Uncertain significance / not classified in gnomAD extract,core,7UUY=superficie; 7UUZ=core; 7UV0=core; AF=core,4.189893,-1.270497,0.002168,1.251973,0.9738546666666666,4.189893,5.460389999999999,7UUY_apo,6.195802220079852e-07,,
p.Tyr150Cys,VUS_or_unclassified,Uncertain significance / not classified in gnomAD extract,core,7UUY=core; 7UUZ=core; 7UV0=superficie; AF=core,1.72968,2.58832,2.897753,2.234617,2.405251,2.897753,1.1680729999999997,7UV0_I_Na,6.196639190768495e-07,,
p.Tyr150Phe,VUS_or_unclassified,Uncertain significance / not classified in gnomAD extract,core,7UUY=core; 7UUZ=core; 7UV0=superficie; AF=core,-0.222142,8.08301,0.528484,-0.509153,2.796450666666667,8.08301,8.305152,7UUZ_ReO4_Na,2.4788369297e-06,,
p.Tyr150Ser,Uncertain_significance,Uncertain significance,core,7UUY=core; 7UUZ=core; 7UV0=superficie; AF=core,1.288387,1.1151,1.806147,1.97463,1.4032113333333334,1.806147,0.691047,7UV0_I_Na,4.3376474335e-06,,
p.Ala151Ser,VUS_or_unclassified,Uncertain significance / not classified in gnomAD extract,core,7UUY=core; 7UUZ=core; 7UV0=core; AF=core,-0.251965,1.64601,1.47345,2.035537,0.9558316666666666,1.64601,1.897975,7UUZ_ReO4_Na,1.2392879051e-06,,
p.Pro152Leu,VUS_or_unclassified,Uncertain significance / not classified in gnomAD extract,core,7UUY=core; 7UUZ=core; 7UV0=core; AF=core,0.033995,-0.008688,-1.88938,4.69375,-0.6213576666666667,0.033995,1.923375,7UUY_apo,1.2391665861e-06,,
p.Ala153Thr,VUS_or_unclassified,Uncertain significance / not classified in gnomAD extract,core,7UUY=core; 7UUZ=core; 7UV0=core; AF=core,0.008632,0.963949,4.236687,2.10835,1.7364226666666667,4.236687,4.2280549999999995,7UV0_I_Na,6.196017200143747e-07,,
p.Ile155Val,VUS_or_unclassified,Uncertain significance / not classified in gnomAD extract,core,7UUY=core; 7UUZ=core; 7UV0=core; AF=core,-0.140367,1.79157,1.009207,1.440797,0.8868033333333334,1.79157,1.931937,7UUZ_ReO4_Na,1.8591415228e-06,,
p.Asn157Lys,Uncertain_significance,Uncertain significance,core,7UUY=core; 7UUZ=core; 7UV0=core; AF=core,1.951743,4.649517,1.412433,0.817113,2.671231,4.649517,3.2370840000000003,7UUZ_ReO4_Na,6.38272821351e-05,,
p.Gln158Pro,VUS_or_unclassified,Uncertain significance / not classified in gnomAD extract,core,7UUY=core; 7UUZ=core; 7UV0=core; AF=core,3.743763,5.297663,7.528777,4.43288,5.523401,7.528777,3.785014,7UV0_I_Na,6.197453342472511e-07,,
p.Thr160Ser,VUS_or_unclassified,Uncertain significance / not classified in gnomAD extract,core,7UUY=core; 7UUZ=core; 7UV0=core; AF=core,0.793097,3.577373,1.327633,1.616117,1.8993676666666666,3.577373,2.784276,7UUZ_ReO4_Na,6.195188073519536e-07,,
p.Gly161Arg,VUS_or_unclassified,Uncertain significance / not classified in gnomAD extract,core,7UUY=core; 7UUZ=core; 7UV0=core; AF=core,1.060873,0.641674,-1.52248,1.72402,0.06002233333333332,1.060873,2.583353,7UUY_apo,1.8585748448e-06,,
p.Gly161Glu,Uncertain_significance,Uncertain significance,core,7UUY=core; 7UUZ=core; 7UV0=core; AF=core,1.881157,2.1625,-0.008155,3.004027,1.3451673333333332,2.1625,2.170655,7UUZ_ReO4_Na,2.35436983432e-05,,
p.Gly161Val,VUS_or_unclassified,Uncertain significance / not classified in gnomAD extract,core,7UUY=core; 7UUZ=core; 7UV0=core; AF=core,0.537504,2.163293,-0.273581,4.169423,0.8090719999999999,2.163293,2.436874,7UUZ_ReO4_Na,1.2390514317e-06,,
p.Asp163Glu,VUS_or_unclassified,Uncertain significance / not classified in gnomAD extract,core,7UUY=core; 7UUZ=core; 7UV0=core; AF=core,1.775143,18.5729,1.960407,1.802623,7.4361500000000005,18.5729,16.797757,7UUZ_ReO4_Na,6.195111313760086e-07,,
p.Ile164Phe,VUS_or_unclassified,Uncertain significance / not classified in gnomAD extract,sitio activo,7UUY=core; 7UUZ=core; 7UV0=sitio activo; AF=core,6.98517,0.385164,-0.645903,1.258616,2.241477,6.98517,7.631073,7UUY_apo,1.2391312698e-06,,
p.Trp165Arg,VUS_or_unclassified,Uncertain significance / not classified in gnomAD extract,core,7UUY=core; 7UUZ=core; 7UV0=core; AF=core,15.4585,4.677927,9.08102,0.842888,9.739149,15.4585,10.780573,7UUY_apo,6.1955719008e-06,,
p.Ala166Thr,VUS_or_unclassified,Uncertain significance / not classified in gnomAD extract,core,7UUY=core; 7UUZ=core; 7UV0=core; AF=core,1.774007,1.893957,10.467067,0.473556,4.711677,10.467067,8.693060000000001,7UV0_I_Na,1.858570239e-06,,
p.Ala166Ser,VUS_or_unclassified,Uncertain significance / not classified in gnomAD extract,core,7UUY=core; 7UUZ=core; 7UV0=core; AF=core,2.761853,3.088073,4.660257,0.085489,3.503394333333333,4.660257,1.8984039999999998,7UV0_I_Na,6.195234130288251e-07,,
p.Leu168Phe,VUS_or_unclassified,Uncertain significance / not classified in gnomAD extract,core,7UUY=core; 7UUZ=core; 7UV0=core; AF=core,5.733523,22.577967,5.43567,5.88056,11.249053333333334,22.577967,17.142297,7UUZ_ReO4_Na,1.2390606433e-06,,
p.Leu169Pro,VUS_or_unclassified,Uncertain significance / not classified in gnomAD extract,core,7UUY=core; 7UUZ=core; 7UV0=core; AF=core,9.743863,-0.000889,6.705423,4.257313,5.482799,9.743863,9.744752,7UUY_apo,6.195640994821683e-07,,
p.Ser170Cys,VUS_or_unclassified,Uncertain significance / not classified in gnomAD extract,core,7UUY=core; 7UUZ=core; 7UV0=core; AF=core,2.822397,3.663877,2.018063,0.221973,2.8347789999999997,3.663877,1.6458139999999997,7UUZ_ReO4_Na,3.0976362557e-06,,
p.Thr171Pro,VUS_or_unclassified,Uncertain significance / not classified in gnomAD extract,core,7UUY=core; 7UUZ=core; 7UV0=core; AF=core,0.014111,9.589633,6.912727,4.15248,5.505490333333333,9.589633,9.575522,7UUZ_ReO4_Na,6.196086304046912e-07,,
p.Thr171Ala,VUS_or_unclassified,Uncertain significance / not classified in gnomAD extract,core,7UUY=core; 7UUZ=core; 7UV0=core; AF=core,1.539173,1.98468,0.0,0.694713,1.1746176666666666,1.98468,1.98468,7UUZ_ReO4_Na,6.195633317637729e-07,,
p.Thr171Ser,VUS_or_unclassified,Uncertain significance / not classified in gnomAD extract,core,7UUY=core; 7UUZ=core; 7UV0=core; AF=core,2.9367,2.182717,2.046037,0.819513,2.388484666666667,2.9367,0.890663,7UUY_apo,1.2391266635e-06,,
p.Cys175Ser,VUS_or_unclassified,Uncertain significance / not classified in gnomAD extract,core,7UUY=core; 7UUZ=superficie; 7UV0=core; AF=core,3.075917,1.60531,4.2794,0.973592,2.9868756666666663,4.2794,2.6740899999999996,7UV0_I_Na,1.2391220572e-06,,
p.Thr176Pro,VUS_or_unclassified,Uncertain significance / not classified in gnomAD extract,core,7UUY=core; 7UUZ=core; 7UV0=core; AF=core,3.734177,9.024727,8.121663,4.562747,6.960189,9.024727,5.2905500000000005,7UUZ_ReO4_Na,1.2392264748e-06,,
p.Phe177Leu,VUS_or_unclassified,Uncertain significance / not classified in gnomAD extract,core,7UUY=superficie; 7UUZ=superficie; 7UV0=core; AF=core,-0.807779,-0.695445,0.807713,-0.211999,-0.23183699999999996,0.807713,1.6154920000000002,7UV0_I_Na,6.195264835181174e-07,,
p.Phe177Ser,VUS_or_unclassified,Uncertain significance / not classified in gnomAD extract,core,7UUY=superficie; 7UUZ=superficie; 7UV0=core; AF=core,0.401604,1.059127,-0.682171,1.47441,0.25952000000000003,1.059127,1.741298,7UUZ_ReO4_Na,1.2391573729e-06,,
p.Phe177Leu,VUS_or_unclassified,Uncertain significance / not classified in gnomAD extract,core,7UUY=superficie; 7UUZ=superficie; 7UV0=core; AF=core,-0.679844,-0.273128,-0.320936,-0.203394,-0.424636,-0.273128,0.406716,7UUZ_ReO4_Na,6.195142017435608e-07,,
p.Tyr178His,VUS_or_unclassified,Uncertain significance / not classified in gnomAD extract,core,7UUY=core; 7UUZ=superficie; 7UV0=superficie; AF=core,11.958667,3.876673,-0.344954,0.566701,5.163462,11.958667,12.303621,7UUY_apo,2.4782840361e-06,,
p.Thr179Lys,VUS_or_unclassified,Uncertain significance / not classified in gnomAD extract,core,7UUY=core; 7UUZ=core; 7UV0=core; AF=core,1.166107,0.196876,5.414573,9.083083,2.2591853333333334,5.414573,5.217697,7UV0_I_Na,1.8587383627e-06,,
p.Thr179Arg,VUS_or_unclassified,Uncertain significance / not classified in gnomAD extract,core,7UUY=core; 7UUZ=core; 7UV0=core; AF=core,1.320665,-0.602996,6.46667,8.293337,2.3947796666666665,6.46667,7.069666,7UV0_I_Na,6.195341598745072e-07,,
p.Thr179Met,Uncertain_significance,Uncertain significance,core,7UUY=core; 7UUZ=core; 7UV0=core; AF=core,-0.692648,-0.398486,0.17356,3.013947,-0.305858,0.17356,0.8662080000000001,7UV0_I_Na,9.2930123981e-06,,
p.Ala180Ser,VUS_or_unclassified,Uncertain significance / not classified in gnomAD extract,core,7UUY=superficie; 7UUZ=superficie; 7UV0=core; AF=superficie,2.515423,1.59145,0.969026,0.982125,1.6919663333333335,2.515423,1.5463970000000002,7UUY_apo,1.05329420861e-05,,
p.Val181Met,VUS_or_unclassified,Uncertain significance / not classified in gnomAD extract,core,7UUY=core; 7UUZ=core; 7UV0=superficie; AF=superficie,-0.253414,0.696226,3.39221,-1.529303,1.2783406666666666,3.39221,3.6456239999999998,7UV0_I_Na,1.2390944202e-06,,
p.Val181Ala,VUS_or_unclassified,Uncertain significance / not classified in gnomAD extract,core,7UUY=core; 7UUZ=core; 7UV0=superficie; AF=superficie,0.920262,2.35859,3.31702,0.167607,2.198624,3.31702,2.3967579999999997,7UV0_I_Na,1.2390913495e-06,,
p.Gly182Ala,VUS_or_unclassified,Uncertain significance / not classified in gnomAD extract,core,7UUY=superficie; 7UUZ=core; 7UV0=core; AF=superficie,1.41873,1.509857,1.231237,-0.823895,1.386608,1.509857,0.2786200000000001,7UUZ_ReO4_Na,2.4782993909e-06,,
p.Gly182Asp,VUS_or_unclassified,Uncertain significance / not classified in gnomAD extract,core,7UUY=superficie; 7UUZ=core; 7UV0=core; AF=superficie,-0.025594,1.96961,1.39238,1.230217,1.1121320000000001,1.96961,1.995204,7UUZ_ReO4_Na,6.195295540378459e-07,,
p.Gly183Ser,VUS_or_unclassified,Uncertain significance / not classified in gnomAD extract,core,7UUY=core; 7UUZ=core; 7UV0=superficie; AF=superficie,0.43902,-0.258153,0.486688,0.8317,0.22251833333333335,0.486688,0.7448410000000001,7UV0_I_Na,1.85880746348e-05,,
p.Gly183Asp,VUS_or_unclassified,Uncertain significance / not classified in gnomAD extract,core,7UUY=core; 7UUZ=core; 7UV0=superficie; AF=superficie,0.089832,0.49299,-0.130325,-2.964493,0.15083233333333332,0.49299,0.623315,7UUZ_ReO4_Na,6.195510485281946e-07,,
p.Met184Val,VUS_or_unclassified,Uncertain significance / not classified in gnomAD extract,core,AF=core,,,,2.156863,,,,,1.8586162973e-06,,
p.Met184Thr,VUS_or_unclassified,Uncertain significance / not classified in gnomAD extract,core,AF=core,,,,2.057097,,,,,1.2390974909e-06,,
p.Lys185Gln,VUS_or_unclassified,Uncertain significance / not classified in gnomAD extract,superficie,AF=superficie,,,,0.334575,,,,,1.2390974909e-06,,
p.Ala186Thr,VUS_or_unclassified,Uncertain significance / not classified in gnomAD extract,core,AF=core,,,,0.407405,,,,,6.195349275206088e-07,,
p.Ala186Val,VUS_or_unclassified,Uncertain significance / not classified in gnomAD extract,core,AF=core,,,,1.067493,,,,,1.2390376147e-06,,
p.Val187Gly,VUS_or_unclassified,Uncertain significance / not classified in gnomAD extract,core,AF=core,,,,2.394437,,,,,1.2391328052e-06,,
p.Val188Ile,VUS_or_unclassified,Uncertain significance / not classified in gnomAD extract,core,AF=core,,,,0.922477,,,,,2.4782318311e-06,,
p.Trp189Arg,VUS_or_unclassified,Uncertain significance / not classified in gnomAD extract,core,7UUY=core; 7UUZ=core; AF=core,-0.960778,9.4302,,1.815973,4.234711,9.4302,10.390977999999999,7UUZ_ReO4_Na,6.195556546844603e-07,,
p.Trp189Gly,Uncertain_significance,Uncertain significance,core,7UUY=core; 7UUZ=core; AF=core,1.316883,0.372657,,3.679287,0.84477,1.316883,0.944226,7UUY_apo,8.0536347292e-06,,
p.Thr190Ser,VUS_or_unclassified,Uncertain significance / not classified in gnomAD extract,core,7UUY=core; 7UUZ=core; 7UV0=core; AF=core,0.401308,3.476723,2.13861,0.625727,2.005547,3.476723,3.0754149999999996,7UUZ_ReO4_Na,6.195387657796524e-07,,
p.Asp191Val,VUS_or_unclassified,Uncertain significance / not classified in gnomAD extract,core,7UUY=core; 7UUZ=core; 7UV0=core; AF=core,1.383163,0.712303,1.690563,5.609913,1.2620096666666667,1.690563,0.97826,7UV0_I_Na,6.195525839060065e-07,,
p.Val192Leu,VUS_or_unclassified,Uncertain significance / not classified in gnomAD extract,core,7UUY=core; 7UUZ=core; 7UV0=core; AF=core,-0.098121,-1.890113,-0.995656,-0.377033,-0.9946299999999999,-0.098121,1.791992,7UUY_apo,6.195134341488195e-07,,
p.Phe193Leu,VUS_or_unclassified,Uncertain significance / not classified in gnomAD extract,core,7UUY=core; 7UUZ=core; 7UV0=core; AF=core,0.011029,3.04782,2.428037,0.933795,1.828962,3.04782,3.036791,7UUZ_ReO4_Na,6.195157369387497e-07,,
p.Phe193Leu,VUS_or_unclassified,Uncertain significance / not classified in gnomAD extract,core,7UUY=core; 7UUZ=core; 7UV0=core; AF=core,0.007934,3.302457,2.26693,1.142798,1.8591069999999998,3.302457,3.294523,7UUZ_ReO4_Na,1.8585633305e-06,,
p.Gln194His,VUS_or_unclassified,Uncertain significance / not classified in gnomAD extract,core,7UUY=core; 7UUZ=core; 7UV0=core; AF=core,-0.431668,6.88518,3.932657,-1.54357,3.462056333333333,6.88518,7.316848,7UUZ_ReO4_Na,6.195057583060235e-07,,
p.Val195Phe,VUS_or_unclassified,Uncertain significance / not classified in gnomAD extract,core,7UUY=core; 7UUZ=core; 7UV0=core; AF=core,18.468,-0.107183,0.025279,1.33923,6.128698666666668,18.468,18.575183,7UUY_apo,6.195111313760086e-07,,
p.Val196Met,VUS_or_unclassified,Uncertain significance / not classified in gnomAD extract,core,7UUY=core; 7UUZ=core; 7UV0=core; AF=core,0.599975,-0.07944,-1.55792,-1.07045,-0.345795,0.599975,2.157895,7UUY_apo,0.0002081570296983,,
p.Val196Leu,VUS_or_unclassified,Uncertain significance / not classified in gnomAD extract,core,7UUY=core; 7UUZ=core; 7UV0=core; AF=core,0.479162,-0.675991,-1.724613,-0.866978,-0.6404806666666666,0.479162,2.203775,7UUY_apo,6.195149693402042e-07,,
p.Val197Leu,VUS_or_unclassified,Uncertain significance / not classified in gnomAD extract,core,7UUY=core; 7UUZ=core; 7UV0=core; AF=core,0.047329,-0.426034,3.355267,-0.398663,0.9921873333333333,3.355267,3.781301,7UV0_I_Na,6.195088286203166e-07,,
p.Val197Gly,VUS_or_unclassified,Uncertain significance / not classified in gnomAD extract,core,7UUY=core; 7UUZ=core; 7UV0=core; AF=core,1.281347,1.15305,3.630943,3.076687,2.0217799999999997,3.630943,2.477893,7UV0_I_Na,6.195226454112577e-07,,
p.Met198Val,VUS_or_unclassified,Uncertain significance / not classified in gnomAD extract,core,7UUY=core; 7UUZ=core; 7UV0=core; AF=core,0.820561,-0.152277,1.438553,0.571084,0.702279,1.438553,1.59083,7UV0_I_Na,1.2390575728e-06,,
p.Met198Thr,VUS_or_unclassified,Uncertain significance / not classified in gnomAD extract,core,7UUY=core; 7UUZ=core; 7UV0=core; AF=core,2.071137,0.008568,1.934943,2.021383,1.3382159999999999,2.071137,2.062569,7UUY_apo,1.2390145869e-06,,
p.Leu199Pro,VUS_or_unclassified,Uncertain significance / not classified in gnomAD extract,core,7UUY=core; 7UUZ=core; 7UV0=core; AF=core,3.66418,4.30391,3.20914,5.094427,3.7257433333333334,4.30391,1.09477,7UUZ_ReO4_Na,6.195126665559804e-07,,
p.Ser200Arg,VUS_or_unclassified,Uncertain significance / not classified in gnomAD extract,core,7UUY=core; 7UUZ=core; 7UV0=core; AF=core,-0.05555,2.04354,1.558373,-0.710254,1.1821210000000002,2.04354,2.0990900000000003,7UUZ_ReO4_Na,6.195095962036452e-07,,
p.Gly201Ser,Uncertain_significance,Uncertain significance,core,7UUY=core; 7UUZ=core; 7UV0=core; AF=core,1.032691,0.663423,0.547872,3.286357,0.7479953333333333,1.032691,0.484819,7UUY_apo,7.4345941578e-06,,
p.Gly201Ala,VUS_or_unclassified,Uncertain significance / not classified in gnomAD extract,core,7UUY=core; 7UUZ=core; 7UV0=core; AF=core,0.980977,0.238852,-0.307168,0.404884,0.30422033333333337,0.980977,1.288145,7UUY_apo,3.0975211158e-06,,
p.Trp203Cys,VUS_or_unclassified,Uncertain significance / not classified in gnomAD extract,core,7UUY=core; 7UUZ=core; 7UV0=core; AF=core,-0.468286,0.656081,2.033873,1.86801,0.7405559999999999,2.033873,2.502159,7UV0_I_Na,6.195019204559534e-07,,
p.Val204Ile,VUS_or_unclassified,Uncertain significance / not classified in gnomAD extract,core,7UUY=core; 7UUZ=core; 7UV0=core; AF=core,-1.051973,3.007717,0.64472,-0.46881,0.8668213333333332,3.007717,4.05969,7UUZ_ReO4_Na,1.2390130517e-06,,
p.Val205Phe,VUS_or_unclassified,Uncertain significance / not classified in gnomAD extract,core,7UUY=core; 7UUZ=core; 7UV0=core; AF=core,-0.75406,0.706616,11.5107,3.555423,3.821085333333333,11.5107,12.264759999999999,7UV0_I_Na,2.4779861901e-06,,
p.Ala207Val,VUS_or_unclassified,Uncertain significance / not classified in gnomAD extract,core,7UUY=core; 7UV0=core; AF=superficie,1.73367,,-0.006523,0.421439,0.8635735,1.73367,1.740193,7UUY_apo,6.195095962036452e-07,,
p.Arg208Cys,Uncertain_significance,Uncertain significance,core,7UV0=core; AF=superficie,,,3.236713,2.902243,3.236713,3.236713,0.0,7UV0_I_Na,1.9826345992e-05,,
p.Arg208Ser,VUS_or_unclassified,Uncertain significance / not classified in gnomAD extract,core,7UV0=core; AF=superficie,,,2.179743,4.309427,2.179743,2.179743,0.0,7UV0_I_Na,1.8587199367e-06,,
p.Arg208Gly,VUS_or_unclassified,Uncertain significance / not classified in gnomAD extract,core,7UV0=core; AF=superficie,,,0.0,4.33488,0.0,0.0,0.0,7UV0_I_Na,2.478293249e-06,,
p.Arg208His,VUS_or_unclassified,Uncertain significance / not classified in gnomAD extract,core,7UV0=core; AF=superficie,,,9.939413,2.430393,9.939413,9.939413,0.0,7UV0_I_Na,1.67279197654e-05,,
p.Arg208Pro,VUS_or_unclassified,Uncertain significance / not classified in gnomAD extract,core,7UV0=core; AF=superficie,,,8.142857,7.08602,8.142857,8.142857,0.0,7UV0_I_Na,6.195072934593659e-07,,
p.Gly209Ser,VUS_or_unclassified,Uncertain significance / not classified in gnomAD extract,core,7UV0=core; AF=core,,,0.169952,1.22361,0.169952,0.169952,0.0,7UV0_I_Na,9.2934384607e-06,,
p.Gly209Cys,VUS_or_unclassified,Uncertain significance / not classified in gnomAD extract,core,7UV0=core; AF=core,,,-0.227604,-0.181089,-0.227604,-0.227604,0.0,7UV0_I_Na,1.2390345442e-06,,
p.Gly209Asp,VUS_or_unclassified,Uncertain significance / not classified in gnomAD extract,core,7UV0=core; AF=core,,,0.107438,3.525323,0.107438,0.107438,0.0,7UV0_I_Na,3.7170161281e-06,,
p.Val210Ile,VUS_or_unclassified,Uncertain significance / not classified in gnomAD extract,superficie,AF=superficie,,,,-0.635202,,,,,6.194996177687358e-07,,
p.Val210Phe,VUS_or_unclassified,Uncertain significance / not classified in gnomAD extract,superficie,AF=superficie,,,,0.619566,,,,,6.194996177687358e-07,,
p.Met211Leu,VUS_or_unclassified,Uncertain significance / not classified in gnomAD extract,core,7UUZ=core; AF=superficie,,0.928683,,0.185605,0.928683,0.928683,0.0,7UUZ_ReO4_Na,6.195126665559804e-07,,
p.Met211Thr,VUS_or_unclassified,Uncertain significance / not classified in gnomAD extract,core,7UUZ=core; AF=superficie,,0.953154,,1.098177,0.953154,0.953154,0.0,7UUZ_ReO4_Na,1.2389977004e-06,,
p.Leu212Pro,VUS_or_unclassified,Uncertain significance / not classified in gnomAD extract,core,7UUZ=core; AF=superficie,,-0.137567,,4.437353,-0.137567,-0.137567,0.0,7UUZ_ReO4_Na,6.195049907322053e-07,,
p.Val213Leu,VUS_or_unclassified,Uncertain significance / not classified in gnomAD extract,core,7UUY=core; 7UUZ=core; AF=superficie,0.252324,-0.190917,,-1.54464,0.030703499999999995,0.252324,0.443241,7UUY_apo,6.194973150986364e-07,,
p.Val213Gly,VUS_or_unclassified,Uncertain significance / not classified in gnomAD extract,core,7UUY=core; 7UUZ=core; AF=superficie,0.333898,1.699987,,2.843373,1.0169424999999999,1.699987,1.3660889999999999,7UUZ_ReO4_Na,6.195203425699686e-07,,
p.Val213Ala,VUS_or_unclassified,Uncertain significance / not classified in gnomAD extract,core,7UUY=core; 7UUZ=core; AF=superficie,0.449288,0.375884,,1.16494,0.412586,0.449288,0.07340400000000002,7UUY_apo,1.2390406851e-06,,
p.Gly214Ser,VUS_or_unclassified,Uncertain significance / not classified in gnomAD extract,core,7UUY=core; 7UUZ=core; AF=superficie,-0.305026,1.718007,,4.31859,0.7064905,1.718007,2.023033,7UUZ_ReO4_Na,1.8585126694e-06,,
p.Gly214Asp,VUS_or_unclassified,Uncertain significance / not classified in gnomAD extract,core,7UUY=core; 7UUZ=core; AF=superficie,-0.628943,1.87923,,4.363917,0.6251435,1.87923,2.508173,7UUZ_ReO4_Na,1.8584896426e-06,,
p.Gly215Arg,Uncertain_significance,Uncertain significance,core,7UUY=core; 7UUZ=core; AF=superficie,-0.122941,0.144208,,2.713277,0.010633500000000004,0.144208,0.26714899999999997,7UUZ_ReO4_Na,5.5756070906e-06,,
p.Pro216Thr,VUS_or_unclassified,Uncertain significance / not classified in gnomAD extract,core,7UUY=core; 7UUZ=core; 7UV0=core; AF=superficie,0.674152,1.013359,0.000117,1.679963,0.5625426666666665,1.013359,1.013242,7UUZ_ReO4_Na,1.2390360794e-06,,
p.Pro216Ser,VUS_or_unclassified,Uncertain significance / not classified in gnomAD extract,core,7UUY=core; 7UUZ=core; 7UV0=core; AF=superficie,1.239933,0.73154,0.149278,1.752083,0.7069169999999999,1.239933,1.090655,7UUY_apo,1.67281892292e-05,,
p.Arg217Cys,Uncertain_significance,Uncertain significance,core,7UUY=core; 7UUZ=core; 7UV0=core; AF=superficie,1.20242,1.814673,2.020257,0.535449,1.6791166666666666,2.020257,0.8178369999999999,7UV0_I_Na,4.02709179538e-05,,
p.Arg217His,Uncertain_significance,Uncertain significance,core,7UUY=core; 7UUZ=core; 7UV0=core; AF=superficie,0.643403,2.49267,2.21763,0.153005,1.7845676666666666,2.49267,1.849267,7UUZ_ReO4_Na,8.6739188889e-06,,
p.Val219Met,VUS_or_unclassified,Uncertain significance / not classified in gnomAD extract,core,7UUY=core; 7UUZ=core; 7UV0=core; AF=superficie,-0.19425,-1.057275,0.048808,0.20103,-0.40090566666666666,0.048808,1.106083,7UV0_I_Na,6.194896396552664e-07,,
p.Val219Gly,VUS_or_unclassified,Uncertain significance / not classified in gnomAD extract,core,7UUY=core; 7UUZ=core; 7UV0=core; AF=superficie,2.341297,1.80909,1.33833,4.732283,1.8295723333333334,2.341297,1.002967,7UUY_apo,4.3366047853e-06,,
p.Thr221Pro,VUS_or_unclassified,Uncertain significance / not classified in gnomAD extract,core,7UUY=core; 7UUZ=core; 7UV0=core; AF=superficie,4.64397,6.321093,6.634387,3.234397,5.866483333333334,6.634387,1.9904169999999999,7UV0_I_Na,6.195026880221633e-07,,
p.Thr221Met,VUS_or_unclassified,Uncertain significance / not classified in gnomAD extract,core,7UUY=core; 7UUZ=core; 7UV0=core; AF=superficie,-0.475803,1.092118,-1.621377,-0.346282,-0.3350206666666667,1.092118,2.713495,7UUZ_ReO4_Na,0.0001034654097168,,
p.Thr221Lys,VUS_or_unclassified,Uncertain significance / not classified in gnomAD extract,core,7UUY=core; 7UUZ=core; 7UV0=core; AF=superficie,0.108611,2.491987,0.217814,-0.139945,0.9394706666666667,2.491987,2.383376,7UUZ_ReO4_Na,6.195072934593659e-07,,
p.Thr221Arg,VUS_or_unclassified,Uncertain significance / not classified in gnomAD extract,core,7UUY=core; 7UUZ=core; 7UV0=core; AF=superficie,0.249651,2.808017,0.195097,0.087422,1.084255,2.808017,2.61292,7UUZ_ReO4_Na,3.7173201095e-06,,
p.Ala223Ser,VUS_or_unclassified,Uncertain significance / not classified in gnomAD extract,core,7UUY=core; 7UUZ=core; 7UV0=core; AF=core,3.867177,0.304599,0.810571,0.697013,1.6607823333333334,3.867177,3.562578,7UUY_apo,1.8585541192e-06,,
p.His226Gln,VUS_or_unclassified,Uncertain significance / not classified in gnomAD extract,core,7UUY=core; 7UUZ=core; 7UV0=core; AF=superficie,3.241527,-0.165433,-0.614414,0.306825,0.82056,3.241527,3.855941,7UUY_apo,6.195142017435608e-07,,
p.Ser227Thr,VUS_or_unclassified,Uncertain significance / not classified in gnomAD extract,core,7UUY=core; 7UUZ=core; 7UV0=core; AF=superficie,1.338367,2.200577,1.546023,1.09465,1.6949889999999999,2.200577,0.8622099999999999,7UUZ_ReO4_Na,6.195510485281946e-07,,
p.Ser227Phe,VUS_or_unclassified,Uncertain significance / not classified in gnomAD extract,core,7UUY=core; 7UUZ=core; 7UV0=core; AF=superficie,0.171197,4.78207,-3.497,-0.702126,0.48542233333333346,4.78207,8.27907,7UUZ_ReO4_Na,3.7172418065e-06,,
p.Arg228Gly,VUS_or_unclassified,Uncertain significance / not classified in gnomAD extract,core,7UUY=core; 7UUZ=core; 7UV0=core; AF=core,1.034802,3.25975,4.77068,7.51151,3.0217439999999995,4.77068,3.7358779999999996,7UV0_I_Na,1.2390744609e-06,,
p.Arg228Trp,VUS_or_unclassified,Uncertain significance / not classified in gnomAD extract,core,7UUY=core; 7UUZ=core; 7UV0=core; AF=core,-1.197643,3.953073,2.245423,9.016437,1.6669509999999998,3.953073,5.150716,7UUZ_ReO4_Na,3.0976899906e-06,,
p.Arg228Gln,Uncertain_significance,Uncertain significance,core,7UUY=core; 7UUZ=core; 7UV0=core; AF=core,-0.494396,0.793344,2.84831,4.853563,1.0490860000000002,2.84831,3.342706,7UV0_I_Na,6.5056568235e-05,,
p.Ile229Val,VUS_or_unclassified,Uncertain significance / not classified in gnomAD extract,core,7UUY=core; 7UUZ=core; 7UV0=core; AF=superficie,1.25806,0.023512,2.428443,1.82613,1.2366716666666668,2.428443,2.404931,7UV0_I_Na,1.8587798225e-06,,
p.Ile229Ser,Uncertain_significance,Uncertain significance,core,7UUY=core; 7UUZ=core; 7UV0=core; AF=superficie,3.48791,-0.12425,2.7136,3.063153,2.0257533333333333,3.48791,3.61216,7UUY_apo,3.28385249182e-05,,
p.Asn230Ser,VUS_or_unclassified,Uncertain significance / not classified in gnomAD extract,core,7UUY=core; 7UUZ=superficie; 7UV0=core; AF=superficie,2.711263,2.357523,0.013843,2.200373,1.6942096666666666,2.711263,2.69742,7UUY_apo,6.195487454757453e-07,,
p.Leu231Pro,VUS_or_unclassified,Uncertain significance / not classified in gnomAD extract,core,7UUY=core; 7UUZ=core; 7UV0=core; AF=superficie,3.244097,4.99691,6.768787,0.537394,5.0032646666666665,6.768787,3.5246899999999997,7UV0_I_Na,1.8586738733e-06,,
p.Met232Arg,VUS_or_unclassified,Uncertain significance / not classified in gnomAD extract,core,7UUY=superficie; 7UUZ=core; 7UV0=core; AF=superficie,-0.53968,0.062108,1.174381,0.030857,0.2322696666666666,1.174381,1.714061,7UV0_I_Na,6.195863641432979e-07,,
p.Met232Ile,VUS_or_unclassified,Uncertain significance / not classified in gnomAD extract,core,7UUY=superficie; 7UUZ=core; 7UV0=core; AF=superficie,0.672655,-0.895913,-0.2008,2.686557,-0.14135266666666665,0.672655,1.568568,7UUY_apo,6.195640994821683e-07,,
p.Asp233Ala,VUS_or_unclassified,Uncertain significance / not classified in gnomAD extract,core,7UUY=core; 7UUZ=superficie; 7UV0=core; AF=superficie,-0.60784,1.08535,-0.0,2.785513,0.15917,1.08535,1.69319,7UUZ_ReO4_Na,1.2391773349e-06,,
p.Asp233Glu,VUS_or_unclassified,Uncertain significance / not classified in gnomAD extract,core,7UUY=core; 7UUZ=superficie; 7UV0=core; AF=superficie,5.371237,0.883111,-0.203895,2.480457,2.016817666666667,5.371237,5.575132,7UUY_apo,6.195479777954005e-07,,
p.Phe234Cys,VUS_or_unclassified,Uncertain significance / not classified in gnomAD extract,core,7UUY=superficie; 7UUZ=superficie; 7UV0=core; AF=superficie,1.18298,2.03671,1.38717,1.964523,1.53562,2.03671,0.8537299999999999,7UUZ_ReO4_Na,6.195487454757453e-07,,
p.Phe234Leu,VUS_or_unclassified,Uncertain significance / not classified in gnomAD extract,core,7UUY=superficie; 7UUZ=superficie; 7UV0=core; AF=superficie,-1.305917,0.003852,-1.14167,1.37704,-0.8145783333333334,0.003852,1.309769,7UUZ_ReO4_Na,6.195472101169581e-07,,
p.Asn235Asp,VUS_or_unclassified,Uncertain significance / not classified in gnomAD extract,core,7UUY=superficie; 7UUZ=superficie; 7UV0=core; AF=superficie,0.459064,3.56924,3.991887,0.456184,2.673397,3.991887,3.532823,7UV0_I_Na,6.195525839060065e-07,,
p.Pro236Ser,VUS_or_unclassified,Uncertain significance / not classified in gnomAD extract,core,7UUY=superficie; 7UUZ=superficie; 7UV0=core; AF=superficie,0.992283,2.56709,2.178967,0.440447,1.91278,2.56709,1.5748069999999998,7UUZ_ReO4_Na,1.2390545022e-06,,
p.Pro236Thr,VUS_or_unclassified,Uncertain significance / not classified in gnomAD extract,core,7UUY=superficie; 7UUZ=superficie; 7UV0=core; AF=superficie,1.11856,3.32751,0.940669,0.721561,1.7955796666666668,3.32751,2.3868410000000004,7UUZ_ReO4_Na,6.195272511451961e-07,,
p.Pro236Arg,VUS_or_unclassified,Uncertain significance / not classified in gnomAD extract,core,7UUY=superficie; 7UUZ=superficie; 7UV0=core; AF=superficie,-0.491309,1.303047,0.945868,-1.240552,0.5858686666666667,1.303047,1.794356,7UUZ_ReO4_Na,4.9565987819e-06,,
p.Pro236Leu,Benign_or_likely,Likely benign,core,7UUY=superficie; 7UUZ=superficie; 7UV0=core; AF=superficie,0.0,2.443507,0.066946,0.195805,0.8368176666666667,2.443507,2.443507,7UUZ_ReO4_Na,1.2391496954e-06,,
p.Pro238Leu,VUS_or_unclassified,Uncertain significance / not classified in gnomAD extract,superficie,7UUY=superficie; 7UUZ=superficie; 7UV0=superficie; AF=superficie,3.305267,0.985926,-0.005408,0.101349,1.4285949999999998,3.305267,3.3106750000000003,7UUY_apo,1.36305790889e-05,,
p.Pro238Arg,VUS_or_unclassified,Uncertain significance / not classified in gnomAD extract,superficie,7UUY=superficie; 7UUZ=superficie; 7UV0=superficie; AF=superficie,2.634623,1.325263,0.456181,-1.22202,1.4720223333333333,2.634623,2.178442,7UUY_apo,1.8585794505e-06,,
p.Arg239Lys,VUS_or_unclassified,Uncertain significance / not classified in gnomAD extract,superficie,7UUY=superficie; 7UUZ=superficie; 7UV0=superficie; AF=superficie,1.439403,-0.267567,1.247613,2.386977,0.8064830000000001,1.439403,1.70697,7UUY_apo,6.195019204559534e-07,,
p.Ser240Cys,VUS_or_unclassified,Uncertain significance / not classified in gnomAD extract,core,7UUY=superficie; 7UUZ=superficie; 7UV0=superficie; AF=core,2.026137,1.04812,1.749713,0.611681,1.60799,2.026137,0.9780169999999999,7UUY_apo,6.195226454112577e-07,,
p.Ser240Ile,VUS_or_unclassified,Uncertain significance / not classified in gnomAD extract,core,7UUY=superficie; 7UUZ=superficie; 7UV0=superficie; AF=core,0.635313,-0.40085,3.532643,-1.544187,1.255702,3.532643,3.9334930000000004,7UV0_I_Na,6.194942448984649e-07,,
p.Ser240Asn,VUS_or_unclassified,Uncertain significance / not classified in gnomAD extract,core,7UUY=superficie; 7UUZ=superficie; 7UV0=superficie; AF=core,1.692993,0.007755,1.53012,0.214791,1.076956,1.692993,1.685238,7UUY_apo,1.8584827346e-06,,
p.Ser240Thr,VUS_or_unclassified,Uncertain significance / not classified in gnomAD extract,core,7UUY=superficie; 7UUZ=superficie; 7UV0=superficie; AF=core,1.295017,1.137433,3.78627,0.104694,2.072906666666667,3.78627,2.6488370000000003,7UV0_I_Na,6.194942448984649e-07,,
p.Arg241Cys,VUS_or_unclassified,Uncertain significance / not classified in gnomAD extract,superficie,7UUY=superficie; 7UUZ=superficie; 7UV0=superficie; AF=superficie,0.525995,2.6874,-0.617299,3.719777,0.8653653333333332,2.6874,3.304699,7UUZ_ReO4_Na,3.7172924728e-06,,
p.Arg241His,Uncertain_significance,Uncertain significance,superficie,7UUY=superficie; 7UUZ=superficie; 7UV0=superficie; AF=superficie,0.404665,2.962693,-0.280965,5.105017,1.0287976666666665,2.962693,3.243658,7UUZ_ReO4_Na,2.78777591237e-05,,
p.Tyr242Cys,VUS_or_unclassified,Uncertain significance / not classified in gnomAD extract,superficie,7UUY=superficie; 7UUZ=superficie; 7UV0=superficie; AF=superficie,0.649618,1.680213,1.87181,3.188913,1.4005470000000002,1.87181,1.222192,7UV0_I_Na,2.4779861901e-06,,
p.Tyr242Ser,VUS_or_unclassified,Uncertain significance / not classified in gnomAD extract,superficie,7UUY=superficie; 7UUZ=superficie; 7UV0=superficie; AF=superficie,0.217338,1.076697,1.503577,4.583493,0.9325373333333333,1.503577,1.286239,7UV0_I_Na,6.194965475457405e-07,,
p.Thr243Ala,VUS_or_unclassified,Uncertain significance / not classified in gnomAD extract,core,7UUY=superficie; 7UUZ=superficie; 7UV0=superficie; AF=core,2.517973,-0.042206,0.429646,6.535117,0.968471,2.517973,2.560179,7UUY_apo,3.7172325946e-06,,
p.Thr243Ile,VUS_or_unclassified,Uncertain significance / not classified in gnomAD extract,core,7UUY=superficie; 7UUZ=superficie; 7UV0=superficie; AF=core,0.554388,-0.521081,0.09325,6.132287,0.042185666666666656,0.554388,1.075469,7UUY_apo,1.8584781294e-06,,
p.Phe244Ser,VUS_or_unclassified,Uncertain significance / not classified in gnomAD extract,superficie,7UUY=superficie; 7UUZ=superficie; 7UV0=superficie; AF=superficie,0.961775,2.822113,-0.340122,3.901437,1.147922,2.822113,3.162235,7UUZ_ReO4_Na,6.195019204559534e-07,,
p.Phe247Ile,VUS_or_unclassified,Uncertain significance / not classified in gnomAD extract,core,7UUY=core; 7UUZ=superficie; 7UV0=superficie; AF=core,0.542052,0.002799,-0.144526,4.454557,0.13344166666666665,0.542052,0.6865779999999999,7UUY_apo,6.195103637888758e-07,,
p.Phe247Leu,VUS_or_unclassified,Uncertain significance / not classified in gnomAD extract,core,7UUY=core; 7UUZ=superficie; 7UV0=superficie; AF=core,-1.105357,0.037233,-0.346124,-0.834185,-0.4714159999999999,0.037233,1.14259,7UUZ_ReO4_Na,6.19485034480537e-07,,
p.Val248Leu,VUS_or_unclassified,Uncertain significance / not classified in gnomAD extract,core,7UUY=superficie; 7UUZ=superficie; 7UV0=superficie; AF=core,-0.85884,-1.046996,0.007351,-0.160128,-0.6328283333333333,0.007351,1.0543470000000001,7UV0_I_Na,6.1953646281e-06,,
p.Val248Ala,Uncertain_significance,Uncertain significance,core,7UUY=superficie; 7UUZ=superficie; 7UV0=superficie; AF=core,0.450503,1.090604,1.40887,2.134297,0.9833256666666665,1.40887,0.9583670000000001,7UV0_I_Na,5.32753829323e-05,,
p.Gly250Cys,VUS_or_unclassified,Uncertain significance / not classified in gnomAD extract,core,7UUY=superficie; 7UUZ=superficie; 7UV0=superficie; AF=core,0.908215,5.764537,0.758104,9.53643,2.4769520000000003,5.764537,5.0064329999999995,7UUZ_ReO4_Na,6.194996177687358e-07,,
p.Gly250Ala,VUS_or_unclassified,Uncertain significance / not classified in gnomAD extract,core,7UUY=superficie; 7UUZ=superficie; 7UV0=superficie; AF=core,0.57983,5.970987,0.408954,3.11228,2.3199236666666665,5.970987,5.5620330000000004,7UUZ_ReO4_Na,1.238971604e-06,,
p.Gly251Ser,VUS_or_unclassified,Uncertain significance / not classified in gnomAD extract,core,7UUY=superficie; 7UUZ=superficie; 7UV0=superficie; AF=core,-0.0,3.12938,0.130173,1.760177,1.0865176666666667,3.12938,3.12938,7UUZ_ReO4_Na,1.238971604e-06,,
p.Gly251Asp,VUS_or_unclassified,Uncertain significance / not classified in gnomAD extract,core,7UUY=superficie; 7UUZ=superficie; 7UV0=superficie; AF=core,-1.157117,2.1371,0.846051,4.94116,0.6086780000000002,2.1371,3.294217,7UUZ_ReO4_Na,6.194858020049038e-07,,
p.Thr252Lys,VUS_or_unclassified,Uncertain significance / not classified in gnomAD extract,core,7UUY=core; 7UUZ=superficie; 7UV0=superficie; AF=core,7.52241,-0.227548,0.406246,-0.711809,2.5670360000000003,7.52241,7.7499579999999995,7UUY_apo,6.195019204559534e-07,,
p.Thr252Met,VUS_or_unclassified,Uncertain significance / not classified in gnomAD extract,core,7UUY=core; 7UUZ=superficie; 7UV0=superficie; AF=core,5.500873,0.706414,-0.284667,-1.493793,1.9742066666666667,5.500873,5.78554,7UUY_apo,4.02676248296e-05,,
p.Leu256Ile,VUS_or_unclassified,Uncertain significance / not classified in gnomAD extract,core,7UUY=core; 7UUZ=core; 7UV0=superficie; AF=core,0.343395,1.393957,-0.984564,2.42429,0.25092933333333334,1.393957,2.378521,7UUZ_ReO4_Na,3.0974021468e-06,,
p.Leu256Phe,VUS_or_unclassified,Uncertain significance / not classified in gnomAD extract,core,7UUY=core; 7UUZ=core; 7UV0=superficie; AF=core,0.193386,-0.05631,-0.749448,2.64288,-0.204124,0.193386,0.942834,7UUY_apo,6.19525715892941e-07,,
p.Met258Leu,VUS_or_unclassified,Uncertain significance / not classified in gnomAD extract,core,7UUY=core; 7UUZ=core; 7UV0=core; AF=core,1.59811,-0.286888,0.218754,0.088299,0.509992,1.59811,1.884998,7UUY_apo,6.195034555902752e-07,,
p.Met258Val,VUS_or_unclassified,Uncertain significance / not classified in gnomAD extract,core,7UUY=core; 7UUZ=core; 7UV0=core; AF=core,2.11719,0.883545,0.713086,4.91377,1.2379403333333332,2.11719,1.4041039999999998,7UUY_apo,1.2390069111e-06,,
p.Met258Ile,VUS_or_unclassified,Uncertain significance / not classified in gnomAD extract,core,7UUY=core; 7UUZ=core; 7UV0=core; AF=core,1.704087,0.543442,0.664407,4.124673,0.9706453333333332,1.704087,1.160645,7UUY_apo,6.195303216725336e-07,,
p.Tyr259Cys,VUS_or_unclassified,Uncertain significance / not classified in gnomAD extract,core,7UUY=superficie; 7UUZ=superficie; 7UV0=superficie; AF=core,0.57733,3.553823,0.442985,2.25991,1.5247126666666668,3.553823,3.1108379999999998,7UUZ_ReO4_Na,1.2389992355e-06,,
p.Val261Met,VUS_or_unclassified,Uncertain significance / not classified in gnomAD extract,core,7UUY=superficie; 7UUZ=superficie; 7UV0=superficie; AF=core,3.960853,3.98551,0.9474,3.467917,2.9645876666666666,3.98551,3.03811,7UUZ_ReO4_Na,3.7171957475e-06,,
p.Val261Ala,VUS_or_unclassified,Uncertain significance / not classified in gnomAD extract,core,7UUY=superficie; 7UUZ=superficie; 7UV0=superficie; AF=core,3.286747,3.59159,0.461889,2.859703,2.446742,3.59159,3.129701,7UUZ_ReO4_Na,1.2389884897e-06,,
p.Asn262Ser,VUS_or_unclassified,Uncertain significance / not classified in gnomAD extract,core,7UUY=core; 7UUZ=superficie; 7UV0=core; AF=core,2.27426,0.000717,1.020105,0.823686,1.0983606666666665,2.27426,2.273543,7UUY_apo,6.195487454757453e-07,,
p.Asn262Lys,VUS_or_unclassified,Uncertain significance / not classified in gnomAD extract,core,7UUY=core; 7UUZ=superficie; 7UV0=core; AF=core,1.28579,-1.728983,0.585872,2.062173,0.04755966666666667,1.28579,3.014773,7UUY_apo,6.195003853292397e-07,,
p.Ala264Ser,VUS_or_unclassified,Uncertain significance / not classified in gnomAD extract,core,7UUY=superficie; 7UUZ=core; 7UV0=core; AF=core,0.000407,4.707713,1.23509,0.311696,1.98107,4.707713,4.707306,7UUZ_ReO4_Na,6.194873370593432e-07,,
p.Ala264Glu,VUS_or_unclassified,Uncertain significance / not classified in gnomAD extract,core,7UUY=superficie; 7UUZ=core; 7UV0=core; AF=core,0.940248,3.548157,0.427094,-0.659637,1.638499666666667,3.548157,3.121063,7UUZ_ReO4_Na,1.2390023057e-06,,
p.Ala264Val,Uncertain_significance,Uncertain significance,core,7UUY=superficie; 7UUZ=core; 7UV0=core; AF=core,-0.44114,0.619588,0.93037,0.920006,0.36960600000000005,0.93037,1.37151,7UV0_I_Na,7.4345573092e-06,,
p.Gln265Leu,VUS_or_unclassified,Uncertain significance / not classified in gnomAD extract,core,7UUY=core; 7UUZ=core; 7UV0=superficie; AF=core,-1.372923,1.96656,2.901547,-0.758418,1.1650613333333333,2.901547,4.27447,7UV0_I_Na,6.194957799947467e-07,,
p.Gln265Pro,VUS_or_unclassified,Uncertain significance / not classified in gnomAD extract,core,7UUY=core; 7UUZ=core; 7UV0=superficie; AF=core,5.594493,3.50424,4.486693,0.651444,4.528475333333333,5.594493,2.090253,7UUY_apo,6.194957799947467e-07,,
p.Val266Met,VUS_or_unclassified,Uncertain significance / not classified in gnomAD extract,core,7UUY=core; 7UUZ=core; 7UV0=superficie; AF=core,3.17352,-0.712493,-0.757323,-0.555536,0.5679013333333333,3.17352,3.930843,7UUY_apo,1.2390821375e-06,,
p.Val266Leu,VUS_or_unclassified,Uncertain significance / not classified in gnomAD extract,core,7UUY=core; 7UUZ=core; 7UV0=superficie; AF=core,1.763873,-0.529729,-1.206553,3.524463,0.009197000000000047,1.763873,2.970426,7UUY_apo,6.195410687579069e-07,,
p.Val266Gly,VUS_or_unclassified,Uncertain significance / not classified in gnomAD extract,core,7UUY=core; 7UUZ=core; 7UV0=superficie; AF=core,7.251653,2.147597,-0.117393,3.879477,3.0939523333333336,7.251653,7.369046,7UUY_apo,6.194957799947467e-07,,
p.Val266Glu,VUS_or_unclassified,Uncertain significance / not classified in gnomAD extract,core,7UUY=core; 7UUZ=core; 7UV0=superficie; AF=core,6.480357,0.222832,1.197777,3.68601,2.6336553333333335,6.480357,6.257524999999999,7UUY_apo,6.194957799947467e-07,,
p.Gln267Glu,Pathogenic_or_likely,Likely pathogenic,core,7UUY=core; 7UUZ=core; 7UV0=core; AF=core,5.56063,0.107834,0.924432,2.0982,2.197632,5.56063,5.452795999999999,7UUY_apo,3.53140597043e-05,Pathogenic/functional defect,TDH1/NIS disease variant reported in UniProt and reviews; associated with impaired iodide transport.
p.Gln267Arg,VUS_or_unclassified,Uncertain significance / not classified in gnomAD extract,core,7UUY=core; 7UUZ=core; 7UV0=core; AF=core,2.485523,0.049166,0.0,1.928357,0.8448963333333334,2.485523,2.485523,7UUY_apo,6.195356951686129e-07,,
p.Gln267His,VUS_or_unclassified,Uncertain significance / not classified in gnomAD extract,core,7UUY=core; 7UUZ=core; 7UV0=core; AF=core,4.744137,0.46086,2.479147,2.674847,2.5613813333333337,4.744137,4.283277,7UUY_apo,6.194819644020884e-07,,
p.Arg268Ser,VUS_or_unclassified,Uncertain significance / not classified in gnomAD extract,core,7UUY=core; 7UUZ=core; 7UV0=core; AF=core,2.248103,0.262919,7.233407,3.016333,3.2481430000000002,7.233407,6.970488,7UV0_I_Na,6.19498850210134e-07,,
p.Arg268Cys,Uncertain_significance,Uncertain significance,core,7UUY=core; 7UUZ=core; 7UV0=core; AF=core,1.617037,0.81589,4.907537,2.464637,2.4468213333333333,4.907537,4.091647,7UV0_I_Na,3.34553835287e-05,,
p.Arg268His,VUS_or_unclassified,Uncertain significance / not classified in gnomAD extract,core,7UUY=core; 7UUZ=core; 7UV0=core; AF=core,0.988247,10.076557,3.364663,2.59161,4.809822333333333,10.076557,9.08831,7UUZ_ReO4_Na,2.10628826165e-05,,
p.Val270Leu,VUS_or_unclassified,Uncertain significance / not classified in gnomAD extract,core,7UUY=core; 7UUZ=core; 7UV0=core; AF=core,0.81966,-0.822453,0.355565,-0.375819,0.11759066666666669,0.81966,1.6421130000000002,7UUY_apo,6.194858020049038e-07,,
p.Val270Met,Uncertain_significance,Uncertain significance,core,7UUY=core; 7UUZ=core; 7UV0=core; AF=core,5.50353,0.439481,0.184533,0.059041,2.0425146666666665,5.50353,5.3189969999999995,7UUY_apo,6.8148419824e-06,,
p.Arg273Cys,VUS_or_unclassified,Uncertain significance / not classified in gnomAD extract,core,7UUY=core; 7UUZ=core; 7UV0=core; AF=core,0.512369,0.799657,4.49145,1.399453,1.9344919999999999,4.49145,3.9790810000000003,7UV0_I_Na,3.09746738676e-05,,
p.Arg273His,Benign_or_likely,Likely Benign,core,7UUY=core; 7UUZ=core; 7UV0=core; AF=core,-0.151426,13.376733,2.725587,1.25406,5.316964666666666,13.376733,13.528159,7UUZ_ReO4_Na,3.7170023119e-06,,
p.Arg273Pro,VUS_or_unclassified,Uncertain significance / not classified in gnomAD extract,core,7UUY=core; 7UUZ=core; 7UV0=core; AF=core,2.79983,2.4583,8.472873,0.645452,4.577001,8.472873,6.014573,7UV0_I_Na,6.195003853292397e-07,,
p.Thr274Arg,VUS_or_unclassified,Uncertain significance / not classified in gnomAD extract,core,7UUY=core; 7UUZ=core; 7UV0=core; AF=core,21.8803,-1.270957,1.619263,2.810297,7.409535333333333,21.8803,23.151256999999998,7UUY_apo,1.2389777442e-06,,
p.Glu275Lys,VUS_or_unclassified,Uncertain significance / not classified in gnomAD extract,core,7UUY=core; 7UUZ=core; 7UV0=core; AF=core,8.168143,1.344407,-0.090585,4.65515,3.140655,8.168143,8.258728000000001,7UUY_apo,1.2389577887e-06,,
p.Lys276Gln,VUS_or_unclassified,Uncertain significance / not classified in gnomAD extract,core,7UUY=core; 7UUZ=core; 7UV0=core; AF=core,-0.222018,1.703027,12.749667,-0.407938,4.743558666666667,12.749667,12.971685,7UV0_I_Na,6.195188073519536e-07,,
p.Lys276Glu,VUS_or_unclassified,Uncertain significance / not classified in gnomAD extract,core,7UUY=core; 7UUZ=core; 7UV0=core; AF=core,-0.065988,2.132367,13.5305,-0.587106,5.198959666666666,13.5305,13.596488,7UV0_I_Na,1.8586922984e-06,,
p.Ala278Thr,VUS_or_unclassified,Uncertain significance / not classified in gnomAD extract,core,7UUY=core; 7UUZ=core; 7UV0=core; AF=core,1.325187,2.876613,-0.008667,2.664537,1.397711,2.876613,2.88528,7UUZ_ReO4_Na,1.8586255092e-06,,
p.Ala281Ser,VUS_or_unclassified,Uncertain significance / not classified in gnomAD extract,core,7UUY=core; 7UUZ=core; 7UV0=core; AF=core,0.007769,4.00393,3.104873,0.66652,2.3721906666666666,4.00393,3.9961610000000003,7UUZ_ReO4_Na,1.2395398332e-06,,
p.Ala281Asp,VUS_or_unclassified,Uncertain significance / not classified in gnomAD extract,core,7UUY=core; 7UUZ=core; 7UV0=core; AF=core,4.839127,1.730683,2.44228,8.284743,3.00403,4.839127,3.1084440000000004,7UUY_apo,1.239555198e-06,,
p.Ala281Val,VUS_or_unclassified,Uncertain significance / not classified in gnomAD extract,core,7UUY=core; 7UUZ=core; 7UV0=core; AF=core,1.22447,4.96736,3.363977,5.22658,3.1852690000000004,4.96736,3.74289,7UUZ_ReO4_Na,3.0986613782e-06,,
p.Ala281Gly,VUS_or_unclassified,Uncertain significance / not classified in gnomAD extract,core,7UUY=core; 7UUZ=core; 7UV0=core; AF=core,1.0261,4.23798,3.336977,1.74935,2.8670190000000004,4.23798,3.2118800000000003,7UUZ_ReO4_Na,1.2394645513e-06,,
p.Ile284Phe,VUS_or_unclassified,Uncertain significance / not classified in gnomAD extract,core,7UUY=core; 7UUZ=core; 7UV0=core; AF=core,30.668433,1.019966,7.535177,0.326121,13.074525333333334,30.668433,29.648467,7UUY_apo,1.23951217758e-05,,
p.Ile284Val,VUS_or_unclassified,Uncertain significance / not classified in gnomAD extract,core,7UUY=core; 7UUZ=core; 7UV0=core; AF=core,3.358513,3.638973,0.885317,0.93876,2.627601,3.638973,2.753656,7UUZ_ReO4_Na,3.7185365327e-06,,
p.Asn285Ser,VUS_or_unclassified,Uncertain significance / not classified in gnomAD extract,core,7UUY=core; 7UUZ=core; 7UV0=core; AF=core,1.537197,3.229803,1.746798,0.453979,2.1712659999999997,3.229803,1.692606,7UUZ_ReO4_Na,1.2395843921e-06,,
p.Val287Ala,VUS_or_unclassified,Uncertain significance / not classified in gnomAD extract,core,7UUY=core; 7UUZ=core; 7UV0=core; AF=core,0.970728,-0.135209,2.366627,0.068674,1.067382,2.366627,2.501836,7UV0_I_Na,6.198129404545708e-07,,
p.Gly288Ser,Conflicting,Conflicting classifications of pathogenicity,core,7UUY=core; 7UUZ=core; 7UV0=core; AF=core,-0.390818,3.559027,1.65714,2.340057,1.6084496666666668,3.559027,3.949845,7UUZ_ReO4_Na,0.000299359630703,,
p.Gly288Cys,VUS_or_unclassified,Uncertain significance / not classified in gnomAD extract,core,7UUY=core; 7UUZ=core; 7UV0=core; AF=core,0.09436,2.007173,2.95288,2.573753,1.6848043333333333,2.95288,2.85852,7UV0_I_Na,6.198375281871116e-07,,
p.Gly288Asp,VUS_or_unclassified,Uncertain significance / not classified in gnomAD extract,core,7UUY=core; 7UUZ=core; 7UV0=core; AF=core,-0.518145,3.405243,1.241207,4.709467,1.3761016666666668,3.405243,3.923388,7UUZ_ReO4_Na,6.198160138144593e-07,,
p.Gly288Val,VUS_or_unclassified,Uncertain significance / not classified in gnomAD extract,core,7UUY=core; 7UUZ=core; 7UV0=core; AF=core,-0.124386,0.001419,5.759007,2.786763,1.8786800000000001,5.759007,5.883393000000001,7UV0_I_Na,6.198167821591938e-07,,
p.Leu289Arg,VUS_or_unclassified,Uncertain significance / not classified in gnomAD extract,core,7UUY=core; 7UUZ=core; 7UV0=core; AF=core,-0.991595,-0.799175,-0.062104,4.11452,-0.6176246666666666,-0.062104,0.929491,7UV0_I_Na,6.197983424113131e-07,,
p.Leu289Pro,VUS_or_unclassified,Uncertain significance / not classified in gnomAD extract,core,7UUY=core; 7UUZ=core; 7UV0=core; AF=core,-0.099728,4.772793,3.68094,7.106657,2.7846683333333337,4.772793,4.872521,7UUZ_ReO4_Na,6.197983424113131e-07,,
p.Phe290Tyr,VUS_or_unclassified,Uncertain significance / not classified in gnomAD extract,core,7UUY=core; 7UUZ=core; 7UV0=core; AF=core,6.3788,0.776035,-1.214907,-0.112939,1.979976,6.3788,7.593707,7UUY_apo,6.197476387614964e-07,,
p.Leu291Arg,VUS_or_unclassified,Uncertain significance / not classified in gnomAD extract,core,7UUY=superficie; 7UUZ=core; 7UV0=core; AF=core,0.144624,4.99868,0.858092,0.763421,2.0004653333333335,4.99868,4.854056,7UUZ_ReO4_Na,6.197545524070647e-07,,
p.Val293Met,VUS_or_unclassified,Uncertain significance / not classified in gnomAD extract,core,7UUY=superficie; 7UUZ=superficie; 7UV0=superficie; AF=core,0.460104,-1.173923,-0.255943,-0.470479,-0.323254,0.460104,1.6340270000000001,7UUY_apo,1.8595817428e-06,,
p.Val293Leu,VUS_or_unclassified,Uncertain significance / not classified in gnomAD extract,core,7UUY=superficie; 7UUZ=superficie; 7UV0=superficie; AF=core,-0.109904,-0.908635,-0.645975,-1.303707,-0.554838,-0.109904,0.798731,7UUY_apo,6.198152454716299e-07,,
p.Ser294Phe,VUS_or_unclassified,Uncertain significance / not classified in gnomAD extract,core,7UUY=superficie; 7UUZ=superficie; 7UV0=core; AF=core,1.67748,11.6133,0.278853,-2.571883,4.523211000000001,11.6133,11.334447,7UUZ_ReO4_Na,6.197822085319219e-07,,
p.Ala296Thr,Uncertain_significance,Uncertain significance,core,7UUY=superficie; 7UUZ=superficie; 7UV0=superficie; AF=core,0.83814,-1.954833,0.370461,2.511263,-0.24874400000000008,0.83814,2.792973,7UUY_apo,6.1987518193e-06,,
p.Ala296Pro,VUS_or_unclassified,Uncertain significance / not classified in gnomAD extract,core,7UUY=superficie; 7UUZ=superficie; 7UV0=superficie; AF=core,1.819563,3.839833,3.507847,6.142353,3.0557476666666665,3.839833,2.02027,7UUZ_ReO4_Na,6.198298443111397e-07,,
p.Ala296Val,VUS_or_unclassified,Uncertain significance / not classified in gnomAD extract,core,7UUY=superficie; 7UUZ=superficie; 7UV0=superficie; AF=core,1.509227,0.911049,-5.4e-05,1.857597,0.8067406666666668,1.509227,1.509281,7UUY_apo,6.197630026277951e-07,,
p.Ala297Val,VUS_or_unclassified,Uncertain significance / not classified in gnomAD extract,core,7UUY=superficie; 7UUZ=superficie; 7UV0=superficie; AF=core,2.761927,-0.103571,0.310366,-0.779584,0.9895740000000001,2.761927,2.865498,7UUY_apo,6.198175505058332e-07,,
p.Cys298Gly,Benign_or_likely,Likely benign,superficie,7UUY=superficie; 7UUZ=superficie; 7UV0=superficie; AF=superficie,-1.086505,0.0,0.169595,0.81978,-0.3056366666666667,0.169595,1.2561,7UV0_I_Na,0.0003910917844693,,
p.Cys298Ser,VUS_or_unclassified,Uncertain significance / not classified in gnomAD extract,superficie,7UUY=superficie; 7UUZ=superficie; 7UV0=superficie; AF=superficie,-1.295857,-1.243957,0.272623,-0.276993,-0.7557303333333333,0.272623,1.56848,7UV0_I_Na,6.197968058151816e-07,,
p.Cys299Gly,VUS_or_unclassified,Uncertain significance / not classified in gnomAD extract,core,7UUY=superficie; 7UUZ=superficie; 7UV0=superficie; AF=core,4.322667,0.40958,0.270523,2.083473,1.66759,4.322667,4.052144,7UUY_apo,6.198513596439574e-07,,
p.Cys299Tyr,Uncertain_significance,Uncertain significance,core,7UUY=superficie; 7UUZ=superficie; 7UV0=superficie; AF=core,1.290463,-0.004515,-0.56159,20.28669,0.24145266666666662,1.290463,1.852053,7UUY_apo,5.08298909512e-05,,
p.Gly300Asp,VUS_or_unclassified,Uncertain significance / not classified in gnomAD extract,core,7UUY=superficie; 7UUZ=core; 7UV0=superficie; AF=core,-0.584533,5.002553,0.669177,21.8917,1.6957323333333336,5.002553,5.587085999999999,7UUZ_ReO4_Na,6.198613494133633e-07,,
p.Ile301Val,VUS_or_unclassified,Uncertain significance / not classified in gnomAD extract,core,7UUY=superficie; 7UUZ=core; 7UV0=superficie; AF=superficie,0.702247,0.351126,1.777667,0.958412,0.94368,1.777667,1.426541,7UV0_I_Na,6.198436754250578e-07,,
p.Ile301Met,VUS_or_unclassified,Uncertain significance / not classified in gnomAD extract,core,7UUY=superficie; 7UUZ=core; 7UV0=superficie; AF=superficie,-0.615037,-0.210735,-1.68346,-0.273707,-0.8364106666666666,-0.210735,1.472725,7UUZ_ReO4_Na,6.198644232533461e-07,,
p.Val302Ile,VUS_or_unclassified,Uncertain significance / not classified in gnomAD extract,core,7UUY=core; 7UUZ=core; 7UV0=superficie; AF=superficie,2.95033,0.196521,0.11906,0.10985,1.088637,2.95033,2.83127,7UUY_apo,9.2984505062e-06,,
p.Val302Leu,VUS_or_unclassified,Uncertain significance / not classified in gnomAD extract,core,7UUY=core; 7UUZ=core; 7UV0=superficie; AF=superficie,5.416507,0.0,-0.322097,0.666988,1.6981366666666666,5.416507,5.7386040000000005,7UUY_apo,6.198959318709575e-07,,
p.Met303Leu,VUS_or_unclassified,Uncertain significance / not classified in gnomAD extract,core,7UUY=superficie; 7UUZ=core; 7UV0=superficie; AF=core,-0.162498,6.060383,-0.400805,-0.930195,1.8323599999999998,6.060383,6.461188,7UUZ_ReO4_Na,6.199151460148135e-07,,
p.Met303Leu,VUS_or_unclassified,Uncertain significance / not classified in gnomAD extract,core,7UUY=superficie; 7UUZ=core; 7UV0=superficie; AF=core,-0.162919,7.120123,-0.454073,-0.971172,2.1677103333333334,7.120123,7.574196000000001,7UUZ_ReO4_Na,1.36381332123e-05,,
p.Met303Val,VUS_or_unclassified,Uncertain significance / not classified in gnomAD extract,core,7UUY=superficie; 7UUZ=core; 7UV0=superficie; AF=core,0.41008,2.597057,0.13522,1.859907,1.0474523333333334,2.597057,2.461837,7UUZ_ReO4_Na,9.2987271902e-06,,
p.Phe304Cys,VUS_or_unclassified,Uncertain significance / not classified in gnomAD extract,core,7UUY=superficie; 7UUZ=core; 7UV0=core; AF=superficie,2.066407,3.24953,2.379193,3.497833,2.565043333333333,3.24953,1.1831230000000001,7UUZ_ReO4_Na,6.198636547904923e-07,,
p.Phe304Ser,VUS_or_unclassified,Uncertain significance / not classified in gnomAD extract,core,7UUY=superficie; 7UUZ=core; 7UV0=core; AF=superficie,1.811633,3.603013,1.160894,3.889843,2.1918466666666663,3.603013,2.442119,7UUZ_ReO4_Na,5.5787728931e-06,,
p.Val305Met,VUS_or_unclassified,Uncertain significance / not classified in gnomAD extract,core,7UUY=core; 7UUZ=core; 7UV0=superficie; AF=superficie,4.32009,-0.30542,-0.291596,3.849373,1.2410246666666669,4.32009,4.62551,7UUY_apo,5.5789250527e-06,,
p.Val305Ala,VUS_or_unclassified,Uncertain significance / not classified in gnomAD extract,core,7UUY=core; 7UUZ=core; 7UV0=superficie; AF=superficie,0.0,1.25763,0.788864,1.943673,0.6821646666666666,1.25763,1.25763,7UUZ_ReO4_Na,1.2398026234e-06,,
p.Tyr307Cys,Uncertain_significance,Uncertain significance,core,7UUY=core; 7UUZ=core; 7UV0=core; AF=superficie,1.779627,0.852548,0.096181,4.270293,0.909452,1.779627,1.683446,7UUY_apo,3.0998562906e-06,,
p.Thr308Ala,VUS_or_unclassified,Uncertain significance / not classified in gnomAD extract,core,7UUY=core; 7UUZ=core; 7UV0=core; AF=superficie,1.273983,0.464406,2.729187,0.339394,1.489192,2.729187,2.264781,7UV0_I_Na,2.4798419844e-06,,
p.Asp309Tyr,VUS_or_unclassified,Uncertain significance / not classified in gnomAD extract,core,7UUY=core; 7UUZ=core; 7UV0=core; AF=superficie,7.444503,0.331029,0.619007,-0.267904,2.7981796666666665,7.444503,7.113474,7UUY_apo,6.199681832328365e-07,,
p.Cys310Phe,VUS_or_unclassified,Uncertain significance / not classified in gnomAD extract,core,7UUY=core; 7UUZ=core; 7UV0=core; AF=superficie,2.1964,9.693047,-0.389346,5.138107,3.8333670000000004,9.693047,10.082393,7UUZ_ReO4_Na,6.200096969516604e-07,,
p.Asp311Asn,VUS_or_unclassified,Uncertain significance / not classified in gnomAD extract,core,7UUY=core; 7UUZ=core; 7UV0=core; AF=superficie,1.34504,2.57085,-0.011475,1.806497,1.3014716666666668,2.57085,2.582325,7UUZ_ReO4_Na,4.9603851243e-06,,
p.Pro312Ser,VUS_or_unclassified,Uncertain significance / not classified in gnomAD extract,core,7UUY=core; 7UUZ=core; 7UV0=core; AF=core,1.26449,2.158823,0.473827,4.224003,1.2990466666666667,2.158823,1.684996,7UUZ_ReO4_Na,1.2401347282e-06,,
p.Pro312Leu,VUS_or_unclassified,Uncertain significance / not classified in gnomAD extract,core,7UUY=core; 7UUZ=core; 7UV0=core; AF=core,-0.419004,0.364994,-1.44674,3.66657,-0.50025,0.364994,1.811734,7UUZ_ReO4_Na,6.200581366508924e-07,,
p.Leu313Phe,VUS_or_unclassified,Uncertain significance / not classified in gnomAD extract,core,7UUY=core; 7UUZ=core; 7UV0=core; AF=superficie,11.341133,0.050515,-0.556215,1.01857,3.611811,11.341133,11.897348,7UUY_apo,1.8602828374e-06,,
p.Leu313Pro,VUS_or_unclassified,Uncertain significance / not classified in gnomAD extract,core,7UUY=core; 7UUZ=core; 7UV0=core; AF=superficie,5.546697,4.540683,3.757467,11.859233,4.614949,5.546697,1.7892299999999999,7UUY_apo,6.201311949556048e-07,,
p.Leu314Phe,VUS_or_unclassified,Uncertain significance / not classified in gnomAD extract,core,7UUY=core; 7UUZ=core; 7UV0=core; AF=superficie,0.004652,6.700323,7.87328,0.436366,4.859418333333333,7.87328,7.868628,7UV0_I_Na,1.2403377687e-06,,
p.Leu314Val,VUS_or_unclassified,Uncertain significance / not classified in gnomAD extract,core,7UUY=core; 7UUZ=core; 7UV0=core; AF=superficie,0.266308,1.274283,-2.090663,0.856745,-0.18335733333333337,1.274283,3.364946,7UUZ_ReO4_Na,1.8605066531e-06,,
p.Leu314Ile,VUS_or_unclassified,Uncertain significance / not classified in gnomAD extract,core,7UUY=core; 7UUZ=core; 7UV0=core; AF=superficie,-0.408944,0.003824,-2.129407,0.361009,-0.8448423333333334,0.003824,2.133231,7UUZ_ReO4_Na,4.9613510751e-06,,
p.Leu315Gln,VUS_or_unclassified,Uncertain significance / not classified in gnomAD extract,core,7UUY=core; 7UUZ=core; 7UV0=core; AF=superficie,0.751933,1.34131,1.764897,1.652687,1.2860466666666668,1.764897,1.012964,7UV0_I_Na,6.202288892692959e-07,,
p.Arg317Ser,VUS_or_unclassified,Uncertain significance / not classified in gnomAD extract,core,7UUY=core; 7UUZ=core; 7UV0=core; AF=superficie,0.595929,-0.011279,1.291537,4.64878,0.6253956666666666,1.291537,1.302816,7UV0_I_Na,6.203612487623793e-07,,
p.Arg317Gly,VUS_or_unclassified,Uncertain significance / not classified in gnomAD extract,core,7UUY=core; 7UUZ=core; 7UV0=core; AF=superficie,2.47271,1.69496,2.33477,5.10904,2.16748,2.47271,0.7777500000000002,7UUY_apo,1.2408133283e-06,,
p.Arg317Cys,VUS_or_unclassified,Uncertain significance / not classified in gnomAD extract,core,7UUY=core; 7UUZ=core; 7UV0=core; AF=superficie,0.825388,1.307377,1.772683,4.260713,1.3018159999999999,1.772683,0.947295,7UV0_I_Na,1.79917932606e-05,,
p.Arg317Leu,VUS_or_unclassified,Uncertain significance / not classified in gnomAD extract,core,7UUY=core; 7UUZ=core; 7UV0=core; AF=superficie,-0.810775,-1.2508,0.0,2.461617,-0.6871916666666666,0.0,1.2508,7UV0_I_Na,6.2041359251e-06,,
p.Arg317His,Uncertain_significance,Uncertain significance,core,7UUY=core; 7UUZ=core; 7UV0=core; AF=superficie,11.415,0.553494,1.075333,4.196647,4.347942333333333,11.415,10.861505999999999,7UUY_apo,2.3577442592e-05,,
p.Ser319Pro,VUS_or_unclassified,Uncertain significance / not classified in gnomAD extract,sitio activo,7UUY=core; 7UUZ=core; 7UV0=sitio activo; AF=core,2.853353,3.872957,5.543343,-0.172007,4.089884333333333,5.543343,2.6899900000000003,7UV0_I_Na,6.204351483956788e-07,,
p.Ser319Cys,VUS_or_unclassified,Uncertain significance / not classified in gnomAD extract,sitio activo,7UUY=core; 7UUZ=core; 7UV0=sitio activo; AF=core,0.057569,0.228827,1.720723,0.261253,0.6690396666666666,1.720723,1.663154,7UV0_I_Na,6.204882746330743e-07,,
p.Ala320Thr,Uncertain_significance,Uncertain significance,core,7UUY=core; 7UUZ=core; 7UV0=core; AF=core,1.87746,-0.586614,-0.219687,-0.083097,0.357053,1.87746,2.464074,7UUY_apo,3.90923137065e-05,,
p.Pro321Ser,VUS_or_unclassified,Uncertain significance / not classified in gnomAD extract,core,7UUY=core; 7UUZ=core; 7UV0=core; AF=superficie,1.04477,0.398266,-0.005017,2.394667,0.47933966666666666,1.04477,1.049787,7UUY_apo,6.205591237705173e-07,,
p.Asp322Val,VUS_or_unclassified,Uncertain significance / not classified in gnomAD extract,core,7UUY=core; 7UUZ=core; 7UV0=core; AF=core,-0.116565,19.553267,4.410603,-0.632821,7.9491016666666665,19.553267,19.669832000000003,7UUZ_ReO4_Na,4.9658905393e-06,,
p.Tyr324Asn,VUS_or_unclassified,Uncertain significance / not classified in gnomAD extract,core,7UUY=core; 7UUZ=core; 7UV0=core; AF=core,18.321067,1.466643,-0.767455,4.480093,6.340084999999999,18.321067,19.088521999999998,7UUY_apo,1.2402839257e-06,,
p.Tyr324His,VUS_or_unclassified,Uncertain significance / not classified in gnomAD extract,core,7UUY=core; 7UUZ=core; 7UV0=core; AF=core,34.970733,1.246788,-0.891245,3.247167,11.775425333333336,34.970733,35.861978,7UUY_apo,1.8604258886e-06,,
p.Met325Val,VUS_or_unclassified,Uncertain significance / not classified in gnomAD extract,core,7UUY=core; 7UUZ=core; 7UV0=core; AF=core,1.06382,2.4614,-1.0428,1.725703,0.8274733333333334,2.4614,3.5042,7UUZ_ReO4_Na,1.2399056183e-06,,
p.Pro326Ser,VUS_or_unclassified,Uncertain significance / not classified in gnomAD extract,core,7UUY=superficie; 7UUZ=superficie; 7UV0=core; AF=core,2.511677,3.982413,4.90024,3.658123,3.79811,4.90024,2.388563,7UV0_I_Na,1.2396151242e-06,,
p.Pro326Leu,VUS_or_unclassified,Uncertain significance / not classified in gnomAD extract,core,7UUY=superficie; 7UUZ=superficie; 7UV0=core; AF=core,-1.215453,2.126367,27.927233,0.761972,9.612715666666668,27.927233,29.142686,7UV0_I_Na,1.2396934981e-06,,
p.Ile332Val,VUS_or_unclassified,Uncertain significance / not classified in gnomAD extract,superficie,7UUY=superficie; 7UUZ=superficie; 7UV0=superficie; AF=superficie,0.493099,0.744099,1.077053,1.623277,0.771417,1.077053,0.5839540000000001,7UV0_I_Na,1.2392372247e-06,,
p.Phe333Leu,VUS_or_unclassified,Uncertain significance / not classified in gnomAD extract,core,7UUY=superficie; 7UUZ=superficie; 7UV0=superficie; AF=core,-1.57315,1.548213,1.842393,1.82852,0.6058186666666666,1.842393,3.415543,7UV0_I_Na,1.2391972975e-06,,
p.Glu334Gln,VUS_or_unclassified,Uncertain significance / not classified in gnomAD extract,superficie,7UUY=superficie; 7UUZ=superficie; 7UV0=superficie; AF=superficie,4.377287,6.766353,0.215127,-0.894586,3.786255666666667,6.766353,6.551226,7UUZ_ReO4_Na,6.195871319187746e-07,,
p.Glu334Lys,Uncertain_significance,Uncertain significance,superficie,7UUY=superficie; 7UUZ=superficie; 7UV0=superficie; AF=superficie,4.176303,7.75076,-0.00109,-1.319027,3.9753243333333335,7.75076,7.751849999999999,7UUZ_ReO4_Na,3.7177946042e-06,,
p.Asp335Tyr,VUS_or_unclassified,Uncertain significance / not classified in gnomAD extract,core,7UUY=core; 7UUZ=superficie; 7UV0=superficie; AF=superficie,4.926743,1.72744,-1.19933,0.180792,1.8182843333333334,4.926743,6.126073,7UUY_apo,1.8586462364e-06,,
p.Asp335Val,VUS_or_unclassified,Uncertain significance / not classified in gnomAD extract,core,7UUY=core; 7UUZ=superficie; 7UV0=superficie; AF=superficie,2.224383,1.44884,-0.984129,0.348193,0.8963646666666666,2.224383,3.208512,7UUY_apo,6.195917386115941e-07,,
p.Asp335Gly,VUS_or_unclassified,Uncertain significance / not classified in gnomAD extract,core,7UUY=core; 7UUZ=superficie; 7UV0=superficie; AF=superficie,3.994167,2.597013,-0.616247,0.061652,1.9916443333333333,3.994167,4.6104140000000005,7UUY_apo,6.195917386115941e-07,,
p.Pro337Ser,VUS_or_unclassified,Uncertain significance / not classified in gnomAD extract,core,7UUY=superficie; 7UUZ=superficie; 7UV0=superficie; AF=core,2.537087,-2.96809,4.24078,1.369847,1.2699256666666667,4.24078,7.20887,7UV0_I_Na,1.2391297344e-06,,
p.Pro337Leu,VUS_or_unclassified,Uncertain significance / not classified in gnomAD extract,core,7UUY=superficie; 7UUZ=superficie; 7UV0=superficie; AF=core,-0.004046,-1.961037,3.677677,0.251577,0.5708646666666667,3.677677,5.638714,7UV0_I_Na,1.858763699e-06,,
p.Val339Ala,VUS_or_unclassified,Uncertain significance / not classified in gnomAD extract,core,7UUY=superficie; 7UUZ=superficie; 7UV0=superficie; AF=core,0.299431,4.399577,2.334763,1.66505,2.344590333333333,4.399577,4.100146,7UUZ_ReO4_Na,6.196593113106414e-07,,
p.Pro340Ser,VUS_or_unclassified,Uncertain significance / not classified in gnomAD extract,core,7UUY=superficie; 7UUZ=superficie; 7UV0=superficie; AF=core,2.673253,4.213457,1.03129,4.913377,2.6393333333333335,4.213457,3.1821669999999997,7UUZ_ReO4_Na,6.195817575303966e-07,,
p.Pro340Thr,VUS_or_unclassified,Uncertain significance / not classified in gnomAD extract,core,7UUY=superficie; 7UUZ=superficie; 7UV0=superficie; AF=core,3.51859,3.99468,2.784263,6.239163,3.4325110000000003,3.99468,1.2104169999999996,7UUZ_ReO4_Na,6.196270588658098e-07,,
p.Pro340Leu,VUS_or_unclassified,Uncertain significance / not classified in gnomAD extract,core,7UUY=superficie; 7UUZ=superficie; 7UV0=superficie; AF=core,2.786137,0.892218,-0.011954,1.619057,1.2221336666666667,2.786137,2.798091,7UUY_apo,6.195633317637729e-07,,
p.Gly341Trp,VUS_or_unclassified,Uncertain significance / not classified in gnomAD extract,core,7UUY=superficie; 7UUZ=superficie; 7UV0=superficie; AF=core,1.935838,0.032827,-1.38461,62.181133,0.194685,1.935838,3.320448,7UUY_apo,6.195963453729165e-07,,
p.Gly341Arg,Pathogenic_or_likely,Likely pathogenic,core,7UUY=superficie; 7UUZ=superficie; 7UV0=superficie; AF=core,-0.6293,-0.174702,-1.035734,32.336633,-0.6132453333333333,-0.174702,0.8610319999999999,7UUZ_ReO4_Na,9.2939451805e-06,,
p.Gly341Glu,VUS_or_unclassified,Uncertain significance / not classified in gnomAD extract,core,7UUY=superficie; 7UUZ=superficie; 7UV0=superficie; AF=core,2.68238,-0.126708,-0.363416,27.177067,0.7307520000000002,2.68238,3.045796,7UUY_apo,1.2391543019e-06,,
p.Leu342Phe,VUS_or_unclassified,Uncertain significance / not classified in gnomAD extract,core,7UUY=superficie; 7UUZ=superficie; 7UV0=superficie; AF=core,13.423537,-0.845284,4.09907,0.941689,5.559107666666667,13.423537,14.268820999999999,7UUY_apo,6.195664026487703e-07,,
p.Leu342Ile,VUS_or_unclassified,Uncertain significance / not classified in gnomAD extract,core,7UUY=superficie; 7UUZ=superficie; 7UV0=superficie; AF=core,-0.004653,-0.317328,4.88064,0.536697,1.519553,4.88064,5.1979679999999995,7UV0_I_Na,6.195671703747762e-07,,
p.Phe343Leu,VUS_or_unclassified,Uncertain significance / not classified in gnomAD extract,core,7UUY=superficie; 7UUZ=superficie; 7UV0=superficie; AF=core,-0.502839,1.330787,2.6516,2.040187,1.1598493333333335,2.6516,3.154439,7UV0_I_Na,6.195794542496335e-07,,
p.Ala345Thr,VUS_or_unclassified,Uncertain significance / not classified in gnomAD extract,core,7UUY=superficie; 7UUZ=superficie; 7UV0=superficie; AF=core,2.942723,3.00337,-0.213189,4.490727,1.9109679999999998,3.00337,3.2165589999999997,7UUZ_ReO4_Na,1.2391896195e-06,,
p.Cys346Arg,VUS_or_unclassified,Uncertain significance / not classified in gnomAD extract,core,7UUY=core; 7UUZ=superficie; 7UV0=superficie; AF=core,0.634487,2.6802,-1.174793,4.781883,0.713298,2.6802,3.8549930000000003,7UUZ_ReO4_Na,1.8588834802e-06,,
p.Cys346Tyr,VUS_or_unclassified,Uncertain significance / not classified in gnomAD extract,core,7UUY=core; 7UUZ=superficie; 7UV0=superficie; AF=core,6.799593,-0.0,-0.725538,17.441867,2.024685,6.799593,7.525131,7UUY_apo,6.196485601226409e-07,,
p.Ala347Val,VUS_or_unclassified,Uncertain significance / not classified in gnomAD extract,core,7UUY=superficie; 7UUZ=core; 7UV0=superficie; AF=core,1.211376,1.682543,2.173623,0.582238,1.6891806666666664,2.173623,0.9622470000000001,7UV0_I_Na,3.7184996597e-06,,
p.Ser349Gly,VUS_or_unclassified,Uncertain significance / not classified in gnomAD extract,core,7UUY=core; 7UUZ=superficie; 7UV0=core; AF=core,5.34502,4.13794,-0.228878,-0.283411,3.0846940000000003,5.34502,5.573898,7UUY_apo,1.05363759081e-05,,
p.Ser349Arg,VUS_or_unclassified,Uncertain significance / not classified in gnomAD extract,core,7UUY=core; 7UUZ=superficie; 7UV0=core; AF=core,5.122733,2.447797,-1.896487,9.011287,1.8913476666666664,5.122733,7.019220000000001,7UUY_apo,1.2397042561e-06,,
p.Thr351Ala,VUS_or_unclassified,Uncertain significance / not classified in gnomAD extract,core,7UUY=core; 7UUZ=core; 7UV0=core; AF=core,1.395995,2.88229,3.169333,-0.1649,2.4825393333333334,3.169333,1.7733379999999999,7UV0_I_Na,6.200765918606267e-07,,
p.Thr351Ile,VUS_or_unclassified,Uncertain significance / not classified in gnomAD extract,core,7UUY=core; 7UUZ=core; 7UV0=core; AF=core,1.410287,-0.725628,2.286547,2.99672,0.990402,2.286547,3.012175,7UV0_I_Na,1.2401378041e-06,,
p.Thr351Asn,VUS_or_unclassified,Uncertain significance / not classified in gnomAD extract,core,7UUY=core; 7UUZ=core; 7UV0=core; AF=core,2.743963,3.74841,3.48026,1.24796,3.324211,3.74841,1.0044469999999999,7UUZ_ReO4_Na,6.200689020563965e-07,,
p.Ser353Asn,VUS_or_unclassified,Uncertain significance / not classified in gnomAD extract,core,7UUY=core; 7UUZ=superficie; 7UV0=superficie; AF=core,2.43154,3.642457,2.9295,7.33002,3.0011656666666666,3.642457,1.2109169999999998,7UUZ_ReO4_Na,1.2413062016e-06,,
p.Thr354Pro,Pathogenic_or_likely,Pathogenic,core,7UUY=superficie; 7UUZ=superficie; 7UV0=core; AF=core,5.803303,7.45501,8.663883,4.1453,7.307398666666667,8.663883,2.8605800000000006,7UV0_I_Na,4.3390617212e-06,Pathogenic/functional defect,TDH1/NIS disease variant reported in UniProt and reviews; associated with impaired iodide transport.
p.Ala355Glu,VUS_or_unclassified,Uncertain significance / not classified in gnomAD extract,core,7UUY=superficie; 7UUZ=superficie; 7UV0=core; AF=core,-0.2678,5.310067,3.807833,6.230147,2.9500333333333333,5.310067,5.577867,7UUZ_ReO4_Na,6.198160138144593e-07,,
p.Ser358Asn,VUS_or_unclassified,Uncertain significance / not classified in gnomAD extract,core,7UUY=superficie; 7UUZ=superficie; 7UV0=superficie; AF=core,0.384026,0.931881,2.915557,-0.509348,1.410488,2.915557,2.531531,7UV0_I_Na,6.197199857216516e-07,,
p.Ala361Val,VUS_or_unclassified,Uncertain significance / not classified in gnomAD extract,core,7UUY=core; 7UUZ=core; 7UV0=superficie; AF=core,0.177294,0.003761,-0.170279,5.29704,0.003591999999999993,0.177294,0.347573,7UUY_apo,2.41647365857e-05,,
p.Met362Val,VUS_or_unclassified,Uncertain significance / not classified in gnomAD extract,core,7UUY=core; 7UUZ=core; 7UV0=core; AF=core,1.027611,2.355447,0.335197,3.485047,1.2394183333333333,2.355447,2.02025,7UUZ_ReO4_Na,6.196570074532345e-07,,
p.Met362Leu,Uncertain_significance,Uncertain significance,core,7UUY=core; 7UUZ=core; 7UV0=core; AF=core,-0.303085,2.524183,-0.008445,0.381045,0.737551,2.524183,2.8272679999999997,7UUZ_ReO4_Na,1.2393140149e-06,,
p.Met362Thr,VUS_or_unclassified,Uncertain significance / not classified in gnomAD extract,core,7UUY=core; 7UUZ=core; 7UV0=core; AF=core,1.07031,3.50941,0.998981,2.346127,1.859567,3.50941,2.510429,7UUZ_ReO4_Na,6.195011528916455e-07,,
p.Met362Ile,VUS_or_unclassified,Uncertain significance / not classified in gnomAD extract,core,7UUY=core; 7UUZ=core; 7UV0=core; AF=core,0.673913,3.814633,-0.134372,1.794597,1.4513913333333335,3.814633,3.949005,7UUZ_ReO4_Na,6.195165045391975e-07,,
p.Ala364Pro,VUS_or_unclassified,Uncertain significance / not classified in gnomAD extract,core,7UUY=core; 7UUZ=core; 7UV0=core; AF=core,-0.006006,5.482377,0.09175,8.13202,1.8560403333333333,5.482377,5.488383,7UUZ_ReO4_Na,6.195157369387497e-07,,
p.Ala364Ser,VUS_or_unclassified,Uncertain significance / not classified in gnomAD extract,core,7UUY=core; 7UUZ=core; 7UV0=core; AF=core,3.832753,1.28788,-0.763208,0.930988,1.452475,3.832753,4.595961,7UUY_apo,6.195157369387497e-07,,
p.Ala364Thr,VUS_or_unclassified,Uncertain significance / not classified in gnomAD extract,core,7UUY=core; 7UUZ=core; 7UV0=core; AF=core,3.465877,2.499197,-2.072863,0.863104,1.2974036666666666,3.465877,5.53874,7UUY_apo,6.195157369387497e-07,,
p.Thr366Ala,VUS_or_unclassified,Uncertain significance / not classified in gnomAD extract,core,7UUY=core; 7UUZ=core; 7UV0=core; AF=superficie,1.165213,4.510087,2.69361,0.47719,2.7896366666666665,4.510087,3.3448740000000003,7UUZ_ReO4_Na,1.2390345442e-06,,
p.Thr366Pro,VUS_or_unclassified,Uncertain significance / not classified in gnomAD extract,core,7UUY=core; 7UUZ=core; 7UV0=core; AF=superficie,6.218667,7.153987,0.021574,4.189327,4.464742666666667,7.153987,7.132413,7UUZ_ReO4_Na,6.195172721415473e-07,,
p.Val367Ile,VUS_or_unclassified,Uncertain significance / not classified in gnomAD extract,core,7UUY=core; 7UUZ=core; 7UV0=core; AF=core,1.194037,1.394323,22.109167,0.316179,8.232509,22.109167,20.915129999999998,7UV0_I_Na,6.19498850210134e-07,,
p.Val367Ala,VUS_or_unclassified,Uncertain significance / not classified in gnomAD extract,core,7UUY=core; 7UUZ=core; 7UV0=core; AF=core,3.775567,0.0,1.776483,2.355087,1.8506833333333335,3.775567,3.775567,7UUY_apo,6.19491942268307e-07,,
p.Asp369Gly,VUS_or_unclassified,Uncertain significance / not classified in gnomAD extract,core,7UUY=core; 7UUZ=core; 7UV0=core; AF=superficie,1.985773,1.94011,4.51686,5.78359,2.8142476666666667,4.51686,2.5767500000000005,7UV0_I_Na,6.195533515977661e-07,,
p.Leu370Phe,VUS_or_unclassified,Uncertain significance / not classified in gnomAD extract,core,7UUY=core; 7UUZ=core; 7UV0=core; AF=superficie,-1.4266,-0.638131,0.71421,0.599206,-0.4501736666666667,0.71421,2.14081,7UV0_I_Na,1.17706239917e-05,,
p.Leu370Pro,VUS_or_unclassified,Uncertain significance / not classified in gnomAD extract,core,7UUY=core; 7UUZ=core; 7UV0=core; AF=superficie,3.351167,7.560627,7.237167,3.86365,6.049653666666667,7.560627,4.20946,7UUZ_ReO4_Na,6.195157369387497e-07,,
p.Pro373Ser,VUS_or_unclassified,Uncertain significance / not classified in gnomAD extract,core,7UUY=core; 7UUZ=core; 7UV0=core; AF=superficie,0.00063,1.327573,0.41903,2.52906,0.5824109999999999,1.327573,1.326943,7UUZ_ReO4_Na,1.2389792793e-06,,
p.Pro373Thr,VUS_or_unclassified,Uncertain significance / not classified in gnomAD extract,core,7UUY=core; 7UUZ=core; 7UV0=core; AF=superficie,-1.816783,0.003618,1.080053,3.035803,-0.24437066666666674,1.080053,2.896836,7UV0_I_Na,5.5754067568e-06,,
p.Pro373Leu,VUS_or_unclassified,Uncertain significance / not classified in gnomAD extract,core,7UUY=core; 7UUZ=core; 7UV0=core; AF=superficie,-0.310109,5.840953,1.13117,3.055627,2.220671333333333,5.840953,6.151062,7UUZ_ReO4_Na,6.195003853292397e-07,,
p.Arg374Trp,VUS_or_unclassified,Uncertain significance / not classified in gnomAD extract,core,7UUY=core; 7UUZ=core; 7UV0=core; AF=superficie,0.884602,18.192767,4.22583,0.888529,7.767733,18.192767,17.308165,7UUZ_ReO4_Na,6.93897174351e-05,,
p.Arg374Gln,VUS_or_unclassified,Uncertain significance / not classified in gnomAD extract,core,7UUY=core; 7UUZ=core; 7UV0=core; AF=superficie,2.040457,2.36048,3.316547,0.448762,2.5724946666666666,3.316547,1.27609,7UV0_I_Na,3.15969860192e-05,,
p.Leu375Arg,VUS_or_unclassified,Uncertain significance / not classified in gnomAD extract,core,7UUY=core; 7UUZ=core; 7UV0=core; AF=superficie,13.798313,-0.832599,0.330793,0.606174,4.432169,13.798313,14.630912,7UUY_apo,6.195095962036452e-07,,
p.Arg376Trp,Uncertain_significance,Uncertain significance,core,7UUY=core; 7UUZ=core; 7UV0=core; AF=superficie,17.648833,3.544133,-0.601901,0.038189,6.863688333333332,17.648833,18.250734,7UUY_apo,4.52285155257e-05,,
p.Arg376Gln,VUS_or_unclassified,Uncertain significance / not classified in gnomAD extract,core,7UUY=core; 7UUZ=core; 7UV0=core; AF=superficie,3.78709,-0.633946,1.746483,0.741648,1.6332090000000001,3.78709,4.421036,7UUY_apo,3.65541006885e-05,,
p.Ser377Asn,VUS_or_unclassified,Uncertain significance / not classified in gnomAD extract,core,7UUY=core; 7UUZ=core; 7UV0=core; AF=superficie,-0.126089,5.14489,2.316897,-0.478181,2.4452326666666666,5.14489,5.2709790000000005,7UUZ_ReO4_Na,6.194980826534342e-07,,
p.Ser377Arg,VUS_or_unclassified,Uncertain significance / not classified in gnomAD extract,core,7UUY=core; 7UUZ=core; 7UV0=core; AF=superficie,-2.948477,12.0205,13.544633,-0.461665,7.538885333333333,13.544633,16.493109999999998,7UV0_I_Na,6.195172721415473e-07,,
p.Ala379Ser,VUS_or_unclassified,Uncertain significance / not classified in gnomAD extract,core,7UUY=core; 7UUZ=core; 7UV0=core; AF=superficie,0.689447,-0.206768,-0.000808,-0.237579,0.1606236666666667,0.689447,0.896215,7UUY_apo,6.195188073519536e-07,,
p.Ala379Glu,VUS_or_unclassified,Uncertain significance / not classified in gnomAD extract,core,7UUY=core; 7UUZ=core; 7UV0=core; AF=superficie,9.149197,-1.838058,-0.077304,-1.10537,2.411278333333333,9.149197,10.987255,7UUY_apo,1.2390376147e-06,,
p.Pro380Ser,VUS_or_unclassified,Uncertain significance / not classified in gnomAD extract,core,7UUY=core; 7UUZ=core; 7UV0=core; AF=superficie,0.00889,0.003742,0.287159,1.445777,0.09993033333333333,0.287159,0.283417,7UV0_I_Na,6.195733122513187e-07,,
p.Arg381Gly,VUS_or_unclassified,Uncertain significance / not classified in gnomAD extract,core,7UUY=core; 7UUZ=core; 7UV0=core; AF=superficie,0.034691,4.359883,1.863787,1.084393,2.086120333333333,4.359883,4.325192,7UUZ_ReO4_Na,6.195249482696668e-07,,
p.Arg381Ser,VUS_or_unclassified,Uncertain significance / not classified in gnomAD extract,core,7UUY=core; 7UUZ=core; 7UV0=core; AF=superficie,-0.697893,4.038947,1.72094,0.794207,1.6873313333333335,4.038947,4.73684,7UUZ_ReO4_Na,2.4780782998e-06,,
p.Lys382Thr,VUS_or_unclassified,Uncertain significance / not classified in gnomAD extract,core,7UUY=core; 7UUZ=core; 7UV0=core; AF=superficie,0.628693,-0.294195,-0.109673,0.818861,0.07494166666666664,0.628693,0.9228879999999999,7UUY_apo,1.2390944202e-06,,
p.Leu383Val,Uncertain_significance,Uncertain significance,core,7UUY=core; 7UUZ=core; 7UV0=core; AF=superficie,0.950044,-0.146646,0.326933,1.112433,0.376777,0.950044,1.09669,7UUY_apo,2.4781090045e-06,,
p.Val384Met,VUS_or_unclassified,Uncertain significance / not classified in gnomAD extract,core,7UUY=core; 7UUZ=core; 7UV0=core; AF=superficie,-0.175102,-0.00297,-1.978703,0.480158,-0.718925,-0.00297,1.9757330000000002,7UUZ_ReO4_Na,3.7173293219e-06,,
p.Val384Leu,Uncertain_significance,Uncertain significance,core,7UUY=core; 7UUZ=core; 7UV0=core; AF=superficie,-0.058059,-0.248155,-1.93488,-0.564484,-0.7470313333333333,-0.058059,1.8768209999999999,7UUY_apo,9.9128781917e-06,,
p.Val384Ala,VUS_or_unclassified,Uncertain significance / not classified in gnomAD extract,core,7UUY=core; 7UUZ=core; 7UV0=core; AF=superficie,0.741354,2.12325,-0.506371,1.45839,0.7860776666666666,2.12325,2.629621,7UUZ_ReO4_Na,6.195671703747762e-07,,
p.Ile385Phe,VUS_or_unclassified,Uncertain significance / not classified in gnomAD extract,core,7UUY=core; 7UUZ=core; 7UV0=core; AF=superficie,0.000436,9.249853,6.988497,0.042057,5.412928666666667,9.249853,9.249417,7UUZ_ReO4_Na,1.8587015111e-06,,
p.Ile385Thr,VUS_or_unclassified,Uncertain significance / not classified in gnomAD extract,core,7UUY=core; 7UUZ=core; 7UV0=core; AF=superficie,0.432517,3.7621,2.81843,0.492259,2.3376823333333334,3.7621,3.3295830000000004,7UUZ_ReO4_Na,6.195717767707671e-07,,
p.Ile385Ser,VUS_or_unclassified,Uncertain significance / not classified in gnomAD extract,core,7UUY=core; 7UUZ=core; 7UV0=core; AF=superficie,0.678053,0.874735,3.450257,0.546742,1.6676816666666667,3.450257,2.7722040000000003,7UV0_I_Na,3.0978588838e-06,,
p.Gly389Arg,VUS_or_unclassified,Uncertain significance / not classified in gnomAD extract,core,7UUY=core; 7UUZ=superficie; 7UV0=core; AF=superficie,-0.084266,1.858075,2.653237,-1.191187,1.475682,2.653237,2.737503,7UV0_I_Na,3.7177946042e-06,,
p.Gly389Val,VUS_or_unclassified,Uncertain significance / not classified in gnomAD extract,core,7UUY=core; 7UUZ=superficie; 7UV0=core; AF=superficie,0.001016,0.003232,2.558037,-1.093372,0.854095,2.558037,2.557021,7UV0_I_Na,6.196608472250967e-07,,
p.Gly389Ala,VUS_or_unclassified,Uncertain significance / not classified in gnomAD extract,core,7UUY=core; 7UUZ=superficie; 7UV0=core; AF=superficie,0.984864,2.379683,0.0,-0.838252,1.1215156666666666,2.379683,2.379683,7UUZ_ReO4_Na,6.196608472250967e-07,,
p.Leu390Phe,VUS_or_unclassified,Uncertain significance / not classified in gnomAD extract,core,7UUY=core; 7UUZ=superficie; 7UV0=core; AF=superficie,-0.04855,-0.377139,-0.400205,1.503797,-0.275298,-0.04855,0.351655,7UUY_apo,1.8591207845e-06,,
p.Ser391Leu,VUS_or_unclassified,Uncertain significance / not classified in gnomAD extract,core,7UUY=superficie; 7UUZ=superficie; 7UV0=core; AF=core,-1.04164,-0.728898,-0.789763,-3.14311,-0.8534336666666666,-0.728898,0.31274199999999985,7UUZ_ReO4_Na,6.195410687579069e-07,,
p.Leu392Phe,VUS_or_unclassified,Uncertain significance / not classified in gnomAD extract,core,7UUY=superficie; 7UUZ=superficie; 7UV0=core; AF=superficie,-0.47406,3.241527,-1.059435,-0.207762,0.569344,3.241527,4.300962,7UUZ_ReO4_Na,1.2390560375e-06,,
p.Ile393Ser,VUS_or_unclassified,Uncertain significance / not classified in gnomAD extract,core,7UUY=superficie; 7UUZ=core; 7UV0=superficie; AF=superficie,1.560597,3.850797,1.415733,0.528568,2.2757089999999995,3.850797,2.435064,7UUZ_ReO4_Na,6.195456747657807e-07,,
p.Gly395Arg,Pathogenic_or_likely,Pathogenic/Likely pathogenic,core,7UUY=superficie; 7UUZ=superficie; 7UV0=superficie; AF=core,1.884503,1.917593,1.924597,12.737967,1.9088976666666666,1.924597,0.04009399999999985,7UV0_I_Na,1.17724035034e-05,Pathogenic/functional defect,TDH1/NIS disease variant reported in UniProt and reviews; associated with impaired iodide transport.
p.Gly395Glu,VUS_or_unclassified,Uncertain significance / not classified in gnomAD extract,core,7UUY=superficie; 7UUZ=superficie; 7UV0=superficie; AF=core,2.257703,1.428757,0.146227,11.804243,1.2775623333333332,2.257703,2.1114759999999997,7UUY_apo,1.2390575728e-06,,
p.Ser396Leu,VUS_or_unclassified,Uncertain significance / not classified in gnomAD extract,core,7UUY=superficie; 7UUZ=superficie; 7UV0=superficie; AF=core,-0.311699,0.776145,0.022498,-0.727653,0.16231466666666666,0.776145,1.087844,7UUZ_ReO4_Na,8.0538941817e-06,,
p.Ala397Pro,VUS_or_unclassified,Uncertain significance / not classified in gnomAD extract,core,7UUY=superficie; 7UUZ=superficie; 7UV0=core; AF=core,-0.002814,5.302003,3.050443,3.2001,2.7832106666666667,5.302003,5.304817,7UUZ_ReO4_Na,6.195510485281946e-07,,
p.Ala397Ser,VUS_or_unclassified,Uncertain significance / not classified in gnomAD extract,core,7UUY=superficie; 7UUZ=superficie; 7UV0=core; AF=core,2.383273,1.717823,1.7734,0.331078,1.9581653333333335,2.383273,0.6654499999999999,7UUY_apo,6.195510485281946e-07,,
p.Ala397Val,VUS_or_unclassified,Uncertain significance / not classified in gnomAD extract,core,7UUY=superficie; 7UUZ=superficie; 7UV0=core; AF=core,1.889973,1.826627,1.47578,0.109768,1.7307933333333334,1.889973,0.4141929999999998,7UUY_apo,1.2391343407e-06,,
p.Cys398Arg,Uncertain_significance,Uncertain significance,core,7UUY=superficie; 7UUZ=superficie; 7UV0=superficie; AF=core,-0.031035,-0.229769,-0.345315,4.069223,-0.20203966666666665,-0.031035,0.31428,7UUY_apo,1.2391297344e-05,,
p.Cys398Tyr,VUS_or_unclassified,Uncertain significance / not classified in gnomAD extract,core,7UUY=superficie; 7UUZ=superficie; 7UV0=superficie; AF=core,0.57585,0.085231,0.787327,11.6519,0.4828026666666667,0.787327,0.702096,7UV0_I_Na,6.195387657796524e-07,,
p.Thr400Ser,VUS_or_unclassified,Uncertain significance / not classified in gnomAD extract,core,7UUY=superficie; 7UUZ=superficie; 7UV0=superficie; AF=core,0.401206,1.143183,0.564556,-0.540463,0.7029816666666666,1.143183,0.7419770000000001,7UUZ_ReO4_Na,1.8587107238e-06,,
p.Val401Met,VUS_or_unclassified,Uncertain significance / not classified in gnomAD extract,core,7UUY=superficie; 7UUZ=superficie; 7UV0=superficie; AF=core,0.179987,-0.706588,-0.009834,-0.402434,-0.17881166666666667,0.179987,0.886575,7UUY_apo,1.67286038059e-05,,
p.Val401Leu,VUS_or_unclassified,Uncertain significance / not classified in gnomAD extract,core,7UUY=superficie; 7UUZ=superficie; 7UV0=superficie; AF=core,0.064378,-0.335253,-0.017319,0.000405,-0.09606466666666669,0.064378,0.399631,7UUY_apo,1.2391558374e-06,,
p.Val401Leu,VUS_or_unclassified,Uncertain significance / not classified in gnomAD extract,core,7UUY=superficie; 7UUZ=superficie; 7UV0=superficie; AF=core,0.118358,-0.343977,-0.077583,-0.211412,-0.10106733333333333,0.118358,0.462335,7UUY_apo,6.195779187386385e-07,,
p.Val401Ala,VUS_or_unclassified,Uncertain significance / not classified in gnomAD extract,core,7UUY=superficie; 7UUZ=superficie; 7UV0=superficie; AF=core,0.166983,0.0,1.118517,1.415377,0.42849999999999994,1.118517,1.118517,7UV0_I_Na,6.195333922303078e-07,,
p.Ala402Thr,VUS_or_unclassified,Uncertain significance / not classified in gnomAD extract,core,7UUY=superficie; 7UUZ=superficie; 7UV0=superficie; AF=core,2.339087,1.648237,-0.287804,4.297437,1.2331733333333335,2.339087,2.626891,7UUY_apo,3.09790111e-06,,
p.Ala402Ser,VUS_or_unclassified,Uncertain significance / not classified in gnomAD extract,core,7UUY=superficie; 7UUZ=superficie; 7UV0=superficie; AF=core,2.651627,1.640247,-0.074529,0.742342,1.4057816666666667,2.651627,2.726156,7UUY_apo,6.195802220079852e-07,,
p.Ala402Val,VUS_or_unclassified,Uncertain significance / not classified in gnomAD extract,core,7UUY=superficie; 7UUZ=superficie; 7UV0=superficie; AF=core,1.815687,1.86466,0.347583,4.924853,1.3426433333333334,1.86466,1.517077,7UUZ_ReO4_Na,6.195356951686129e-07,,
p.Ala403Asp,VUS_or_unclassified,Uncertain significance / not classified in gnomAD extract,core,7UUY=superficie; 7UUZ=superficie; 7UV0=superficie; AF=core,-1.14609,-0.88978,2.54447,1.927287,0.1695333333333333,2.54447,3.69056,7UV0_I_Na,2.4782840361e-06,,
p.Ser405Phe,VUS_or_unclassified,Uncertain significance / not classified in gnomAD extract,core,7UUY=superficie; 7UUZ=superficie; 7UV0=superficie; AF=core,-0.075431,1.142157,0.334012,1.522029,0.4669126666666667,1.142157,1.2175880000000001,7UUZ_ReO4_Na,6.195502808421423e-07,,
p.Ser405Tyr,VUS_or_unclassified,Uncertain significance / not classified in gnomAD extract,core,7UUY=superficie; 7UUZ=superficie; 7UV0=superficie; AF=core,-0.066533,3.377993,-0.03963,2.62769,1.09061,3.377993,3.444526,7UUZ_ReO4_Na,6.195502808421423e-07,,
p.Ser405Cys,VUS_or_unclassified,Uncertain significance / not classified in gnomAD extract,core,7UUY=superficie; 7UUZ=superficie; 7UV0=superficie; AF=core,0.211723,1.939773,-0.596677,-0.250422,0.5182729999999999,1.939773,2.53645,7UUZ_ReO4_Na,6.195955775746055e-07,,
p.Ser406Thr,VUS_or_unclassified,Uncertain significance / not classified in gnomAD extract,core,7UUY=superficie; 7UUZ=superficie; 7UV0=superficie; AF=core,1.323933,-0.310734,0.396092,1.478797,0.4697636666666667,1.323933,1.634667,7UUY_apo,1.2392065112e-06,,
p.Leu408Phe,VUS_or_unclassified,Uncertain significance / not classified in gnomAD extract,core,7UUY=superficie; 7UUZ=superficie; 7UV0=superficie; AF=core,0.187159,0.860844,-0.361158,0.132013,0.22894833333333334,0.860844,1.222002,7UUZ_ReO4_Na,1.2391834772e-06,,
p.Leu408Ile,VUS_or_unclassified,Uncertain significance / not classified in gnomAD extract,core,7UUY=superficie; 7UUZ=superficie; 7UV0=superficie; AF=core,-0.353843,0.00526,-0.647548,0.41894,-0.3320436666666667,0.00526,0.652808,7UUZ_ReO4_Na,6.195917386115941e-07,,
p.Leu408Pro,VUS_or_unclassified,Uncertain significance / not classified in gnomAD extract,core,7UUY=superficie; 7UUZ=superficie; 7UV0=superficie; AF=core,2.181087,5.674253,-1.396677,2.50078,2.1528876666666665,5.674253,7.070930000000001,7UUZ_ReO4_Na,6.196362735074511e-07,,
p.Gly409Arg,Uncertain_significance,Uncertain significance,core,7UUY=superficie; 7UUZ=core; 7UV0=superficie; AF=core,-0.133017,-1.135295,1.586154,-1.117,0.1059473333333334,1.586154,2.721449,7UV0_I_Na,2.16903070355e-05,,
p.Gly410Arg,VUS_or_unclassified,Uncertain significance / not classified in gnomAD extract,core,7UUY=superficie; 7UUZ=core; 7UV0=superficie; AF=core,1.69071,-0.282397,-0.350313,2.24617,0.35266666666666663,1.69071,2.041023,7UUY_apo,1.17736290538e-05,,
p.Gly410Arg,VUS_or_unclassified,Uncertain significance / not classified in gnomAD extract,core,7UUY=superficie; 7UUZ=core; 7UV0=superficie; AF=core,1.660213,-0.208834,-0.383305,2.574217,0.35602466666666666,1.660213,2.0435179999999997,7UUY_apo,6.196193802071264e-07,,
p.Gly411Ser,VUS_or_unclassified,Uncertain significance / not classified in gnomAD extract,core,7UUY=superficie; 7UUZ=core; 7UV0=superficie; AF=core,0.007733,-1.017617,0.550314,-1.59368,-0.15319000000000002,0.550314,1.567931,7UV0_I_Na,1.8591392185e-06,,
p.Gly411Val,VUS_or_unclassified,Uncertain significance / not classified in gnomAD extract,core,7UUY=superficie; 7UUZ=core; 7UV0=superficie; AF=core,-0.576567,-1.240597,0.828426,-0.818893,-0.32957933333333334,0.828426,2.069023,7UV0_I_Na,6.197568569898657e-07,,
p.Val412Ile,VUS_or_unclassified,Uncertain significance / not classified in gnomAD extract,core,7UUY=core; 7UUZ=core; 7UV0=superficie; AF=core,0.004363,1.60571,-0.000476,-0.724209,0.5365323333333333,1.60571,1.606186,7UUZ_ReO4_Na,1.2394015673e-06,,
p.Gln414His,VUS_or_unclassified,Uncertain significance / not classified in gnomAD extract,core,7UUY=core; 7UUZ=core; 7UV0=core; AF=core,2.180067,0.695374,0.935807,1.383907,1.2704160000000002,2.180067,1.484693,7UUY_apo,6.199335927135486e-07,,
p.Gln414His,VUS_or_unclassified,Uncertain significance / not classified in gnomAD extract,core,7UUY=core; 7UUZ=core; 7UV0=core; AF=core,2.288207,0.695068,0.990313,1.35684,1.3245293333333332,2.288207,1.5931389999999999,7UUY_apo,6.199335927135486e-07,,
p.Ser416Phe,VUS_or_unclassified,Uncertain significance / not classified in gnomAD extract,core,7UUY=core; 7UUZ=core; 7UV0=core; AF=core,0.022277,0.47493,0.920694,4.400723,0.4726336666666667,0.920694,0.898417,7UV0_I_Na,2.4794976537e-06,,
p.Phe417Ser,VUS_or_unclassified,Uncertain significance / not classified in gnomAD extract,core,7UUY=core; 7UUZ=core; 7UV0=core; AF=core,0.187039,-1.171077,0.000569,3.973423,-0.327823,0.187039,1.3581159999999999,7UUY_apo,6.209128412226519e-07,,
p.Val419Ile,VUS_or_unclassified,Uncertain significance / not classified in gnomAD extract,core,7UUY=core; 7UUZ=core; 7UV0=core; AF=core,-1.56268,-0.397698,0.000895,-0.661961,-0.653161,0.000895,1.5635750000000002,7UV0_I_Na,1.8599229991e-06,,
p.Val419Asp,VUS_or_unclassified,Uncertain significance / not classified in gnomAD extract,core,7UUY=core; 7UUZ=core; 7UV0=core; AF=core,0.823989,0.494812,0.521148,2.833347,0.6133163333333332,0.823989,0.329177,7UUY_apo,1.8602297755e-06,,
p.Met420Leu,VUS_or_unclassified,Uncertain significance / not classified in gnomAD extract,core,7UUY=core; 7UUZ=core; 7UV0=core; AF=core,-0.585077,1.69634,1.511997,-0.39633,0.8744200000000001,1.69634,2.281417,7UUZ_ReO4_Na,1.8687001446e-06,,
p.Met420Val,VUS_or_unclassified,Uncertain significance / not classified in gnomAD extract,core,7UUY=core; 7UUZ=core; 7UV0=core; AF=core,0.337261,0.289983,1.891493,1.542593,0.839579,1.891493,1.6015100000000002,7UV0_I_Na,1.2458000964e-06,,
p.Met420Thr,VUS_or_unclassified,Uncertain significance / not classified in gnomAD extract,core,7UUY=core; 7UUZ=core; 7UV0=core; AF=core,0.021319,-0.388439,2.45436,2.941287,0.6957466666666666,2.45436,2.842799,7UV0_I_Na,6.296507579106172e-07,,
p.Met420Lys,VUS_or_unclassified,Uncertain significance / not classified in gnomAD extract,core,7UUY=core; 7UUZ=core; 7UV0=core; AF=core,-0.301673,4.722293,2.855493,2.611293,2.4253709999999997,4.722293,5.023966,7UUZ_ReO4_Na,6.296507579106172e-07,,
p.Met420Ile,VUS_or_unclassified,Uncertain significance / not classified in gnomAD extract,core,7UUY=core; 7UUZ=core; 7UV0=core; AF=core,-0.242781,1.174472,0.940916,0.096228,0.6242023333333333,1.174472,1.4172529999999999,7UUZ_ReO4_Na,2.4789106674e-06,,
p.Met420Ile,Uncertain_significance,Uncertain significance,core,7UUY=core; 7UUZ=core; 7UV0=core; AF=core,-0.239631,1.357483,0.988114,0.043351,0.7019886666666667,1.357483,1.597114,7UUZ_ReO4_Na,7.436197426e-06,,
p.Val422Leu,VUS_or_unclassified,Uncertain significance / not classified in gnomAD extract,core,7UUY=core; 7UUZ=core; 7UV0=core; AF=core,1.440277,-0.758474,-0.736292,1.164982,-0.018162999999999967,1.440277,2.198751,7UUY_apo,6.202042704785248e-07,,
p.Val422Ile,VUS_or_unclassified,Uncertain significance / not classified in gnomAD extract,core,7UUY=core; 7UUZ=core; 7UV0=core; AF=core,1.478677,-0.84261,-0.543822,0.737801,0.03074833333333334,1.478677,2.321287,7UUY_apo,6.202042704785248e-07,,
p.Ile423Thr,VUS_or_unclassified,Uncertain significance / not classified in gnomAD extract,core,7UUY=core; 7UUZ=core; 7UV0=core; AF=core,2.483193,1.543387,0.95842,2.408833,1.6616666666666668,2.483193,1.524773,7UUY_apo,1.2474489668e-06,,
p.Ser424Arg,VUS_or_unclassified,Uncertain significance / not classified in gnomAD extract,core,7UUY=core; 7UUZ=core; 7UV0=core; AF=core,-0.877361,13.9846,7.171323,-0.254778,6.759520666666667,13.9846,14.861961,7UUZ_ReO4_Na,6.220375461862878e-07,,
p.Gly425Cys,VUS_or_unclassified,Uncertain significance / not classified in gnomAD extract,core,7UUY=core; 7UUZ=core; 7UV0=core; AF=core,1.899137,0.324788,2.849677,7.73744,1.6912006666666664,2.849677,2.524889,7UV0_I_Na,6.200073904880946e-07,,
p.Gly425Ser,VUS_or_unclassified,Uncertain significance / not classified in gnomAD extract,core,7UUY=core; 7UUZ=core; 7UV0=core; AF=core,2.349067,0.235154,2.603807,9.166477,1.7293426666666667,2.603807,2.368653,7UV0_I_Na,1.2401039703e-06,,
p.Gly425Ala,VUS_or_unclassified,Uncertain significance / not classified in gnomAD extract,core,7UUY=core; 7UUZ=core; 7UV0=core; AF=core,1.227477,0.0,2.51764,4.611097,1.2483723333333334,2.51764,2.51764,7UV0_I_Na,6.64598436332799e-07,,
p.Pro426Leu,VUS_or_unclassified,Uncertain significance / not classified in gnomAD extract,core,7UUY=core; 7UUZ=core; 7UV0=core; AF=core,5.680113,0.001228,-0.743841,10.13309,1.6458333333333337,5.680113,6.423954,7UUY_apo,2.4786986831e-06,,
p.Leu427Gln,VUS_or_unclassified,Uncertain significance / not classified in gnomAD extract,core,7UUY=core; 7UUZ=core; 7UV0=core; AF=core,-0.41053,-1.085887,0.710595,0.865889,-0.2619406666666667,0.710595,1.7964820000000001,7UV0_I_Na,6.387915086722335e-07,,
p.Leu428Met,VUS_or_unclassified,Uncertain significance / not classified in gnomAD extract,core,7UUY=core; 7UUZ=core; 7UV0=core; AF=core,-0.309801,0.565599,4.572403,0.895844,1.6094003333333333,4.572403,4.882204000000001,7UV0_I_Na,6.485689973642156e-07,,
p.Leu428Arg,VUS_or_unclassified,Uncertain significance / not classified in gnomAD extract,core,7UUY=core; 7UUZ=core; 7UV0=core; AF=core,0.402506,0.928963,12.6255,9.150097,4.652323,12.6255,12.222994,7UV0_I_Na,1.3519414555e-06,,
p.Leu428Pro,VUS_or_unclassified,Uncertain significance / not classified in gnomAD extract,core,7UUY=core; 7UUZ=core; 7UV0=core; AF=core,4.103517,5.458487,8.2263,9.37015,5.929434666666666,8.2263,4.122783,7UV0_I_Na,6.759707277636049e-07,,
p.Ala430Pro,VUS_or_unclassified,Uncertain significance / not classified in gnomAD extract,core,7UUY=core; 7UUZ=core; 7UV0=core; AF=core,6.00699,4.863083,4.362637,4.83012,5.077570000000001,6.00699,1.6443529999999997,7UUY_apo,6.262846664219982e-07,,
p.Ala430Ser,VUS_or_unclassified,Uncertain significance / not classified in gnomAD extract,core,7UUY=core; 7UUZ=core; 7UV0=core; AF=core,0.00111,1.540297,1.191513,0.819908,0.9109733333333333,1.540297,1.539187,7UUZ_ReO4_Na,6.262846664219982e-07,,
p.Ala430Asp,VUS_or_unclassified,Uncertain significance / not classified in gnomAD extract,core,7UUY=core; 7UUZ=core; 7UV0=core; AF=core,-1.263623,0.412091,1.400813,5.602587,0.1830936666666667,1.400813,2.6644360000000002,7UV0_I_Na,6.19800647319796e-07,,
p.Phe431Leu,VUS_or_unclassified,Uncertain significance / not classified in gnomAD extract,core,7UUY=core; 7UUZ=superficie; 7UV0=core; AF=core,0.018573,3.703113,-2.863147,1.600047,0.28617966666666667,3.703113,6.56626,7UUZ_ReO4_Na,1.2400439967e-06,,
p.Phe431Ser,VUS_or_unclassified,Uncertain significance / not classified in gnomAD extract,core,7UUY=core; 7UUZ=superficie; 7UV0=core; AF=core,0.374212,2.68185,0.000423,4.40706,1.0188283333333332,2.68185,2.681427,7UUZ_ReO4_Na,6.310621406889936e-07,,
p.Ile432Val,VUS_or_unclassified,Uncertain significance / not classified in gnomAD extract,core,7UUY=core; 7UUZ=core; 7UV0=core; AF=core,0.849462,2.38678,-0.434326,1.349283,0.9339719999999999,2.38678,2.821106,7UUZ_ReO4_Na,6.343720541347736e-07,,
p.Ile432Thr,VUS_or_unclassified,Uncertain significance / not classified in gnomAD extract,core,7UUY=core; 7UUZ=core; 7UV0=core; AF=core,0.330899,2.382573,0.059872,2.942417,0.9244479999999999,2.382573,2.322701,7UUZ_ReO4_Na,6.203774128028527e-07,,
p.Ile432Asn,VUS_or_unclassified,Uncertain significance / not classified in gnomAD extract,core,7UUY=core; 7UUZ=core; 7UV0=core; AF=core,0.310019,-0.302661,3.51805,2.065777,1.175136,3.51805,3.820711,7UV0_I_Na,8.6852837792e-06,,
p.Gly434Ala,VUS_or_unclassified,Uncertain significance / not classified in gnomAD extract,core,7UUY=core; 7UUZ=core; 7UV0=core; AF=core,1.806933,2.535997,0.542335,0.104268,1.6284216666666669,2.535997,1.993662,7UUZ_ReO4_Na,6.538913729495601e-07,,
p.Met435Leu,Benign_or_likely,Likely Benign,sitio activo,7UUY=core; 7UUZ=sitio activo; 7UV0=core; AF=core,2.30814,-0.010867,3.141197,-0.137691,1.8128233333333332,3.141197,3.152064,7UV0_I_Na,2.846529369e-06,,
p.Met435Thr,VUS_or_unclassified,Uncertain significance / not classified in gnomAD extract,sitio activo,7UUY=core; 7UUZ=sitio activo; 7UV0=core; AF=core,4.183043,2.6126,4.443763,3.896443,3.7464686666666664,4.443763,1.8311629999999997,7UV0_I_Na,6.2335589881e-06,,
p.Phe436Tyr,VUS_or_unclassified,Uncertain significance / not classified in gnomAD extract,core,7UUY=core; 7UUZ=core; 7UV0=core; AF=core,9.673077,1.748503,1.445887,-0.407325,4.289155666666666,9.673077,8.22719,7UUY_apo,6.639392044149301e-07,,
p.Phe436Cys,Uncertain_significance,Uncertain significance,core,7UUY=core; 7UUZ=core; 7UV0=core; AF=core,2.163493,0.943919,1.420143,3.218483,1.5091849999999998,2.163493,1.219574,7UUY_apo,7.1044702389e-05,,
p.Phe436Leu,VUS_or_unclassified,Uncertain significance / not classified in gnomAD extract,core,7UUY=core; 7UUZ=core; 7UV0=core; AF=core,-0.665325,0.184298,0.758897,1.171523,0.09262333333333332,0.758897,1.424222,7UV0_I_Na,2.4798665831e-06,,
p.Leu437Pro,Uncertain_significance,Uncertain significance,core,7UUY=core; 7UUZ=core; 7UV0=core; AF=core,1.42668,4.41648,6.74419,4.400337,4.195783333333334,6.74419,5.3175099999999995,7UV0_I_Na,6.3705087913e-06,,
p.Pro438Leu,VUS_or_unclassified,Uncertain significance / not classified in gnomAD extract,sitio activo,7UUY=core; 7UUZ=sitio activo; 7UV0=core; AF=core,0.353108,0.936072,1.95775,1.381553,1.0823099999999999,1.95775,1.6046420000000001,7UV0_I_Na,6.741533644971962e-07,,
p.Ala439Pro,VUS_or_unclassified,Uncertain significance / not classified in gnomAD extract,sitio activo,7UUY=core; 7UUZ=sitio activo; 7UV0=sitio activo; AF=core,1.889397,5.060143,3.046747,-0.081999,3.332095666666666,5.060143,3.1707460000000003,7UUZ_ReO4_Na,6.73383442039867e-07,,
p.Ala439Asp,VUS_or_unclassified,Uncertain significance / not classified in gnomAD extract,sitio activo,7UUY=core; 7UUZ=sitio activo; 7UV0=sitio activo; AF=core,-0.017399,3.162293,4.12323,-0.002723,2.422708,4.12323,4.140629000000001,7UV0_I_Na,6.199920145028532e-07,,
p.Cys440Gly,VUS_or_unclassified,Uncertain significance / not classified in gnomAD extract,core,7UUY=core; 7UUZ=core; 7UV0=core; AF=core,0.618477,1.095703,1.887343,1.832057,1.2005076666666668,1.887343,1.268866,7UV0_I_Na,7.6884688344e-06,,
p.Cys440Arg,VUS_or_unclassified,Uncertain significance / not classified in gnomAD extract,core,7UUY=core; 7UUZ=core; 7UV0=core; AF=core,4.235773,-1.095303,-0.085485,2.040663,1.0183283333333335,4.235773,5.3310759999999995,7UUY_apo,1.53769376688e-05,,
p.Cys440Ser,VUS_or_unclassified,Uncertain significance / not classified in gnomAD extract,core,7UUY=core; 7UUZ=core; 7UV0=core; AF=core,0.015587,-0.059246,0.419178,0.423057,0.125173,0.419178,0.478424,7UV0_I_Na,8.240993006693335e-07,,
p.Cys440Tyr,Uncertain_significance,Uncertain significance,core,7UUY=core; 7UUZ=core; 7UV0=core; AF=core,6.66356,4.360813,0.567191,9.86633,3.8638546666666667,6.66356,6.096369,7UUY_apo,8.240993006693335e-07,,
p.Asn441Ser,VUS_or_unclassified,Uncertain significance / not classified in gnomAD extract,core,7UUY=core; 7UUZ=core; 7UV0=core; AF=core,4.28003,1.646963,0.560789,2.492907,2.162594,4.28003,3.7192410000000002,7UUY_apo,3.7020090062e-06,,
p.Asn441Lys,Uncertain_significance,Uncertain significance,core,7UUY=core; 7UUZ=core; 7UV0=core; AF=core,3.189213,-0.180377,-0.359201,3.382823,0.8832116666666666,3.189213,3.548414,7UUY_apo,1.24209407123e-05,,
p.Thr442Ala,VUS_or_unclassified,Uncertain significance / not classified in gnomAD extract,sitio activo,7UUY=core; 7UUZ=core; 7UV0=sitio activo; AF=core,0.857502,2.485807,-1.274933,0.452637,0.6894586666666666,2.485807,3.76074,7UUZ_ReO4_Na,9.984803129636694e-07,,
p.Thr442Lys,VUS_or_unclassified,Uncertain significance / not classified in gnomAD extract,sitio activo,7UUY=core; 7UUZ=core; 7UV0=sitio activo; AF=core,-0.819911,1.091905,5.554933,-0.673785,1.942309,5.554933,6.374844,7UV0_I_Na,6.201881154591811e-07,,
p.Pro443Thr,VUS_or_unclassified,Uncertain significance / not classified in gnomAD extract,sitio activo,7UUY=core; 7UUZ=core; 7UV0=sitio activo; AF=core,1.66491,5.419173,1.38541,2.448947,2.823164333333333,5.419173,4.0337629999999995,7UUZ_ReO4_Na,3.8854064135e-06,,
p.Pro443Ala,VUS_or_unclassified,Uncertain significance / not classified in gnomAD extract,sitio activo,7UUY=core; 7UUZ=core; 7UV0=sitio activo; AF=core,1.650373,0.794265,1.57416,2.05596,1.3395993333333334,1.650373,0.8561080000000001,7UUY_apo,1.2950163884e-06,,
p.Pro443Ser,VUS_or_unclassified,Uncertain significance / not classified in gnomAD extract,sitio activo,7UUY=core; 7UUZ=core; 7UV0=sitio activo; AF=core,1.915357,2.913993,2.57854,2.551413,2.4692966666666667,2.913993,0.9986360000000001,7UUZ_ReO4_Na,6.475081942161978e-07,,
p.Pro443Leu,VUS_or_unclassified,Uncertain significance / not classified in gnomAD extract,sitio activo,7UUY=core; 7UUZ=core; 7UV0=sitio activo; AF=core,0.084591,4.952463,0.00059,1.24183,1.6792146666666665,4.952463,4.951873,7UUZ_ReO4_Na,2.3823080276e-06,,
p.Gly444Val,VUS_or_unclassified,Uncertain significance / not classified in gnomAD extract,core,7UUY=core; 7UUZ=core; 7UV0=core; AF=core,1.83907,-0.001164,-0.313935,15.888767,0.5079903333333333,1.83907,2.153005,7UUY_apo,1.252064341e-06,,
p.Val445Ile,VUS_or_unclassified,Uncertain significance / not classified in gnomAD extract,core,7UUY=core; 7UUZ=core; 7UV0=core; AF=core,9.229097,-0.032218,0.774455,0.938463,3.3237779999999995,9.229097,9.261315,7UUY_apo,6.8893556949e-06,,
p.Val445Phe,VUS_or_unclassified,Uncertain significance / not classified in gnomAD extract,core,7UUY=core; 7UUZ=core; 7UV0=core; AF=core,27.5383,1.085263,0.094104,13.2798,9.572555666666668,27.5383,27.444195999999998,7UUY_apo,1.252702706e-06,,
p.Val445Ala,VUS_or_unclassified,Uncertain significance / not classified in gnomAD extract,core,7UUY=core; 7UUZ=core; 7UV0=core; AF=core,1.55997,3.221697,1.41713,2.735253,2.066265666666667,3.221697,1.8045669999999998,7UUZ_ReO4_Na,5.6365408173e-06,,
p.Leu446Ile,VUS_or_unclassified,Uncertain significance / not classified in gnomAD extract,core,7UUY=core; 7UUZ=core; 7UV0=core; AF=core,-0.649928,1.361877,-0.08233,0.666742,0.209873,1.361877,2.011805,7UUZ_ReO4_Na,6.26663792368739e-07,,
p.Leu446Phe,Uncertain_significance,Uncertain significance,core,7UUY=core; 7UUZ=core; 7UV0=core; AF=core,9.307703,1.82273,-0.385327,1.342183,3.581702,9.307703,9.69303,7UUY_apo,1.8799913771e-06,,
p.Ala447Pro,VUS_or_unclassified,Uncertain significance / not classified in gnomAD extract,core,7UUY=core; 7UUZ=core; 7UV0=core; AF=core,4.224677,13.031967,5.703803,2.854627,7.653482333333334,13.031967,8.80729,7UUZ_ReO4_Na,6.281533297151701e-07,,
p.Ala447Thr,VUS_or_unclassified,Uncertain significance / not classified in gnomAD extract,core,7UUY=core; 7UUZ=core; 7UV0=core; AF=core,1.983103,9.300773,2.76903,-0.212674,4.684302,9.300773,7.31767,7UUZ_ReO4_Na,8.1665883511e-06,,
p.Ala447Gly,Uncertain_significance,Uncertain significance,core,7UUY=core; 7UUZ=core; 7UV0=core; AF=core,3.483443,0.0,0.0,1.26776,1.1611476666666667,3.483443,3.483443,7UUY_apo,6.281825297413019e-07,,
p.Ala447Val,VUS_or_unclassified,Uncertain significance / not classified in gnomAD extract,core,7UUY=core; 7UUZ=core; 7UV0=core; AF=core,0.847685,11.903167,3.90807,-0.538603,5.552974,11.903167,11.055482,7UUZ_ReO4_Na,2.5127301189e-06,,
p.Leu449Ile,VUS_or_unclassified,Uncertain significance / not classified in gnomAD extract,core,7UUY=core; 7UUZ=core; 7UV0=core; AF=core,15.264367,2.37261,-0.002306,0.755795,5.878223666666667,15.264367,15.266673,7UUY_apo,5.6595586801e-06,,
p.Gly450Arg,VUS_or_unclassified,Uncertain significance / not classified in gnomAD extract,core,7UUY=core; 7UUZ=core; 7UV0=core; AF=core,13.496333,4.123173,-3.081087,-1.204933,4.846139666666667,13.496333,16.57742,7UUY_apo,5.664944943e-06,,
p.Gly450Ser,VUS_or_unclassified,Uncertain significance / not classified in gnomAD extract,core,7UUY=core; 7UUZ=core; 7UV0=core; AF=core,3.89489,5.267563,0.002907,-0.547028,3.05512,5.267563,5.264656,7UUZ_ReO4_Na,1.2589701624e-06,,
p.Ala451Thr,VUS_or_unclassified,Uncertain significance / not classified in gnomAD extract,core,7UUY=core; 7UUZ=core; 7UV0=core; AF=core,2.247193,16.7186,10.396067,-0.197589,9.787286666666667,16.7186,14.471407,7UUZ_ReO4_Na,1.2625864082e-06,,
p.Ala451Val,VUS_or_unclassified,Uncertain significance / not classified in gnomAD extract,core,7UUY=core; 7UUZ=core; 7UV0=core; AF=core,2.543207,18.944933,9.78567,0.535784,10.424603333333332,18.944933,16.401726,7UUZ_ReO4_Na,6.311840254897357e-07,,
p.Gly452Ser,VUS_or_unclassified,Uncertain significance / not classified in gnomAD extract,core,7UUY=core; 7UUZ=core; 7UV0=core; AF=core,3.918433,0.595977,3.13939,5.34703,2.551266666666667,3.918433,3.322456,7UUY_apo,1.26247164173e-05,,
p.Gly452Arg,VUS_or_unclassified,Uncertain significance / not classified in gnomAD extract,core,7UUY=core; 7UUZ=core; 7UV0=core; AF=core,3.60885,8.443107,18.097867,36.887767,10.049941333333335,18.097867,14.489017,7UV0_I_Na,6.312358208653738e-07,,
p.Gly452Asp,VUS_or_unclassified,Uncertain significance / not classified in gnomAD extract,core,7UUY=core; 7UUZ=core; 7UV0=core; AF=core,4.715337,7.40695,6.963047,17.8388,6.361778,7.40695,2.6916130000000003,7UUZ_ReO4_Na,6.317941564094886e-07,,
p.Gly452Val,VUS_or_unclassified,Uncertain significance / not classified in gnomAD extract,core,7UUY=core; 7UUZ=core; 7UV0=core; AF=core,1.728117,2.252447,5.1515,13.2091,3.0440213333333332,5.1515,3.4233830000000003,7UV0_I_Na,6.317941564094886e-07,,
p.Leu453Ser,VUS_or_unclassified,Uncertain significance / not classified in gnomAD extract,core,7UUY=core; 7UUZ=core; 7UV0=core; AF=core,5.388623,5.109857,3.27755,2.56009,4.59201,5.388623,2.1110729999999998,7UUY_apo,2.5296602666e-06,,
p.Ala454Thr,VUS_or_unclassified,Uncertain significance / not classified in gnomAD extract,core,7UUY=core; 7UUZ=core; 7UV0=core; AF=core,2.732697,-0.002389,5.062023,-0.048744,2.5974436666666665,5.062023,5.064412,7UV0_I_Na,2.531024027e-06,,
p.Ala454Pro,VUS_or_unclassified,Uncertain significance / not classified in gnomAD extract,core,7UUY=core; 7UUZ=core; 7UV0=core; AF=core,7.155353,4.15595,8.940237,2.86716,6.750513333333333,8.940237,4.784287,7UV0_I_Na,1.2655120135e-06,,
p.Ala454Glu,VUS_or_unclassified,Uncertain significance / not classified in gnomAD extract,core,7UUY=core; 7UUZ=core; 7UV0=core; AF=core,4.71318,0.04806,4.8365,-0.034583,3.1992466666666672,4.8365,4.78844,7UV0_I_Na,6.335898950014826e-07,,
p.Ala454Val,VUS_or_unclassified,Uncertain significance / not classified in gnomAD extract,core,7UUY=core; 7UUZ=core; 7UV0=core; AF=core,1.044365,0.126539,4.378043,0.526207,1.849649,4.378043,4.251504,7UV0_I_Na,1.267276142e-06,,
p.Ser456Pro,VUS_or_unclassified,Uncertain significance / not classified in gnomAD extract,core,7UUY=core; 7UUZ=core; 7UV0=core; AF=core,3.178733,7.59225,6.24646,3.909457,5.672481,7.59225,4.413517000000001,7UUZ_ReO4_Na,6.338742393509127e-07,,
p.Trp458Ser,VUS_or_unclassified,Uncertain significance / not classified in gnomAD extract,core,7UUY=core; 7UUZ=core; 7UV0=core; AF=core,1.902283,1.910803,0.5561,2.375337,1.4563953333333333,1.910803,1.354703,7UUZ_ReO4_Na,1.2711535845e-06,,
p.Trp458Leu,VUS_or_unclassified,Uncertain significance / not classified in gnomAD extract,core,7UUY=core; 7UUZ=core; 7UV0=core; AF=core,11.665533,-0.036468,-2.403433,-0.106724,3.075210666666667,11.665533,14.068966,7UUY_apo,6.355767922947754e-07,,
p.Ala460Val,VUS_or_unclassified,Uncertain significance / not classified in gnomAD extract,core,7UUY=core; 7UUZ=core; 7UV0=core; AF=core,1.525453,3.81,11.0955,0.733704,5.476984333333333,11.0955,9.570046999999999,7UV0_I_Na,2.92680443856e-05,,
p.Gly462Ala,VUS_or_unclassified,Uncertain significance / not classified in gnomAD extract,core,7UUY=superficie; 7UUZ=core; 7UV0=core; AF=core,2.650483,0.490151,1.993257,4.8886,1.711297,2.650483,2.160332,7UUY_apo,1.2748727676e-06,,
p.Ala463Thr,VUS_or_unclassified,Uncertain significance / not classified in gnomAD extract,core,7UUY=superficie; 7UUZ=core; 7UV0=core; AF=core,2.4381,-1.209268,1.37392,0.642916,0.8675839999999999,2.4381,3.647368,7UUY_apo,7.6523486971e-06,,
p.Ala463Asp,VUS_or_unclassified,Uncertain significance / not classified in gnomAD extract,core,7UUY=superficie; 7UUZ=core; 7UV0=core; AF=core,0.463107,-0.456314,1.911987,1.739433,0.6395933333333333,1.911987,2.368301,7UV0_I_Na,6.379585326953748e-07,,
p.Thr464Ala,VUS_or_unclassified,Uncertain significance / not classified in gnomAD extract,core,7UUY=core; 7UUZ=core; 7UV0=core; AF=core,0.411618,-0.426011,1.976197,-0.101593,0.6539346666666667,1.976197,2.402208,7UV0_I_Na,1.9130066598e-06,,
p.Pro467Ala,VUS_or_unclassified,Uncertain significance / not classified in gnomAD extract,core,7UUY=core; 7UUZ=core; 7UV0=core; AF=superficie,0.013758,1.757313,2.916323,1.61489,1.5624646666666668,2.916323,2.902565,7UV0_I_Na,1.98023343758e-05,,
p.Pro467Leu,VUS_or_unclassified,Uncertain significance / not classified in gnomAD extract,core,7UUY=core; 7UUZ=core; 7UV0=core; AF=superficie,-0.552459,3.520207,2.211163,0.878712,1.7263036666666667,3.520207,4.072666,7UUZ_ReO4_Na,6.387743708391834e-07,,
p.Pro468Ala,VUS_or_unclassified,Uncertain significance / not classified in gnomAD extract,core,7UUY=core; 7UUZ=core; 7UV0=core; AF=superficie,2.46979,2.08012,-0.6597,1.421767,1.2967366666666669,2.46979,3.12949,7UUY_apo,1.9167663385e-06,,
p.Pro468Leu,VUS_or_unclassified,Uncertain significance / not classified in gnomAD extract,core,7UUY=core; 7UUZ=core; 7UV0=core; AF=superficie,16.573567,-0.009165,-1.859167,4.044437,4.901745000000001,16.573567,18.432734,7UUY_apo,1.2780614364e-06,,
p.Ser469Gly,VUS_or_unclassified,Uncertain significance / not classified in gnomAD extract,core,7UUY=core; 7UUZ=core; 7UV0=core; AF=superficie,4.980863,0.741159,2.42374,2.235183,2.715254,4.980863,4.239704000000001,7UUY_apo,6.391238379130817e-07,,
p.Ser469Arg,VUS_or_unclassified,Uncertain significance / not classified in gnomAD extract,core,7UUY=core; 7UUZ=core; 7UV0=core; AF=superficie,11.558133,-1.09526,-0.166768,2.17014,3.4320350000000004,11.558133,12.653393,7UUY_apo,6.393976362748182e-07,,
p.Ser469Arg,VUS_or_unclassified,Uncertain significance / not classified in gnomAD extract,core,7UUY=core; 7UUZ=core; 7UV0=core; AF=superficie,7.64352,-1.030468,-0.14706,2.12959,2.1553306666666665,7.64352,8.673988,7UUY_apo,6.393976362748182e-07,,
p.Glu470Lys,VUS_or_unclassified,Uncertain significance / not classified in gnomAD extract,core,7UUY=core; 7UUZ=core; 7UV0=core; AF=superficie,1.238703,18.5879,19.225067,1.255967,13.017223333333334,19.225067,17.986364,7UV0_I_Na,5.1148344264e-06,,
p.Glu470Gly,Uncertain_significance,Uncertain significance,core,7UUY=core; 7UUZ=core; 7UV0=core; AF=superficie,3.370793,0.0,0.0,2.40507,1.1235976666666667,3.370793,3.370793,7UUY_apo,4.4750623951e-06,,
p.Glu470Asp,VUS_or_unclassified,Uncertain significance / not classified in gnomAD extract,core,7UUY=core; 7UUZ=core; 7UV0=core; AF=superficie,2.53217,13.898367,13.624503,0.827887,10.018346666666668,13.898367,11.366197,7UUZ_ReO4_Na,1.2787118768e-06,,
p.Thr472Pro,VUS_or_unclassified,Uncertain significance / not classified in gnomAD extract,core,7UUY=core; 7UUZ=core; 7UV0=core; AF=superficie,9.80226,3.432083,6.049357,0.417078,6.4279,9.80226,6.370177,7UUY_apo,1.2785189636e-06,,
p.Thr472Asn,VUS_or_unclassified,Uncertain significance / not classified in gnomAD extract,core,7UUY=core; 7UUZ=core; 7UV0=core; AF=superficie,11.623467,0.013251,1.926627,0.367802,4.521115,11.623467,11.610216,7UUY_apo,4.4768654778e-06,,
p.Met473Val,Uncertain_significance,Uncertain significance,core,7UUY=core; 7UUZ=core; 7UV0=core; AF=superficie,1.702547,-0.281638,-0.773238,2.636437,0.21589033333333332,1.702547,2.475785,7UUY_apo,1.34266979018e-05,,
p.Met473Thr,Uncertain_significance,Uncertain significance,core,7UUY=core; 7UUZ=core; 7UV0=core; AF=superficie,2.994493,-0.139601,-0.617967,3.300727,0.7456416666666666,2.994493,3.61246,7UUY_apo,6.71465406102e-05,,
p.Met473Ile,Uncertain_significance,Uncertain significance,core,7UUY=core; 7UUZ=core; 7UV0=core; AF=superficie,0.28606,-0.829811,-1.274113,2.701097,-0.6059546666666668,0.28606,1.560173,7UUY_apo,2.5577998828e-06,,
p.Met473Ile,VUS_or_unclassified,Uncertain significance / not classified in gnomAD extract,core,7UUY=core; 7UUZ=core; 7UV0=core; AF=superficie,0.458289,-0.823726,-1.259657,2.530487,-0.541698,0.458289,1.717946,7UUY_apo,6.394499707131913e-07,,
p.Arg474Met,VUS_or_unclassified,Uncertain significance / not classified in gnomAD extract,core,7UUY=core; 7UUZ=core; 7UV0=core; AF=superficie,-0.262909,19.550133,8.119457,1.894923,9.135560333333332,19.550133,19.813042,7UUZ_ReO4_Na,1.2789948123e-06,,
p.Arg474Lys,Uncertain_significance,Uncertain significance,core,7UUY=core; 7UUZ=core; 7UV0=core; AF=superficie,-0.069017,28.563767,14.054367,0.631561,14.183038999999999,28.563767,28.632783999999997,7UUZ_ReO4_Na,1.40689429363e-05,,
p.Val475Ala,VUS_or_unclassified,Uncertain significance / not classified in gnomAD extract,core,7UUY=core; 7UUZ=core; 7UV0=core; AF=superficie,0.0,1.88749,2.511207,1.46092,1.4662323333333334,2.511207,2.511207,7UV0_I_Na,1.2794808378e-06,,
p.Leu476Val,VUS_or_unclassified,Uncertain significance / not classified in gnomAD extract,core,7UUY=core; 7UUZ=core; 7UV0=core; AF=superficie,12.725333,0.254103,0.25632,1.617027,4.411918666666667,12.725333,12.471229999999998,7UUY_apo,1.2798967891e-06,,
p.Ala481Asp,VUS_or_unclassified,Uncertain significance / not classified in gnomAD extract,core,7UUY=core; 7UUZ=core; 7UV0=core; AF=superficie,1.699753,3.89188,1.96321,0.400013,2.518281,3.89188,2.192127,7UUZ_ReO4_Na,6.391311906247124e-07,,
p.Ala481Val,Uncertain_significance,Uncertain significance,core,7UUY=core; 7UUZ=core; 7UV0=core; AF=superficie,0.903635,0.003458,-0.005627,0.334283,0.3004886666666666,0.903635,0.909262,7UUY_apo,1.40619467103e-05,,
p.Arg482Pro,VUS_or_unclassified,Uncertain significance / not classified in gnomAD extract,core,7UUY=core; 7UUZ=core; 7UV0=core; AF=superficie,5.31212,6.437163,6.937683,3.52172,6.228988666666666,6.937683,1.6255629999999996,7UV0_I_Na,1.9176190841e-06,,
p.Arg482His,VUS_or_unclassified,Uncertain significance / not classified in gnomAD extract,core,7UUY=core; 7UUZ=core; 7UV0=core; AF=superficie,0.896331,0.355511,21.2565,1.082447,7.502780666666666,21.2565,20.900989,7UV0_I_Na,1.27841272276e-05,,
p.Val484Met,VUS_or_unclassified,Uncertain significance / not classified in gnomAD extract,superficie,AF=superficie,,,,-0.179344,,,,,6.381490614103604e-07,,
p.Ala485Thr,VUS_or_unclassified,Uncertain significance / not classified in gnomAD extract,superficie,AF=superficie,,,,0.075033,,,,,6.379105113618241e-07,,
p.Leu486Val,VUS_or_unclassified,Uncertain significance / not classified in gnomAD extract,superficie,AF=superficie,,,,0.591024,,,,,2.5499145778e-06,,
p.Val488Leu,VUS_or_unclassified,Uncertain significance / not classified in gnomAD extract,superficie,AF=superficie,,,,-0.209012,,,,,6.370359989042981e-07,,
p.Ala490Pro,VUS_or_unclassified,Uncertain significance / not classified in gnomAD extract,superficie,AF=superficie,,,,3.549097,,,,,6.367309722499908e-07,,
p.Ala490Thr,Uncertain_significance,Uncertain significance,superficie,AF=superficie,,,,-0.269771,,,,,2.1013700933e-05,,
p.Ala490Val,VUS_or_unclassified,Uncertain significance / not classified in gnomAD extract,superficie,AF=superficie,,,,-0.014266,,,,,6.366215259563328e-07,,
p.Leu493Ile,VUS_or_unclassified,Uncertain significance / not classified in gnomAD extract,superficie,AF=superficie,,,,0.105514,,,,,6.361582150927264e-07,,
p.Leu493Pro,VUS_or_unclassified,Uncertain significance / not classified in gnomAD extract,superficie,AF=superficie,,,,-0.625039,,,,,6.3604896559e-06,,
p.Leu494Val,VUS_or_unclassified,Uncertain significance / not classified in gnomAD extract,superficie,AF=superficie,,,,2.162667,,,,,6.361137015074623e-07,,
p.Leu494Arg,VUS_or_unclassified,Uncertain significance / not classified in gnomAD extract,superficie,AF=superficie,,,,0.989537,,,,,1.2718859779e-06,,
p.Asp495His,VUS_or_unclassified,Uncertain significance / not classified in gnomAD extract,superficie,AF=superficie,,,,0.589079,,,,,2.5434064096e-06,,
p.Asp495Tyr,VUS_or_unclassified,Uncertain significance / not classified in gnomAD extract,superficie,AF=superficie,,,,1.50698,,,,,1.2716077954e-06,,
p.Pro496Thr,VUS_or_unclassified,Uncertain significance / not classified in gnomAD extract,superficie,AF=superficie,,,,1.054033,,,,,6.357844944877485e-07,,
p.Pro496Gln,VUS_or_unclassified,Uncertain significance / not classified in gnomAD extract,superficie,AF=superficie,,,,0.252289,,,,,5.0866122907e-06,,
p.Pro496Arg,Uncertain_significance,Uncertain significance,superficie,AF=superficie,,,,-0.001482,,,,,1.2716530726e-06,,
p.Pro496Leu,VUS_or_unclassified,Uncertain significance / not classified in gnomAD extract,superficie,AF=superficie,,,,0.451718,,,,,1.9074820346e-06,,
p.Ala497Thr,VUS_or_unclassified,Uncertain significance / not classified in gnomAD extract,superficie,AF=superficie,,,,-0.097282,,,,,5.7216675736e-06,,
p.Ala497Val,VUS_or_unclassified,Uncertain significance / not classified in gnomAD extract,superficie,AF=superficie,,,,1.186823,,,,,3.8142704572e-06,,
p.Leu498Phe,VUS_or_unclassified,Uncertain significance / not classified in gnomAD extract,superficie,AF=superficie,,,,-0.221334,,,,,1.2716061784e-06,,
p.Leu498Val,VUS_or_unclassified,Uncertain significance / not classified in gnomAD extract,superficie,AF=superficie,,,,0.602927,,,,,6.3580308924005e-07,,
p.Pro500Arg,VUS_or_unclassified,Uncertain significance / not classified in gnomAD extract,superficie,AF=superficie,,,,-0.081421,,,,,6.362594055046619e-07,,
p.Pro500Leu,Uncertain_significance,Uncertain significance,superficie,AF=superficie,,,,0.694491,,,,,6.9983280358e-06,,
p.Ala501Val,VUS_or_unclassified,Uncertain significance / not classified in gnomAD extract,superficie,AF=superficie,,,,0.020123,,,,,6.36437578838705e-07,,
p.Asn502Asp,VUS_or_unclassified,Uncertain significance / not classified in gnomAD extract,superficie,AF=superficie,,,,-0.400154,,,,,6.3660450435e-06,,
p.Asn502Lys,Uncertain_significance,Uncertain significance,superficie,AF=superficie,,,,0.033828,,,,,1.9106381786e-06,,
p.Asp503Asn,Benign_or_likely,Benign/Likely benign,superficie,AF=superficie,,,,0.058193,,,,,0.0030884571859675,,
p.Ser504Pro,VUS_or_unclassified,Uncertain significance / not classified in gnomAD extract,superficie,AF=superficie,,,,0.561425,,,,,6.375688733775466e-07,,
p.Ser505Gly,VUS_or_unclassified,Uncertain significance / not classified in gnomAD extract,superficie,AF=superficie,,,,1.178773,,,,,1.9139683965e-06,,
p.Ser505Ile,VUS_or_unclassified,Uncertain significance / not classified in gnomAD extract,superficie,AF=superficie,,,,1.298773,,,,,2.5529742149e-06,,
p.Arg506Thr,Uncertain_significance,Uncertain significance,superficie,AF=superficie,,,,0.793928,,,,,0.0001642445390288,,
p.Ala507Val,VUS_or_unclassified,Uncertain significance / not classified in gnomAD extract,superficie,AF=superficie,,,,0.466498,,,,,6.400327696778075e-07,,
p.Ala507Asp,VUS_or_unclassified,Uncertain significance / not classified in gnomAD extract,superficie,AF=superficie,,,,-0.022197,,,,,1.2800655393e-06,,
p.Pro508Thr,VUS_or_unclassified,Uncertain significance / not classified in gnomAD extract,superficie,AF=superficie,,,,0.611554,,,,,6.401073331976306e-07,,
p.Pro508Arg,VUS_or_unclassified,Uncertain significance / not classified in gnomAD extract,superficie,AF=superficie,,,,0.409831,,,,,3.8404915829e-06,,
p.Pro508Leu,VUS_or_unclassified,Uncertain significance / not classified in gnomAD extract,superficie,AF=superficie,,,,0.569722,,,,,3.840786593e-06,,
p.Ser509Gly,VUS_or_unclassified,Uncertain significance / not classified in gnomAD extract,superficie,AF=superficie,,,,1.541323,,,,,1.9219557822e-06,,
p.Ser510Leu,VUS_or_unclassified,Uncertain significance / not classified in gnomAD extract,superficie,AF=superficie,,,,1.540137,,,,,2.4785543088e-06,,
p.Gly511Glu,VUS_or_unclassified,Uncertain significance / not classified in gnomAD extract,superficie,AF=superficie,,,,-2.112967,,,,,6.196209159236379e-07,,
p.Met512Ile,VUS_or_unclassified,Uncertain significance / not classified in gnomAD extract,superficie,AF=superficie,,,,0.593703,,,,,6.196308982665206e-07,,
p.Ala514Thr,Benign_or_likely,Likely Benign,superficie,AF=superficie,,,,0.366187,,,,,8.675133597e-06,,
p.Ala514Ser,VUS_or_unclassified,Uncertain significance / not classified in gnomAD extract,superficie,AF=superficie,,,,-0.074284,,,,,6.19652399789814e-07,,
p.Ala514Val,VUS_or_unclassified,Uncertain significance / not classified in gnomAD extract,superficie,AF=superficie,,,,0.459946,,,,,1.8588512299e-06,,
p.Ser515Asn,VUS_or_unclassified,Uncertain significance / not classified in gnomAD extract,core,7UUY=core; 7UV0=core; AF=superficie,1.516593,,1.972617,-0.015535,1.744605,1.972617,0.456024,7UV0_I_Na,6.196147731032662e-07,,
p.Ser515Thr,VUS_or_unclassified,Uncertain significance / not classified in gnomAD extract,core,7UUY=core; 7UV0=core; AF=superficie,1.44331,,1.72013,0.221943,1.58172,1.72013,0.27681999999999984,7UV0_I_Na,6.196147731e-06,,
p.Arg516Leu,VUS_or_unclassified,Uncertain significance / not classified in gnomAD extract,core,7UUY=core; 7UV0=core; AF=superficie,-0.627077,,0.387309,1.716537,-0.11988399999999999,0.387309,1.014386,7UV0_I_Na,1.8589802378e-06,,
p.Arg516Gln,VUS_or_unclassified,Uncertain significance / not classified in gnomAD extract,core,7UUY=core; 7UV0=core; AF=superficie,-0.338299,,4.664227,2.581243,2.162964,4.664227,5.0025260000000005,7UV0_I_Na,4.15172253108e-05,,
p.Pro517Thr,VUS_or_unclassified,Uncertain significance / not classified in gnomAD extract,core,7UUY=core; 7UUZ=core; 7UV0=core; AF=superficie,18.316833,0.346658,2.24763,1.216693,6.970373666666667,18.316833,17.970174999999998,7UUY_apo,6.196247552482217e-07,,
p.Ala518Ser,VUS_or_unclassified,Uncertain significance / not classified in gnomAD extract,core,7UUY=core; 7UUZ=core; 7UV0=core; AF=superficie,0.099311,11.6099,0.854796,-0.093108,4.188002333333333,11.6099,11.510589,7UUZ_ReO4_Na,3.7180249851e-06,,
p.Ala518Thr,VUS_or_unclassified,Uncertain significance / not classified in gnomAD extract,core,7UUY=core; 7UUZ=core; 7UV0=core; AF=superficie,2.248713,17.8563,-0.031092,-0.02831,6.691306999999999,17.8563,17.887392000000002,7UUZ_ReO4_Na,1.92097957564e-05,,
p.Ala518Val,Uncertain_significance,Uncertain significance,core,7UUY=core; 7UUZ=core; 7UV0=core; AF=superficie,2.875093,22.128933,0.000279,0.159356,8.334768333333333,22.128933,22.128654,7UUZ_ReO4_Na,3.46987282916e-05,,
p.Leu519Ile,VUS_or_unclassified,Uncertain significance / not classified in gnomAD extract,core,7UUY=core; 7UUZ=core; 7UV0=core; AF=superficie,0.549958,2.870277,16.033767,1.287179,6.484667333333334,16.033767,15.483809,7UV0_I_Na,8.6740156231e-06,,
p.Ala520Gly,VUS_or_unclassified,Uncertain significance / not classified in gnomAD extract,core,7UUY=superficie; 7UUZ=core; 7UV0=core; AF=core,1.411677,0.410021,-0.167268,2.028293,0.5514766666666667,1.411677,1.578945,7UUY_apo,6.195748477394811e-07,,
p.Asp521Gly,VUS_or_unclassified,Uncertain significance / not classified in gnomAD extract,core,7UUY=superficie; 7UUZ=superficie; 7UV0=core; AF=superficie,3.67444,1.726653,0.850335,2.058407,2.0838093333333334,3.67444,2.8241050000000003,7UUY_apo,2.478560452e-06,,
p.Asp521Ala,VUS_or_unclassified,Uncertain significance / not classified in gnomAD extract,core,7UUY=superficie; 7UUZ=superficie; 7UV0=core; AF=superficie,1.572387,0.640431,0.468777,1.8916,0.8938649999999999,1.572387,1.10361,7UUY_apo,6.195948097781974e-07,,
p.Ser522Gly,Uncertain_significance,Uncertain significance,superficie,7UUY=superficie; 7UUZ=superficie; 7UV0=superficie; AF=superficie,1.089377,2.24685,1.510103,0.177573,1.6154433333333333,2.24685,1.1574729999999998,7UUZ_ReO4_Na,1.36316263645e-05,,
p.Ser522Ile,VUS_or_unclassified,Uncertain significance / not classified in gnomAD extract,superficie,7UUY=superficie; 7UUZ=superficie; 7UV0=superficie; AF=superficie,1.019277,1.44046,-0.146307,1.090277,0.7711433333333333,1.44046,1.586767,7UUZ_ReO4_Na,6.195840608282848e-07,,
p.Phe523Ile,VUS_or_unclassified,Uncertain significance / not classified in gnomAD extract,core,7UUY=superficie; 7UUZ=superficie; 7UV0=superficie; AF=core,0.69529,1.022983,2.015493,0.974846,1.2445886666666668,2.015493,1.3202030000000002,7UV0_I_Na,1.2392234034e-06,,
p.Tyr524His,VUS_or_unclassified,Uncertain significance / not classified in gnomAD extract,core,7UUY=superficie; 7UUZ=superficie; 7UV0=superficie; AF=core,-0.147547,7.532033,0.234608,3.055597,2.539698,7.532033,7.6795800000000005,7UUZ_ReO4_Na,1.2391205218e-06,,
p.Tyr524Cys,VUS_or_unclassified,Uncertain significance / not classified in gnomAD extract,core,7UUY=superficie; 7UUZ=superficie; 7UV0=superficie; AF=core,0.137361,2.783963,0.679771,3.480507,1.200365,2.783963,2.646602,7UUZ_ReO4_Na,1.8587567891e-06,,
p.Ala525Val,VUS_or_unclassified,Uncertain significance / not classified in gnomAD extract,superficie,7UUY=superficie; 7UUZ=superficie; 7UV0=superficie; AF=superficie,0.559467,1.22901,2.10471,2.937777,1.297729,2.10471,1.5452429999999997,7UV0_I_Na,6.196332019297856e-07,,
p.Ile526Val,VUS_or_unclassified,Uncertain significance / not classified in gnomAD extract,core,7UUY=superficie; 7UUZ=superficie; 7UV0=superficie; AF=core,0.657065,1.105223,-0.040183,0.618447,0.574035,1.105223,1.1454060000000001,7UUZ_ReO4_Na,6.195802220079852e-07,,
p.Ser527Cys,VUS_or_unclassified,Uncertain significance / not classified in gnomAD extract,core,7UUY=superficie; 7UUZ=superficie; 7UV0=superficie; AF=core,0.25118,0.470748,1.204307,-0.559143,0.6420783333333334,1.204307,0.9531270000000001,7UV0_I_Na,6.195548869869931e-07,,
p.Tyr528His,VUS_or_unclassified,Uncertain significance / not classified in gnomAD extract,core,7UUY=superficie; 7UUZ=superficie; 7UV0=superficie; AF=core,2.597883,0.358208,0.255866,3.92639,1.0706523333333333,2.597883,2.342017,7UUY_apo,4.3369486963e-06,,
p.Leu529Phe,VUS_or_unclassified,Uncertain significance / not classified in gnomAD extract,core,7UUY=superficie; 7UUZ=superficie; 7UV0=superficie; AF=core,4.328157,1.805398,-0.641834,1.800598,1.8305736666666668,4.328157,4.969991,7UUY_apo,3.0978780774e-06,,
p.Leu529Arg,VUS_or_unclassified,Uncertain significance / not classified in gnomAD extract,core,7UUY=superficie; 7UUZ=superficie; 7UV0=superficie; AF=core,3.63812,0.486324,-1.502597,6.75121,0.873949,3.63812,5.1407169999999995,7UUY_apo,1.2391972975e-06,,
p.Tyr530His,VUS_or_unclassified,Uncertain significance / not classified in gnomAD extract,core,7UUY=superficie; 7UUZ=superficie; 7UV0=superficie; AF=core,0.636979,3.793593,1.331243,1.517253,1.920605,3.793593,3.1566140000000003,7UUZ_ReO4_Na,6.195925064003906e-07,,
p.Tyr530Cys,Uncertain_significance,Uncertain significance,core,7UUY=superficie; 7UUZ=superficie; 7UV0=superficie; AF=core,1.133323,3.618587,1.316003,1.360637,2.022637666666667,3.618587,2.485264,7UUZ_ReO4_Na,1.2392141894e-06,,
p.Gly532Cys,VUS_or_unclassified,Uncertain significance / not classified in gnomAD extract,core,7UUY=superficie; 7UUZ=superficie; 7UV0=superficie; AF=core,1.541977,0.962463,0.844623,-0.545476,1.1163543333333332,1.541977,0.6973539999999999,7UUY_apo,6.196739028053877e-07,,
p.Gly532Ser,VUS_or_unclassified,Uncertain significance / not classified in gnomAD extract,core,7UUY=superficie; 7UUZ=superficie; 7UV0=superficie; AF=core,1.35346,1.643457,1.882197,1.069387,1.6263713333333332,1.882197,0.5287369999999998,7UV0_I_Na,1.92112481238e-05,,
p.Ala533Thr,Uncertain_significance,Uncertain significance,core,7UUY=superficie; 7UUZ=superficie; 7UV0=superficie; AF=core,0.003706,1.815977,3.610823,-0.632724,1.8101686666666665,3.610823,3.6071169999999997,7UV0_I_Na,8.0555111469e-06,,
p.Ala533Asp,VUS_or_unclassified,Uncertain significance / not classified in gnomAD extract,core,7UUY=superficie; 7UUZ=superficie; 7UV0=superficie; AF=core,-1.475083,1.37007,2.033147,0.957172,0.6427113333333333,2.033147,3.50823,7UV0_I_Na,6.196086304046912e-07,,
p.Leu534Pro,VUS_or_unclassified,Uncertain significance / not classified in gnomAD extract,core,7UUY=superficie; 7UUZ=superficie; 7UV0=superficie; AF=core,-1.01624,-0.589484,-0.00027,6.42294,-0.5353313333333333,-0.00027,1.01597,7UV0_I_Na,6.196063269241255e-07,,
p.Gly535Ser,VUS_or_unclassified,Uncertain significance / not classified in gnomAD extract,core,7UUY=superficie; 7UUZ=superficie; 7UV0=superficie; AF=core,0.965906,1e-06,0.303103,2.747793,0.4230033333333334,0.965906,0.965905,7UUY_apo,6.196201480644306e-07,,
p.Gly535Asp,VUS_or_unclassified,Uncertain significance / not classified in gnomAD extract,core,7UUY=superficie; 7UUZ=superficie; 7UV0=superficie; AF=core,0.456135,1.040661,2.210413,14.615,1.2357363333333333,2.210413,1.754278,7UV0_I_Na,6.196278267421456e-07,,
p.Thr536Met,VUS_or_unclassified,Uncertain significance / not classified in gnomAD extract,core,7UUY=superficie; 7UUZ=superficie; 7UV0=superficie; AF=core,0.03523,-0.468878,0.365415,-2.867877,-0.02274433333333335,0.365415,0.834293,7UV0_I_Na,5.39108945862e-05,,
p.Leu537Val,VUS_or_unclassified,Uncertain significance / not classified in gnomAD extract,core,7UUY=superficie; 7UUZ=superficie; 7UV0=superficie; AF=core,4.894963,0.245046,0.456778,0.869261,1.8655956666666667,4.894963,4.649916999999999,7UUY_apo,2.478456021e-06,,
p.Leu537Pro,VUS_or_unclassified,Uncertain significance / not classified in gnomAD extract,core,7UUY=superficie; 7UUZ=superficie; 7UV0=superficie; AF=core,7.859757,5.2561,0.590168,4.39775,4.568675,7.859757,7.269589,7UUY_apo,1.2392019044e-06,,
p.Thr538Ser,VUS_or_unclassified,Uncertain significance / not classified in gnomAD extract,core,7UUY=superficie; 7UUZ=superficie; 7UV0=superficie; AF=core,5.94516,-0.215906,-0.134383,0.678133,1.8649569999999998,5.94516,6.161066,7UUY_apo,6.196285946203845e-07,,
p.Leu541Pro,VUS_or_unclassified,Uncertain significance / not classified in gnomAD extract,core,AF=core,,,,4.44527,,,,,6.196170766466323e-07,,
p.Gly543Arg,VUS_or_unclassified,Uncertain significance / not classified in gnomAD extract,core,AF=core,,,,20.330333,,,,,1.0535200584e-05,,
p.Ala544Asp,VUS_or_unclassified,Uncertain significance / not classified in gnomAD extract,core,AF=core,,,,0.568924,,,,,6.1967083085465e-07,,
p.Leu545Phe,VUS_or_unclassified,Uncertain significance / not classified in gnomAD extract,core,AF=core,,,,0.018303,,,,,6.19652399789814e-07,,
p.Ile546Leu,VUS_or_unclassified,Uncertain significance / not classified in gnomAD extract,core,AF=core,,,,0.274147,,,,,3.7182093103e-06,,
p.Ser547Gly,VUS_or_unclassified,Uncertain significance / not classified in gnomAD extract,core,AF=core,,,,1.85495,,,,,6.196600792669173e-07,,
p.Ser547Ile,Uncertain_significance,Uncertain significance,core,AF=core,,,,3.444843,,,,,2.4787877736e-06,,
p.Cys548Tyr,Uncertain_significance,Uncertain significance,core,AF=core,,,,-1.61866,,,,,8.6760690466e-06,,
p.Thr550Arg,Uncertain_significance,Uncertain significance,core,AF=core,,,,-0.973117,,,,,2.66471997511e-05,,
p.Gly551Arg,VUS_or_unclassified,Uncertain significance / not classified in gnomAD extract,core,AF=core,,,,1.356793,,,,,6.197038559213323e-07,,
p.Gly551Cys,VUS_or_unclassified,Uncertain significance / not classified in gnomAD extract,core,AF=core,,,,2.240733,,,,,6.197038559213323e-07,,
p.Gly551Asp,VUS_or_unclassified,Uncertain significance / not classified in gnomAD extract,core,AF=core,,,,2.054843,,,,,4.9668092968e-06,,
p.Pro552Ser,VUS_or_unclassified,Uncertain significance / not classified in gnomAD extract,core,AF=core,,,,1.831553,,,,,4.3441618808e-06,,
p.Pro552Leu,VUS_or_unclassified,Uncertain significance / not classified in gnomAD extract,core,AF=core,,,,0.234355,,,,,6.203658669737064e-07,,
p.Thr553Asn,VUS_or_unclassified,Uncertain significance / not classified in gnomAD extract,core,AF=core,,,,-0.206307,,,,,6.200066216707194e-07,,
p.Lys554Arg,VUS_or_unclassified,Uncertain significance / not classified in gnomAD extract,core,AF=core,,,,-0.204038,,,,,3.0992836935e-06,,
p.Lys554Asn,VUS_or_unclassified,Uncertain significance / not classified in gnomAD extract,core,AF=core,,,,0.375911,,,,,3.0990454939e-06,,
p.Arg555Cys,VUS_or_unclassified,Uncertain significance / not classified in gnomAD extract,core,AF=core,,,,1.287767,,,,,1.30172658534e-05,,
p.Arg555Leu,VUS_or_unclassified,Uncertain significance / not classified in gnomAD extract,core,AF=core,,,,-0.092508,,,,,1.9213486628e-05,,
p.Arg555His,VUS_or_unclassified,Uncertain significance / not classified in gnomAD extract,core,AF=core,,,,1.68239,,,,,2.66529145891e-05,,
p.Arg555Pro,VUS_or_unclassified,Uncertain significance / not classified in gnomAD extract,core,AF=core,,,,-0.448575,,,,,6.197898912268741e-07,,
p.Ser556Asn,VUS_or_unclassified,Uncertain significance / not classified in gnomAD extract,superficie,AF=superficie,,,,0.104512,,,,,1.2394845231e-06,,
p.Thr557Ile,VUS_or_unclassified,Uncertain significance / not classified in gnomAD extract,superficie,AF=superficie,,,,-0.458502,,,,,2.4784130225e-06,,
p.Ala559Asp,VUS_or_unclassified,Uncertain significance / not classified in gnomAD extract,superficie,AF=superficie,,,,0.163586,,,,,5.5769683599e-06,,
p.Pro560Ala,VUS_or_unclassified,Uncertain significance / not classified in gnomAD extract,superficie,AF=superficie,,,,0.599703,,,,,3.09790111e-06,,
p.Pro560Leu,VUS_or_unclassified,Uncertain significance / not classified in gnomAD extract,superficie,AF=superficie,,,,0.065995,,,,,6.8160919255e-06,,
p.Gly561Glu,VUS_or_unclassified,Uncertain significance / not classified in gnomAD extract,core,AF=core,,,,3.298393,,,,,5.5758212565e-06,,
p.Trp564Arg,VUS_or_unclassified,Uncertain significance / not classified in gnomAD extract,core,AF=core,,,,0.985459,,,,,1.8586301152e-06,,
p.Trp564Ser,VUS_or_unclassified,Uncertain significance / not classified in gnomAD extract,core,AF=core,,,,2.715307,,,,,1.8586162973e-06,,
p.Asp566Glu,VUS_or_unclassified,Uncertain significance / not classified in gnomAD extract,core,7UUY=superficie; AF=core,-0.344012,,,-0.134298,-0.344012,-0.344012,0.0,7UUY_apo,6.195502808421423e-07,,
p.Leu567Ile,VUS_or_unclassified,Uncertain significance / not classified in gnomAD extract,core,AF=core,,,,1.05369,,,,,5.5759179819e-06,,
p.Ala568Pro,VUS_or_unclassified,Uncertain significance / not classified in gnomAD extract,core,AF=core,,,,1.382007,,,,,6.195633317637729e-07,,
p.Ala568Thr,VUS_or_unclassified,Uncertain significance / not classified in gnomAD extract,core,AF=core,,,,0.852389,,,,,1.5489102487e-05,,
p.Arg569Trp,Uncertain_significance,Uncertain significance,core,AF=core,,,,0.344543,,,,,0.0001201911162656,,
p.Arg569Gln,Uncertain_significance,Uncertain significance,core,AF=core,,,,0.433424,,,,,2.04464767003e-05,,
p.Gln570His,VUS_or_unclassified,Uncertain significance / not classified in gnomAD extract,core,AF=core,,,,0.492609,,,,,1.8585656333e-06,,
p.Thr571Ile,VUS_or_unclassified,Uncertain significance / not classified in gnomAD extract,core,AF=core,,,,1.42067,,,,,3.7171589011e-06,,
p.Ala572Val,VUS_or_unclassified,Uncertain significance / not classified in gnomAD extract,core,AF=core,,,,0.671724,,,,,6.195395334371682e-07,,
p.Pro576Ser,VUS_or_unclassified,Uncertain significance / not classified in gnomAD extract,core,AF=core,,,,0.542348,,,,,6.195902030397095e-07,,
p.Lys577Glu,VUS_or_unclassified,Uncertain significance / not classified in gnomAD extract,superficie,AF=superficie,,,,0.313714,,,,,6.19653935670007e-07,,
p.Lys577Arg,VUS_or_unclassified,Uncertain significance / not classified in gnomAD extract,superficie,AF=superficie,,,,-0.189031,,,,,1.8591000468e-06,,
p.Ala581Asp,VUS_or_unclassified,Uncertain significance / not classified in gnomAD extract,core,AF=core,,,,0.758289,,,,,1.8608667172e-06,,
p.Asp584Tyr,VUS_or_unclassified,Uncertain significance / not classified in gnomAD extract,core,AF=core,,,,-0.250221,,,,,7.4454804692e-06,,
p.Asp584Ala,VUS_or_unclassified,Uncertain significance / not classified in gnomAD extract,core,AF=core,,,,-0.121563,,,,,1.2409827093e-06,,
p.Asp585Gly,VUS_or_unclassified,Uncertain significance / not classified in gnomAD extract,core,AF=core,,,,0.303746,,,,,6.209938136596284e-07,,
p.Asp585Glu,VUS_or_unclassified,Uncertain significance / not classified in gnomAD extract,core,AF=core,,,,-0.273771,,,,,1.2423872719e-06,,
p.Asn586Ser,VUS_or_unclassified,Uncertain significance / not classified in gnomAD extract,core,AF=core,,,,0.16596,,,,,7.4521201281e-06,,
p.Leu587Phe,VUS_or_unclassified,Uncertain significance / not classified in gnomAD extract,core,AF=core,,,,-0.114555,,,,,1.2455813003e-06,,
p.Val588Ile,VUS_or_unclassified,Uncertain significance / not classified in gnomAD extract,core,AF=core,,,,0.041467,,,,,6.242680457163975e-07,,
p.Val588Asp,VUS_or_unclassified,Uncertain significance / not classified in gnomAD extract,core,AF=core,,,,0.287978,,,,,6.240880513349868e-07,,
p.Lys589Glu,VUS_or_unclassified,Uncertain significance / not classified in gnomAD extract,core,AF=core,,,,1.13503,,,,,6.240047124835887e-07,,
p.Lys589Asn,VUS_or_unclassified,Uncertain significance / not classified in gnomAD extract,core,AF=core,,,,-0.677388,,,,,1.2492379648e-06,,
p.Gly590Arg,VUS_or_unclassified,Uncertain significance / not classified in gnomAD extract,core,AF=core,,,,-0.220095,,,,,1.2394138563e-06,,
p.Gly590Ser,VUS_or_unclassified,Uncertain significance / not classified in gnomAD extract,core,AF=core,,,,0.331187,,,,,1.8591207845e-06,,
p.Glu592Val,Uncertain_significance,Uncertain significance,core,AF=core,,,,-0.122129,,,,,6.196332019297856e-07,,
p.Leu594Phe,Conflicting,Conflicting classifications of pathogenicity,core,AF=core,,,,-0.119258,,,,,0.000224917654115,,
p.Leu594Pro,VUS_or_unclassified,Uncertain significance / not classified in gnomAD extract,core,AF=core,,,,-1.022037,,,,,6.196401130223566e-07,,
p.Pro595Arg,VUS_or_unclassified,Uncertain significance / not classified in gnomAD extract,superficie,AF=superficie,,,,-2.507463,,,,,6.196055591010762e-07,,
p.Thr596Ala,VUS_or_unclassified,Uncertain significance / not classified in gnomAD extract,superficie,AF=superficie,,,,0.108914,,,,,6.196032556433464e-07,,
p.Gly597Arg,Uncertain_significance,Uncertain significance,superficie,AF=superficie,,,,0.614837,,,,,2.41635687732e-05,,
p.Asn598Lys,VUS_or_unclassified,Uncertain significance / not classified in gnomAD extract,superficie,AF=superficie,,,,-0.217823,,,,,6.195571900851023e-07,,
p.Lys599Glu,VUS_or_unclassified,Uncertain significance / not classified in gnomAD extract,superficie,AF=superficie,,,,0.263885,,,,,6.195664026487703e-07,,
p.Lys599Gln,VUS_or_unclassified,Uncertain significance / not classified in gnomAD extract,superficie,AF=superficie,,,,-0.077819,,,,,6.195664026487703e-07,,
p.Lys600Asn,VUS_or_unclassified,Uncertain significance / not classified in gnomAD extract,superficie,AF=superficie,,,,0.082426,,,,,3.7175273981e-06,,
p.Pro601Thr,VUS_or_unclassified,Uncertain significance / not classified in gnomAD extract,superficie,AF=superficie,,,,1.639713,,,,,6.196070947490777e-07,,
p.Pro601Ser,VUS_or_unclassified,Uncertain significance / not classified in gnomAD extract,superficie,AF=superficie,,,,1.532,,,,,6.196070947490777e-07,,
p.Pro602Ser,VUS_or_unclassified,Uncertain significance / not classified in gnomAD extract,superficie,AF=superficie,,,,-1.7794,,,,,1.8589111242e-06,,
p.Pro602Thr,VUS_or_unclassified,Uncertain significance / not classified in gnomAD extract,superficie,AF=superficie,,,,-1.649327,,,,,1.2391834772e-06,,
p.Phe604Leu,VUS_or_unclassified,Uncertain significance / not classified in gnomAD extract,superficie,AF=superficie,,,,0.791713,,,,,6.195809897682395e-07,,
p.Leu605Val,VUS_or_unclassified,Uncertain significance / not classified in gnomAD extract,superficie,AF=superficie,,,,1.26263,,,,,4.337443164e-06,,
p.Pro606Thr,VUS_or_unclassified,Uncertain significance / not classified in gnomAD extract,superficie,AF=superficie,,,,0.667318,,,,,6.196516318525725e-07,,
p.Pro606Leu,VUS_or_unclassified,Uncertain significance / not classified in gnomAD extract,superficie,AF=superficie,,,,0.133104,,,,,4.3376098034e-06,,
p.Thr607Ala,Uncertain_significance,Uncertain significance,superficie,AF=superficie,,,,0.936669,,,,,1.79708327188e-05,,
p.Thr607Ile,VUS_or_unclassified,Uncertain significance / not classified in gnomAD extract,superficie,AF=superficie,,,,1.482063,,,,,6.196147731032662e-07,,
p.Asn608Ser,VUS_or_unclassified,Uncertain significance / not classified in gnomAD extract,superficie,AF=superficie,,,,0.110525,,,,,0.0001747502063539,,
p.Asn608Lys,VUS_or_unclassified,Uncertain significance / not classified in gnomAD extract,superficie,AF=superficie,,,,1.132973,,,,,6.196447205030524e-07,,
p.Glu609Lys,VUS_or_unclassified,Uncertain significance / not classified in gnomAD extract,superficie,AF=superficie,,,,-2.23119,,,,,1.2392879051e-06,,
p.Arg611Ser,VUS_or_unclassified,Uncertain significance / not classified in gnomAD extract,superficie,AF=superficie,,,,1.706037,,,,,2.97460062888e-05,,
p.Arg611Cys,VUS_or_unclassified,Uncertain significance / not classified in gnomAD extract,superficie,AF=superficie,,,,0.862385,,,,,6.1975378421e-06,,
p.Arg611His,Benign_or_likely,Likely benign,superficie,AF=superficie,,,,0.732603,,,,,9.2964450394e-06,,
p.Phe614Ser,VUS_or_unclassified,Uncertain significance / not classified in gnomAD extract,superficie,AF=superficie,,,,0.453585,,,,,6.198828669334643e-07,,
p.Phe614Leu,VUS_or_unclassified,Uncertain significance / not classified in gnomAD extract,superficie,AF=superficie,,,,0.567294,,,,,6.199858643222935e-07,,
p.Leu615Phe,VUS_or_unclassified,Uncertain significance / not classified in gnomAD extract,superficie,AF=superficie,,,,0.310574,,,,,6.200765918606267e-07,,
p.Gln617Arg,VUS_or_unclassified,Uncertain significance / not classified in gnomAD extract,superficie,AF=superficie,,,,-0.236342,,,,,6.202958314879533e-07,,
p.Lys618Met,VUS_or_unclassified,Uncertain significance / not classified in gnomAD extract,superficie,AF=superficie,,,,0.91922,,,,,6.206777552816573e-07,,
p.Lys618Arg,VUS_or_unclassified,Uncertain significance / not classified in gnomAD extract,superficie,AF=superficie,,,,0.127502,,,,,7.4481330633e-06,,
p.Leu620Val,VUS_or_unclassified,Uncertain significance / not classified in gnomAD extract,superficie,AF=superficie,,,,0.079914,,,,,2.4871662222e-06,,
p.Leu620Pro,VUS_or_unclassified,Uncertain significance / not classified in gnomAD extract,superficie,AF=superficie,,,,1.339387,,,,,1.243505791e-06,,
p.Glu621Lys,VUS_or_unclassified,Uncertain significance / not classified in gnomAD extract,superficie,AF=superficie,,,,0.332158,,,,,6.216632226524132e-07,,
p.Glu621Gln,VUS_or_unclassified,Uncertain significance / not classified in gnomAD extract,superficie,AF=superficie,,,,0.116457,,,,,1.2434176577e-06,,
p.Glu621Asp,VUS_or_unclassified,Uncertain significance / not classified in gnomAD extract,superficie,AF=superficie,,,,0.030305,,,,,1.8653839457e-06,,
p.Gly622Arg,VUS_or_unclassified,Uncertain significance / not classified in gnomAD extract,superficie,AF=superficie,,,,1.416027,,,,,1.2438429772e-06,,
p.Gly622Glu,VUS_or_unclassified,Uncertain significance / not classified in gnomAD extract,superficie,AF=superficie,,,,1.74957,,,,,6.22080111476756e-07,,
p.Gly622Val,VUS_or_unclassified,Uncertain significance / not classified in gnomAD extract,superficie,AF=superficie,,,,3.208557,,,,,6.22080111476756e-07,,
p.Ala623Pro,VUS_or_unclassified,Uncertain significance / not classified in gnomAD extract,superficie,AF=superficie,,,,2.074793,,,,,6.230576178762707e-07,,
p.Ala623Thr,VUS_or_unclassified,Uncertain significance / not classified in gnomAD extract,superficie,AF=superficie,,,,-1.085207,,,,,6.230583942788286e-07,,
p.Ala623Ser,VUS_or_unclassified,Uncertain significance / not classified in gnomAD extract,superficie,AF=superficie,,,,-1.07659,,,,,1.2462068578e-06,,
p.Gly624Cys,VUS_or_unclassified,Uncertain significance / not classified in gnomAD extract,superficie,AF=superficie,,,,0.117499,,,,,6.233465732145485e-07,,
p.Ser625Cys,VUS_or_unclassified,Uncertain significance / not classified in gnomAD extract,superficie,AF=superficie,,,,0.46862,,,,,6.243467771843709e-07,,
p.Trp626Leu,VUS_or_unclassified,Uncertain significance / not classified in gnomAD extract,superficie,AF=superficie,,,,0.325975,,,,,6.245425226021939e-07,,
p.Thr627Asn,VUS_or_unclassified,Uncertain significance / not classified in gnomAD extract,superficie,AF=superficie,,,,0.372807,,,,,6.253282973561119e-07,,
p.Pro628Leu,VUS_or_unclassified,Uncertain significance / not classified in gnomAD extract,superficie,AF=superficie,,,,0.656847,,,,,4.3820441359e-06,,
p.Pro628His,VUS_or_unclassified,Uncertain significance / not classified in gnomAD extract,superficie,AF=superficie,,,,0.920018,,,,,6.259600662516134e-07,,
p.Cys629Arg,VUS_or_unclassified,Uncertain significance / not classified in gnomAD extract,superficie,AF=superficie,,,,-0.563654,,,,,6.263387991832542e-07,,
p.Cys629Tyr,VUS_or_unclassified,Uncertain significance / not classified in gnomAD extract,superficie,AF=superficie,,,,0.023804,,,,,6.265255898111902e-07,,
p.Gly631Val,VUS_or_unclassified,Uncertain significance / not classified in gnomAD extract,superficie,AF=superficie,,,,4.224313,,,,,1.2557954962e-06,,
p.Gly634Ser,VUS_or_unclassified,Uncertain significance / not classified in gnomAD extract,superficie,AF=superficie,,,,3.31401,,,,,1.8943914646e-06,,
p.Gly635Cys,VUS_or_unclassified,Uncertain significance / not classified in gnomAD extract,superficie,AF=superficie,,,,2.958813,,,,,6.322799128465368e-07,,
p.Arg636Gln,Uncertain_significance,Uncertain significance,superficie,AF=superficie,,,,0.223792,,,,,2.98207077532e-05,,
p.Arg636Pro,VUS_or_unclassified,Uncertain significance / not classified in gnomAD extract,superficie,AF=superficie,,,,2.054317,,,,,1.903449431e-06,,
p.Arg636Leu,VUS_or_unclassified,Uncertain significance / not classified in gnomAD extract,superficie,AF=superficie,,,,0.382372,,,,,6.344831436863216e-07,,
p.Gln638Lys,VUS_or_unclassified,Uncertain significance / not classified in gnomAD extract,superficie,AF=superficie,,,,0.224349,,,,,6.365793789022316e-07,,
p.Gln639Lys,VUS_or_unclassified,Uncertain significance / not classified in gnomAD extract,superficie,AF=superficie,,,,-0.337024,,,,,6.368745255284785e-07,,
p.Glu640Ala,VUS_or_unclassified,Uncertain significance / not classified in gnomAD extract,superficie,AF=superficie,,,,0.134409,,,,,6.378039135648136e-07,,
p.Thr641Ile,VUS_or_unclassified,Uncertain significance / not classified in gnomAD extract,superficie,AF=superficie,,,,0.006487,,,,,6.386177247072258e-07,,
p.Leu643Val,VUS_or_unclassified,Uncertain significance / not classified in gnomAD extract,superficie,AF=superficie,,,,0.016088,,,,,3.1985752266e-06,,
p.Leu54Pro,Uncertain_significance,Uncertain significance,core,7UUZ=superficie; AF=core,,1.074237,,4.59742,1.074237,1.074237,0.0,7UUZ_ReO4_Na,,,
p.Gly93Arg,Pathogenic_or_likely,Pathogenic,core,7UUY=core; 7UUZ=core; 7UV0=core; AF=core,5.006217,4.543643,4.03453,21.470467,4.52813,5.006217,0.9716870000000002,7UUY_apo,,Pathogenic/functional defect,TDH1/NIS disease variant reported in UniProt and reviews; associated with impaired iodide transport.
p.Tyr137*,Pathogenic_or_likely,Likely Pathogenic,core,7UUY=core; 7UUZ=core; 7UV0=core; AF=core,1.205753,0.925617,0.085924,1.69306,0.7390979999999999,1.205753,1.1198290000000002,7UUY_apo,,,
p.Asp191Gly,Pathogenic_or_likely,Likely Pathogenic,core,7UUY=core; 7UUZ=core; 7UV0=core; AF=core,1.212703,1.21912,2.229473,3.652663,1.5537653333333334,2.229473,1.01677,7UV0_I_Na,,,
p.Thr221=,Conflicting,Conflicting classifications of pathogenicity,core,7UUY=core; 7UUZ=core; 7UV0=core; AF=superficie,0.300689,1.08859,0.317309,-0.130737,0.5688626666666666,1.08859,0.787901,7UUZ_ReO4_Na,,,
p.Gly250Val,Pathogenic_or_likely,Likely Pathogenic,core,7UUY=superficie; 7UUZ=superficie; 7UV0=superficie; AF=core,0.972716,5.38938,1.09695,13.016493,2.4863486666666668,5.38938,4.416664,7UUZ_ReO4_Na,,,
p.Gln263Leu,Pathogenic_or_likely,Likely Pathogenic,core,7UUY=superficie; 7UUZ=core; 7UV0=superficie; AF=core,1.926093,0.107306,2.431353,0.672843,1.4882506666666668,2.431353,2.324047,7UV0_I_Na,,Pathogenic/functional defect,Reported with congenital hypothyroidism; in vitro assays showed reduced/altered NIS function.
p.Gln265Arg,Pathogenic_or_likely,Likely pathogenic,core,7UUY=core; 7UUZ=core; 7UV0=superficie; AF=core,0.0,6.23098,0.046491,3.677757,2.092490333333333,6.23098,6.23098,7UUZ_ReO4_Na,,,
p.Val270Glu,Pathogenic_or_likely,Likely Pathogenic,core,7UUY=core; 7UUZ=core; 7UV0=core; AF=core,3.39465,1.063695,1.97163,2.00697,2.143325,3.39465,2.330955,7UUY_apo,,,
p.Cys272*,Pathogenic_or_likely,Pathogenic,core,7UUY=core; 7UUZ=core; 7UV0=core; AF=core,0.93858,1.134143,0.465017,-0.013255,0.8459133333333333,1.134143,0.6691259999999999,7UUZ_ReO4_Na,,Pathogenic truncating,Premature stop/truncating NIS mutation reported in iodide transport defect literature.
p.Cys310=,Uncertain_significance,Uncertain significance,core,7UUY=core; 7UUZ=core; 7UV0=core; AF=superficie,0.242475,-0.299682,0.43176,2.014327,0.12485099999999999,0.43176,0.7314419999999999,7UV0_I_Na,,,
p.Asp331Asn,Pathogenic_or_likely,Likely Pathogenic,superficie,7UUY=superficie; 7UUZ=superficie; 7UV0=superficie; AF=superficie,2.240543,-0.18552,3.441013,3.485783,1.832012,3.441013,3.626533,7UV0_I_Na,,Likely pathogenic/functional defect,Reported NIS variant with functional assessment in congenital hypothyroidism/iodide transport defect context.
p.Tyr348Asp,Pathogenic_or_likely,Likely Pathogenic,core,7UUY=superficie; 7UUZ=core; 7UV0=core; AF=core,5.763523,6.256127,-0.044452,5.08241,3.991732666666667,6.256127,6.300579,7UUZ_ReO4_Na,,,
p.Gly350Asp,Pathogenic_or_likely,Likely Pathogenic,core,7UUY=core; 7UUZ=core; 7UV0=superficie; AF=core,5.92533,6.054273,3.34388,11.921133,5.107827666666667,6.054273,2.7103930000000003,7UUZ_ReO4_Na,,Pathogenic/functional defect,Reported with congenital hypothyroidism; in vitro assays showed reduced/altered NIS function.
p.Ser356Phe,Pathogenic_or_likely,Pathogenic,core,7UUY=superficie; 7UUZ=superficie; 7UV0=superficie; AF=core,0.305726,-0.535422,1.93311,4.18244,0.5678046666666667,1.93311,2.468532,7UV0_I_Na,,Likely pathogenic/functional defect,S356F showed markedly reduced iodide uptake in COS-7 cells and loss of plasma membrane localization.
p.Asp369Val,Pathogenic_or_likely,Likely Pathogenic,core,7UUY=core; 7UUZ=core; 7UV0=core; AF=superficie,3.38952,-0.609633,1.946017,2.433813,1.5753013333333332,3.38952,3.999153,7UUY_apo,,,
p.Lys388*,Pathogenic_or_likely,Likely Pathogenic,core,7UUY=superficie; 7UUZ=core; 7UV0=core; AF=superficie,0.0,0.57782,0.82893,1.34003,0.46891666666666665,0.82893,0.82893,7UV0_I_Na,,,
p.Leu408=,Conflicting,Conflicting classifications of pathogenicity,core,7UUY=superficie; 7UUZ=superficie; 7UV0=superficie; AF=core,0.134467,0.668333,0.261062,1.24006,0.35462066666666664,0.668333,0.533866,7UUZ_ReO4_Na,,,
p.Gly421Arg,Pathogenic_or_likely,Pathogenic,core,7UUY=core; 7UUZ=core; 7UV0=core; AF=core,-0.67221,0.654763,-1.55792,9.122487,-0.5251223333333334,0.654763,2.212683,7UUZ_ReO4_Na,,Pathogenic/functional defect,G421R and G51fs were studied in vitro; G421R caused impaired iodide transport and altered expression/localization.
p.Arg516*,Pathogenic_or_likely,Pathogenic/Likely pathogenic,core,7UUY=core; 7UV0=core; AF=superficie,0.084642,,0.56127,2.41357,0.322956,0.56127,0.47662800000000005,7UV0_I_Na,,,
p.Cys542=,Benign_or_likely,Benign/Likely benign,core,AF=core,,,,-0.440107,,,,,,,
p.Gly543Glu,Pathogenic_or_likely,Pathogenic,core,AF=core,,,,13.645633,,,,,,Pathogenic/functional defect,TDH1/NIS disease variant reported in UniProt and reviews; associated with impaired iodide transport.
p.Ser547Arg,Pathogenic_or_likely,Likely Pathogenic,core,AF=core,,,,4.861317,,,,,,Likely pathogenic/functional defect,Reported NIS variant with functional assessment in congenital hypothyroidism/iodide transport defect context.
p.Leu562Met,Pathogenic_or_likely,Likely Pathogenic,core,AF=core,,,,0.641403,,,,,,,
p.Arg636*,Pathogenic_or_likely,Likely Pathogenic,superficie,AF=superficie,,,,-0.769917,,,,,,,
