"Symbol","logFC","AveExpr","P.Value","adj.P.Val"
"SELENOP",-10.413917076048,11.4080999726589,1.56222694100508e-07,0.000582652212952729
"SLCO2B1",-8.68564713776426,10.3303878267143,3.1039921622792e-07,0.000582652212952729
"SPP1",-9.51560483733515,10.7393969369815,3.16425685845127e-07,0.000582652212952729
"TREM2",-6.19296658519175,9.4941229972235,6.27244205109889e-07,0.000582652212952729
"A2M",-10.3968050208856,11.6870439410307,7.13963502187382e-07,0.000582652212952729
"IGF1",-5.90902278622804,9.08829914341224,7.81341329286748e-07,0.000582652212952729
"DAB2",-5.75467973950108,11.5204767820196,9.75285136971894e-07,0.000582652212952729
"CADM1",-5.43689434849153,8.53111722373232,1.12197128421435e-06,0.000582652212952729
"PLTP",-7.77245095382843,11.2406326742081,1.48781508730564e-06,0.000600266002738161
"HPGDS",-6.65245889326404,9.44961721086517,1.49392840525688e-06,0.000600266002738161
"LILRB5",-6.25620757128357,10.1192538127731,1.77772211498289e-06,0.000600266002738161
"NUAK1",-4.81368340315325,8.54022938691595,1.81456077562983e-06,0.000600266002738161
"FOLR2",-5.46599412692413,13.1989297631933,2.11079809290624e-06,0.000619138595376413
"CNRIP1",-4.54275049094874,8.5690549864185,2.23203847311971e-06,0.000619138595376413
"TNFRSF25",-4.60555522696606,10.3483378003976,2.26123709476335e-06,0.000619138595376413
"EBI3",-4.72095194333745,9.31559515411778,2.50558958341692e-06,0.000619138595376413
"MEGF9",4.21656027069838,10.0560637665031,2.61220905903559e-06,0.000619138595376413
"RNASE1",-8.50443866629625,13.5814933993853,2.71394057497686e-06,0.000619138595376413
"SLC22A23",-4.79838454708616,8.57872944270086,2.76837351956839e-06,0.000619138595376413
"DHRS3",-5.72308551655816,9.84851167297635,3.12087580148556e-06,0.000678032559842748
"C11orf21",4.01712561659966,9.43267325167536,3.33971974926743e-06,0.000692219829048894
"CCL13",-6.62816409489361,9.38188819720794,3.43971346921692e-06,0.000695052262422926
"MSR1",-4.42800075628,9.76414023525043,3.54939629223691e-06,0.000695052262422926
"SLC7A8",-4.20120143136816,8.22667379629573,3.70779906703094e-06,0.000701441072611816
"TNFRSF21",-4.5258177753346,10.0769795865721,3.7283019112816e-06,0.000701441072611816
"CXCL12",-5.397613391869,8.8727551671014,4.26357733731969e-06,0.000745292921217907
"SOCS2",-3.67475323693652,8.41452791980452,4.83080884622415e-06,0.000816299343704188
"APOC1",-8.30918643747401,10.1212387311526,5.25251050230556e-06,0.000858926663645838
"C2",-3.93057072271578,11.1974681083377,5.61031661594226e-06,0.000867385107932377
"CD244",3.52906900831872,10.1385064452237,5.68248027801415e-06,0.000867385107932377
"VCAN",4.07398937297665,12.4758432146105,6.13292609376934e-06,0.000881951457120519
"ITGB5",-5.35901909170491,9.62871458491635,6.95061262852163e-06,0.000943181239860044
"EMP2",-3.42748421015369,7.66002400747177,7.13301506446357e-06,0.000943181239860044
"GATM",-5.4034172617772,9.58570189495659,7.23834235851301e-06,0.000943181239860044
"C1QC",-7.35703333912759,10.4519987085799,7.58278070824648e-06,0.000969066630344643
"CTSL",-5.04763848135062,12.2561896779239,7.97122108371454e-06,0.000993658444599432
"APOE",-9.76803891210036,13.3131325921617,9.45294387171714e-06,0.00111442147597732
"PLAU",-4.42721373237796,12.3071087845201,9.95849526730617e-06,0.00114441414060487
"COLEC12",-4.09891873736404,8.56851002550165,1.092403910139e-05,0.00115137194428132
"OLR1",-3.03433741942099,7.362586616288,1.12360104628305e-05,0.00115137194428132
"MAF",-4.01171394040926,10.9309898621587,1.13987448698149e-05,0.00115137194428132
"S100A9",3.96168091876249,14.7112447229653,1.16659047241238e-05,0.00115906594383699
"CSF3R",2.92810514884317,13.7917356169177,1.1952878737321e-05,0.00116525243485371
"FGR",3.22808118444423,15.6596371642221,1.23125766750166e-05,0.00119267303231625
"EPAS1",-4.13261775811818,10.0632392809087,1.2852355701366e-05,0.00121402872985326
"ATP1B1",-4.06641726894705,10.4943940965645,1.38394405242484e-05,0.0012414779680682
"CD48",3.40596462058869,11.7547314309986,1.38596851235236e-05,0.0012414779680682
"CYP1B1",3.69046700750386,8.80299297984645,1.43017726368712e-05,0.00124705642320198
"TRIM47",-4.16606083125761,8.78666727319679,1.49617207239187e-05,0.0012703077582104
"RAB27A",3.08672431784004,8.9555349013134,1.51276667872297e-05,0.0012703077582104
"CD209",-3.36944611710007,9.90648542931415,1.54524642510401e-05,0.0012703077582104
"TMEM154",3.19425030107397,9.88388569933239,1.56423680407637e-05,0.0012703077582104
"PROS1",-2.98343674805943,8.41543561205147,1.58587874774694e-05,0.0012703077582104
"SPRY2",-3.5542553559782,8.72435247372433,1.58726911167968e-05,0.0012703077582104
"MS4A4A",-4.85498307646002,13.0596940965678,1.59087603073499e-05,0.0012703077582104
"F5",2.84764366377125,7.55149681972679,1.60093421557039e-05,0.0012703077582104
"NRP1",-3.93788387074178,9.27499653700596,1.70299848974448e-05,0.00130340936745872
"CCL8",-3.14579404559727,7.78006657219946,1.75993379228574e-05,0.00131201338789615
"CLEC4E",2.66709361182774,7.5147211548025,1.77753150445961e-05,0.0013186682497474
"LTB4R",2.89304473882849,9.43528570779208,1.79126413445343e-05,0.00132111581199182
"SLCO3A1",2.74301573677025,8.86891763505411,1.88244817640544e-05,0.0013579435281744
"PAEP",-7.60197096692536,9.74023341732605,1.92688918423721e-05,0.00135924231222978
"CD36",3.11148207969392,11.6107927737328,1.93741593444108e-05,0.00135924231222978
"MSRB1",3.05457995773724,12.2451683313687,1.94461230642855e-05,0.00135924231222978
"TKT",3.04553585205163,14.9488584235958,1.96841636408477e-05,0.00135924231222978
"TPPP3",3.77772214112557,9.20227364141387,1.97522718965532e-05,0.00135924231222978
"NUPR1",-7.79227229384183,10.266622085554,1.98713714267844e-05,0.00136127845341683
"VSIG4",-5.40957279774439,12.9701457543708,2.01350798483834e-05,0.00137315827055701
"CD44",2.65777560664943,14.5282916073994,2.14752901837155e-05,0.00141383642040669
"ADORA3",-4.35371368965214,9.79161207560845,2.20468160713789e-05,0.00143045552997069
"FCAR",2.59221114965435,7.88740821187714,2.20571646657124e-05,0.00143045552997069
"RAB3D",2.47101850262026,7.55917373824438,2.24478280155458e-05,0.00144655325618822
"SLC2A6",3.17849239970408,8.75442642562446,2.29593934667653e-05,0.00146708594891835
"SLAMF8",-2.78474910322009,11.3680348881108,2.5340320505697e-05,0.00157789884445537
"FABP3",-3.59715392606437,7.79317538430707,2.55381632693981e-05,0.00157789884445537
"CXCL10",-2.38835439613775,8.93070148140012,2.56273681339082e-05,0.00157789884445537
"RGS16",-3.31790746043708,8.09326260181587,2.59587120141246e-05,0.00158475501952806
"LIMD2",3.00005632883007,9.39177576355139,2.60513384325365e-05,0.00158475501952806
"FYN",2.53946359566872,11.2151057670229,2.64714157176035e-05,0.0015894275440743
"LILRA3",3.05794375580726,10.9300830959969,2.64845956623598e-05,0.0015894275440743
"HSD17B14",-3.09823280395874,8.61796361894782,2.66351904220737e-05,0.0015894275440743
"CCND1",-2.74687917716831,7.5410226593709,2.67508642242261e-05,0.0015894275440743
"S1PR1",-2.4124400958253,7.44153610459825,2.68514619569331e-05,0.0015894275440743
"BLNK",-3.02127068602812,8.0527649682133,2.81803918588463e-05,0.00164426155156128
"ECE1",3.06836601891779,8.90046870642668,2.83269678135886e-05,0.00164426155156128
"SLC22A15",2.72031213609768,9.65269662549144,2.84621502702856e-05,0.00164582654490686
"P2RX1",3.48156745942469,8.68109173296932,2.86846416921706e-05,0.00164735045711405
"GPNMB",-6.87618224963394,11.0293672276768,2.87216876466035e-05,0.00164735045711405
"LCK",3.45706236585986,11.1825788420134,2.88134680163294e-05,0.00164735045711405
"TMEM51",-3.78153748060432,12.2769633053694,2.96769489643902e-05,0.00166541343118246
"PSTPIP1",2.33425654322747,12.3309626265569,3.01415034291676e-05,0.00166893957348994
"CCL2",-5.80685669297479,10.4529653774066,3.14216088316224e-05,0.00169053696626155
"PLP2",3.33515706366904,11.1887926003361,3.17407632444421e-05,0.00169053696626155
"ADGRE1",2.29065194514198,8.6311240612451,3.25356032156984e-05,0.00169053696626155
"CLEC12A",3.22507103917129,10.0494953257222,3.25656563401767e-05,0.00169053696626155
"DPEP2",2.39915496655839,11.0439555718266,3.26362634836295e-05,0.00169053696626155
"VIPR1",2.88823462123095,8.40956867617648,3.33528717568329e-05,0.00169053696626155
"RNF24",2.23733828304282,8.56361630045451,3.34205236267915e-05,0.00169053696626155
"MYO1G",2.77937272489055,11.3927282360994,3.37128274037042e-05,0.00169053696626155
"BCL11A",2.35421375760254,8.8348603436837,3.37421066296836e-05,0.00169053696626155
"ZBTB16",2.24570688411396,9.6695914037965,3.39041145916473e-05,0.00169053696626155
"ABCG1",-2.18796642508566,9.22453996407483,3.40205952629856e-05,0.0016908013488872
"TLR3",-3.0058062934732,7.42523854516098,3.43487088342107e-05,0.00170154776531165
"RAB11FIP1",2.56414395476378,10.6964987490592,3.45388139719721e-05,0.00170271061487569
"CRISPLD2",2.46912220313086,7.95244834215756,3.47337293303942e-05,0.00170396953437624
"LILRA1",2.34545898842529,9.28305332561709,3.55381585873707e-05,0.00172672305366369
"CD69",-3.27307752646525,8.66725726774926,3.68179644110658e-05,0.00174432275004202
"PRKACB",-2.14429113492687,9.96624250340313,3.72231027132252e-05,0.00175181317191308
"KSR1",2.75471885321891,8.74586330121035,3.77718285113681e-05,0.00176165672977226
"RAB37",3.3345639037502,10.0437365091324,3.78725918747452e-05,0.00176165672977226
"CKAP4",3.15998636356396,10.0959066873891,3.79545004994617e-05,0.00176165672977226
"CCND3",2.39869150942324,10.7471849186463,3.80433665697868e-05,0.00176165672977226
"HAVCR2",-2.48326142674677,12.1242394445846,3.89342944003671e-05,0.00178209230452749
"C1QA",-6.45945953681495,12.8947134921059,3.91385343051145e-05,0.00178209230452749
"ITGAL",2.54132135784193,11.10730205335,3.9455638870881e-05,0.00178809273861894
"EDA",-2.28513351540714,7.39646108738498,3.95807533653276e-05,0.00178809273861894
"CD59",-5.1057435472195,11.5013468838054,4.09306363306125e-05,0.00181897532952286
"TMEM86A",-2.23065188412415,8.19865598198855,4.19202108914019e-05,0.00181897532952286
"CCL17",-2.79024741209697,7.79511274012147,4.19338764018646e-05,0.00181897532952286
"CARD11",-2.68000467501826,7.9950518713803,4.19818740572412e-05,0.00181897532952286
"TNFRSF10B",2.19866362489774,11.5026347585668,4.3061501680352e-05,0.00182953079529745
"CD79B",2.33743613980717,7.4199594522443,4.36288649437059e-05,0.00182953079529745
"APOL3",2.13822598469649,9.17494497409273,4.45347570012074e-05,0.00185557420403935
"C3",-7.04999809005781,11.9405458074321,4.53512434280082e-05,0.00187418942949225
"LILRA2",3.06865264647964,11.0659780786308,4.66906787019303e-05,0.00189433933980213
"LEP",-4.20313363277885,8.37863197421754,4.67107609433062e-05,0.00189433933980213
"CCDC69",3.46738887605549,9.10514553552678,4.81974152450051e-05,0.00194672792471706
"CISH",-2.26015460428896,10.6740159536409,4.82585762505478e-05,0.00194672792471706
"TLR7",-2.32695172286197,11.2997583471743,5.05896143408337e-05,0.00197922235010098
"FCGR3A",-2.15956299332536,13.8715673756623,5.07013183140971e-05,0.00197922235010098
"SLC1A3",-5.14800914739448,10.2981780836271,5.10162520541547e-05,0.00197922235010098
"VNN1",2.52534040723431,9.8245772661451,5.38643759945047e-05,0.00200383318517556
"HLA-DOA",-3.48030074254982,12.0925161420792,5.42705401632456e-05,0.00200383318517556
"IRF1",2.18253790259072,10.854485065918,5.49901680470003e-05,0.00200402164506413
"MTARC1",3.97376262394926,8.70711075220413,5.5213379095336e-05,0.00200402164506413
"SLC40A1",-3.57337327715923,12.7614270870778,5.60513392164016e-05,0.00201519803026722
"MAP3K7CL",2.24400482521438,7.25293912779822,5.64365828986727e-05,0.00201558346676719
"GTF2IRD1",-3.36893109931702,7.54249834858492,5.6497995431847e-05,0.00201558346676719
"SYNGR1",2.2133760859299,9.32281075361315,5.65921975479741e-05,0.00201558346676719
"XYLT1",2.05293940695017,7.68742074565727,5.67996475785106e-05,0.00201824542143455
"P3H2",-4.69444596186359,9.24036752962817,5.70760107000402e-05,0.00202333792710073
"TCEAL3",-2.21902851000977,11.8013456053464,5.76897477438592e-05,0.00203089278631623
"SESN1",-2.35429564525003,8.97080373552281,5.8243742354374e-05,0.00203625479017315
"ENPP2",-5.50462527754219,9.23830062316813,5.86579019881403e-05,0.00204162671207463
"ICAM3",3.6521735691329,12.5934578421766,6.20793956977917e-05,0.00207040230213162
"PELI3",1.88175569529644,9.27684984848363,6.24322933054532e-05,0.00207758154660846
"PRELID1",1.91548278617028,13.4521816556128,6.33054164513972e-05,0.00208924981101982
"HSPB1",-4.54253562949542,12.292629804061,6.35804268743042e-05,0.00209292452793164
"LILRB3",1.97275997383137,13.0577495257649,6.40385114937342e-05,0.00209644887784227
"TNFSF10",2.34475855357983,11.8902531797917,6.46344561908215e-05,0.00209644887784227
"STMN1",-4.05014664006068,9.94097659679443,6.53398075425747e-05,0.00210527074810906
"KCTD15",2.45307195456211,8.02128397799573,6.57712858237777e-05,0.00210589232151935
"STARD13",-2.20013932250058,7.60329468613891,6.58489194203306e-05,0.00210589232151935
"LILRB2",2.1255888045074,13.9496324120892,6.67703686739405e-05,0.0021096968598992
"BPI",2.08834422781723,7.02539354654608,6.72720159012676e-05,0.0021096968598992
"VNN2",3.88725432361805,12.1709403071623,6.77769779894713e-05,0.00211653445844739
"FLT3",2.90325279376638,7.94390381841783,7.06694284262767e-05,0.00215378891283931
"C1QB",-7.46830587870002,13.8246724527867,7.20119743787458e-05,0.00217725269652478
"CCNY",2.33605647902064,9.15817148527805,7.32257828350988e-05,0.00220518357496274
"IL27RA",2.8581597238443,10.3487497498673,7.37426096688056e-05,0.00221245399672463
"LGI2",-3.50283782085536,7.67481250736783,7.4511744493768e-05,0.00222627624805741
"CD300LB",2.65704678026654,8.83268977209705,7.56325666416544e-05,0.0022319615100813
"SERPING1",-2.8622048796654,8.31150316963903,7.57293621253255e-05,0.0022319615100813
"EIF4EBP2",2.0169355804053,7.84404577057649,7.69610389539284e-05,0.00225081438540643
"SLC16A6",2.25033787986925,8.75324156947618,7.74266610304117e-05,0.00225763613216071
"PTPRE",2.26297511014163,12.8143553481137,7.75212290374889e-05,0.00225763613216071
"RASGRP4",1.92829963781774,10.1894139048327,7.89709191008717e-05,0.00226227390713583
"DAPP1",2.0795499564102,9.7597425607032,7.9135608126391e-05,0.00226227390713583
"PCSK5",2.79914753889929,10.2765738360508,7.92791949433197e-05,0.00226227390713583
"TLR8",2.09041618928394,9.85501860843979,7.94354462395144e-05,0.00226227390713583
"CTSB",-1.94469561328356,13.2643304667299,7.97857832510004e-05,0.0022680040966004
"GRK6",2.48549832068114,11.1194519731989,8.04386531373548e-05,0.00227783561691632
"SULT1A1",2.35371877055814,11.5696650645939,8.09872250316871e-05,0.00228507183354712
"AGTPBP1",2.13125922801536,10.6579403951997,8.29624809063289e-05,0.0023150337791256
"CDA",4.3818278394773,9.51792687442884,8.32439072288411e-05,0.00231863249292347
"DOCK4",-3.66474819205735,9.46741851546352,8.4667485731242e-05,0.00233014660495296
"STAB1",-1.82388257822028,13.6784766977991,8.83982274899191e-05,0.00239244200816526
"F13A1",-3.03995150505581,13.7169054045986,8.97577643295866e-05,0.00241172452283455
"PTX3",2.32608097506778,8.02187242378651,9.04783082755826e-05,0.00242679737611122
"POU2AF1",1.72950561681553,6.78496041565687,9.07102647582953e-05,0.00242822522767906
"ST6GAL1",-1.71898541617881,12.1695009483928,9.09351111938256e-05,0.00242822522767906
"BNC2",-2.6884138846947,7.27573147711223,9.24969553197542e-05,0.00244642382000491
"ABCA1",-2.89989437165468,10.6071801921677,9.4711624128839e-05,0.00247083187412815
"IKBKE",1.80611539668854,7.55243577049759,9.48829681124388e-05,0.00247085647098282
"SELL",4.17328965901099,12.3002751257517,9.61148206792494e-05,0.00249439282063144
"RASSF2",2.10052610398443,13.7117211969883,9.66717190194059e-05,0.00250457155510583
"BEX3",-2.79650022448196,9.74899837220118,9.6922491810589e-05,0.00250679805349564
"SLC2A5",-5.33610445620389,9.9720339319676,9.73758482185137e-05,0.00251424770748244
"CCR5",-2.0216124689126,11.3744311396334,0.000100303190171147,0.00255085437478731
"CD1D",2.09116439648444,7.11528646906298,0.000101028302907132,0.0025522233066639
"IL10",-2.40671864473468,7.82413878757323,0.000101730570608169,0.00256507739083426
"STK26",2.02635587836902,10.3877152615374,0.00010206158807375,0.00256554153954642
"TREM1",1.94468266015146,10.8319906935282,0.000103186045787821,0.00258526092972187
"ABLIM3",-1.68412133352917,6.79461931993637,0.000103803068034911,0.00258792960438511
"PADI4",2.8817464742481,7.50623562327632,0.00010457871226391,0.00259874682370839
"WARS1",2.1737102946626,12.0159102242305,0.000105564148944873,0.00260458067554097
"FRY",3.61334583703649,8.83672623234178,0.000106009024050865,0.00260458067554097
"GDPD5",1.70976383633135,7.5631657757027,0.000106771627708898,0.00260815596673567
"CALCOCO2",1.7507670615781,9.10908172177567,0.000108864343685668,0.00263170378133674
"GAS6",-3.47967710704251,9.27759993664197,0.000109484250855433,0.00263170378133674
"GSN",-1.97451374917237,10.6405205815672,0.000112723218967615,0.00267217975189168
"IMPDH1",1.92047565647706,14.0845873965633,0.000113152044152946,0.00267217975189168
"HK3",2.41006229319558,11.4720673667087,0.00011635309150922,0.00270979757377062
"ASGR2",3.59898681273064,11.2320293680237,0.000116877613623628,0.00271314448371105
"CD81",-3.33980879059985,13.7001059616271,0.000116980640792413,0.00271314448371105
"ABCC6",1.76510402867472,8.60862802829323,0.000117032008240035,0.00271314448371105
"MORC4",-1.69707829505536,7.60447146990988,0.000121113632762168,0.00278232043360583
"GSDME",-2.08603825250101,7.43423206717771,0.000122006757113411,0.0027899082001695
"H3C1",1.67379064683481,13.8227845983612,0.000122544626361996,0.0027899082001695
"CEACAM19",2.08621048943575,8.75160520681526,0.000124591858408206,0.00280762812032829
"GNG7",-1.7061249965093,9.80849588967526,0.000125449479981019,0.0028141932237327
"RGS1",-7.61750127643449,10.5432706497881,0.000125978286438111,0.0028141932237327
"TTC9",1.77794420116389,7.53196011124693,0.000126265954440653,0.00281456334962822
"S100A10",1.56952370132042,13.7568674252445,0.000127866519903452,0.00283468518176632
"GPR183",-3.27625699222033,11.6350266753362,0.000130616372855553,0.00287886057737282
"NAAA",1.78237749877815,12.684003543254,0.000131417162048781,0.00288469032275595
"ST3GAL4",1.6770401491508,7.87343309324794,0.000131449920677924,0.00288469032275595
"PTK2B",2.253281129534,10.2477651713261,0.000133053460294501,0.00289481691582085
"TSPO",1.99223904335596,15.8918262789213,0.000133383863909105,0.00289785971761382
"TSPAN3",-1.83482355760155,10.9809719116901,0.000134312640929786,0.00290145830008549
"SLC38A6",-1.69141020872292,7.56127156601025,0.000140228115116709,0.00300453835026012
"TCHH",-1.55180304318956,6.81651535483287,0.000140467304513082,0.00300453835026012
"HRH1",-1.68484208731764,7.56730148004198,0.000140866418060713,0.00300532347454135
"CTSC",-1.54303787257206,10.5057136210081,0.000140899239699368,0.00300532347454135
"INHBA",-2.49860433860164,7.47088172254269,0.000148421772264523,0.00310908858484693
"UNC119",1.62892117416537,10.3306565997279,0.000150498526106775,0.00313180162716482
"CLEC4A",2.2051754945503,11.9999372780591,0.000150741635394835,0.00313180162716482
"IL2RA",-4.27568480800898,8.11829955251716,0.000151649704274423,0.00314453905435696
"SEMA4C",-2.60557946129318,10.9869657737176,0.000151768257883878,0.00314453905435696
"BST1",3.82823135807038,10.4514350902118,0.00015691533529157,0.00321423230081273
"STK38",2.10322920741398,9.62243125089943,0.00015734226014513,0.00321423230081273
"GLIPR2",3.04553676126454,13.4666465632579,0.000157528590406619,0.00321423230081273
"SIRPD",2.80969034757863,8.06927100043232,0.000160530253160557,0.00325079106533388
"BCL2",-1.60873786181996,7.94853528541187,0.000162495044648023,0.00326593399915106
"LTA4H",2.40752575998045,14.326438956584,0.000165046833800285,0.00330008468508641
"DENND10",1.88456603169517,12.8369313792057,0.000167722221660969,0.00331882495705834
"NOTCH2",1.82160838911917,13.1934355585859,0.0001682856886778,0.00331882495705834
"IL6R",1.57160917041555,11.2062348158587,0.000171676188570595,0.00334147582902408
"CFB",-1.49909593818837,7.33818282178527,0.000171885719529353,0.00334147582902408
"PTGIR",1.86243141822386,9.44423953329565,0.000172698579800955,0.00334147582902408
"BCL6",1.45401542514673,11.208112622043,0.000173412509741104,0.00335102598239226
"ADORA2B",1.44761762454359,7.57325418334035,0.000173807221328948,0.00335439114463279
"SMAD3",1.44135271332742,8.47365204369694,0.000174134853982273,0.00335645482808923
"TIMD4",-3.7395970026536,7.87240805184599,0.000174493565410813,0.0033591115731236
"PF4",3.76230134673059,8.15184490383001,0.000175384825073871,0.00335925997446276
"STK35",1.54608351698163,7.31199802351367,0.000177612665146131,0.00336603301510559
"HSPA1B",-4.42027239371232,11.2499299744485,0.000181434173384507,0.00340648260349578
"TMEM164",1.9962205096749,10.6527921152103,0.00018275650037662,0.00342052372838523
"LINC01003",1.41405599635794,9.43471772720454,0.000184681297640373,0.00343457529535069
"SLC9A9",-2.15725350583214,11.5279858108816,0.000184737150946664,0.00343457529535069
"MARCKS",-1.55287303128978,14.1090549051983,0.000186934556606194,0.0034635000277712
"CMKLR1",-2.70513885886859,11.7948272302807,0.000189101895401354,0.00348589287910763
"FAM111A",1.3926484312947,9.88670532616886,0.00019333119567372,0.00353812373502519
"PGD",2.42307402796301,12.5351868487735,0.000193744349810357,0.00354030846725277
"CERK",1.89808901279674,8.97315905853618,0.000194864784965299,0.00354030846725277
"PDGFC",-1.78743612000834,7.2911646426398,0.000194986476075356,0.00354030846725277
"FGD3",1.99814426582279,12.7664514121106,0.000195608726451951,0.00354144941890628
"DEFB1",-3.08329502789701,9.32724869659268,0.000197930802727671,0.00356943532912823
"UPK3A",1.4900105547579,6.83406655443276,0.000198259624244649,0.00356943532912823
"ADGRE5",1.38705170286544,13.8725451068097,0.000199636907211766,0.00358344678186357
"MYD88",2.10782250883005,11.7744534652138,0.000200358603601421,0.00358344678186357
"PTPRC",1.53548388772871,14.404503336938,0.000202014498500021,0.00359241938250952
"ADGRE2",1.82384327902992,11.3730090773147,0.000202608603141202,0.00359338218713332
"CCL4",-6.09113555949924,12.4975181605552,0.000202858246380587,0.00359338218713332
"ABTB1",1.81870641212996,11.5944327314212,0.000203298464373364,0.00359338218713332
"PDE4DIP",-3.29318940002777,10.206045079353,0.000203376346112823,0.00359338218713332
"NMRK1",-2.15207878793892,10.1389533988614,0.000203458044662395,0.00359338218713332
"PRDM1",-1.51320614575931,8.22712367654122,0.000207940407945744,0.00365590488328194
"CAST",1.79642794992639,12.1887259106224,0.00020872431076583,0.00366122182021539
"CLASRP",1.49578564071986,10.0009359103821,0.000209396975996351,0.00366878941353976
"IGFBP4",-2.60672048949695,7.29307074986774,0.00021073120506962,0.00368367835252734
"EPB41L2",-3.0367413665236,9.49598717673613,0.000211639347041419,0.00369530561401366
"CFP",4.15738908962471,13.7691486425041,0.000212131553177523,0.00369965213385753
"CCRL2",-2.19300996681907,9.94602698362269,0.000212456141237148,0.00370106872386545
"RAC3",1.56699219921585,7.50648019821935,0.000217652345756484,0.00375664770836115
"CES1",1.97310200091954,8.48880342478016,0.000219913933930675,0.00376147700130116
"GLCCI1",-1.49349991358799,8.67106176628525,0.000220272586591641,0.00376147700130116
"ABRAXAS1",1.36196105465548,8.34081027052827,0.000221940194838004,0.00377606896610887
"TBC1D4",-1.46666771457554,8.89549453133195,0.000222472237877009,0.00377606896610887
"CASP5",1.43979194510349,12.4939068477711,0.000223325102412391,0.00378631901615122
"WAS",1.4282700174373,10.1034851582822,0.000226970332587621,0.00383529424221394
"C19orf38",3.72917001934974,12.2158205960147,0.000229656793017756,0.003869217204219
"BRICD5",1.49237979390635,8.33767568056522,0.000232916117355527,0.00390108845015732
"IL16",1.51276453306917,10.6201992787204,0.00023354325937185,0.00390728920630044
"AMDHD2",-1.85445990474409,8.86284117925214,0.0002341653253117,0.00390909579290925
"C5",1.43109457284814,7.4976320750877,0.000234894989125544,0.00391268674109669
"PAPSS2",-1.36538575975048,8.95217245691831,0.000236742391630771,0.00393054398681306
"KIAA0232",1.39468978020199,10.1131280417956,0.000237776765962479,0.00393706670911697
"IFI27",-5.59249288479588,10.177050426917,0.000241075382701649,0.00396739514261542
"CD38",-1.72551237745771,9.19301858584478,0.000241844723122813,0.00397189476161095
"OSBPL8",1.41958934831368,7.68466091402877,0.000246633862987706,0.00400589419415948
"SCO2",1.89797799271041,12.5805782208746,0.000246866474357141,0.00400589419415948
"SP3",2.09539284998398,9.79420943363465,0.000246978338445488,0.00400589419415948
"RPS9",1.3564747168077,14.3645520215036,0.000248946116291926,0.00401153084282279
"SASH3",1.54149575204461,8.61977567018776,0.000250233543670325,0.00401153084282279
"RIN3",1.66379940299559,12.0765901881647,0.000250965812045673,0.00401153084282279
"C15orf48",-3.21898008717936,9.03974596892914,0.00025111634418512,0.00401153084282279
"CARS2",2.32661137387749,14.2220324233707,0.000255786677396962,0.00404052848873681
"CSGALNACT2",1.65421186427378,8.1792495203133,0.000258787071321565,0.00406189949681936
"OSM",-1.32173819476075,11.3627826575967,0.000259076966853944,0.00406189949681936
"SPINT1",1.80194326406564,9.06406567707642,0.000260621962991343,0.00406390010483973
"LRRC36",1.73869733863547,7.1874474740345,0.000261512094449736,0.00406653980817135
"LINC00324",1.58687978082165,7.75728626924553,0.00026219946620662,0.00407306382233941
"ADCY9",1.28260491856297,6.89868714339162,0.000262513678016132,0.00407378368905034
"TNFRSF1B",1.52197072320136,9.62300475878701,0.000266439535243896,0.0041095460973521
"VCPKMT",1.50181518746826,8.5114658576825,0.000267923803916563,0.0041103971376862
"SLC25A4",-1.78218515694691,7.58012026191115,0.000267937549132231,0.0041103971376862
"ICA1",-1.97998721200541,9.59517477087386,0.000268116383520825,0.0041103971376862
"PTPN22",1.54570190556119,9.07134351481105,0.000268539564334818,0.00411147654758308
"TCEANC2",1.51332433314067,8.54538717923658,0.000269593302174064,0.00411147654758308
"TALDO1",2.02608749874098,14.7290509960903,0.000270349588873164,0.00411147654758308
"APOL6",1.49919237467589,8.5997607994581,0.000272567703643159,0.00412094604267
"TFCP2",1.33426188668361,8.41589461190273,0.000272815898230372,0.00412094604267
"GTPBP6",1.33132439325584,8.38884993136144,0.000272822316587679,0.00412094604267
"RDH5",1.28571579510314,7.34172594142538,0.000275894601642861,0.00414605247211919
"SNX15",1.45167436149177,8.0641003054085,0.000277209591015577,0.00416170134270967
"TYK2",1.50450133919621,12.831966350963,0.000279981364950946,0.0041950311312059
"CTTNBP2NL",-1.47649258034557,8.50066491878621,0.000281047890112229,0.00419860148607738
"TCIRG1",1.47899469226631,13.9920726292168,0.000285945637579505,0.00422239228108633
"IGF2",-7.60047149746136,9.81856720182356,0.000287424936053758,0.00423151832285146
"SDR16C5",1.35452533607628,8.29792363548763,0.000289434523276733,0.00424100035161351
"SLC7A7",1.47763957563265,14.0461350279469,0.000292027043120469,0.00425062808407002
"MAP4K2",1.51526978108134,8.36093161077178,0.000292531054179466,0.00425062808407002
"BCLAF1",2.12972238305744,8.10968947758982,0.000292738341539395,0.00425062808407002
"RAB42",-4.74990256428388,8.57073376653694,0.000292868936950077,0.00425062808407002
"LINC01001",1.61764221265254,11.7067043632938,0.000293194953984051,0.00425062808407002
"AGO1",1.35434607471763,10.618543839559,0.000296408028452198,0.00427277089734694
"FHL3",1.56658647181066,9.07396881040401,0.000298034786312318,0.00428809179776512
"ELAVL1",1.34993806524428,8.71976234403969,0.000304905419381091,0.00437748516232381
"FAS",1.34554009844984,8.68691035996712,0.000307937812941539,0.00440556750631696
"IRAK3",1.96528488383384,10.0638026701163,0.000308238365987421,0.00440572281009088
"EMP1",-2.46941085976342,9.07627772252268,0.000312663019273582,0.00443561492267969
"TCEAL6",-2.34036185298118,11.5392148583854,0.000315983448761376,0.0044655790433025
"GAS7",1.84181453126084,8.82547757641841,0.000316584288410224,0.0044662466216537
"WFIKKN1",1.28513845530489,7.08894610616721,0.000322713221688267,0.00452751169320587
"TOP2A",-1.77403203040979,6.78376847532425,0.000326891598164835,0.00453450501670929
"HSH2D",2.92321632470425,9.37555302463216,0.000328940878548068,0.00454189340448531
"NHEJ1",1.29286398820395,7.54823333644341,0.000336927761470525,0.0046287239353602
"ADAP2",-2.48685898922355,13.9442970602665,0.000337972027236209,0.00463469665483162
"BANK1",1.25058939928416,7.13499920369442,0.000343081535992757,0.00466689087600881
"PPM1F",1.64282123118093,8.03965891336671,0.000347562340669988,0.00471557330760418
"CDS1",-1.44873412516245,6.80125004077231,0.000348520804691419,0.00471557330760418
"PIDD1",1.33262411256382,9.25529002730426,0.000350535080505213,0.004733870971267
"PTPRF",-2.04013943762659,6.88227830053544,0.000354173972599277,0.00477083948209903
"MNDA",2.85680673120872,13.1032584633879,0.00035588349686884,0.00478116273885276
"PSMB8",1.34455994210946,11.6997784830291,0.000361693790967897,0.00483785327444132
"KCTD18",1.36046393540805,7.74182556196047,0.000362259598562772,0.00484116342262095
"CFH",-1.40396175362655,6.81532808276502,0.000366140778574795,0.00487122192008315
"QPRT",-1.51344292925719,9.56031476321428,0.000366511816240898,0.00487122192008315
"PRKCD",1.76547356626926,12.236422554394,0.000367071299343456,0.00487122192008315
"ALDH7A1",-3.13297381078386,8.54200931767289,0.000368306607477156,0.00488335386792728
"TYMS",-3.85262655415603,7.96831482518704,0.000369496958874587,0.00489486912070097
"TLE4",1.32615700001661,11.3689417042986,0.000371312348313896,0.00490609747450716
"H3-3A",1.1895800873056,16.680640913324,0.000373586247895157,0.00493146158881043
"IDO1",-1.42925010194385,8.42181787739783,0.000377599544133329,0.00495649176417553
"SAFB2",1.21264141797101,9.48602483856074,0.00037773368981322,0.00495649176417553
"KLHL8",1.70506697020739,8.25337439342413,0.00037934984856101,0.00496484724347318
"HS3ST1",-2.99520244814142,7.69396850243094,0.000379962556509201,0.00496859033481679
"PALD1",-2.99569104720783,8.76676749888283,0.000382227875566772,0.00497801371697956
"MAPK13",-2.65404025158192,9.00005525895478,0.000383157870751603,0.00497801371697956
"CD33",1.16882901889932,13.5806728770438,0.000385372184639335,0.0049897584631213
"RRAGD",-1.4544806244537,9.55412682126732,0.000385680588209832,0.0049897584631213
"TNFSF15",-1.19546785836529,6.9475037288322,0.000388588935752103,0.0050166897579949
"LILRB4",-1.44485548638593,12.5618574798445,0.000390591011455103,0.00502822195718958
"HRH2",1.50639921246942,7.50500612819197,0.000394556551531597,0.00505511039232732
"PITPNC1",1.1672316467443,7.05633028682249,0.000396230158974815,0.00507149070364753
"DIS3",1.41731440885163,8.1484425591584,0.000398869742146718,0.00508041125508148
"TXNIP",1.56732488670241,15.597452183821,0.000402328691705598,0.00511223832988518
"RNF213",1.31493102372766,8.68413246792217,0.000402890216267666,0.00511223832988518
"ABHD2",1.19152724609627,7.29483813371313,0.000404047464967906,0.00511299914963079
"SLC4A7",-1.15848886835849,7.98053759988715,0.000404790306164878,0.00511299914963079
"GSTT2",-1.73025716996107,7.43599037138127,0.000410635596845901,0.00514348496213484
"NDUFA10",1.50812221311639,7.35910205670712,0.000417718961900512,0.00519858426561619
"JCHAIN",1.26771587743739,6.94361400546852,0.000419147299982508,0.00520443953042888
"DUSP22",1.47505486255116,8.17043519886905,0.000419216098420265,0.00520443953042888
"HLA-DPB1",-1.13936156501183,16.4028949820933,0.000419958696401935,0.00520940608065304
"ICAM1",-1.73136005002093,11.508079459376,0.000420666956227281,0.0052139389326035
"CTRL",1.89829970616232,7.66361113922739,0.00042462785760437,0.00523619429390657
"MYCL",2.77392668497527,10.6615786105502,0.000425931994761407,0.00523619429390657
"KLF10",2.70023892257791,11.4850564633594,0.00042710447386128,0.00523822970845351
"TRMT10A",1.22784687240725,7.38353218866657,0.000428926128602783,0.0052437445926485
"NOA1",1.30223495997685,11.1142305947873,0.000428933342533847,0.0052437445926485
"ACTN1",1.40197628377489,10.6297417338053,0.000429756996376685,0.0052495938963025
"CREBL2",-1.31623634572342,9.79421786894469,0.000430324605549796,0.00525230866870089
"EREG",1.60256662278501,7.37584659148275,0.000430827650823599,0.0052542316870291
"UBD",-2.62466718942952,7.78835013505323,0.00043122013751787,0.00525480436808636
"IFIT1",-1.7429311007203,11.6852738595233,0.000434695089395582,0.00527676893815758
"CXCL11",-1.18606205427974,6.88429531429256,0.000437120616602634,0.00528324266501045
"SLMAP",1.23114620786161,9.10623745537684,0.000437419961501945,0.00528324266501045
"TUBB",-1.19010463195246,11.0919664505498,0.000437747565940156,0.00528324266501045
"CRYAB",-2.53933412426634,8.04119178416913,0.000438070028970159,0.00528324266501045
"RHOBTB1",-2.80025088618741,8.82488443328672,0.000440734332762204,0.00529438209529826
"UBE2D1",1.29776038104168,10.2844523391974,0.000443671680426507,0.00530789425419488
"C3AR1",-2.26938895117688,12.3480016427433,0.000445511367254475,0.00531031303459255
"CLEC7A",1.58779932950987,9.52987084555024,0.000445552303533673,0.00531031303459255
"MIEF1",1.18930944813669,9.68971499020235,0.000446402232574162,0.00531116830846729
"PDPK1",1.16506590352854,8.22985260500489,0.000446671769235249,0.00531116830846729
"SNX25",-1.25138827765245,7.06893856413579,0.000450791785258772,0.00534120935589043
"ZZEF1",1.14673755110653,11.0147616840758,0.000451668271308734,0.00534120935589043
"ADAM28",-1.64347951151854,8.27663531542258,0.000452007919583836,0.00534120935589043
"ITGAE",1.78422852310477,9.28921443318674,0.000453455758256504,0.00535102694899918
"IL18",-1.20671453479465,10.1139114778421,0.000462041931624008,0.00541348036607865
"SEPTIN9",1.63032714280973,15.251494217675,0.000462160034183516,0.00541348036607865
"MERTK",-3.04825894254901,10.0737382752164,0.000464035230300684,0.0054254424134367
"STMP1",1.4098811023785,7.94255115839823,0.000465425500465138,0.00543639862601675
"BORCS8",1.38733156670456,10.1491463880732,0.000466360285706552,0.00543776798263752
"UPP1",1.56422653277875,10.3335112586998,0.000470421171000228,0.00547373004481368
"WWP1",-1.36408273354776,10.1526565898296,0.000472146650018041,0.00547532183640291
"ENG",-1.37602718139986,10.6007820192778,0.000472953195612553,0.00547532183640291
"MXD1",2.31223943835532,11.5275846740704,0.000473275919586132,0.00547532183640291
"ACAP3",1.36786892295462,8.12147158231748,0.000473438204554828,0.00547532183640291
"SH3BGRL3",1.8449840944495,14.7348079408017,0.000474086255952563,0.00547581196627214
"PDE3B",1.39703948755534,7.88240405917541,0.000478823143591491,0.00550411365664354
"MCM6",-1.93789916755668,8.98766795591138,0.000482440158363514,0.00552897507791433
"CAMTA1",-1.65627877635979,6.84413091206073,0.000485182889197659,0.00554369750482194
"S100A8",3.69586787384553,16.5413970100222,0.000485631265863974,0.0055444526802537
"TMEM80",1.25168290913707,8.25101875007248,0.000488911707346414,0.00555707716391948
"MARK3",1.21277724031345,10.427386332557,0.000491140097763286,0.00556576647301346
"SLC29A1",-1.90121285667688,10.1755629474587,0.000495818302611675,0.00559167841437125
"TMEM97",-1.27593688382503,7.58457902777856,0.000496000406429959,0.00559167841437125
"FES",1.61371605994185,12.6004546611123,0.000504530975407723,0.00565107392730337
"BCL2A1",1.53786311196238,11.1830391883019,0.000504749273794826,0.00565107392730337
"HDAC4",1.51121993035107,8.86445527598511,0.000505326375659777,0.00565107392730337
"PTEN",2.08139224906086,10.9772571902356,0.000510678729674272,0.0056980206316114
"SLC2A1",-3.31536745737749,8.53831164561257,0.00051283403966252,0.00571094659585717
"MUSTN1",1.7606318102646,7.95873200889954,0.000512915110543139,0.00571094659585717
"MS4A1",1.33736431370806,6.6209080049327,0.000514144616621619,0.00571990587387094
"SMNDC1",1.15056837938924,8.93945584380251,0.000515063868290034,0.00572594393929447
"NOTCH4",1.21503187016677,7.82573153336472,0.000518102013578008,0.00575131052736814
"LMNB1",1.42230257234079,8.60670242642861,0.000522636387220234,0.00578475558722366
"C2CD3",1.11652847735747,7.56472081444992,0.000524101115134331,0.00579255935300847
"HLA-DPA1",-1.26975286922206,16.2634481629993,0.000524103213423175,0.00579255935300847
"RPL34",1.12070142033629,16.3036541528933,0.000528875690807124,0.00582414301650597
"PTGS1",-1.28001398938463,10.3743055999449,0.00053635859541754,0.00585987178096979
"IKBKG",1.06104542261693,10.5070730172536,0.000540152997937208,0.00587815386395207
"NUP210",1.31887081118426,7.51249295828922,0.000541194715320592,0.00587815386395207
"DHX33",1.20044160049233,8.12754134826619,0.000541897140798317,0.00587815386395207
"AHNAK",1.73836925422278,14.610231486435,0.000544039240083185,0.00588878915529187
"RIPOR2",4.12901490710727,10.1421741837887,0.000544665470322375,0.0058913744471285
"PLXNA1",-3.75797491613878,10.0536418083265,0.00054539212618839,0.00589197900565618
"UCA1",-3.00052163910236,7.73797322676595,0.000546193444768878,0.00589197900565618
"TBCC",1.28527231654521,9.39409008423478,0.000547817762885674,0.00589611644583534
"PROK2",3.30110113691591,9.23497027934936,0.000550981418577042,0.00591617072531436
"BACH1",1.07872876093586,11.9205250741452,0.000551195626196878,0.00591617072531436
"MTMR9",1.06428360414101,8.75064851405424,0.000552624322701324,0.00591617072531436
"CD9",-1.97414343641462,9.17783713877774,0.000552793174689091,0.00591617072531436
"RGS19",1.79244401707413,10.9152946037229,0.000557361134050329,0.00595429007362712
"MYH9",1.44177385552873,10.5719513993552,0.000558765425069892,0.00596119592096242
"MAN1C1",-1.082859170959,11.5969221824992,0.000558966823262214,0.00596119592096242
"TPST2",-1.12234346012847,11.1151101773795,0.000559744067276061,0.00596119592096242
"CTSS",2.80708008144316,12.5705207227709,0.000569420140755604,0.00602207336621086
"FAM117A",2.10294387502449,10.3491232427469,0.00057069197311484,0.00602408370716434
"BAZ1A",1.07230923917244,9.8675097163103,0.000571561641138811,0.00602795384080378
"SLC46A1",-1.9361750844716,8.97659401578372,0.00057265438634933,0.00603013390554661
"HNRNPA3",1.16205679369993,10.5563259100513,0.000573703216849149,0.00603013390554661
"CNTRL",1.25898971975773,9.68143855558299,0.000574239224430945,0.00603013390554661
"EHD1",1.60519466481087,11.7468043029408,0.000578417802212647,0.00606213124343545
"MPEG1",1.46857885660187,14.3451672812972,0.000578676922844472,0.00606213124343545
"PRRG4",1.52941962520763,8.60884267356116,0.000581908568237143,0.00606378649212819
"FAM53B",1.08912659669921,11.2011646993659,0.000583471415463123,0.00606378649212819
"SERPINF1",-3.70689761750309,11.2741043775551,0.00058537290334367,0.00606791846973934
"SPIDR",1.17349835372772,9.23226347804309,0.000585724902260479,0.00606791846973934
"TTYH3",-1.46731534867104,11.1274096936443,0.000590070860002034,0.0060880580996682
"AFF3",-1.14988497684434,7.19574912855899,0.00059315463702909,0.00610409544727659
"SFTPD",1.04082787375872,6.83604101472446,0.000593314165481669,0.00610409544727659
"ZBTB22",1.07670415209401,7.74386062101638,0.00059405944926107,0.00610409544727659
"STAT6",1.36406760359158,13.0244970790157,0.000594211998710943,0.00610409544727659
"FCN1",5.00016644595342,14.4700137981056,0.000594276311576913,0.00610409544727659
"EIF2S2",1.16759040155139,7.46704144330701,0.000594954741294918,0.00610531154224907
"RHOH",-1.67978497624346,7.7484948805721,0.000596080558426691,0.0061086207092676
"MAPK1",1.238863241968,11.2048954349872,0.00060077324386992,0.00614842496148973
"ASPHD2",1.68625371795973,7.91967519239683,0.000607245483304358,0.0061946999344591
"SEMA3C",1.37953338104221,6.83213864076486,0.00060761168179614,0.0061946999344591
"RC3H1",1.21435080698316,10.8233111119501,0.000609368168197712,0.0061946999344591
"ADAMTSL4",1.08199914804096,9.09521427724515,0.000610294684293782,0.00619908461192937
"YPEL2",1.38221137570714,10.1777135075075,0.000611830457360363,0.00620728325252595
"SHMT1",-1.34362611931724,8.31136561109575,0.000618152632994338,0.00624642208809162
"NPC2",-1.03809366393125,16.3295262508382,0.000619388985054483,0.00625475941879719
"MAST3",1.7915477040108,10.5788103584113,0.000623745309634517,0.00629382317497288
"ANPEP",3.05234526860714,9.68113914286146,0.000630700240316946,0.00634809940037579
"PSTPIP2",2.10754280735084,8.6041385938909,0.0006324109637166,0.0063519635825985
"ANAPC1P2",1.47368586603703,9.91739420374625,0.00063256673424201,0.0063519635825985
"GAPDH",1.08842799338156,15.1973322111058,0.000632815535511689,0.0063519635825985
"ALDH3A2",1.08117988827393,9.8621490140826,0.000634217548213308,0.00635806227635332
"ACVR1B",1.05611373073336,8.07084310485725,0.000636716542953719,0.00636632819542417
"LPAR6",-1.07047685692377,11.6568430405221,0.000639087079278912,0.00636969787317645
"ZNF862",1.33279214670842,9.65051749652093,0.000639385405491917,0.00636969787317645
"SLC35E2B",1.15922603914575,11.3049681797894,0.00064314226695763,0.00638009406730012
"TMOD4",1.4804325005032,7.37350335040983,0.000644274559740531,0.00638009406730012
"MIR22HG",2.46100670397137,10.1983304740465,0.000644386144619476,0.00638009406730012
"CCDC126",1.0926786380593,8.0818966727744,0.000652616863244724,0.00643644439443953
"NFATC2IP",1.27232465547116,8.67688752311252,0.000657038066692153,0.00646743224352515
"RBBP4",1.50651482235,8.74294174457632,0.000660639704323644,0.00647689368474192
"RCBTB2",1.19079713883169,11.1396736682415,0.000660974858930092,0.00647689368474192
"RNF207",1.15120321468915,8.35903486060505,0.000661402938743043,0.00647689368474192
"ACAA1",1.4057212940305,11.2117178246629,0.000663597803499764,0.0064900291933276
"TNFRSF10C",1.89156686283859,9.95813757925255,0.000671368066292128,0.00652879320679851
"S100A4",2.50975757372579,15.4000230760929,0.000672999727506068,0.00653574703442675
"BTBD9",1.45423311483653,9.6459276348843,0.000675171043843453,0.00655264916067085
"DICER1",1.40013475127802,10.7054091894843,0.000676942963207293,0.0065536579871493
"ARLN",1.06982564908906,12.1202752682148,0.000677638306903841,0.0065536579871493
"CASP8",1.35041321384975,7.42687431340486,0.000677756138310164,0.0065536579871493
"ADGRB1",1.0566117489034,7.69455652263867,0.000681097776800622,0.00656409061443844
"NUP50",1.11971330788368,11.4597767382487,0.000685847828011401,0.0065847880351814
"NUP214",1.16549047839584,10.1350529773376,0.000686680644729303,0.0065847880351814
"KANK2",-3.11807899586554,9.29141225604434,0.000690642368822586,0.00660202724719341
"ANXA6",2.3336640576723,10.5038432691046,0.00069343875064624,0.0066159451190891
"NELFCD",1.09855856171395,10.267032753858,0.000702707489266827,0.00668759417820395
"CD28",-3.40218803278585,7.72846234276032,0.000706029673830459,0.00669833357823874
"TREML2",1.27053994041282,8.43199999809252,0.000706203165405602,0.00669833357823874
"ARMC9",-1.4204871950467,6.56062056563014,0.000706478633580677,0.00669833357823874
"KMO",1.02970208949189,8.34064871170984,0.000707292106067969,0.00670186813026895
"TMEM105",1.23772470535727,7.56992620482814,0.000714586122962857,0.0067415792543543
"DSP",-1.13521019563221,6.51638856762849,0.000718812878745606,0.0067563079480613
"PPBP",3.06764385280116,7.70565974419224,0.000720161025243956,0.00676062276043832
"CLK3",1.28610378060855,10.7039206653395,0.00072112082185861,0.00676545679137924
"PSME1",1.21884426312521,10.0737650952383,0.000724100453889601,0.00678174882972291
"HLA-DRA",-1.06633361107082,16.0567112653795,0.000724430917428839,0.00678174882972291
"RAB11FIP4",2.79026983837439,10.5784019266893,0.000728349505769467,0.0068048248401672
"CD74",-0.990834515086274,13.2185477107756,0.000735732029266349,0.00683924981728768
"ENC1",1.3285487485096,7.1644907338097,0.000738878733562891,0.00686011463981956
"CES2",1.37150280785298,8.89618508022449,0.000742587240406066,0.00689015803273139
"ILF3",1.0671229904313,10.6475786116072,0.000744161644720484,0.00689015803273139
"EIF4E3",2.46755576328095,8.14990204492576,0.000744332418695618,0.00689015803273139
"C1RL",1.3285196558889,8.44904454832354,0.000744661861309009,0.00689015803273139
"TCF12",-1.2223054185381,9.01913359618777,0.000744832969871805,0.00689015803273139
"JMJD7-PLA2G4B",1.09769436325554,11.7978733578506,0.000748238415975638,0.00690905272019278
"HSP90AB1",-1.00582984499054,11.0803114233476,0.000749850719809783,0.00691554259967688
"PGS1",1.66244088223842,8.03595275777916,0.00075386708922771,0.00692342932111148
"KYNU",1.53693459269808,9.88986711583829,0.000754347868561396,0.00692342932111148
"RAB4A",0.99449725952542,9.13809355214616,0.000755626161903079,0.00692385621955408
"MCM2",-1.48660465472845,8.34042555509891,0.000755760213339018,0.00692385621955408
"ADCY10P1",1.09274998247242,7.51824217402805,0.000757753021009211,0.00693375929212279
"GNMT",1.38805532903838,7.39213951529102,0.000759216323843235,0.00694297164943351
"MFNG",1.28202156475594,13.4020917260353,0.000762311551264524,0.00694946975347108
"CSTA",3.23480534365962,11.0051491231758,0.000762382127403573,0.00694946975347108
"CCL18",-7.35977899520703,9.5074544401089,0.000762709323213185,0.00694946975347108
"EGFL7",-1.56334936929669,8.41656389810315,0.000763322349679388,0.00694946975347108
"OXER1",1.20159698341341,7.70659332384326,0.000764039546804554,0.00694946975347108
"NRP2",-2.99928107146268,7.90825566543452,0.000765716424985185,0.00696055911008648
"TIRAP",1.00900544661896,7.36881068536462,0.000767892023802033,0.00696441756178942
"CDC42",1.35525370587707,7.62924294737696,0.000767911197635277,0.00696441756178942
"MAGEF1",-1.43150867763498,10.4456488963256,0.00076804408681311,0.00696441756178942
"PSG8",-2.00619620667467,7.6862059356238,0.000768443173351514,0.00696441756178942
"RPS6KA1",1.02818517429365,11.0645601046887,0.000770720328543635,0.00696441756178942
"SECTM1",1.57216514081851,13.7646054423546,0.000772951503633403,0.00698043139385795
"CAVIN3",1.07782108176073,7.66247124234129,0.000775156465348189,0.00698261722207181
"NINJ2",1.08500307101607,9.45586267864018,0.000775275033009614,0.00698261722207181
"PSMB9",1.39838625165963,13.2235247175769,0.00077812770157115,0.00698822721368803
"BEGAIN",1.4357588084929,7.56015418455457,0.000778869353445634,0.00698822721368803
"DENND1C",1.38276465670136,10.6994840079431,0.000780393807717533,0.00699520555840563
"TAF1",0.976795299160527,8.30191533616917,0.000780578323601727,0.00699520555840563
"NUMB",1.35648342772616,11.0002596692955,0.000781436998973805,0.00699520555840563
"NAT8L",-1.50739310133173,6.73686423853622,0.00078148699656307,0.00699520555840563
"RSL24D1",1.11845509598414,10.9621058728812,0.000783610180177806,0.0070018470153608
"SLC39A3",1.13455871007691,7.71969158387806,0.000785021553934405,0.0070077617799178
"CD274",-1.01080543743333,6.65089407446072,0.000788163165237617,0.00701368368457207
"RXRA",2.05888098141377,13.0790059162295,0.000793740038229211,0.00703449796118289
"ZNF511",1.04915019853455,10.5140359764416,0.000799142535167206,0.00705962285209736
"NR4A1",-1.72350477838944,12.194411351518,0.000799360241406605,0.00705962285209736
"G6PD",2.5283619007338,9.51748193311017,0.000803198972192444,0.00707478136167701
"SRSF9",0.956252475523107,10.9835798478653,0.000807455953089426,0.0070936319344506
"TMEM102",0.97083252360235,8.26861529035445,0.000809705609125658,0.00709777111284266
"TMEM131L",1.99761300539693,7.94683557235485,0.000809747033191874,0.00709777111284266
"METTL9",1.96194960251389,10.4692597970119,0.000813398458808079,0.0071223201975967
"NFIL3",1.34604289789182,11.6659926796734,0.000818513029817021,0.0071334934999755
"NLRC5",2.46197803868407,8.99263000264511,0.000819604503712438,0.00713864719883207
"SELENOO",1.09014372369825,11.1798073325338,0.000823687353264531,0.00714211564249612
"TUSC1",-1.3321059344182,8.42100005732684,0.000823830488704571,0.00714211564249612
"PPCDC",0.977261034819483,7.11228167275387,0.000824198642331713,0.00714211564249612
"PROSER3",1.29591115564575,7.83549613905432,0.000825758122816967,0.00714533460576444
"ARRB1",1.03248424723963,10.655151850153,0.000826449472089667,0.00714533460576444
"TIAM1",0.986346530663603,11.0006256846726,0.000828619864063097,0.00715478236722755
"PRPF38A",1.30117871803395,9.78779790327665,0.000833295450365057,0.00717596670959897
"EIF3L",1.45442297461151,13.935746727062,0.000834037490906487,0.00717638708770631
"FYB1",1.12331912951562,12.2148462145363,0.000841432500480363,0.00722558185618598
"RFX1",1.09871090488599,10.4978397920582,0.000844867552029459,0.00724281044603383
"TBL1X",1.91984011976984,9.39610737649987,0.000847856246557005,0.00725665519142915
"CEP170B",-1.88169652185308,8.23738814725338,0.00085324059490816,0.00727358910726642
"PLCL2",1.05872285030352,9.2626650555884,0.000857123175850975,0.00728626565586452
"ADAM9",-1.60674222320712,8.86598138861009,0.000860077434894143,0.00730313468701956
"LINC00265",1.87630696567174,11.6480050907415,0.000862581012172754,0.00730313468701956
"TRIAP1",0.957503096912459,9.46996653074082,0.000869679965863193,0.00732747530240855
"RNF112",1.23646526011508,7.02753722978343,0.000872368242005372,0.00733924675401872
"BCAR3",-2.17719086855477,7.40867573934933,0.00087495543488149,0.00734617492775759
"ZNF281",1.71897576136669,10.0066068810265,0.000875983375582914,0.00734639802425736
"PPP1CB",1.14848635552263,11.8806289190315,0.000880547133965867,0.00736598504584868
"PDSS1",1.35400352694688,8.6146160487842,0.000882393147456646,0.00737736942634452
"RAMAC",0.999512370886527,8.3246249169637,0.000883783273917789,0.00737985880296858
"ING1",1.97188904082311,9.65809975620401,0.000884273297740893,0.00737985880296858
"HIPK2",1.45890334419934,10.120454375942,0.000884746467154488,0.00737985880296858
"TLR5",0.938019627434823,8.23050861110221,0.00089441234172775,0.00743720583358351
"STAT1",0.97334112710481,10.6238032798785,0.000895598694368771,0.00743720583358351
"PSD3",-1.38912291645858,6.67020756219733,0.000897951839562186,0.00744198995970666
"SNX8",-1.50442135297771,9.91716523222045,0.000902883189093277,0.00746252583681009
"HDHD5",1.05963762157871,9.98057740103448,0.000908456262960096,0.00749298340376277
"THOC2",1.05163199542595,9.67155179643964,0.000909977581685624,0.00749449161116811
"ZNF414",1.2300883143145,7.39568454568192,0.000910465758991671,0.00749449161116811
"BPTF",0.968387637303835,8.72417994623958,0.000910693088995178,0.00749449161116811
"ATF3",-2.56631044712735,10.923566272676,0.000912010409567761,0.00750127328756437
"LILRA4",1.59798270047281,12.0718816211157,0.000918232254157408,0.00752396342738462
"CD163",-1.98596270113122,15.3863934529476,0.00092170489463609,0.00753976183015467
"LINC00482",1.66928693196984,7.66344827269606,0.000922504937914733,0.00753976183015467
"ADD1",1.13263599456149,8.30837258612439,0.000922639187658985,0.00753976183015467
"APPL2",-1.93045444107786,9.16403396461311,0.000923721418344228,0.00754455173479002
"IGBP1",1.55398770194053,10.0278349968197,0.000924580372773328,0.00754751385353557
"ANOS1",-2.2876999781771,7.16140220504182,0.000928844040729762,0.0075620236463695
"PECAM1",0.922758832328141,11.6742947543556,0.000931111672631921,0.00757642927629013
"SATB1",1.17527316583073,9.41398455339032,0.000934725811207019,0.00758959430690675
"ZNF213",1.0596887538605,10.1608148793813,0.000937892818472156,0.00760217189740542
"TNFSF13B",1.19782378972421,12.4348283961528,0.000937906179394893,0.00760217189740542
"MLYCD",1.16141663991654,8.12066610973991,0.000938274372135058,0.00760217189740542
"TLE3",1.68863966064193,8.73679355382403,0.000940645196340186,0.0076152333657821
"SLTM",1.08452721348048,11.0826457130644,0.00094305551077675,0.00762871713185788
"EVI5",0.964029720278797,9.25018017643621,0.000946548587444607,0.00765058431412709
"AQP9",3.11229746046019,10.7782972666154,0.000950021136588862,0.00767282073565768
"RAF1",1.15001393614871,10.9951313265579,0.000953778175639355,0.00768094589130823
"MIDN",1.46805772460518,7.85348009763319,0.000960667938685262,0.0077056107655725
"C9orf72",1.56442376712511,10.0672636828708,0.000964860063018728,0.00771844848531824
"IL15",1.48063495274168,10.9335565988993,0.000966408518335079,0.00771844848531824
"GCH1",1.29940047983161,7.17482196888465,0.000966700459033098,0.00771844848531824
"ZBTB8A",-1.39247047623068,6.96564268137709,0.000966836162843981,0.00771844848531824
"IKZF2",-2.30613575282002,7.74013766349723,0.000973189480634334,0.00774072469743041
"PPIL1",-0.935666376850117,9.80831400319155,0.000976219286723218,0.00774279819948599
"RYBP",1.24768368847278,11.5716059184361,0.000976730865745085,0.00774279819948599
"SEL1L3",-1.5624252125254,9.17463281165176,0.000977014054761547,0.00774279819948599
"TGFB1",0.907685968933886,11.0740480996189,0.000979686094458813,0.00775476082779891
"PIWIL4",0.99329937679632,8.73004384641421,0.000980205024583405,0.00775476082779891
"BRD4",1.14499580031906,8.54026948697503,0.000981583021667077,0.00775476082779891
"LILRB1",1.12952688893113,12.6755976175086,0.000985018877776555,0.00777199789278421
"IL11RA",1.4366243419232,10.4514637100295,0.000985297996928456,0.00777199789278421
"TCL1A",2.29941535255743,7.49833605435522,0.000988091114776216,0.00778421417695443
"INTS6",1.4459242240845,7.66332755772493,0.000988683999507246,0.00778421417695443
"GMDS",1.29493035963677,8.10000371734102,0.000993114275821385,0.00780977269378313
"OAZ1",1.02471088500687,17.340628298046,0.000995989279194025,0.00781579203198283
"AHCYL2",0.974993567436186,9.58824039299469,0.00100259576629939,0.00785271727194256
"TMEM250",0.910349411960275,9.24101931816965,0.00100399014091341,0.00785271727194256
"YBX3",0.968523466701837,11.2879567422346,0.00100560553219991,0.00785271727194256
"RUNX1",-1.09617592742305,11.6453214115827,0.00100643008442354,0.00785271727194256
"WDR97",0.901722945669759,9.33547542429168,0.001006820286004,0.00785271727194256
"CCL3",-5.10987341768851,14.645732399437,0.00100689102316465,0.00785271727194256
"PPP6R1",0.953070373298346,9.95877380338031,0.00100819220270341,0.00785832606916914
"E2F2",0.918141582577812,6.98283614607115,0.00100864364065085,0.00785832606916914
"AMIGO2",-1.08925820759159,7.43894835062261,0.00101197844739539,0.00787623757829536
"SSBP4",0.922842084847906,10.1454646481916,0.00102034786478712,0.00790496705434665
"EHMT2",1.09386508392901,8.18812236400186,0.00102221508444197,0.00791022997495831
"CCR2",3.39564625392063,11.3932005632561,0.00102258759407996,0.00791022997495831
"MAP2K3",2.03709697279147,9.65624494693708,0.00102851943761237,0.00794762998527239
"AZU1",1.18503061817778,6.84833612318137,0.00102899023152297,0.00794762998527239
"TMEM167A",1.12989062096346,10.3915558472207,0.00103196604847966,0.00795848867407642
"BORCS7",0.919847736059029,10.5171359082506,0.00103269009820474,0.00796003599264958
"FPR1",1.79424662216858,14.4867281977351,0.00103611409412292,0.00797834083211208
"SIPA1L2",-1.34852860481277,9.56890102241813,0.00103718893891261,0.00798141640410438
"KXD1",1.06294492053836,10.1145507084815,0.00103834895391445,0.00798141640410438
"TM6SF1",-1.04542403668632,9.09589884811858,0.00103896629505477,0.00798141640410438
"FAM225A",1.37426462389303,7.34345441807452,0.00103899407388878,0.00798141640410438
"CXCL16",-1.15471978194179,10.7996585715908,0.00103913759075004,0.00798141640410438
"TRIM22",1.46309488924706,10.5861689070535,0.00104973698293153,0.00805063037641081
"MIIP",1.56781735585548,10.1750122724962,0.00105221658904567,0.00805172072681076
"OPN1LW",1.22607741890666,7.42484938561477,0.0010530908588807,0.00805198882949107
"RPUSD1",0.912187157343147,10.5073190417799,0.0010563850732186,0.00807295166842467
"STK11",1.12625355667203,7.73206121221006,0.00107095688813731,0.00813542075663945
"RPS13",0.914040585495007,16.0980574688673,0.0010744147608542,0.00814135509868991
"KRTAP8-1",2.13178180512043,8.08025991157715,0.00107692369652116,0.00815226699250023
"DUS2",1.91013797623417,8.38303608762826,0.00107692690609764,0.00815226699250023
"BCL2L11",1.04035939541013,9.07417843910952,0.00107819071749151,0.00815371677355091
"GTPBP2",1.12923830496454,7.78898186307025,0.00107972527776844,0.0081572091526589
"FSCN1",-1.40242309506889,7.1811570898442,0.00108162523224421,0.00816750572590361
"CFLAR",0.906436038938242,10.7511392975121,0.00108723252650366,0.00820577283526933
"GGT1",1.17483464378048,9.29430695613822,0.00108852398243006,0.00820737368606662
"NCOA6",0.882201762838519,10.8952076463337,0.00108974352664642,0.00820842969452144
"RBM15",1.11440424449484,8.24318691290154,0.00109117368399931,0.00820950192492183
"PIK3IP1",-1.15787105194898,8.79568181589921,0.00110354174719893,0.00827547479852134
"CNN2",1.37116616220765,11.3931326440319,0.00110537125950749,0.00828053702476058
"PABPN1",1.08569739617309,12.7218435457012,0.0011058502562657,0.00828053702476058
"MAN1B1-DT",1.2635880406673,7.54192960223351,0.00111264383011115,0.00831911866682908
"FUCA1",-2.02517220218184,12.2779589240548,0.00111528504989222,0.00833476906081617
"KRT18",-1.57263089616423,7.383693575952,0.00111716264668258,0.00833738358731171
"MAP3K11",1.08214939839334,11.2825234702171,0.00112105782231709,0.00836147491995996
"GUCA1B",0.895924107791872,6.94540120301465,0.00112175280921664,0.00836244762548775
"PGLS",1.14605909761591,13.1301250184182,0.00112252298563265,0.00836244762548775
"OTUB1",0.913938943078871,10.7284914055777,0.00112604780978413,0.00836416850292001
"CHN2",1.04398942083375,9.96956534954818,0.0011278035577705,0.00837073523990914
"SFT2D3",1.0780211243803,7.42473420073541,0.00113218742781152,0.0083950786943723
"POLR2A",0.876651509197811,7.69486510094874,0.00113735454190325,0.00842517675268613
"CYSLTR2",1.02692968967042,6.55855812333099,0.00113875592276609,0.00842734796760425
"CD302",0.904904125556657,11.8205769249261,0.00114019824197347,0.00843096792764632
"TNFRSF11A",-3.06157160566881,7.43252190032911,0.00114035382871965,0.00843096792764632
"TUG1",0.971535657653745,12.0328295074584,0.00114455529306892,0.00845212315835968
"SNX19",1.11637005918526,7.93734333396013,0.00114917839326065,0.00847560863467891
"CHP1P2",1.42075027324497,7.69024823771093,0.00115064387437078,0.00848230346167274
"PPP4R1",0.971233005950223,8.23729673621397,0.00115185798421987,0.00848713964341847
"NREP",0.952660830585207,10.182495998883,0.00116119292933003,0.00852378308285305
"EEF1A1",1.03291610105922,13.9140037821971,0.00116172592169305,0.00852378308285305
"IL23A",1.2217073461101,7.78669931289158,0.00116177152897391,0.00852378308285305
"IRAK4",1.06332979865623,8.39415577498599,0.00116187548203277,0.00852378308285305
"PTMA",1.07972324495302,13.5080315288087,0.00116600710406155,0.00854903282929009
"SLC25A20",1.48577787122562,8.88216266943731,0.00116704924315768,0.00854903282929009
"DYSF",2.10392928118985,10.9449306745371,0.00116740418274463,0.00854903282929009
"SPNS2",-2.25398611006576,8.83817123492762,0.00116756583287977,0.00854903282929009
"NUDT16L2P",1.34621531239846,7.4849496341524,0.00116845883395825,0.00855017092232145
"TACC3",1.85553039602818,9.50654035918563,0.0011700755451461,0.00855094132175964
"SPTSSA",1.07701536654588,11.6242888808285,0.00117064432801183,0.00855098892430542
"EPCAM",-2.10082044823477,6.95775620461568,0.00117236988350084,0.0085594820875088
"TES",1.7509166948635,8.68418099331092,0.00117794074608031,0.00858688487331544
"SYT6",-2.85277731893781,7.44620941929703,0.00117828145471127,0.00858688487331544
"LILRP2",1.74055779974576,11.8596047916879,0.00118443226115517,0.00860750743161822
"MCAT",1.22835645134616,10.4349803774145,0.00118982980215526,0.00862268099938331
"SPAST",1.41832923204609,9.40666219413605,0.00119857597385262,0.00865935553935899
"MFAP1",-0.953344039358548,9.83871611498214,0.00120217412970561,0.00867299059039986
"TNFAIP3",1.00976945601346,8.1337426475613,0.0012080215352862,0.0087031800480011
"EIF2B1",0.878968811016794,12.0054950287328,0.00121036466343519,0.0087031800480011
"APOL2",0.882390800342366,12.083816867772,0.00121265973855762,0.00871125215094206
"CFAP410",1.14534619894074,7.63433421636514,0.00121320568488265,0.00871125215094206
"RWDD3",0.927493436095152,9.64175502337336,0.0012148552870565,0.00871898027633568
"FICD",-1.02576802109328,8.54029485773586,0.00121647922457473,0.00872651700345869
"HLA-DRB5",-0.866988496031991,16.2389858348911,0.00121899462389086,0.00873216543061765
"RPL7A",1.07504608555361,13.5710005483702,0.00121953735124945,0.00873216543061765
"YPEL3",1.40183858917065,10.5883466089269,0.00122445172696664,0.00875068696602847
"MXRA7",-2.3315430669405,10.3060297131114,0.00122807424045313,0.00877245328737022
"FRMD4A",-2.87655692025048,7.52454026544663,0.00123404905577549,0.00879035973781436
"LST1",1.96591249605644,13.5168905022853,0.00123845071710541,0.00880933512897059
"BAHCC1",1.28785171699888,7.40432628791797,0.00123918919460458,0.00881046716762342
"FGL2",1.95385102132432,12.3698520539771,0.00124082780863309,0.00881172620772983
"CA11",-0.921437689292163,7.18489249405903,0.00124262414976719,0.00881172620772983
"ELF4",1.24836382475134,11.8669308919632,0.00124460239075599,0.00882009000867523
"DTD2",0.924595490753257,7.6589161857337,0.00125359908667394,0.00886319614604246
"ZNHIT2",1.06734220700963,8.14979458326611,0.00125596562799753,0.00886400077308209
"ECM1",-1.08989878871439,6.78579905904627,0.00125604429681693,0.00886400077308209
"MMP9",-2.42321471599811,9.98733880301984,0.00125774136196812,0.00886659014817283
"JARID2",0.9970516938215,10.2140497997806,0.00125816028009975,0.00886659014817283
"HACD4",1.24980826322338,11.1546680627309,0.00125909157171186,0.00886904336386937
"AMPD3",-0.924654074246147,10.340915138733,0.00126055739764673,0.00887525782565344
"ZNF143",0.932699466656571,9.34627787150429,0.00126394492859128,0.00889499050162712
"SLC25A6",1.34055268010296,13.8212187921826,0.00126847887200628,0.00890629117519457
"TADA2B",1.25030058823578,8.26918619213578,0.00126965122790726,0.00891040880203675
"GABPB1-IT1",2.06254755002482,10.305375250562,0.00127254833111609,0.00892250577206708
"TPD52",-1.895351486747,7.32058450326938,0.00127614310629936,0.00893535191556199
"ING4",1.01733348039444,10.539317415231,0.00128616036981945,0.00896011310316731
"TARDBP",1.3123606082942,8.05768682918854,0.00128930556746184,0.0089696976532295
"SSNA1",0.897309739966376,10.9091951234493,0.00129110702439815,0.00897812328625837
"MAPK14",1.54345519543766,11.79825232588,0.00129254046016615,0.00898398323501226
"RPS3",0.905391847159708,13.6667061885777,0.00129584296794688,0.00899460513762492
"LARGE2",1.04252349503402,7.61854606953167,0.00130222424723988,0.00902653890247221
"DOCK8",1.01463535124125,12.5138991358287,0.0013057380221119,0.00903853611300765
"KIFC2",1.3421785851225,8.6710986655143,0.00130948610657309,0.00904834200788876
"AKT2",1.0352872230518,6.87261773633476,0.00132207715179694,0.00910192364170567
"RARG",1.09521531668855,7.74690225469996,0.00132424709652501,0.00910755449479013
"C17orf50",0.893855048296964,6.81996708571066,0.00134188584037364,0.00917186510579878
"CFAP97",-0.847500116887731,10.3359211266799,0.00134465122732066,0.00917781642089141
"SETDB1",1.18356085138916,9.60244105294873,0.00134656887488852,0.00917781642089141
"PLSCR3",1.111777056736,12.7115771698015,0.00134745116970079,0.00917781642089141
"PARP1",-1.4108094331705,11.5302561407184,0.00134875934954868,0.00918149342433542
"TTC17",1.184864217582,8.1154910999986,0.00135053924186207,0.00918149342433542
"C14orf93",1.40815665162955,9.34022060965317,0.00135182443982899,0.00918586387576898
"GAS5",0.943992658188181,11.6908332550836,0.00135239013794363,0.00918586387576898
"SDK1",-1.01948835325304,6.4749369341194,0.00136163678145288,0.00921555939730773
"PCNX3",0.87124821895595,7.46107473082039,0.00136299870501586,0.00921555939730773
"SYCP2",0.962904329769078,6.54024508683247,0.00136332971830902,0.00921555939730773
"PPP1CA",0.861247197032989,11.8423453095725,0.00136426363369114,0.00921555939730773
"IPO9",0.887178508814097,8.34917691164231,0.0013643485224726,0.00921555939730773
"RMND5A",0.872154247836647,8.6463083941236,0.00136463344678017,0.00921555939730773
"CDK4",-1.09132065625431,10.3748566735763,0.00136547182781847,0.00921555939730773
"NAGS",0.964316319247263,7.08058276625475,0.0013659358098157,0.00921555939730773
"CSF1R",-1.16912643984025,16.8156793905922,0.00136742575737904,0.00921800129353744
"RPL32",0.852937646867284,16.3812018006612,0.00136917047021918,0.00922158747169766
"FAM120A",1.07039619934271,11.791529035829,0.0013747874576335,0.00924304494062345
"EPHX1",-2.346739608146,9.48245952311682,0.00137630147419275,0.0092491351389851
"DMAP1",0.863199686610701,9.60558197223841,0.00138071188785183,0.00926945267744942
"SPRY3",1.07011005701106,7.00370640381414,0.00138420994426273,0.00927768392787464
"RNF7",0.981968662970476,10.7704609544319,0.00138609798347619,0.00928449561569805
"FCGR1BP",-1.28521559251544,13.0457172872412,0.00139210778085858,0.00931384938928739
"MTHFS",1.46394018328506,11.7140947723805,0.00140278557807205,0.0093650408565934
"SMAD2",0.979645095737322,7.53076177691418,0.00140390031745103,0.00936837035006371
"PRICKLE3",1.09976109966493,7.639265859939,0.00140587703630463,0.00937744647724594
"CXCL9",-2.90349616869463,9.35626824896945,0.00141364737162425,0.00941685537695686
"TGFB2",-1.55701011966772,6.73523330375087,0.00141648420617005,0.00941685537695686
"PTAFR",0.973583298084515,12.767958950862,0.00141670605259796,0.00941685537695686
"RMDN2",1.4418607993051,8.10253141815033,0.00141905390805206,0.00942812225148787
"ITGAD",-4.84078126102105,8.40612625217731,0.00141990973940095,0.00942968878463306
"CHPF2",0.835627908566915,13.5281139233658,0.0014222663964752,0.0094399226549378
"ABCG2",-3.44236259322264,8.11843741840404,0.00142590403705797,0.00945298543835115
"GARNL3",-1.40791415731055,7.14002802705587,0.00142917034500304,0.00946638615279015
"IRF4",1.08302685706727,6.85455038049061,0.00143787359298737,0.00951574482252044
"ECHDC1",1.14936061929472,10.3325221337541,0.0014387050551952,0.00951710590665883
"TIMM17B",0.994512935002379,10.0877388742544,0.00143958880523292,0.00951881154347056
"STOM",-1.53746151842633,11.5766353691896,0.00144700449469774,0.0095632926860727
"CHI3L2",0.990180134129998,6.70099559865508,0.00144820246291593,0.0095632926860727
"BCR",1.83009048855932,9.24496863591118,0.00145399756701624,0.009581674451417
"GPHB5",0.85848102902999,7.24471219538653,0.00145413628576213,0.009581674451417
"TSC22D3",0.865331777292729,14.7658251856786,0.00145887531137421,0.00959626978173832
"ASB7",1.04650952600621,8.0014635876904,0.00146140012987751,0.0096087216494497
"CIMAP1D",1.17121940008347,7.07381738182902,0.00146499846057764,0.00962405900149666
"ATP11A",1.22787055164039,10.6482092410861,0.00146621270796272,0.00962787688372069
"STN1",1.08799112388886,7.39425965143116,0.00146700052393418,0.00962889251963361
"ARHGDIB",0.888112928467369,15.8901664131242,0.0014714725350413,0.00963744802450822
"CORO1B",1.46905800824351,11.1458542099772,0.00147630041759419,0.00965659215086986
"TAPBPL",0.949784450028892,9.65783192392243,0.00148359160283543,0.009675154843877
"CMTM1",0.985836484231137,6.89795064142467,0.00148679103521323,0.0096830454980036
"ILKAP",0.954304071799291,8.55037773049323,0.00149066471884123,0.00968527050806976
"HLA-DMB",-0.949774884412743,15.5506797876379,0.00149087442526245,0.00968527050806976
"LY96",-0.958711435898266,12.7027799817877,0.0015055009493435,0.0097636070096443
"FCGR2B",-1.39494843727064,10.0641004393881,0.00151107594108721,0.00978307488806058
"LOC100132287",1.4322744000532,9.28989758742019,0.00151733889437399,0.0098110926469556
"GDI2",0.821092075767674,11.5852620557041,0.00152175326577124,0.0098281712045035
"DCLRE1C",0.969509214547703,9.47235511518805,0.0015295043940317,0.00984371681101741
"LRPPRC",0.812911371768315,7.63472988625517,0.0015419605430786,0.009915490883357
"ETV5",-1.94815369303583,6.88621093181514,0.00154436439583694,0.00992255755466338
"SMC1A",1.57951605957102,9.1913755073299,0.00154607097778499,0.00992932746205831
"FGF7P3",0.997235053465738,7.33252946820592,0.00155123998305294,0.00995831897942979
"RPAP3",0.808070848127779,7.97827714151708,0.00155597188526761,0.00998106115872217
"RPF1",1.2828911668095,7.47159261811993,0.00155778217554751,0.00998346031425475
"PPARGC1B",1.40872556041518,7.62638045278977,0.00156367808471011,0.00999720481159207
"CENPB",1.05920792407402,9.48124663536302,0.00156748299891101,0.0100118779703648
"DEFB4A",1.10822098635315,7.51786360400094,0.00157569868764792,0.0100390555683911
"CXCL5",0.956322977226738,9.90234708528247,0.0015889066621445,0.0101062703964423
"HNRNPDL",1.39073682590695,10.2406735932746,0.00159269020721256,0.0101176410489927
"CSAD",1.57919432758829,8.55159462508764,0.00159389339066551,0.0101200202050598
"HLA-DQB1",-1.08463171732906,13.8498905787657,0.00159439560831952,0.0101200202050598
"TMEM237",-0.973394226220013,7.5610172878475,0.00159848667236532,0.0101280473076072
"RHOF",1.26797664068384,7.44603739041364,0.00160072570309277,0.0101280473076072
"ZFPL1",1.00478658705708,8.46161906595924,0.00160328246970796,0.0101364278633127
"U2AF2",0.96634393235996,7.67896459055622,0.00160403828953781,0.0101364278633127
"CAVIN2",1.01976715847197,6.87725335062323,0.00160431232686702,0.0101364278633127
"HLA-DMA",-0.906870260873742,14.2161395874662,0.00161178395858046,0.0101667401252972
"PADI2",1.4054467726385,7.95361241997431,0.00161553126625851,0.010181930997621
"ATG2A",1.21036482137755,8.89859962695352,0.00161775550443954,0.0101846835040019
"ARHGAP1",0.847835562179831,13.6852585830885,0.00161982419625536,0.0101871836254849
"APLP2",0.976776897650903,12.3933391725142,0.00162038382364861,0.0101871836254849
"GNB4",-0.867399417529356,8.83583170743121,0.00162268894725718,0.0101974601280525
"TANC1",-1.11076050657633,6.6020981390063,0.00162542442900182,0.0102020035973008
"GMNN",-1.06204948246907,9.01614783641051,0.00163442383941733,0.0102240512201868
"CDYL",0.937636360097146,8.61390697828189,0.00163575060767302,0.0102240512201868
"SLFN12",0.815386895156175,8.21405285777267,0.00163931345617613,0.0102305560131579
"SSR2",0.791738698040943,12.6420061640016,0.00163939143898381,0.0102305560131579
"RBM3",1.11317395148157,11.9296232884595,0.0016407773640154,0.0102350049843914
"LIME1",1.04861225155846,7.8738630785555,0.00165063265923705,0.0102796156763624
"SOX4",2.39691057196674,11.2906951496267,0.00165996917849366,0.0102983210773314
"RNF31",0.943688174681574,10.9083964215755,0.00166104087910775,0.0102983210773314
"IGLL1",1.40978571107398,9.20229951949183,0.00166108506067161,0.0102983210773314
"AZGP1",0.996250445694924,6.86555406209819,0.00166393183106768,0.0103024539529533
"CALM2",0.891061256672082,14.8833717473211,0.00166394265651534,0.0103024539529533
"DDX28",1.24483691623055,11.8825967826807,0.00166513737436947,0.0103024539529533
"PCLAF",-3.17460903016082,7.89223781474136,0.00166513886220143,0.0103024539529533
"JAK3",0.981977060395797,12.6472739929642,0.00168426075379933,0.0103869576414356
"LYN",0.789975388827244,13.7696774286315,0.00169365118208321,0.0104364048529665
"MALT1",0.906549212118796,7.11232262029637,0.00169571664467975,0.0104382922969714
"MLST8",1.03143048696878,8.40875612757898,0.00169738932472451,0.0104382922969714
"F11R",1.24077673076273,8.12295861004375,0.0017012056635365,0.0104448670694643
"CD46",1.04576857175903,7.32893276749201,0.00170542718236574,0.010455296499675
"ITIH4",1.1869074947386,11.5429635555159,0.00170565430140016,0.010455296499675
"CMTM5",1.06868416920909,6.53668916378619,0.00171887785050679,0.0105193941048319
"ZNF823",-0.871948181577358,7.48454655311362,0.00172539195819533,0.0105507683555426
"AKIP1",-1.28898837586437,11.9900316259119,0.00172788937307516,0.0105617932418517
"FCGR3B",-2.5989953807644,11.6043130826444,0.00173747621623034,0.0105983510784984
"SCLT1",1.74263625124348,10.7132348208972,0.00174915055097342,0.0106191942431951
"RND3",-1.65723341762585,6.80659863601789,0.00175841759267546,0.0106626853067816
"GNL3L",0.907102343649453,12.1683192262027,0.00176131134321338,0.0106674722849817
"CHRNB3",0.824141084444172,6.51773641511283,0.00176484233662376,0.010684602808668
"NOSIP",0.863779240913861,9.70632090559799,0.00176855171550281,0.0106900375553922
"CUTC",1.04641711170334,8.81846119871375,0.00177102549986879,0.0107007373071135
"ERAP2",0.849003758477319,10.3393964928597,0.0017768834139613,0.0107233503807633
"CNOT6",1.05905734523299,7.47316142202771,0.00177846405068374,0.0107286320042833
"MVP",0.967745747498979,14.056191111463,0.00178709630773212,0.0107599973560769
"ARHGAP5",-1.09760048506259,8.04542024739255,0.00178782338904253,0.0107599973560769
"ANKLE1",0.877509178756647,6.73085640512985,0.00179756407766226,0.0107967434806823
"ZNF417",0.780582611338814,7.86524303047351,0.00180042733461711,0.0108096718929558
"ERP44",1.29500086397058,7.25910134398514,0.00180534590583329,0.0108221129428115
"PMAIP1",0.980274138799332,9.33244859996127,0.00180725534850609,0.0108292905201263
"KDM6B",1.76787879424911,7.91524029924917,0.00180821245774517,0.0108307581951117
"ITGB2",1.00302882740219,15.8035509061077,0.00181086549469103,0.0108338483254371
"LY75",0.79902504222679,9.21782364594733,0.00181705183985499,0.0108568535787815
"PROSER2",1.43926251240736,7.90669254940098,0.00181828025152265,0.0108568535787815
"NCK1",-1.38882187105673,10.6975870866363,0.00182050433998551,0.0108616045517849
"CD55",1.4763177706763,10.808715636365,0.00182201065548367,0.0108663286465081
"RPL18",0.887386324780538,16.0068372920436,0.00183718247497651,0.010926817004084
"CRCP",0.829435179405491,9.22704043907769,0.00184350075333898,0.0109461332647577
"TMT1A",0.871821476536682,10.112929161797,0.00184402902579624,0.0109461332647577
"PWWP2A",2.04501257410945,9.48629367596257,0.0018545259228542,0.0109741751886251
"PKP3",-0.792679171542651,6.73387667008241,0.00186254590468892,0.0109983523582835
"PLA2G7",-0.936357144030599,11.6110173173734,0.00186893473381377,0.0110236073091623
"SAPCD2",1.76367652884858,8.386061758562,0.0018694581371146,0.0110236073091623
"TUT7",1.01070271982204,9.2141594238865,0.0018722142993684,0.0110250267354397
"ITPRIPL1",-1.09398458246817,6.9665056675906,0.00187364020243563,0.0110252630004591
"TRAPPC1",1.06988008885043,10.69719661533,0.00187602740220225,0.011032724181242
"SWAP70",-0.930415304760553,9.47418816854459,0.00188376374150736,0.0110653839246211
"ANXA11",0.813296595097696,12.9053856995345,0.00188695838958095,0.0110786180237059
"AK3",-0.807734333652396,10.5939019717152,0.00188747365198725,0.0110786180237059
"C1orf159",0.913428298724493,7.81904966432592,0.00189023083622073,0.0110843057740055
"C1QTNF12",0.845526206502017,6.96555797820673,0.0018986516187434,0.0111184804843472
"HNRNPD",0.789289659955079,13.5320675504651,0.00190323791954528,0.0111367611698517
"GMPPA",1.01686498202568,8.90788917609824,0.00190585168896252,0.0111434803866751
"CLINT1",0.783473161771272,10.7952084855333,0.0019081840171375,0.0111485449606712
"SLC22A5",0.936286359612633,7.76472229337811,0.00192316527653706,0.0111973573987655
"DACH1",1.33765169045155,6.74664074941664,0.00192986110737515,0.0112277458764198
"CSNK1G1",0.788362711957367,7.47419000807883,0.00193315299357573,0.0112317239639322
"TBL1Y",1.67091381109764,8.91590821170257,0.00193327273883988,0.0112317239639322
"LAG3",-3.07295117069058,8.00120536344768,0.00193497611687942,0.0112317239639322
"SFXN5",0.862883289954687,6.62183488657686,0.00193813065879097,0.0112371677693073
"HMGCR",1.23999622112896,10.2263751655644,0.00195226900302484,0.0112933081011798
"GPCPD1",1.11459078828063,12.2749234574557,0.0019554300476227,0.011303083154881
"C7",0.767827996356242,6.88162500482634,0.00195576478750876,0.011303083154881
"SEMA4A",2.02261181959318,9.64964413145733,0.00195627453105831,0.011303083154881
"TCF4",-2.02300432207747,11.3103424295458,0.00195693174295118,0.011303083154881
"ZDHHC20",1.70814203217988,9.91709826102916,0.0019601362298682,0.0113129987794443
"SPECC1",0.756993753079568,7.13022062914201,0.00196203529832694,0.011319663435871
"NPLOC4",1.74884139721653,10.8688976973919,0.00196629384215067,0.0113270442240256
"CKLF",0.795609960785,11.9175622227482,0.00197087323519452,0.0113451578385985
"RBM38",0.896928461700537,7.24999514742717,0.00197316823271259,0.0113451578385985
"ALOX15",0.764773203050449,6.77867102679758,0.00197835810977665,0.0113621110775994
"MAPK8IP3",0.805573998233654,7.10933146473738,0.00198161548019709,0.0113748543038421
"ACTR3B",0.871827255909441,7.67470604438158,0.00198986216903401,0.0113894707815842
"TADA3",0.996449649877726,10.2817387301825,0.0019959947280208,0.0114043075307519
"TMEM14C",-0.797682421860093,13.0620868305507,0.00199620375110874,0.0114043075307519
"DHRS7B",0.783607780756782,8.74392997845228,0.00200158018856528,0.0114307290678561
"SLURP2",1.60167623417227,12.0129878977024,0.00201044397882331,0.0114598320951818
"KDM1B",1.10624935365646,7.33372660059042,0.0020130825321789,0.0114705729297028
"OSGIN2",0.886307386443645,7.52683223454533,0.0020147184216062,0.0114755946650888
"FCHSD1",0.96902415232657,7.04010569836347,0.00202381958394502,0.0115097534305384
"MYLIP",0.764670423908589,11.1124217145955,0.00202449963352776,0.0115097534305384
"CHST4",0.79305148630424,6.93291187306516,0.00203071154097139,0.0115332736561707
"MTRF1L",1.27450064993917,7.97500562519198,0.0020321999874509,0.0115332736561707
"MMP28",0.980396883734586,7.57222779683462,0.00203326913838314,0.0115332736561707
"CHMP3",0.883338575359442,7.20517240920272,0.0020344562320377,0.0115332736561707
"CCM2",0.769818507065169,11.5868301713478,0.00203470365725316,0.0115332736561707
"RGS2",1.84944508591665,14.5994428018893,0.00204028268200594,0.0115500258243839
"SMURF2P1-LRRC37BP1",0.866232509238861,9.53182451328231,0.00204296998623036,0.0115500258243839
"STYXL1",1.20268361455661,9.03827682565971,0.00205043114904229,0.0115609529667308
"LAMB3",-1.67243612433913,7.86084425980318,0.00206119789415719,0.0115927135999788
"SLC26A6",1.83561865032977,10.0039503389839,0.002067517001746,0.0116153670345597
"JUN",-3.55242818616121,11.1503030436034,0.00207108696758602,0.0116268330022326
"WAC",1.07317844845227,12.8459601091243,0.00207291262742245,0.011632051895938
"NMI",1.04146463231626,11.001415588804,0.00207986591284475,0.0116466775998222
"ERN2",0.829004626840618,6.85080767969873,0.00208246233770748,0.0116546918346781
"FABP5",-1.73090664139554,9.41131491005234,0.00208294663378847,0.0116546918346781
"PLD4",-1.33765914539409,9.11746768726199,0.00209157571134066,0.0116943689037018
"EIF3H",0.94779234099082,15.381173487902,0.00210291230959079,0.0117318746897494
"ENTPD1",1.17558020126843,9.45445892207478,0.00210382875978667,0.0117326834539185
"FOXO4",1.51924835555328,8.08551138937336,0.00212512606673072,0.0118211109081349
"CEP19",1.32197431670906,7.21512359632885,0.0021301083533393,0.0118401636833275
"FNBP1",1.05167066950388,11.1447529687843,0.00214483052106124,0.0118772098747283
"GPR68",-1.58284029674662,7.23145295320908,0.00214665279297991,0.0118772098747283
"KLHL42",1.00673504946067,7.62966260984408,0.00214741933373951,0.0118772098747283
"FGFBP3",1.51564239107545,8.56368189140325,0.00215948653769742,0.0119311758563793
"KCNE1",1.44212091011256,7.43930064972147,0.00215981898557419,0.0119311758563793
"PIAS1",0.869332746554704,11.7302509013743,0.00216125996552195,0.0119348008553587
"ADK",0.754514006679668,9.0001680202392,0.00217083938717118,0.0119638116349041
"CTRC",0.890242140197979,6.61059564032331,0.00217190643254097,0.0119638116349041
"ANAPC5",0.771358393233971,13.1340564057513,0.00217193664378047,0.0119638116349041
"CDC34",0.809738226068243,10.1006848326563,0.00217796242549966,0.0119697440954972
"BTBD2",1.08689524608478,9.84710814985677,0.00218214110461172,0.0119805061079188
"RPL3L",0.759709362142534,6.90209181307324,0.00218654611654278,0.011991546442548
"MBNL3",0.82997154697962,9.81840122996968,0.00219276268462546,0.0120092730042577
"SMDT1",1.06121609844173,6.88803357835991,0.00219318068968883,0.0120092730042577
"ELANE",1.4719047976927,6.86630899549226,0.00219369808034112,0.0120092730042577
"EIF3E",1.34644556104619,14.2232749063003,0.00219937575625493,0.0120171525401026
"MCTP1",0.844457914948394,8.49002197368146,0.00220046406317544,0.0120171525401026
"PAK6",-0.866859871253192,6.59895709749115,0.00220629603187934,0.0120392357563046
"TBXAS1",0.782696150403137,6.85968859772898,0.00220761485197103,0.0120421114306942
"LRP8",0.755383503747988,6.7853550707943,0.00221399537823809,0.0120639346872966
"CTDNEP1",0.829100567593121,11.964495741709,0.0022152355749728,0.0120659342624672
"PSMG3-AS1",0.820420840850767,7.37104383508507,0.0022250729672271,0.0121026143367631
"TMEM26",-1.07570088073321,6.41576672183696,0.0022274056837885,0.0121109709113534
"XCL1",-5.06647570862237,8.66293055695702,0.00223201653202134,0.0121181400621157
"PSD4",1.56160508670387,10.0920321379764,0.00223270834127093,0.0121181400621157
"RABEP1",-0.789863019577979,9.74956846749441,0.00225186075129786,0.0121916334303089
"SERPINB2",0.814097805446072,6.30123171543965,0.0022539800165938,0.0121987644456792
"CHURC1",0.806077941607813,8.6655767589768,0.0022576275236728,0.0122046517492128
"PABPC1",1.24244835703198,16.568032242905,0.00225827788152846,0.0122046517492128
"THUMPD1",0.835200769695087,8.60380650705614,0.00226183226374409,0.0122151793561861
"VAMP1",0.824454341723483,6.68055426847195,0.00226538686574946,0.0122265459985527
"ZNG1B",0.841715473525364,10.9349498771314,0.00227044824976121,0.0122284145629097
"IL1R2",1.30736736618372,7.13378637147039,0.00228139930861419,0.0122685716709352
"SLC30A1",1.0472624851575,10.0536807907088,0.00229149838517985,0.0123141722409241
"SCARB2",-0.773035025035627,13.0806782996192,0.00229759366951802,0.0123164626457631
"NIFK",0.729343010298447,9.85370185232464,0.00230309169878944,0.0123415851145841
"TMEM242",1.06353777908485,7.76686198114509,0.00231556799940274,0.0123866191118245
"WDTC1",0.799002292048364,9.0253733363542,0.00231741367491813,0.0123877775634991
"GATA3",-0.893533267147499,6.39063028490495,0.00232190510590018,0.0123987123772928
"ATMIN",0.966725786142022,8.77487457541336,0.00232413055578959,0.0124018868394555
"ZC3H6",1.05284710927927,7.87984746869057,0.00232515605693519,0.0124030071251737
"WASHC1",0.841070367304194,13.9069560878086,0.00232863761162819,0.0124172232810805
"BUB1",-1.63676803626495,6.76738879638419,0.00234197668413844,0.0124708618390677
"C16orf54",1.0257682478254,6.8871589308948,0.00234672049164563,0.0124901170407968
"CLDN23",-0.833837657453981,8.57265561924393,0.00234723530395826,0.0124901170407968
"LCOR",0.911415034216101,8.21397105735424,0.00235008079190496,0.0124971567401201
"SLC25A3",0.919273631144836,14.6529496718248,0.00235075081142417,0.0124971567401201
"AIMP1",0.867719794324907,7.59578452786043,0.00235666824643792,0.0125184109995906
"TIGD1",1.01197903160825,7.21102734687789,0.00236280868717305,0.0125365957632612
"THOC5",1.21531775440099,9.24716274365757,0.00236338900928919,0.0125365957632612
"ARPC1A",0.776613144518609,10.9885190670635,0.00238187223560729,0.012599482768388
"MDH1",-0.718287514582256,12.7955804853757,0.00238517589167793,0.0126038064491445
"RARRES1",-2.61521664953599,7.41296356106381,0.00239027257035914,0.012621967100702
"SLC12A4",0.808859574810099,8.82370761126374,0.00239347437430035,0.0126261214745897
"CD7",-1.13608495243772,7.89369973290901,0.00239846698250855,0.0126301543871156
"VCF1",0.87419797673445,11.1850315643117,0.0024020698924734,0.0126447486759209
"ARFRP1",0.740018715960584,8.55173792878158,0.00240294519130524,0.0126449794011661
"KLHDC4",0.843787196941631,7.66061688266219,0.00240607701522001,0.0126531623025228
"PGPEP1",1.05948677628932,10.1999904151578,0.00240699622180421,0.0126531623025228
"KLHL36",0.881394472959667,9.47047561778183,0.00241220997577039,0.0126734791418105
"ERC2",-1.83317501655483,6.83411728845304,0.00241594346540886,0.0126783773697142
"MTDH",1.17886124330882,9.21804821702162,0.00241596117947342,0.0126783773697142
"AMACR",-0.827306964508664,8.08544310970312,0.0024225067420356,0.0126995803284651
"SLC41A2",-0.920129981679301,6.57496451632362,0.00242944425937918,0.0127271747491004
"SLC31A2",0.812015040501411,12.3227865620727,0.00244167435815,0.0127692515951668
"PTTG1",-2.14508165888159,9.19964362779729,0.00244459236740996,0.0127801171273876
"DOT1L",0.812011816819001,8.05364210739542,0.00244544793224909,0.0127801966163725
"ALOX5",1.04909160387428,14.8294378259026,0.00245141530691719,0.0128005143965538
"CREB3L3",0.773021168139091,7.31327091521774,0.0024616010835107,0.012838144471204
"TP53INP1",0.721335235384457,9.46479809076391,0.00246245877556606,0.0128382149670239
"SNX21",1.45218784767192,8.49716755518917,0.00246542114938734,0.0128492545715842
"SMPDL3A",-1.4851813408327,10.6201312371505,0.00247620718028043,0.012883393362198
"HLA-DQB2",-0.840513254019022,12.7894674636845,0.00248606875718875,0.0129167794304986
"ZNF408",0.893374619409005,6.89923494192321,0.00248753182832882,0.0129167794304986
"PER3",-1.67333509417675,7.63193479248536,0.00248824716699124,0.0129167794304986
"ERAP1",0.72649495834651,6.68032212471146,0.0024911867232548,0.012919709094806
"FBL",0.774787620094841,14.3553152235755,0.00249168245496226,0.012919709094806
"LMAN1",-1.29191854820723,8.09448246354946,0.00250627429116706,0.012977670895495
"WWP2",1.30151550399145,8.63007784566771,0.00251162564373737,0.0129965303810677
"DUSP9",0.732694458107996,7.78024792381935,0.00251922276481755,0.0130116115977194
"NFATC3",0.803016738596244,8.67406368033041,0.00253347785106702,0.0130518736988575
"ADAM10",0.861642797110856,8.76436483422118,0.0025377759622459,0.0130695891750205
"TXK",-1.1303394198587,6.90541305016368,0.00254050858023568,0.0130742983025492
"IL32",-2.16159275756107,8.34269441479786,0.00255351592898041,0.0130978583288215
"ABCD1",0.844348259302095,9.54995417806709,0.00255477596516214,0.0130994716379588
"GZMK",-1.43571177054473,7.26423947769729,0.00256201151746611,0.0131277193927307
"RIPK2",0.855112034167935,11.0974617695785,0.00256863451568789,0.0131551920837731
"CERT1",0.771851129856667,10.6683184141501,0.00256910313577104,0.0131551920837731
"ZG16B",1.72918624467458,9.16326137089067,0.00257177182197252,0.0131644247285621
"CWC22",0.699703929384748,8.81678637085479,0.00258138176274356,0.01319488882311
"STT3B",0.702588579632607,9.99627485514197,0.00258336216658648,0.0131971017230256
"MAP3K20",1.98646244665311,9.14127788636204,0.00258559772550999,0.0132040867056937
"DNAJC9",-0.824061507360375,10.5632946368408,0.00258754899746906,0.0132096156943637
"FCGRT",-0.987360834621296,15.9433992682917,0.0025897840197955,0.0132165890513591
"SMC5",1.04267521488056,7.20085196759933,0.00259673892301033,0.013225453965553
"RBM4",0.831564292985168,9.17972993214336,0.00260531251129238,0.013254922380821
"KCNMB1",1.21035463520679,9.80928327936445,0.00261179053920734,0.01327543800811
"EIF1AX",0.72946876902556,10.2054513163495,0.00261611820090079,0.0132926577950528
"HOOK3",0.748029277729024,9.52223286396298,0.00262426256473413,0.0133210230589041
"MCF2L",-0.80767925986727,6.40214092326268,0.00262999597154559,0.0133313168729102
"SMIM11",0.795779857756851,8.13733349423143,0.00263057123141179,0.0133313168729102
"LRR1",0.748256363416652,7.32413764309572,0.0026315126461196,0.0133313168729102
"ZBTB44",0.827665845297376,9.67095035251247,0.00263155005605447,0.0133313168729102
"DNAJB2",-1.16402806555942,11.9294990443954,0.00263244954531622,0.0133314327955941
"CARD8",0.834397591928515,8.61461857194643,0.00263694500979847,0.0133441937409908
"CD109",-0.811722557867213,6.43800762097555,0.00264287391156266,0.0133575362070605
"NEURL3",-2.54163005726421,7.2650276970865,0.00268309665781885,0.0135087958963571
"PTGER4",-1.03321983430551,12.6561127320191,0.0026858777415331,0.0135120174307759
"WDR83",0.846991501712847,9.06895232192077,0.00268887242536914,0.0135181394528972
"POGLUT2",-0.757054907606607,6.29635481351857,0.00269090455064743,0.0135194173790044
"GZMA",-3.67974635687027,9.55647933196415,0.00269302198129016,0.0135234108493034
"SRF",1.14432502904069,11.2597692619561,0.00270688397084537,0.0135615915230844
"GNPTAB",-1.06640763190454,10.1738530445398,0.0027079247326308,0.0135615915230844
"SDR39U1",0.755876899459109,10.8776138824292,0.00272096430894083,0.0136075058238646
"GSTZ1",0.981840655616811,8.80327849542257,0.00273310769588291,0.0136509564173845
"DHX57",0.810802517578611,6.68471036639151,0.00273414079743248,0.0136509564173845
"MASTL",0.87076359958107,7.74014083076154,0.00276023555493972,0.0137586569385524
"BIN3-IT1",0.992550195301862,7.11382169316263,0.0027613027659062,0.0137594667312915
"IL1RN",0.840940155774829,8.02246863212422,0.0027755535138835,0.0138053208634761
"C1QTNF2",0.7988939501335,6.95335278055683,0.00279022312597777,0.0138626962756844
"FAM156A",1.1049622681165,12.9163581649837,0.00280276052745898,0.0139022772673177
"ARVCF",0.691211299412058,6.90453412582721,0.00280490981338218,0.0139084018395553
"CD93",1.11617374578433,11.5292688775251,0.00280950336523168,0.0139221007424058
"RPS10",0.691879658984211,15.0933880193797,0.00281324419246178,0.0139360969638302
"MIOX",0.806729751245976,7.2536986789737,0.00281977830983897,0.0139498057734935
"RBBP6",0.938153625646826,8.43028550178018,0.00282043764466564,0.0139498057734935
"TPX2",-1.41868290592105,7.36247702089146,0.0028263416927581,0.0139691272224456
"RCOR1",1.19005910037492,10.4361687654095,0.00282928334213164,0.0139788501823722
"VPS33B",0.725906156813261,8.86393710109385,0.0028356914640928,0.0139871352575342
"BACE2",-2.36619197200371,7.74641086020098,0.0028374583714814,0.0139871352575342
"SOX9",1.2441937758192,6.64470535276297,0.00283918243950606,0.0139871352575342
"CNPPD1",0.782888154569358,9.90561788319923,0.00284955566109113,0.0140253175395267
"DNAJC21",0.936656009478073,6.90249966232453,0.0028522063335231,0.014033113529673
"NBN",0.760477996854533,7.97233319257954,0.00286119387633463,0.0140727802300443
"EPB41L3",-0.805494797676636,10.6880071861555,0.00287024682186779,0.0140931003509596
"HLA-F-AS1",0.754410070389707,14.0697179028074,0.00287090870922326,0.0140931003509596
"SLC7A1",0.689918298709291,7.68905526337608,0.00288355212261409,0.0141324720208557
"KLHL5",1.0188039269349,8.02429763014646,0.00288519460068192,0.0141328926373163
"EEF2",1.53718019398715,14.1100455654637,0.00289013387285291,0.0141328926373163
"NOL10",0.767033128237486,7.22370864688757,0.00289090226756545,0.0141328926373163
"PAPOLA",1.14964822023484,11.3327257596573,0.00289142991268282,0.0141328926373163
"FLT3LG",1.08716928864209,8.07033530776791,0.00289328249110202,0.0141328926373163
"CTNS",-1.31641115234445,10.7398077749027,0.00289338033856592,0.0141328926373163
"ADORA2A",1.00348984646806,7.63897754376154,0.00289845553715311,0.014150790307873
"MRPS34",0.741989943907947,12.9366862489287,0.00290928984201367,0.0141773037034744
"SPDYE2",0.879385848145883,7.14850167646577,0.00291336086760632,0.0141871252240016
"METAP2",0.724192659222814,8.15937816888103,0.00293021917515605,0.0142334870254001
"TPMT",0.706733542944027,6.81147988540855,0.00293315002111103,0.0142424474843731
"CD6",-0.821691082699361,7.40852183293195,0.00294136919416527,0.0142732427265046
"KLK14",0.842571326341486,8.17930188926491,0.00295052311616816,0.0143039705293865
"STK38L",0.714936938710967,7.30929376401851,0.00295209512659083,0.0143070308110878
"SARS1",0.728247232712822,11.8146160115818,0.00296089058980542,0.0143268291726888
"RRM2",-1.44431968276247,6.7905663751686,0.00296811667304028,0.0143526608469306
"TNFRSF12A",-1.96421840789634,9.30578711925282,0.00297338650923368,0.0143690060477997
"PSMD12",0.697541457080707,10.0157724134557,0.00297697387911956,0.0143817721580846
"ARL15",0.692445511244722,7.12068783540439,0.00298771589888343,0.0144016729059439
"ADD3",2.31078393797192,11.3681762798632,0.00298891288942035,0.0144016729059439
"GP6",0.697578140508403,6.49446103840886,0.00301088910820688,0.0144674886437947
"PAQR6",1.09299550336173,9.64358986253053,0.00302053727519526,0.0145001044448136
"MTSS1",-1.41924350272207,10.8171657016213,0.00302841226802967,0.0145164818888909
"IFITM1",-1.46660042869195,11.2518726135576,0.00302872153034264,0.0145164818888909
"SPATA32",0.740898324656838,6.77304061404719,0.00303255406711884,0.0145211216161031
"GPRC5B",-2.56724938125394,7.58241170628724,0.00304506040178229,0.0145672471186867
"TMEM127",0.86040208166258,12.6722753088545,0.00305055496148501,0.0145889433503975
"LINC00623",1.1572727853756,10.225793662542,0.00305640139912784,0.0146077160521484
"ZP3",1.35615153737993,6.92316305590114,0.00308420028779399,0.0146990028131529
"KCNH6",0.819365285394159,6.64412140467137,0.00308728849482202,0.0147091113500167
"VPS26B",1.21695310209149,9.91466209398483,0.00309480757373691,0.0147323020448679
"ACY1",-0.813454683045222,10.0324424819568,0.00309562950440767,0.0147323020448679
"LRRK2",2.82502865631344,10.4501893625994,0.00311450173041833,0.0148062964414511
"MYEOV",0.802585387588491,7.03580593815596,0.00311657239971572,0.0148068831786556
"CABYR",-0.712929457429673,6.59838932032235,0.00312842806804728,0.0148400293383852
"ENOSF1",-1.66403426338042,9.1563902622051,0.00314077623065709,0.0148882143117877
"GPD1",0.755453466279447,8.75257876878243,0.00314434745427092,0.0148882143117877
"GTF2I",1.02290806669089,13.7586223011393,0.00314515424504636,0.0148882143117877
"PPP5C",0.891993773005327,7.31262972451616,0.00314751685773553,0.0148934151749975
"PTBP1",0.914336443730125,8.90955812640809,0.00316039756845548,0.0149238703920088
"STX1A",-1.41105689922733,7.67875438535939,0.00317423083761768,0.0149662107857384
"MEI1",1.46767038068345,10.1752388917015,0.00317484154704641,0.0149662107857384
"ZNF277",1.39293016215336,10.1906900075089,0.00317569451641095,0.0149662107857384
"CDK5RAP1",0.966162896686358,8.04617164538997,0.00318455029526973,0.0149940064676353
"LYNX1-SLURP2",0.674524274538636,7.16138334011813,0.00318612522340036,0.0149967788293013
"ADA2",1.36122104049425,8.94594616788743,0.00319202544735508,0.0150199019193614
"TNFRSF13C",0.707829256157697,6.57098605186199,0.00319469184970948,0.0150231520254737
"DNAJA2",0.751681920709141,9.44106019383538,0.00319721059239633,0.0150295430240535
"ULK1",1.60237106226987,12.9906961395465,0.00319849808226895,0.0150295430240535
"RTN4RL2",0.766311557653336,7.96238714830668,0.00319901570021443,0.0150295430240535
"CIAPIN1",0.740804195115843,10.3174403493262,0.00320394681422595,0.0150480615042459
"JHY",-0.696446233037654,6.76856412889884,0.00320772175631421,0.0150594698419053
"LAIR2",-1.11858328201365,7.39883363097551,0.00320835627878571,0.0150594698419053
"PRG3",0.666677719358797,6.83225077036043,0.00321244080312635,0.0150693398315686
"ARID5B",-0.900726616479635,6.6990651444711,0.00321435470841713,0.0150736683335207
"PRPF3",0.680966491146007,8.93045315555062,0.00321708518896616,0.0150771745928497
"PRG2",-0.817898906022682,6.64372219897977,0.00322608476568873,0.0150907910956392
"IRAG2",0.728054282086371,11.2674428767311,0.00323392359045936,0.0151073525931971
"HYAL3",1.05595959978947,7.27957069821882,0.00323445160727577,0.0151073525931971
"CCDC9B",-0.915488728670756,9.4458808845919,0.00323900087630594,0.0151239561949219
"C16orf87",0.736657927413612,9.23344962488965,0.00324138431860667,0.0151304397536434
"GDPD3",0.930657436889409,7.44517332535793,0.00324544915968837,0.0151447655171957
"GML",0.732161511722295,6.83995386866417,0.00325280879260619,0.0151681561345985
"BCL7B",0.861297744376695,7.85577706716947,0.00325638214163031,0.0151771558718706
"HLA-DPB2",-1.28360792716193,13.4765078584628,0.00327555626067809,0.0152385009520931
"VPS51",0.856818799510321,11.8603795861668,0.00328047083304188,0.0152566973788688
"CEBPB",0.685023318572689,14.695872599836,0.00328805246272222,0.0152826105907945
"GOT1",-0.658409724460639,8.34528417262637,0.0032945316687466,0.0153028804871431
"ZBTB14",0.712013272302132,7.4877751228337,0.00329584402475981,0.0153028804871431
"HSPA1A",-2.21584082623369,12.141876142617,0.00329701685799619,0.0153028804871431
"TRDMT1",0.861487324417013,7.15201506162384,0.00330957958077588,0.015335797155527
"CD3D",-0.979100275485282,8.52326247354283,0.00331876779983237,0.0153596532866253
"DENND5B",-1.03065857257391,6.6999063693819,0.00332129026262938,0.0153666511451377
"ALS2CL",1.21921626459522,8.27543792491652,0.0033381418752363,0.0154290304490778
"HCG26",1.36745139948491,8.07168319050449,0.00334243285228616,0.0154356369637119
"SMIM12",0.6556162517738,6.60974610502158,0.003349646100005,0.0154508395174025
"DDX60L",0.966049730169559,9.81227727635877,0.00335753211370973,0.015482519219314
"FITM1",0.692689936963473,6.5980346879221,0.00338603317918895,0.0155761623076544
"CA5A",1.14198323277272,7.37022304640915,0.00339822791034659,0.0156176650295011
"CLTC",-0.829631272577119,14.3086438922515,0.00339916302259656,0.0156176650295011
"MBTPS1",0.69964537052963,10.9574233260161,0.00341153942028056,0.0156650638597907
"NTHL1",0.999786671256391,8.86020332025771,0.00342473070996463,0.0157114041137684
"P4HA1",-1.50629716688029,8.82708197082889,0.00342653302404119,0.0157147589619452
"DEF8",1.27772679372208,11.0204103248454,0.00343398168431968,0.0157260257908006
"COIL",0.669966645530907,7.1489309151823,0.00343482029669396,0.0157260257908006
"CDC14A",0.764986778351355,7.07297609100518,0.00344067240797552,0.0157260257908006
"TMIGD3",-1.09343523033673,8.08445816843409,0.0034423947828495,0.0157260257908006
"SGF29",0.929574248379394,8.81639243810593,0.0034595372765526,0.0157853714076844
"ARAP1",0.912168347262,12.8470467227543,0.00346398811033752,0.0157950792825655
"MICB",0.65051297643994,8.46997692911977,0.00346640136288782,0.0157950792825655
"PDCD6IP",0.76424811351245,9.06290069726204,0.0034682094661544,0.0157950792825655
"UCN",0.803505242451514,8.02804424874267,0.00347101229368319,0.0157950792825655
"POP5",0.652791774189142,9.88577428512656,0.00347340227628177,0.0158012269870455
"ANKH",-1.02657851821809,7.02715205871202,0.00348087113473885,0.0158283119430027
"SLC17A7",0.706267737153543,8.31182215619648,0.00348143762817884,0.0158283119430027
"SIGLEC9",0.881268094464164,9.68374894035644,0.00348346480080797,0.0158290264213809
"ARB2A",0.905596509555017,9.26847299309463,0.00348471728424402,0.0158290264213809
"NABP1",-1.09396058810541,11.5769125346625,0.00348883553139619,0.0158430011231631
"SEC61A2",-0.75262907985481,7.5343980801211,0.00349108922887583,0.0158485029829086
"FAM117B",1.29524089482089,7.30578203318955,0.00349510274743919,0.0158619882372591
"XAB2",0.692136568808841,7.42235420515798,0.00349671987440829,0.0158645930340099
"DOCK7",-1.12602459198319,8.79140658068679,0.00350153863363826,0.0158742881120594
"TMEM69",1.23606119006955,10.2157219956271,0.00350198820462646,0.0158742881120594
"DSTYK",0.914034923888607,8.92502474559407,0.00350623582596466,0.0158830733601248
"ATXN7L3",1.27185400431766,9.3299758136663,0.00352154665014422,0.0159249721841788
"TNFRSF10A",0.803785919272677,7.27662861929209,0.00353268181489945,0.0159529587670297
"RAP2A",-1.12544320344789,8.79557554575846,0.00353275745169915,0.0159529587670297
"RALGAPA2",1.45527946752243,8.91079207072149,0.00353402933233318,0.0159529587670297
"LUM",-4.71435670286977,8.18751015942371,0.00353881492365142,0.015969821174745
"POC1B",0.859628944057578,8.407806580316,0.00354005626672596,0.0159703818912026
"ZNF675",-0.80568474648891,11.4995884919712,0.0035416718384382,0.0159703818912026
"SLC22A17",0.859945876288726,7.71634466937946,0.00354841217571772,0.0159799385159358
"SPA17",0.685501194969576,7.37856770806837,0.00355419780173821,0.0160012552305609
"COPRS",-0.781034101651099,10.7339543122614,0.00355747255863506,0.0160112585592548
"DCST2",0.744884940118403,7.14270447468964,0.00356253453593623,0.0160292974031119
"VWA8",0.692465771064697,6.94691943137545,0.00356398987786266,0.0160311026508534
"VPS33A",0.661467637063312,9.16544175588993,0.00358185383240571,0.0160924174544243
"MPC2",-0.887366613803889,11.5938734264131,0.00358673846613458,0.0161000940357068
"ZNF174",0.653518333956897,7.26180718403917,0.00360986787552366,0.0161705068191351
"TCERG1",0.682086858090663,8.15048712441156,0.00362131998852673,0.0162090980696297
"TMEM179B",0.698668221481579,10.675649444647,0.00362168038141778,0.0162090980696297
"SAP25",0.798062931647514,16.350469677172,0.00362335817166007,0.0162118361502225
"BBS5",-1.06017456572084,6.6601349402899,0.00363559872914618,0.0162570377750236
"CAVIN1",-3.48008065420766,8.68703549996781,0.00365300778375018,0.0163061175154895
"ATPSCKMT",0.96991754064371,8.39371147275484,0.00366108437080708,0.0163277921147314
"LPXN",0.647486441705364,10.1752900199398,0.00367583266012542,0.0163739926032422
"CD83",-2.5047422169829,12.3920814337685,0.00367727385132566,0.0163739926032422
"MICAL2",0.661014318798046,6.28267308533294,0.00367874530250899,0.0163739926032422
"DGKA",0.964105876340085,9.0031910112199,0.00368063021755635,0.0163739926032422
"CHCHD5",0.959884795217225,9.89474564510561,0.00368156898250266,0.0163739926032422
"HDAC5",0.650095317679515,8.26815888031906,0.00368241164789855,0.0163739926032422
"XCR1",0.790588500943132,8.56933230866292,0.00368288741988802,0.0163739926032422
"MXI1",0.883963341831607,7.47075580337842,0.00368667734120003,0.0163842749868411
"LGALS7B",0.637961876592855,7.061399408545,0.00369218544689011,0.0163943813945415
"ITSN1",-1.48342865401288,10.2375939119952,0.00369776871457274,0.0164081083836889
"PDS5B",0.686044615978748,8.51887179039946,0.00369851364671788,0.0164081083836889
"TOGARAM2",0.695947873554626,7.48083915904116,0.00370197454674749,0.0164186727637608
"CHCHD7",-0.828889404855714,10.0369490598058,0.00370780469612172,0.0164397358071776
"ENPP1",-1.74952984435945,6.73519901912693,0.00372357364985662,0.0164856209802094
"CCNB1",-1.55491461424285,7.67397122492011,0.00372744207330412,0.0164931449085857
"RPL9",0.647194028428071,16.4956657029195,0.0037328083543982,0.0165100742428418
"PCGF5",0.765724307770329,9.61208836376154,0.00374516050232564,0.0165303578170616
"PRKCSH",0.928111240726863,9.56439097920843,0.00375050752434777,0.0165422617257195
"KIAA2013",0.743410705438056,11.8248207281987,0.00375576311517064,0.0165462472350855
"BIRC5",-3.40959793585744,8.59060596205588,0.00375770094262741,0.0165463813145136
"PLPP3",-3.50748435040978,7.93706753363766,0.00375826651044406,0.0165463813145136
"SLPI",-3.20819448491503,9.76724350032993,0.00377495921536339,0.0165971609561279
"SP2",0.821046534421062,8.17841686270953,0.00377683946065514,0.0166006284733073
"RNPS1",0.884778419132885,10.7264188572371,0.00377930719066758,0.0166042819110877
"TP53",0.942062674471016,7.49275703528134,0.00378786357778476,0.0166181511684187
"CALCR",-0.701832154956428,6.37776133181078,0.00379049704529561,0.0166181511684187
"EMILIN2",0.65669673896197,14.4876996310411,0.0038016940779492,0.0166482563796873
"MRPS27",0.813836455161873,9.53391383954259,0.00380190652332022,0.0166482563796873
"CLCF1",1.22365998168783,7.36764132766689,0.00380523847284357,0.0166567413537408
"CIR1",1.02089552048102,10.1103662954299,0.00381066371430138,0.016672201889268
"CRLS1",0.715998471822101,11.5296327154198,0.0038121555088095,0.0166739318314567
"NECTIN1",0.697307946598308,6.57009501825572,0.00381496287652906,0.0166814132910448
"GPSM3",1.13701492497317,11.6789574304265,0.00381744269036712,0.0166874585901417
"EEF1D",1.24670395803591,13.9779535162314,0.0038196083099877,0.0166875191072998
"MRTFA",1.67385175851808,10.6012650442077,0.0038267494579531,0.0167041348325346
"SLC46A3",-0.735227571067959,7.62364850175517,0.00383904465487128,0.0167492618224228
"DET1",0.671859589085066,9.12444995733462,0.00384722733922278,0.0167790746701749
"AIRE",0.684756937299219,6.59482654035047,0.00385115637514223,0.0167912242961269
"SDHAF3",0.79407837299262,9.37459263523921,0.00385862745670589,0.0168095119912871
"PLPP1",-2.84437639811675,9.24225805424114,0.00386798373512598,0.0168406231445164
"LYRM7",0.652397875346296,8.55077166873772,0.00387491097004566,0.0168582344055229
"YPEL5",1.06639705430103,12.2593255615228,0.00387535425313703,0.0168582344055229
"ARSD",1.13082062558557,7.49787996311307,0.00387686552246974,0.016859985949591
"TCEAL9",-2.82110593441995,8.37031266468309,0.00388798749395915,0.0168938610880373
"DMXL2",1.04262821552662,8.73175001746561,0.00390419250645059,0.0169545858475444
"IL7",-0.71395348902293,7.25997166240748,0.00390593868695256,0.0169573267345631
"COPA",0.934607009993756,9.92517516326838,0.00392295671139753,0.0170025613321644
"DDX39B",0.7971515503373,8.31145952609436,0.00392349276134091,0.0170025613321644
"IQCF2",0.658697224339929,6.4774929832174,0.00392418400025625,0.0170025613321644
"RPL23AP7",0.625521105132215,15.4388683205658,0.00392847357507822,0.0170162990970634
"ANKRD33B",-1.51831553689172,7.25353927361811,0.00393269322385872,0.0170203061193173
"LHX2",-1.62106796057429,6.9570017451837,0.00393275616144667,0.0170203061193173
"ARFGAP1",0.812438263851118,6.85830673073853,0.00394607106530336,0.0170730721937791
"OSER1",1.00248769470732,10.8362352270748,0.00395042400937755,0.0170870444637695
"RAP2C",1.05571213337695,8.15681822410816,0.00396711272786666,0.0171247891334019
"MTOR",0.650892818271184,9.04959328567011,0.00397266850202622,0.0171393879656212
"AGO2",0.682338957146979,10.1702846048926,0.00397407423223734,0.0171405901655886
"DBNL",0.747433595633153,11.3128043883577,0.00397733439106314,0.0171457591144047
"RIC1",0.88292839624508,8.57252433885267,0.00397752749576669,0.0171457591144047
"POLR3H",0.894101400325543,10.8607969316558,0.00399685506536506,0.0171949566715903
"UTP11",0.673113960369862,7.41144801291288,0.0039986507576872,0.0171978169465235
"HNRNPUL1",0.891791499292275,11.6900780182946,0.00400832782697592,0.0172150944910053
"IFI6",-1.87537985153479,11.6825972808894,0.00400985913277834,0.0172168090602182
"PYCARD",0.984276508221398,14.138046682585,0.00401784901341212,0.0172413791749355
"TNFSF8",0.736643933981951,7.18458659289388,0.00402960724982692,0.0172869582666764
"ANTXR1",-1.36306446461757,6.66585004666974,0.00403400858368083,0.0172923140869547
"ISG20L2",0.934828971404967,8.89864112926157,0.00403872984400257,0.0173021115300232
"RASA4",1.02275479415278,11.5787162457607,0.00404764226871344,0.0173301080018564
"GK",0.720215769635003,7.75533405326919,0.00405586183611214,0.0173506460769602
"TNFAIP1",-0.806405339225241,10.187593221913,0.00408253930538023,0.0174176941975773
"CATSPER2",-0.71468298016331,8.39509264301276,0.00408459046802257,0.0174176941975773
"MLLT10",0.641775274132926,9.10810408241482,0.00408661325487171,0.0174176941975773
"CCT5",0.635155624891879,13.8609919078996,0.0040881085870578,0.0174176941975773
"GBP5",0.82507381244048,10.6519174519214,0.0040888013544701,0.0174176941975773
"PACSIN2",0.641900665028485,9.13555462431436,0.00408985967777148,0.0174176941975773
"PPP6C",0.786447345490655,8.34644062281469,0.00411055180584674,0.0174960178738643
"OLFM1",1.42102205004176,6.7609562524297,0.00412262201609749,0.0175298404059383
"TRMT12",0.834689209364256,9.21537090238969,0.00412310883298536,0.0175298404059383
"SZRD1",0.892284599383661,10.9476299115958,0.00412455155407005,0.0175310732348511
"CBLB",-1.13921813398192,9.226286274776,0.00413071237318434,0.0175523536662161
"TMEM216",0.617540730619086,10.2859566212585,0.00415910070178134,0.0176434040370127
"PMPCB",0.617759379396832,12.4795481476445,0.00416499237366227,0.017649440640157
"CD101",2.14502699768085,7.56723997035372,0.0041651658638561,0.017649440640157
"FMNL2",-2.08276328386622,9.67790818820877,0.0041679886388822,0.0176539631728594
"UQCRFS1",0.838917918655056,13.5609075932615,0.0041753156864631,0.0176629209901894
"IDH3G",0.793829038727128,11.7404791011392,0.00418048565908144,0.0176703582824117
"KRT18P55",-1.64267830557557,7.7961742282738,0.00420085958771719,0.0177167699972277
"TNFRSF1A",-0.900243886331518,11.4858399421514,0.00421008492679639,0.0177507545236261
"FBXL12",0.654561575797954,7.68606368980165,0.00421311321090118,0.0177585991439537
"DPH3",0.725763741911855,9.46541730287698,0.00421989487656469,0.0177724068908324
"TMEM191A",1.08720821218171,10.0496497543464,0.00423224525821527,0.0178194866796616
"GCLC",-0.693840808876368,9.83334127207946,0.00423905538247461,0.0178324851300729
"SPG21",0.897606748067996,12.6319944154652,0.00424368680962285,0.0178380290217646
"LCE3B",0.650121366237615,6.65856419929883,0.00424615790446262,0.017843484225219
"CAPN10",0.616721039420026,6.55487369146127,0.00425442032800735,0.0178656086067878
"NEK4",0.715288285729499,9.43355066462512,0.00426833588468039,0.0178971194194153
"KCTD2",0.844622720422968,8.12238015144778,0.00427254829754097,0.0179049089305602
"ZNF234",-0.646273491791614,9.18822481803056,0.00427638543305391,0.0179160522495548
"LOC652276",0.652612676764254,6.66194782623751,0.00428751849095252,0.0179478616048461
"RTN1",1.22375595994074,10.0474303480719,0.00430779227222964,0.0179980507901287
"LETM2",0.644434331507649,6.43895772143392,0.00432706443175664,0.018050709156923
"ASCL2",0.622817011376707,6.59690109796842,0.00432985119055702,0.018050709156923
"SAMHD1",1.05670573923337,9.92016473633243,0.00433360973162115,0.0180612597419826
"ARRDC1-AS1",0.659271068965861,7.62114220895822,0.00434493862846801,0.0180886467729925
"SLC25A52",0.615107234232098,6.99320514826849,0.0043560537354986,0.0181299576380577
"UBE2N",0.980055186387418,8.25457104694277,0.00436223505169199,0.0181457523703861
"TGFBI",0.642309227884319,15.2334696395161,0.00436903673760708,0.0181641089954971
"NSDHL",0.776542431666593,7.98976691966867,0.00437073348213836,0.018165635676927
"U2SURP",1.54725643118806,8.27851371591439,0.00437237411661435,0.018165635676927
"INS",0.632530090165923,6.59354252095477,0.00438945444849437,0.0182120862075004
"FAR2",0.840661800428222,8.21064513767433,0.00439336405709728,0.0182143961403144
"RASGEF1B",-0.859075616098298,7.55758000598877,0.00440748159838518,0.0182557407338705
"RADIL",-1.24389554859589,6.60940801966765,0.00440788269166048,0.0182557407338705
"MARF1",0.656543160272837,12.1010213324991,0.0044096230330418,0.0182579763371902
"ADAM8",1.55007971378206,14.2925437665965,0.00441275055162678,0.0182623433531414
"GCLM",0.968689562583812,14.2410696184794,0.00441622604736406,0.018270393288442
"GAPT",1.89449755214103,10.8568826831498,0.00442044578726059,0.0182798837913695
"BAX",0.827714356731572,7.12377455628043,0.00442092402581912,0.0182798837913695
"C1orf162",1.54964439566894,14.2750767703504,0.0044255375473023,0.0182890149509167
"EWSR1",1.10353965494661,10.0765492559447,0.00443922162348922,0.0183304596009273
"HDAC1",1.1327529138708,12.1889254289981,0.00444280042761377,0.0183304690458899
"DOCK2",1.26644230457571,10.5698663864443,0.00444584017167227,0.0183380356199598
"SLC39A14",-1.94077584996613,8.36677128370204,0.00446321443806542,0.0183748146112883
"PREX1",0.733570008743051,13.5529180671078,0.00446887454073683,0.0183931377579231
"CCR7",-1.27203192647563,8.36468722471756,0.00447115564334698,0.018397547354984
"AKR1B1",-1.85167544267984,11.7276528257546,0.00447366286400696,0.0183979082844288
"NR4A3",-3.81746782136304,8.65290131033664,0.00448072776919367,0.0184126546959009
"PDCD1LG2",-0.763897513857256,6.25495807663382,0.00448727350616334,0.0184315030929171
"TMEM39B",0.740651402028227,10.8460108557046,0.00448789163289531,0.0184315030929171
"CIITA",-0.652300058816427,11.6475792065141,0.00450085957596973,0.0184733287468023
"HNMT",-0.750874315430908,10.3894621080925,0.00450266332166535,0.0184733287468023
"MSLNL",0.615385542990892,6.4898589858266,0.00450307677781512,0.0184733287468023
"GPX3",-3.49948984009968,9.4396706363696,0.00450414932884948,0.0184733287468023
"CHAD",0.64554670414632,6.5808485400723,0.00451242784771466,0.0185022924529643
"ZFP36L2",0.665252637250234,13.6963385542699,0.00451678751556088,0.018515176424973
"CDHR2",0.928193325816692,6.93946492702121,0.0045269100590288,0.0185516702176529
"TRPC4AP",1.06461204248848,10.212407535004,0.00455186351201006,0.0186255907422523
"ZNF839",1.00266394154041,8.73127701230105,0.00456969580251013,0.0186867259383098
"PCNT",0.771830771515155,8.55682921638539,0.00457287430908115,0.0186892313179785
"PCBP1",0.73112838242047,15.3882386147387,0.00457516532568375,0.0186892313179785
"CDCA5",-2.19952643505606,7.98151299758974,0.00457891082922067,0.0186892313179785
"PRKCE",0.682658424311702,6.4515917835025,0.00458809297995855,0.0187077157096781
"ERLN",-0.747141158869335,6.35105713980963,0.00459189086558596,0.0187077157096781
"SLC35C2",1.16599743528049,9.26605556849435,0.00459737489737008,0.0187077157096781
"ZBTB7A",0.895664118225958,10.7233447706284,0.00460154654170975,0.018716319819824
"RFC3",0.865146742669604,7.16012036151954,0.00460697009924353,0.0187333693233411
"KAT2B",0.653374033743356,9.63625178341934,0.00461613219975944,0.0187505711789374
"NECAB3",1.07411492827612,8.34749421037589,0.00461923427779635,0.0187581615211554
"MTSS2",0.627884474474818,8.76945625351289,0.00462724937284946,0.0187677323854877
"RBMS1",0.877563307880426,13.1493274854812,0.00462776147064564,0.0187677323854877
"DNAH1",0.949223360730446,8.51200614845688,0.00463657312750596,0.0187895544754602
"SEMA7A",-1.40879147505134,6.81201736747716,0.00465474588670085,0.0188419950612048
"ALDOA",1.33045347370963,14.6325877895649,0.00466273836114711,0.0188592885628525
"BTF3",0.99110197692986,12.4710663144101,0.00467184812569714,0.0188730596411668
"VAV1",0.623355550260062,12.8990531589537,0.00467358907210903,0.0188730596411668
"TRIM37",0.653334729893109,7.55963087848604,0.00467555364789145,0.0188759808540306
"PANX2",0.651473829585595,6.85767126215685,0.00467746411860754,0.0188776315248658
"NEK8",0.832266715486829,6.49547631158105,0.00468559580730607,0.0188926895275091
"MTMR12",0.801611047602671,7.83881555702244,0.00468861359733089,0.0188986047146059
"LEPR",0.613237499468778,6.89196713331304,0.0046983085922862,0.0189253194333044
"ERLIN2",0.798137904615143,8.38691386611137,0.00469897463046801,0.0189253194333044
"SKAP1",-1.74714474776914,7.93373054403676,0.00470123014315585,0.0189293905261091
"TRPV5",0.740455156542888,6.5576647841894,0.00470424008329641,0.0189364963437723
"RORA",-1.30649143435816,7.05398676147505,0.00471356942949379,0.0189688518095967
"CLN3",0.988414078160131,11.6476527686534,0.00471765003909052,0.0189718203803209
"SMAD7",-0.701639904726513,8.62350652944811,0.0047220578030333,0.0189780800921064
"CREBBP",1.02859555281156,10.7784126398164,0.00474791536879751,0.0190618524098924
"UPK3B",0.775332022693217,7.14043843920276,0.00475583758922562,0.0190835826007766
"CENPE",-1.28887023590427,7.09963115173437,0.00475990644532464,0.0190948713322335
"RSRP1",1.02196477446068,12.2083345513683,0.00476493145797253,0.0191099888219531
"MFSD14B",1.07429264883344,9.84720835627025,0.00477789585829616,0.019146835365736
"TNFRSF10D",1.39228753039311,9.16379673073934,0.00478180886779744,0.0191535125070613
"RASD2",0.835366017642507,6.77132298863669,0.00478245940126377,0.0191535125070613
"ZMYND19",0.813557293853179,7.8334144180205,0.00478334038018271,0.0191535125070613
"NSUN4",0.786588470463819,8.64952266632623,0.0047898595931003,0.019167357690683
"DYRK1A",0.705228005980798,7.45302364351199,0.00479224241070808,0.0191689696428323
"MCCD1",0.678612615554626,6.87310956216714,0.00479754874292074,0.0191851489041122
"HLA-DQA2",-1.39409449179989,13.7254901213952,0.00480350497487089,0.0191945722787056
"SLC8A3",0.804558174167313,6.78860360948492,0.00480495381497924,0.0191945725290791
"TRAK1",0.943183116060667,7.67667017320941,0.00482527390156502,0.0192637081283322
"GEM",-0.829039204845562,6.30345717786271,0.00482606049243461,0.0192637081283322
"MED1",0.625752949528851,8.10133087143449,0.0048368159123044,0.0192965100719636
"PF4V1",0.903122793170297,6.4040447345416,0.00484878891158462,0.019337219409338
"TWF1",-0.985502507997759,10.7405753444723,0.00486383247296057,0.0193839528953837
"RNF141",0.644953813431672,11.6242719946142,0.00487424360501298,0.0194195098629726
"HCLS1",0.893547222626721,15.6095124604742,0.00487530830200087,0.0194195098629726
"TOR1AIP1",0.616444300022744,9.03096114256956,0.00488720583146899,0.0194516164053861
"RNF122",1.06499030956543,10.2373954637433,0.00489609118974973,0.0194716932044231
"LAMP1",-0.853046063396891,15.2163257173355,0.00489841140908102,0.0194725755251251
"PSG9",-2.12349737827396,6.986539443239,0.00490835948543316,0.019482200920615
"GNG12",-1.8774527790143,6.8769577499898,0.00491482787143967,0.0194952275088301
"PPP1CC",0.892950135244621,11.2103476041694,0.00493342532592141,0.0195462677089882
"GNRH1",0.670742297132414,7.07893886836034,0.00493674206168297,0.0195462677089882
"CDK5R2",0.844071619919168,8.51290847723222,0.00493797741569784,0.0195462677089882
"NUDT16L1",0.863724427702929,10.5303455826673,0.00495245454281272,0.0195933737479438
"PTP4A2",1.41342814377608,9.56744117840265,0.00496219504375807,0.0196217010466648
"MON1B",0.900629359777118,10.1598475437915,0.0049677200919397,0.0196282377651907
"LEAP2",1.09483159561287,7.31058461826654,0.0049858502658187,0.0196794214488894
"RBP1",-3.05680444828271,7.5848751695587,0.00498877810124734,0.0196858685427529
"ADCY6",-1.14570927882638,6.49903680029898,0.00499037855960102,0.0196870757806517
"FBP1",1.09781989350519,11.8013868934393,0.00501264695893378,0.0197454020378074
"JPT2",-0.828815093785623,9.59909107197038,0.00501567733756253,0.0197510152640215
"KLHL15",1.07984721818306,8.11612302753005,0.0050353621066093,0.0198028929188813
"TSC1",0.652578414452676,9.81511784759801,0.00503785237779376,0.019807564364397
"DDX56",1.12870955942112,8.73587036536611,0.0050402865288299,0.0198120128018726
"HMBOX1",0.835814749065162,11.7141776321194,0.00505964599212939,0.0198623683720795
"DEPDC5",0.663512007289288,9.26456104913888,0.00506487115728596,0.0198677567929177
"MLC1",1.91366777587791,8.49618272468819,0.00506491932444384,0.0198677567929177
"CRYZ",-0.836755144301378,8.79614237047543,0.00506830294056463,0.0198715741338533
"INPP4B",-1.77273340368301,7.25548996884977,0.00507346835095166,0.0198807798714952
"ARRDC5",0.739773699068913,7.93409770336195,0.00507851932847357,0.0198852013252899
"MAP10",0.966628353156079,7.15141190700275,0.00508839728432832,0.0199034807117951
"MIS18BP1",1.17245568180001,11.2061793738364,0.00509396547886736,0.0199200377995924
"CSTB",-0.75492991184126,13.9373075669087,0.0050991408945252,0.0199351503146373
"HYCC2",0.749409419929718,8.86528270435613,0.00510140679737523,0.019937038429878
"NCR3",0.713503700239078,7.2832978491548,0.00510355672064145,0.019937038429878
"SMAGP",0.676120374123709,6.72410034327875,0.00511302352963187,0.0199483996507546
"SAMTOR",0.630236637926311,6.95071672779433,0.00513659860717434,0.0200095777709804
"ZNF418",0.757269958870156,7.881717200421,0.00514541355444454,0.0200336531838179
"CYP11A1",-0.805594683343316,7.08609954573991,0.00515002812088561,0.0200417450534474
"SNAPC4",1.0463189735631,11.4920618763815,0.00515019067295118,0.0200417450534474
"ZNF629",-0.601029276387007,11.5513006849746,0.00517166629549174,0.0201020907569982
"WDR3",0.855954712185903,8.64229468429641,0.00517647120178669,0.0201020907569982
"UBTD1",1.05722618975922,8.66931913202553,0.00517753087159139,0.0201020907569982
"HDAC3",0.971975039371317,7.96474534152235,0.00517950756887044,0.0201037028816278
"MX1",-1.14056797502405,12.7344861892383,0.00519965729989871,0.0201622611465731
"FADS2",-1.39699814700529,10.1545293896865,0.00520427236017427,0.0201724179934473
"TRIM41",1.42817654712846,9.53642897650289,0.00524760826268872,0.0202861277221581
"CDKN3",-1.12534499332224,7.47199861663669,0.00525089230580219,0.0202893479693734
"HGF",-0.856935851427775,9.79402029386359,0.00526404758921858,0.0203318620902689
"MITF",-1.59414188690824,9.3805706966226,0.00526726579161537,0.0203318620902689
"KDM7A-DT",1.03114319598119,7.06799566825453,0.00526746032585872,0.0203318620902689
"SEMA4D",1.81541604186835,8.82053514672515,0.00527444062452879,0.0203433155003383
"P2RX5",0.682834431582598,6.62067673075423,0.00529729039978741,0.0203952385822701
"TBC1D3B",0.890617530642765,7.56351755308003,0.00530479748019098,0.0204086415579925
"ZNF433",-0.694396060952464,7.09129456679713,0.00531266031080965,0.02042855575393
"PRKAG2",0.94858341405755,10.1573937001377,0.00531930392124772,0.020443763971275
"ANKRD37",-1.82759663559711,9.58659264608394,0.00533626252196789,0.0204904921528344
"SON",1.71281294889208,8.80367172306178,0.00533685161871234,0.0204904921528344
"MTERF4",0.877576757728315,9.83040299247326,0.0053543618006697,0.0205473465214698
"GBF1",0.586272335045852,10.9481063253482,0.0053894454391457,0.0206558584989657
"FMNL3",-1.22145032979512,6.67528239076679,0.00539839141407769,0.0206752065772863
"HK2",0.947108039486481,11.8385525750083,0.00539855637285665,0.0206752065772863
"RNASE3",2.22746899990548,9.3258560813607,0.00540242818633082,0.0206809875853829
"RGS12",-0.766557275765852,9.18450466788198,0.0054040346089748,0.0206809875853829
"NRF1",0.636235794378679,7.31428428236756,0.00540649821616061,0.0206847861311624
"PSMA4",0.730186168235148,11.4663973027658,0.00541331829397433,0.0207056701747389
"LRRN3",0.587144379036952,6.59056491132847,0.0054183245055236,0.0207196075132016
"TFPT",-0.746026167984914,11.5728642084413,0.0054441064232804,0.0207917096962006
"TAP2",0.736539285702485,7.49501694622453,0.00544684218553054,0.0207920622383405
"MRPL52",1.04954889701373,8.19155635813923,0.00545112571666797,0.0208031919445637
"GNB2",0.940608723372305,12.1923578886433,0.00547376392406029,0.0208791075387783
"LAT2",1.00278907898039,14.7883469702162,0.00548585410370796,0.0209094910298723
"TP53TG3",0.657742458783535,7.52003686623431,0.00552157513852215,0.0210245655249487
"JTB",0.76232786604709,13.6689305789869,0.00553035004970757,0.0210474383273155
"PITX3",0.654931532217588,7.01843215200887,0.00553536364324923,0.0210612485080146
"GALNT4",0.870847536680908,7.25226563017202,0.00554333401483828,0.0210810261809604
"TCF25",0.851937834879735,11.088800272096,0.00554513408553789,0.021082599793215
"MILR1",-0.636330136389573,11.3321427343719,0.00556850496726472,0.0211503055799605
"TMPRSS13",0.668152700527911,6.70429239403354,0.00557298413708876,0.0211620331477767
"SUB1",0.566627227364517,13.2123618416502,0.00557885336411124,0.0211790319424373
"TMEM106C",-1.64021402710375,9.66160677750045,0.00558901044440282,0.0212017138534493
"ADI1",0.715379197977421,11.3007515750213,0.00560702826884435,0.0212541590011428
"GRIN2C",-0.69202139159565,7.50246203526509,0.00563155751558939,0.0213189289918641
"ZNF513",0.761339268365042,9.39506726959117,0.00563658739506593,0.0213286471070739
"POLR2J4",1.01212058839983,9.65073803806136,0.00563789856460003,0.0213286471070739
"CGB2",0.569718600002559,6.5408343044549,0.00564173555804424,0.0213378548537023
"TCF7L2",0.602846618106502,6.8019099806266,0.00564582664090958,0.0213480187854184
"DIRAS1",-0.795909695848466,6.8774465641548,0.00566601510722614,0.0214035911696555
"RAD17",0.857187435021036,7.05276028721391,0.00567746886987602,0.0214250487774378
"CDKN2A-AS1",0.674000030198493,6.54409818037044,0.00568576697762092,0.0214404027264218
"HYAL2",-0.822075092150689,10.6217522565288,0.00569076179513853,0.0214539180417617
"ATP11B",0.685285057551004,8.8865544384645,0.00570073889540175,0.0214759858817995
"LTBP3",-0.850445253137636,8.50873865665055,0.00571880103428317,0.0215329354120769
"SYT2",0.575946215435898,6.52891214971133,0.00572882169518328,0.0215599901856836
"VAT1",-1.73914647526598,11.971408098913,0.00575231403964988,0.0216376927813493
"VCAM1",-1.04115845797589,6.41442224028258,0.00575494734071787,0.0216422450933821
"DNM1L",0.717085026333831,9.3107999698734,0.00575781525772735,0.0216476772409191
"GCNA",0.968751634380065,8.50241223647985,0.00576151078857443,0.0216562175167177
"PPIA",0.966338698029736,8.21213114177698,0.00576563178244336,0.0216663523961944
"FBLN1",-4.29180168842303,8.46491292755437,0.00577570976848455,0.0216852585666585
"OGDH",1.29068659376828,8.86388404572983,0.00577819675149473,0.0216852585666585
"PPP1R3F",0.766374839128209,7.06234002388717,0.00577871385492743,0.0216852585666585
"AGRN",-0.798184547803428,8.29651012974752,0.00577921836998073,0.0216852585666585
"DPM3",0.792217383654401,8.3078316941418,0.00578549809822544,0.02170346696542
"IL6",-1.48224993474012,7.06781748801198,0.00580366027483387,0.0217439446093989
"CA2",-0.610083111940182,8.46619770117215,0.00581100068050249,0.0217562034340428
"STAG3L1",0.740302557148877,8.5897025953713,0.00582834466946397,0.0218050346207154
"AQP10",0.560673789768998,6.37786216180104,0.0058509804876367,0.0218467250812617
"GLI3",-0.570314184293082,6.23389800004965,0.00585534698001387,0.0218576624624573
"KIF21B",0.718825777571874,9.37531139488782,0.0058906646055738,0.0219571635592074
"ATF1",0.779892656456027,8.22860195567764,0.00589757478151246,0.0219721502394026
"WWC3",0.804474909942458,10.0069967109963,0.00590056983368898,0.0219779245727999
"NSMF",1.4326848276912,8.68541614569325,0.00590813761902174,0.0219953382888819
"BTBD7",0.84877648212449,9.0206789873189,0.00591685937656109,0.0220116431993006
"SMARCA4",1.16271403346594,10.3941309669143,0.00592126403173256,0.0220130613811616
"ANO6",0.574907438127952,11.8654271325005,0.00592542483827823,0.0220130613811616
"PPP1R35",0.622501381873609,12.3161242309303,0.00592561070347685,0.0220130613811616
"VAPA",0.996769218924583,10.4593377625226,0.00592592538759045,0.0220130613811616
"KLHL9",-0.800102761165153,10.5384982015296,0.0059281442707953,0.0220159262686825
"JAG1",0.82340716886482,7.02115793068215,0.00593584536380283,0.0220367763525967
"ARHGEF16",-1.0144818008155,6.59072272088538,0.00593665654369994,0.0220367763525967
"MAPKAPK5-AS1",1.11044525371619,9.74426108894083,0.00594301545443671,0.0220549973233464
"FDX2",-0.820957618220883,9.78474889850495,0.00595179239678732,0.0220796281642667
"GLIDR",0.806621116623094,7.28283052261185,0.00599439944717579,0.0221969385908569
"DPP8",1.39800618620317,8.57356694859999,0.00600866274571032,0.0222281058226131
"PRKRIP1",0.664817182968543,9.04808843572231,0.00601604277314961,0.0222427260824541
"ENKD1",0.788799488263779,8.89357119136632,0.00601648466275602,0.0222427260824541
"KLRB1",-1.92941966481028,8.44860541759051,0.00602383833369443,0.022251769098573
"PARP2",-1.12926790882263,9.65400444343492,0.00603685014258935,0.0222694343003785
"OSBPL7",0.581725825909517,6.84511691925675,0.00604033511895459,0.0222694343003785
"TSPAN16",1.08481966449002,6.60189515360338,0.00604210932852946,0.0222705765070955
"SF3A1",0.784493098707025,11.576619049814,0.00605504986783782,0.0223020582199268
"RAB28",0.557240117163935,6.79579196163788,0.00606410211982647,0.0223213472944415
"PRR5-ARHGAP8",-0.848083066779684,6.52248470932421,0.00607926122520923,0.0223479344242161
"USP21",0.938388004065502,7.49204698222429,0.00608886911653672,0.0223670341846112
"TIGAR",-0.669274437931709,10.7638582530668,0.00609310332158267,0.0223717806167623
"RPL36A",0.677186951250378,15.8135135998194,0.00609959808084748,0.0223774224646092
"XRCC3",0.573410376861767,6.83505270199503,0.00611193532666889,0.0224068164246207
"TAF8",0.846408476714551,7.45117571429553,0.00611295905745341,0.0224068164246207
"CACNA1A",0.549149738088837,6.56243231911426,0.00614452377533875,0.0225116640750064
"LMBRD2",0.622941700942915,7.28784662442307,0.0061497896044788,0.022525529938563
"KIF9",0.665494040220915,6.3355789465293,0.00615367650254835,0.022534339573984
"UBE2G2",0.794195241276319,8.32901409200421,0.00616404431340867,0.022566871911006
"ZNF700",0.77056693052749,7.220292953945,0.00616839122272129,0.0225773510746439
"PYGL",0.657872539805876,12.4996840046918,0.00617344438294739,0.0225904095707084
"NT5DC3",0.869564707647424,6.71681984923615,0.00618833759234698,0.0226306392657782
"CHIT1",-1.14482320101483,6.71883885103878,0.00618890246622644,0.0226306392657782
"PSMA2",0.648238272143375,12.3189831041483,0.00620591780509383,0.0226710540427257
"ZXDC",0.955940734868318,10.0387807981716,0.00620749863284099,0.0226713830951599
"ARFGEF1",0.721963242797312,10.1667489388313,0.00626184681255591,0.0228260226091444
"UBAP1L",0.921375357331751,9.20576250657461,0.00627679691653312,0.0228531308371165
"ABHD17B",0.639757919386394,7.01215047446611,0.00627994879957098,0.0228557634422079
"DUSP16",-0.548899493493537,6.36005664197856,0.0062805257380975,0.0228557634422079
"MYH14",0.817406513704393,10.7476002315504,0.00628399506757947,0.0228574496502628
"USP11",-1.02156312518539,10.220926570078,0.00631090205991543,0.0229333807711335
"TSNAX",0.78752103112373,8.91717797893116,0.00631567991889768,0.0229452604411362
"CCDC97",0.59233252658926,12.0943310001164,0.00631919081497854,0.022952532580414
"FKBP14",-0.605662925651468,8.00497725161216,0.00632300125204014,0.0229531335092426
"MAPK1IP1L",0.733294573007669,10.0360614266202,0.00632415612260344,0.0229531335092426
"AZI2",1.03268499950401,11.4712459361765,0.00632690266114842,0.0229531335092426
"ANP32A-IT1",0.652929882279478,14.767794633704,0.00635190610082025,0.0230218751146984
"FKBP5",1.12746108335098,10.0663997894228,0.00636093811386195,0.0230357378116205
"WDFY2",0.668003544921576,10.7939059354117,0.00636178976912193,0.0230357378116205
"ESPL1",-1.06594588559808,7.97853485365034,0.00637427186559175,0.023075440735996
"XYLT2",0.745716762405115,11.2060294151864,0.00639693273483041,0.0231519640721801
"LCE1A",0.874469619693948,12.8963569980336,0.0064021321956633,0.0231597589038172
"TAP1",0.693006290181726,13.1335350656006,0.00641979590447648,0.023191013906184
"TTC21B",0.558625187123603,7.77600147955609,0.00642066530613558,0.023191013906184
"POU3F4",0.543027670136644,6.35725444111445,0.00642068014037344,0.023191013906184
"GPR62",0.605173769924763,6.42180964670819,0.00643118231253412,0.0232151484949012
"THAP7",0.590001191433384,8.56644097322768,0.00643574425351494,0.0232261031341849
"WDHD1",-0.794835818779427,6.78505690180107,0.00644016355878984,0.0232365379364356
"KAT7",0.810702518075458,8.27782668978631,0.00644878275571515,0.0232621176823805
"AP5M1",0.667916842411218,6.99399178406508,0.00645379052850112,0.0232745248565612
"RASL11A",0.722566803799406,7.18855403557755,0.00645681354351865,0.0232745248565612
"RMC1",0.698212153535057,9.07818962222362,0.00646804623296037,0.0233013446782178
"ATXN1L",0.729195238442768,7.06173905209248,0.0064759091881068,0.023321247201688
"HDAC7",0.920612774298835,9.91187866262404,0.00648047453473936,0.023329228271101
"ZNF530",0.572385996566988,7.12690671897079,0.00648119341434783,0.023329228271101
"BCAS3",1.06254921556196,8.03032115909421,0.00649147176334034,0.0233441245156963
"ANKRD11",0.752810366422075,9.68791949809907,0.00649506146245491,0.0233501652493026
"TTC5",0.846173166174309,8.66668641180322,0.00649929310233416,0.0233501652493026
"LPIN3",0.680591182906542,6.71958254933099,0.0065102549651634,0.0233697345318126
"CD40LG",-0.89646027387496,6.60624728592659,0.00651088671825947,0.0233697345318126
"TOLLIP",0.945755204590837,7.76778940750179,0.00651921903492814,0.0233843803409965
"ABCB4",-0.552502384433791,6.2909765810058,0.00651958000038302,0.0233843803409965
"AGFG1",0.565686844855005,11.3858340188118,0.00652331307211078,0.0233922530536809
"SLED1",1.81104277018522,8.34969684838243,0.00652691379254645,0.0233969650785101
"TANC2",-0.795088005352238,8.53678015296015,0.00652838014804641,0.0233969650785101
"KIF4A",-1.11303361291859,6.43499954130239,0.00652929725700073,0.0233969650785101
"ZMYM4",0.764848611004232,10.0435149026405,0.00653078095464724,0.0233969650785101
"KHDRBS1",0.659499107454811,12.1812672257366,0.00654268108124566,0.0234115207920567
"ADPRHL1",0.698771479267363,6.93545336452856,0.00654408041077282,0.0234115207920567
"TNFRSF4",-1.90089507482949,7.62396146959157,0.00655943026494626,0.023417856538015
"GBA2",1.58757236277803,8.69582886373319,0.00656336257234953,0.0234199009855213
"ZNF397",0.658765271568536,7.62060803944259,0.00656958027990902,0.02343109214279
"C4BPB",-0.566285472393971,6.25423666641522,0.00657423819167914,0.0234367122407539
"TFF2",0.698532044327164,6.95832014003446,0.00657739645179174,0.0234422012030943
"BIK",0.753011319307058,6.85511463695279,0.00658253813526401,0.0234498102509007
"ERO1A",-0.552881050912821,10.4462893665879,0.00659784194309345,0.0234933224702799
"RHOT2",1.28325992534059,11.3740478352492,0.00660887503403744,0.0235160906686105
"BTF3P11",1.10174354938,12.9055067041256,0.00661969633152268,0.0235435785336288
"LTBR",0.660934051178535,11.3899679397499,0.00662238747156546,0.0235476428963216
"CD180",-1.30326920174479,8.60653979177817,0.00662904458441731,0.0235658041233797
"TAF1C",1.05981377600803,11.9694709019898,0.00663338056213575,0.0235757073122133
"TRIM10",0.99377405438673,9.72192727925542,0.00663943749908728,0.0235917209079718
"PEPD",-0.589838482854398,12.8517233449162,0.00664675270176744,0.0235987764297329
"TOMM40",0.583078743065599,7.89156669754715,0.00664763007791791,0.0235987764297329
"SBF1",1.21448476947394,9.74162719705585,0.00666425472623934,0.0236395368485514
"IQCK",-1.10361683193694,7.94081710158164,0.00666532969533064,0.0236395368485514
"LANCL2",0.717696333815307,7.27364290602038,0.006700121449118,0.023746317175061
"CNIH1",0.62302462961271,11.7303372009189,0.00670279570325047,0.0237502602644532
"SUGP2",0.579310384926723,9.70794351282641,0.00671361268527906,0.0237830472205274
"NME6",0.598334941532296,9.27746244676315,0.00674688293848375,0.0238726174790719
"DHX16",0.553620363043172,10.3643238013558,0.00674831552752038,0.0238726174790719
"RNF10",0.551074174986499,11.1284988922259,0.0067510618999599,0.0238767789243233
"PRLR",-0.611937481575576,6.33922692672707,0.00676369002860324,0.0239124778078401
"SRSF3",0.708144922462434,13.6590592661984,0.00677486394222934,0.0239386921081375
"HLTF",-0.787816319241087,7.86846164652054,0.00678877610558924,0.0239822780519863
"C19orf73",0.624571875093082,6.91816439721313,0.0067995499035233,0.024003610708631
"ZNF646",0.688856613698007,9.39102388369652,0.00680653412814984,0.0240167590026352
"NUP188",0.780062329073583,8.05340373080694,0.00681074313856086,0.0240169508078881
"UBFD1",-0.571019520687196,9.7816438311555,0.00681947148599314,0.0240193170484662
"LINC00304",0.630116139607587,13.8088230149038,0.00682042605424572,0.0240193170484662
"C5orf22",0.546399969314392,7.85037174214551,0.0068468045603222,0.0240732656527507
"MIGA2",0.788694461947979,7.30530247931957,0.00685838788668946,0.0240994369179236
"LRRC59",0.58135491596799,10.8559501027452,0.0068673817524798,0.0241143250269482
"CSNK2B",0.690879797621798,11.5235519678343,0.0068700988688503,0.0241182972293341
"CD84",-1.7195957549457,10.4479379140985,0.0068721401845153,0.0241198956672302
"ATG12",0.55455304744583,9.88065826828576,0.00688153123127614,0.0241472835637396
"STAT5A",0.704603751854277,9.53675268656593,0.00694186552635774,0.0243004678249618
"ASB10",0.547533824179518,6.71984650781966,0.00694276253941734,0.0243004678249618
"ENPP4",-1.63955465891761,8.68574664695105,0.00694586967580393,0.0243057492014787
"DNASE1L3",-1.76212984312193,7.14807600180875,0.00695129384151128,0.0243149204336973
"DPH2",0.710686265014893,9.28977319395367,0.00695168819343212,0.0243149204336973
"CYP51A1",-0.698352351163229,9.68776890006555,0.00697361520436005,0.024374518510608
"LARP1B",0.686841320368477,7.74998948245533,0.00697645256686466,0.024374518510608
"DGCR8",0.643638819418024,8.25781978715081,0.00698295297647682,0.0243850169612536
"MAPKAPK2",0.895406749043273,8.41161167949697,0.00700443360305477,0.0244238152298845
"WDR33",0.528280190713004,8.27388804235258,0.00700691122093545,0.0244238152298845
"PNKD",1.35698279471963,9.05213004336165,0.00701023727410404,0.0244298094556769
"GPR142",0.65618969755326,6.62667474983097,0.00702154979783592,0.0244580232078536
"CAT",0.848186009543588,12.2425108096279,0.00702741704531307,0.0244667001690863
"RMDN1",1.27599747707806,8.7643697355068,0.00702886724347304,0.0244667001690863
"CHPT1",0.939036615645088,9.59033870609601,0.0070546440116491,0.0245451901462273
"NDEL1",1.35066379279912,9.02401617554178,0.00708647170926161,0.0246390173192617
"KIAA0319L",0.760342606675374,9.50457043498427,0.00710844373063366,0.0246984720711621
"RAD54L2",0.691575341920893,9.8409041567473,0.00711877110363625,0.0247287051037232
"LPCAT4",0.74343731424624,7.04893320430952,0.00712480871392518,0.0247383769226882
"ADIPOR2",0.605067777328907,10.6521130208173,0.00713434135471905,0.0247526865358935
"EPCIP-AS1",0.553930833766388,6.50894349190109,0.00713544041118865,0.0247526865358935
"KIF27",0.597289636027069,6.39185063775384,0.00714332035916072,0.0247623550475307
"SOWAHA",0.67444909612264,6.90180331522929,0.00715459984851093,0.0247852288146137
"UNKL",0.675319590312131,6.60614974705838,0.00716151185091844,0.0247978761905209
"MECP2",0.718798000679444,7.5585830132019,0.00716637681706474,0.0248090732150969
"ATP6V0A1",-0.721325422005144,14.0546060295356,0.00717073642550871,0.0248185160580647
"C11orf96",-4.87840855399766,9.10266289321838,0.00719655516759784,0.0248680248769127
"KRTAP2-4",1.1434672244434,13.1532924154919,0.00719769696888605,0.0248680248769127
"HAUS1",0.565147097797055,10.5220865632296,0.00720012676573235,0.024869299989384
"VIM",1.16686053606433,16.7495297300233,0.0072034856904273,0.0248734131671428
"CENPT",0.718941557667326,7.54550465028766,0.00721371583309855,0.0248936215996739
"KAT6B",0.625584018076031,7.28818137373247,0.00721918521696886,0.0249003509074201
"CCL14",-1.00058687245074,6.45062284691862,0.00722012431370012,0.0249003509074201
"DHRS13",1.06951125050414,7.59667279277296,0.00723639429000583,0.0249266329246679
"AKAP13",0.805677352179898,12.2754453706342,0.00724481519901634,0.0249443399471679
"OPRK1",0.570266767962954,6.4746421858672,0.00724854231481973,0.0249515236586189
"EPHB4",0.902296131150071,6.68937340398438,0.00725520414908998,0.0249631549093576
"KIFC1",-0.814484811834289,6.51643213735481,0.0072721658119419,0.0250049176674162
"TOP1P2",0.862265481821263,8.7101252068501,0.00727227451624027,0.0250049176674162
"SRRT",1.02925117430738,8.30558065372937,0.00727587786788453,0.0250060001389351
"LINC01002",1.70229381889304,13.9774178073002,0.0072873416267043,0.0250390935400157
"SMCR5",0.745164409184694,10.1593228904946,0.00728981896512623,0.0250390935400157
"CLK4",0.837510864804599,7.27353344585388,0.00732739725675177,0.0251262812808751
"COL4A2",-2.38664947022553,8.60802944870503,0.00735486702746989,0.0251977512398653
"NINJ1",-0.853806203641054,14.350967568515,0.00735797648869428,0.0252027266756898
"GRB2",0.539221848448522,11.5463057550232,0.0073712595052613,0.0252254983249356
"MDM1",0.99976300738477,6.99504720712817,0.00737601222258772,0.0252360841127366
"TGM2",-0.53242336968834,6.86330513544069,0.0073882005290603,0.0252720993355711
"GPIHBP1",0.571710942876016,6.69493159870279,0.00739174157053754,0.0252785261535271
"H2AZ1",0.539291368610071,12.2161026518339,0.00739600277991081,0.0252874123823929
"SNX20",0.6215131018629,7.38954972544051,0.00740439989131475,0.0252994184488804
"SLC29A2",0.633353915889521,6.47020514880923,0.00740537001639019,0.0252994184488804
"MAP2K7",0.537207748337001,6.27984998418615,0.0074170577112094,0.0253252388127689
"GARRE1",-0.898237123555067,10.7069767030834,0.00742157915761042,0.0253349889627249
"PLGLB1",0.930204978718082,7.16605262380073,0.00743366003086999,0.0253648422143753
"OPRD1",0.688730426716755,6.69648516065237,0.00744614541659743,0.0253775246932461
"HIGD2A",0.900942969187116,11.5125550009364,0.00744738905220657,0.0253775246932461
"STXBP5",0.712601106070077,7.07393030874578,0.00744979857763712,0.0253795402391844
"RPL21",0.681223881604248,13.6743444370459,0.00745276994305115,0.0253795402391844
"ZGRF1",0.56097770928451,6.7865775032138,0.00748081744837834,0.0254639528314577
"MAOA",-2.20121625107627,7.88412792593548,0.00748112449046246,0.0254639528314577
"TRPM4",-0.523666046577725,8.31979329299488,0.00748828955766216,0.0254826376354724
"FAM8A1",1.09360126898097,7.15293900475407,0.00749605194789886,0.0255033463140147
"RBM48",0.662813076054682,6.53220379713123,0.00750466258120006,0.025511350057503
"COX6B2",0.674027797204264,7.0657063271532,0.00751873833309497,0.0255515185819764
"IRAG1",1.64358068631917,9.212459614444,0.00752029176571058,0.0255515185819764
"KARS1",0.520340424054502,11.4139948684544,0.0075305079218944,0.0255748022501496
"SPDYE3",0.517356810082804,6.48469198549192,0.00755337313028647,0.0256410041440617
"CDC25B",-0.580300490864495,9.7225528782072,0.00755600225376477,0.0256442049264126
"NAA38",1.05679122124508,13.67269393462,0.00757008104993442,0.025680524784163
"DNPEP",1.18090780742314,8.2961746809526,0.00757578143468986,0.0256941311460222
"SLC10A2",0.712983939007411,6.50167695655299,0.00758345095030114,0.0257086763379803
"IGF2R",1.65413355626065,10.0862352702496,0.00760642691051404,0.0257690951307601
"BUB1B",-1.23639195495044,6.84675328508319,0.00760805083752713,0.0257690951307601
"IL1RL2",0.524483499026412,6.34200192688189,0.00761096746931778,0.0257732338618091
"PGAM5",0.558421896830573,6.73574634877032,0.00761668972285149,0.0257868693911677
"POC5",0.52164211641266,7.95930691608635,0.00762483267583861,0.0258086924847882
"PPP1R18",0.56281172282274,13.3183656906322,0.00768565121032999,0.025945257182397
"SPACDR",0.530181059735185,6.63746866849116,0.00769569528810559,0.025973398566691
"GLA",-1.0282014377148,12.9261095331835,0.00770510239803913,0.0259936107518587
"ABCB7",0.573578052046173,10.0704138047055,0.00771319986384184,0.0260036230390837
"ADRM1",0.652165676647421,10.3360381571595,0.00773478038104131,0.0260532757552328
"SYT15",0.645933622048999,6.96049169153389,0.00774215821691348,0.0260557110243379
"INGX",0.563814712225152,6.37847302361128,0.00774235653070641,0.0260557110243379
"ENDOV",0.885459422562368,7.15153241366823,0.00774543217481569,0.0260569427085654
"VDR",1.53304077063124,9.84770730485937,0.00774614926258707,0.0260569427085654
"USP7",0.977867294875138,11.5493173788766,0.00775915500438035,0.0260881046936956
"UBALD1",0.717864153660835,9.17553694843882,0.00777894435853276,0.026137644584612
"VTA1",1.08977615805346,8.41009218877463,0.00778271334118707,0.026137644584612
"KIF11",-1.25232977342186,7.39386591540631,0.00779959465218366,0.0261845994415914
"WIPF2",0.513400863191864,11.1000770215156,0.00781061663177818,0.0262100303918982
"LDLRAD4",-0.632181737440699,9.27204630633215,0.00781437201074176,0.0262110651829203
"WDR5",0.702529039318284,8.5261146070338,0.0078413762295447,0.0262784004841927
"PMM1",0.888510524977922,9.78223721161134,0.0078430865201046,0.0262784004841927
"PEX5",0.802358239103542,7.09183654043475,0.00784886842208315,0.0262919803883349
"CCL27",0.523853418611044,6.30370734352446,0.00785765659046391,0.0263031494564056
"NLRC3",0.567939676563512,6.8703131085948,0.00786173803460777,0.0263061192585951
"LMX1A",0.567585667936167,6.63639201411997,0.00786810496721819,0.0263158434883339
"QRSL1",0.596351467835489,8.5500492089999,0.00787364587692219,0.0263189848408542
"RNF220",0.71183379212314,13.0421947049224,0.00787423599591575,0.0263189848408542
"ITGAM",0.797207648290652,13.1869936995283,0.00788599160263683,0.0263325915890994
"PHF20L1",0.963617816459905,9.56683062785454,0.00788696440612491,0.0263325915890994
"SLC5A10",0.579750675598414,6.47235559736831,0.00788953617817965,0.0263353964437568
"TMEM8B",0.611845839607147,6.20836402037677,0.00791389298400476,0.0263993166266164
"DVL1",1.09432332050554,8.1986188028724,0.00794604484355215,0.0264891385315084
"CMTM6",0.846423406123124,11.9256385871677,0.00796051440332084,0.0265245901625618
"CPNE7",0.671372538050484,7.0824347663777,0.00796897389037694,0.0265423028744749
"GUCD1",0.586247488421182,12.2944353439363,0.00797754168811779,0.0265533933011371
"SPATA9",-0.529907882192778,6.4417748369181,0.00798988049265674,0.0265828270689835
"STARD7",0.665939846167293,12.1255813086819,0.00799573212013291,0.0265906612908334
"GPR25",0.701152093027441,8.0317302720906,0.00801419823619626,0.0266357323372327
"NOC3L",-0.615365602919546,8.49243637589139,0.00801453913566391,0.0266357323372327
"EPDR1",-1.24997921410747,7.62071339052773,0.00802718063414769,0.0266658717393484
"CSGALNACT1",-1.07435421919226,9.36713468062243,0.00802824484282506,0.0266658717393484
"CDO1",-1.21118226785984,6.47317017795674,0.00803539537541946,0.0266658717393484
"HUS1B",0.570074851318728,6.46576205555992,0.00803983634375919,0.0266658717393484
"ARL2BP",0.539704905780952,10.5853733249786,0.00804114201713912,0.0266658717393484
"UTP25",0.745495372163819,6.80947676114415,0.00806150544380856,0.0267101034399653
"TLR1",-0.544747643911611,12.1431616531496,0.00809281851806505,0.0267826566738607
"DVL3",0.896870937001767,9.4899906301377,0.00811659091303936,0.0268341553490223
"UBE2L6",0.52577821323095,11.4499059865374,0.00812517414166597,0.0268566938375258
"PDGFA",-0.806016573621785,6.51546160267119,0.00814247057621247,0.0268963276548739
"RPL13",0.613922163593596,17.4396447065113,0.00814478335829616,0.0268981249322406
"MRPL20",0.536041472300375,12.331416396063,0.00815835973445893,0.0269371113420867
"CAMLG",0.690143279409061,6.95690728460319,0.00816319721862114,0.0269411665184241
"TM9SF4",1.01707566419127,11.1041663362051,0.00816722497567103,0.0269411665184241
"MAPKAPK3",1.51043080349878,12.7521094655996,0.00818350695994331,0.0269732929880403
"ARMC7",0.797977003154221,9.23062339235265,0.00820973120759264,0.0270304378014871
"RHO",0.78432619095637,10.8193596340663,0.00821274182054848,0.0270344973175111
"SPINT2",-0.598889697594585,13.430036974702,0.00821915855629239,0.0270497648396656
"NKX3-1",0.65307546500357,6.86132059396432,0.00825335555579799,0.0271505583587661
"RPSA",0.684891601244066,14.0658882139075,0.00826599157457199,0.0271716981095342
"WASF1",0.760639519519371,7.94563153206432,0.00827218552894868,0.0271745942423615
"DPH7",1.20125866721801,7.75365881662332,0.00827495699213414,0.0271745942423615
"PDE4C",0.610763911965012,6.52671837957309,0.00827858651973749,0.0271806441692936
"SEZ6",0.748428357926131,6.78168166005809,0.008310858132079,0.0272689386133026
"PRR14",0.673828247753017,9.75549018654505,0.00832465046293491,0.0272939092786433
"NETO2",1.09987305703166,7.78336581159117,0.00834938317488089,0.0273606279120797
"H6PD",0.650202052163892,7.42265790503642,0.00835456424054316,0.0273710066717321
"COG7",0.858015765393013,9.87213281717067,0.00836518713962962,0.0273997531381115
"RBPJL",0.501840547910626,6.32977058529483,0.0083714441419829,0.0274085947279389
"CINP",0.642328329885857,8.63685331694021,0.00838698211387303,0.0274476488030516
"ANKRD36BP2",-0.551913518667952,9.72908826279099,0.00840966643402441,0.0275092473383284
"ABCC1",0.501324255712301,8.37405056357031,0.00841221751550038,0.0275092473383284
"RFPL1",0.510798485974638,6.34391441714611,0.00842017492132667,0.0275207436500185
"PIGY",1.17371816236702,12.1804366512446,0.00842398603485406,0.0275272839746585
"ENO1",0.809559024054378,14.3248047946723,0.00843479393855598,0.0275507616446648
"HSPA2",-0.989148192568046,6.43687186653868,0.00843940676930643,0.0275599094154203
"TAF10",0.730368513017833,12.3690396655111,0.00844282642542719,0.0275651576380199
"PTGDR2",0.704076731376214,6.32217100909079,0.00844521646411716,0.0275670427100867
"SKIC2",1.0872136225139,9.39541929064073,0.00846804669322944,0.0276237782305091
"HGSNAT",0.77063098587934,7.14897049339832,0.00848685666016485,0.027663428986239
"SCAF8",0.566055722106097,8.69083408585296,0.00849034145120688,0.027663428986239
"DLG1",0.996665175579742,9.85257014863175,0.00849398463678507,0.027663428986239
"OSTM1",0.747831373141325,8.69864772009892,0.00854043682876536,0.0277705715826093
"OXLD1",0.984982504932803,10.8391094052124,0.00855377385265913,0.0277901714913993
"NUFIP2",0.778367547185375,10.3393238193052,0.00856043328362861,0.0278028937576421
"C9orf85",0.636025124141503,8.97812654269759,0.00856134609856904,0.0278028937576421
"CNKSR1",0.540503395307236,6.59412435724287,0.00857082210815375,0.0278277247269006
"GSTA2",-0.646050908998126,6.3460832862754,0.00858215800615394,0.0278531698594313
"TAPBP",0.951285629192261,13.8291173579143,0.00858232206478796,0.0278531698594313
"ATP6V1A",0.804188658251406,10.7432909520233,0.00859884047311025,0.0278948732753969
"ZKSCAN1",0.641282982533947,10.0254835899206,0.00863144993048645,0.0279725980092193
"HPS1",0.658407264839508,10.0148119277684,0.00863378274470287,0.0279725980092193
"ANKRD2",0.530356832644342,6.57344233671615,0.0086344237061415,0.0279725980092193
"CROCCP2",0.557981330332356,11.3082360962799,0.00863702631546582,0.0279725980092193
"APOBEC3F",0.512545995464327,9.38824006363051,0.00864482110307281,0.027986669370098
"POMGNT2",-0.622898336082953,11.0153498855465,0.00864754825515315,0.027986669370098
"INTS15",0.67656712930829,10.9778212442388,0.0086492526520866,0.027986669370098
"CD96",-1.53378745757461,6.93938198904937,0.00866308776105143,0.0280069467257106
"PPIP5K2",0.550495720100111,9.96226418681413,0.00867289903177857,0.0280190624339079
"ASL",0.616392311929695,10.1961819084012,0.00869467712494418,0.0280445288183356
"CAPRIN1",0.673310736217997,11.3887781899371,0.00870878461278619,0.0280718941058186
"CALCRL",0.532282373980396,6.43421680007231,0.00872193330720446,0.0280928934609821
"PAX4",0.720760526546209,6.90422192351706,0.00874097145024563,0.0281339034529811
"PAG1",0.632365552163143,9.23126167376826,0.00875268989904265,0.0281550269756564
"ATG14",0.57934109987228,7.00235365790147,0.00877815644075259,0.0282117927199842
"SLIT1",0.579467268361651,8.54546671531586,0.00879817331585862,0.0282582090364473
"CFI",-1.81678446001333,6.73038665787326,0.00880539253438851,0.0282694552803421
"GRAP",0.605504521041635,6.70967160292355,0.00882555397840214,0.0283070230580359
"ARFGAP2",1.1638841970169,9.26699788354644,0.00883012344735153,0.0283070230580359
"AICDA",0.565889805830031,6.22418924205734,0.00883409037125,0.0283137716261265
"PURB",0.587174190943434,9.79108355539028,0.00886843220224845,0.0284058797244723
"PMEPA1",-1.41512366045582,9.78243518671805,0.00887164272010594,0.0284101795088168
"POGLUT3",-1.17539821710198,6.6654689721789,0.00887967076176709,0.0284299016726219
"BST2",-0.759156256809547,12.947254220833,0.00888193652755453,0.0284311704296041
"ARF3",0.737648425246106,12.9566703246038,0.00889029164797977,0.0284519266377265
"CLEC1B",0.924561286621605,6.52008383635417,0.00890355192317521,0.0284823764509147
"CNN1",-1.99763941623826,7.07060153749119,0.00890967665711308,0.0284959753104891
"LRRC37A3",0.61448718122531,7.46494949245864,0.00891741326897431,0.0285147226649624
"MINK1",0.847110101109158,7.91256212335141,0.00892689312758586,0.0285330371341584
"PLEKHN1",0.69308129933631,6.65118516383366,0.00893126346305528,0.0285348849799878
"MYO15A",0.656770120625809,6.51832383967288,0.00893751083847265,0.028540267609843
"TTC31",1.23162433824797,8.16499111920757,0.00893853857349305,0.028540267609843
"BTN3A2",0.820089052960886,11.7771110030556,0.0089443118018484,0.0285527065244564
"TMEM106A",-0.845995367329243,8.97692068576779,0.00895929583485322,0.0285765459430469
"SMARCB1",0.722047138243509,8.39382471241433,0.00897047828782529,0.0285930349907158
"RPS25",0.74926023465313,16.3742345828153,0.00902712182518011,0.028720600150071
"FAM200C",-0.531728651822698,6.59552340151784,0.00903080069617699,0.0287262951239196
"IL15RA",0.699404573409736,8.47337648743944,0.00904364810455663,0.028760685751679
"TC2N",-0.846177006721498,6.72084263635227,0.00904539452592589,0.028760685751679
"ORAI1",0.65036590955977,10.2179351320813,0.00906709174086816,0.0288064577795759
"SH3BGRL",0.623902563524885,12.9238841747057,0.00906736674058586,0.0288064577795759
"SELENOF",0.634913567291547,13.6057457846893,0.00910493199435106,0.0288831841892873
"RPL29",0.864762341323889,14.4770592991796,0.00910715944052227,0.0288831841892873
"NAA10",0.583169436105163,10.3278219545736,0.00911452455208296,0.0288959119007875
"PSMA6",0.646890606434559,13.6552236617968,0.00911972835665964,0.0289063836698791
"NANOS3",0.555842137765729,6.40604296615811,0.00915623954946618,0.0289918990356614
"TSEN15",0.498147498243975,8.31007811598695,0.00916255590490469,0.0289998231429325
"PIK3R2",0.537530260641339,6.90277837366564,0.00918463263743297,0.0290434517662184
"LRRC28",0.634576548182956,7.88412824629964,0.00918779895103082,0.0290434517662184
"PTDSS1",0.913539399866001,13.0616356338355,0.00919436258636063,0.029052122628999
"RECK",0.625380228957634,8.84425558932024,0.0091967777863785,0.0290537176101463
"RRS1",0.877714049250364,9.9829680520836,0.00920269065425392,0.029056425735357
"FRMD4B",-1.0367938301685,8.42478783006554,0.00920486865382695,0.029056425735357
"RPL36AL",0.645786156162756,15.8591656903612,0.00920718803384306,0.029056425735357
"SIAE",0.66742814928728,6.76645342808444,0.00924122482068373,0.029133612577313
"MRC2",-1.14654934167562,6.62810023926151,0.00925085498213238,0.0291566405910917
"SLC4A8",0.531320343881654,6.36115649693419,0.00925236372255449,0.0291566405910917
"CX3CR1",-0.644258245424154,13.9442753101757,0.00926048027325416,0.0291701292451635
"TMEM144",-0.514431744158023,7.46975878095358,0.00928215358863627,0.0292202425535045
"CXADR",-0.688321594963264,6.24944446724792,0.00930409739236089,0.029265090619033
"MAP2K4",0.569299179656878,11.0070568512942,0.00932462687246774,0.0293054196066314
"HECTD4",0.593124064240671,6.5512315750683,0.00933179308918422,0.0293218820868417
"NELFB",0.725339151055279,10.8358943731631,0.00934589169630189,0.0293601158680767
"ZBTB1",0.712998829958096,8.12952491198719,0.00935238044323579,0.0293640431044286
"BPNT2",0.720703204208895,9.70181659875085,0.0093529342975968,0.0293640431044286
"PPA1",0.9868271906183,11.8983239366859,0.00937431123005811,0.029386179917911
"FGD6",0.703224044648194,8.36628920262169,0.00937737579837072,0.029386179917911
"PFKP",0.808994889882001,8.80496743548961,0.00937953681210263,0.0293868965468597
"ING5",0.835712712656113,8.54541904916561,0.00944222357327436,0.0295406986427395
"ARF1",1.05935709138322,10.893711471053,0.00945581054084535,0.0295649602601102
"CASTOR3P",0.594295856359407,7.20548357555239,0.00946308217597491,0.0295816143334484
"LMO2",1.07720431525741,12.8421541067585,0.00946748380624525,0.0295839524571358
"POFUT1",0.757590767696095,6.57138358246563,0.00946772071336665,0.0295839524571358
"SEPTIN10",0.65761442436587,7.47522176799559,0.00947671460151311,0.0296059728142587
"DNTTIP2",0.520193130635351,11.1179429031879,0.00949523286443278,0.0296577328819662
"ACAN",0.504634549406865,6.50434027129752,0.00953319478600908,0.0297579692745538
"RBM10",0.636586344262854,11.6316096653736,0.00954254685528616,0.0297749389772655
"C1S",-4.42990463330634,8.72528019103981,0.00954716541902638,0.0297832393215494
"HPCA",1.29482018809218,8.40870497956175,0.00955458151049799,0.0297941512429062
"GTDC1",-0.50000294393,9.34469040085713,0.00957905367691403,0.0298521000652682
"KRT23",1.07256210853473,8.23251953074361,0.00964675881259837,0.0300261784735972
"RABAC1",0.533347768601538,13.1989375690666,0.00965878636630195,0.0300451673263899
"DTX4",0.518662601564787,6.32384850719705,0.00973046062823427,0.0301940104538231
"RASSF1",1.0562518929209,10.2136485502544,0.00974283916334151,0.0302134355623
"CD8A",-1.20529228400001,7.74025033067877,0.00974795684248595,0.0302134355623
"TRMT44",0.824246876830421,7.67822348300874,0.00974864073541598,0.0302134355623
"UBE2D2",0.622694815076284,11.6952239029775,0.00978244461383505,0.030303951431288
"IL1F10",0.530640092839192,6.58987107201241,0.00978382440344714,0.030303951431288
"ASH2L",0.56210232748367,9.91565082258097,0.00979097383707847,0.0303137479874368
"ZNHIT1",0.684673247645081,13.406650598415,0.009795174510825,0.0303205808997815
"IL1B",-1.39151585816078,11.7255724332563,0.00980595108434225,0.0303354158036365
"B3GNT7",-0.941763872041612,9.74914257419272,0.00985318849365768,0.0304375313967686
"CCT6A",0.681098663772488,12.3076990625768,0.00997898799652858,0.0307518641238514
"MAGEH1",-0.911232530908189,9.74012755950361,0.00998457764562402,0.030760208924397
"ZDHHC11",0.522385697222168,6.98519950252341,0.00998574115332379,0.030760208924397
"NIPSNAP3A",0.733311335001846,10.3121866410819,0.00999224057812892,0.0307714341635041
"EDC3",0.649284381368207,8.78927690062834,0.0100092630172496,0.0308077053159952
"SLC7A6",-0.670986170724701,7.97889877114916,0.0100448579929157,0.0309047542699297
"PPARGC1A",1.04958183507022,6.60888027591882,0.0100710484243169,0.0309665395141553
"ING3",0.56963886538203,10.8698480592868,0.0100747658783451,0.0309689709563942
"CDH13",-0.797088669050357,6.55426293007618,0.0100759119076958,0.0309689709563942
"RAD54B",-0.558478546432484,6.16920507683517,0.0101103881217903,0.0310503637943441
"ANXA2",0.88594906439875,11.2186284348945,0.0101105603307202,0.0310503637943441
"NOTCH1",0.670686894912113,9.36064012403992,0.0101358262490128,0.0311016014123405
"PPHLN1",0.723692118637591,6.86534886075799,0.0101374696344669,0.0311016014123405
"KIF3B",1.17801704362343,9.58464292486676,0.010141710929894,0.0311083380035958
"MAGEE1",0.637844212687509,7.25366468867127,0.0101681866600375,0.0311638380118328
"PARK7",0.663762748719934,13.7115596275544,0.0101725654743751,0.031165265055257
"AHCTF1",0.978520808591649,8.17999801173445,0.0101965264058051,0.0312231338838672
"SFMBT2",-1.56095221765022,7.70268224078645,0.0101976134929753,0.0312231338838672
"CXCR4",-1.22212994754589,14.3822696521185,0.0102024014150197,0.0312261747610008
"USP15",1.53183266843737,12.1561942112545,0.0102047664756821,0.0312261747610008
"WASHC2C",0.789673996737158,11.5132706410649,0.0102102250205214,0.031236592659845
"TMPRSS6",0.935746897755387,7.03069678836233,0.0102218518257291,0.031265873404201
"MICALL1",0.936597929529245,7.42644875626045,0.0102260980806,0.0312725718097256
"NKX2-3",0.474198095341225,8.57941198537284,0.0102293070017667,0.0312760958751243
"IFI44L",-1.9126020490846,11.5201421055548,0.0102331516220197,0.0312815617824474
"BNIP1",0.747736806935787,8.26728214785097,0.010237270584226,0.0312878639559706
"CES4A",0.951772047518585,7.29582135040108,0.0102590696754402,0.0313230137771723
"SCGB2B2",0.749573695058343,7.14848622190094,0.0102621390162894,0.0313260959774646
"TYW5",0.569385126597661,6.35491172813129,0.0102938766273386,0.0313934321921632
"DCAF10",0.49681107107253,11.4984128251145,0.0102964174107845,0.0313934321921632
"IFI35",0.730414870746792,10.9961887607927,0.0102965833623428,0.0313934321921632
"ERCC4",0.496427836904739,7.23470688514835,0.0103108005021826,0.03142417916577
"TFF1",0.606710525728081,7.68813094953112,0.0103182666960064,0.0314343349184426
"HSD11B1",-0.688679135595456,6.30315839034347,0.0103225322336218,0.0314410314858641
"CD22",-2.89179983525539,8.09500179826378,0.0103361631848627,0.0314659112151447
"KCNG1",0.567599775364089,6.7622094047837,0.0103369077084997,0.0314659112151447
"ATN1",-0.613466573991243,8.42932185087098,0.0103507419037943,0.0314845608904074
"PTGES3",0.548077283302291,9.48820270133555,0.0103527368971925,0.0314845608904074
"APOC4",-0.834324952857828,6.70373800084841,0.0103603334456139,0.0314868007675653
"RPGRIP1",1.41832334089469,9.13170879240917,0.0103725368990309,0.0315050012303698
"LFNG",0.876934708248028,9.01596134446944,0.0103867565357293,0.0315293000789163
"IRF3",0.770232256601011,10.796976501885,0.0104305317387493,0.0316369219551055
"RPS6KA5",0.6951481211806,6.66176939400766,0.0104426714399138,0.0316484378384867
"EXOC6",0.480600055469687,11.1355843404309,0.0104427089346074,0.0316484378384867
"CRAT",0.849060352732993,8.08021485890674,0.0104447222803888,0.0316484378384867
"ZNF195",0.497735848212982,8.87284256311399,0.0104481668677466,0.0316525342081057
"TEF",-0.471939584216579,7.05343443230609,0.0104621800851072,0.0316845441993062
"PDE12",0.505581318340277,7.45461129149782,0.0104708005693194,0.0316897594883262
"ARID4A",0.489287187545424,7.81813200338629,0.0104883111899123,0.0317046783097171
"CXCL3",-0.95125273182467,6.66927131181631,0.0104976678169693,0.0317266558347515
"SLC7A5",-1.73128966200891,7.40565694906002,0.0105223838220883,0.0317760947510563
"UBQLN2",0.765702499279987,10.8416788148011,0.010562173981426,0.0318709408550647
"CCL23",-0.85645554492793,6.58115855597393,0.0106015489850763,0.0319770640549466
"THAP1",0.556846085514028,9.70879038227423,0.0106067052155669,0.031986272638973
"SLC16A13",0.478328285821361,6.55171429672649,0.0106325320807297,0.0320462167998144
"RPRD1B",0.66794089113752,7.01641624388678,0.0106371187799489,0.0320462167998144
"XPO4",0.639634617049173,7.64846084380081,0.0106405255628931,0.032050131265692
"SYNGR3",0.540149298264151,6.74317335587638,0.0106847608075112,0.032151531927311
"FSCN3",0.776392650628945,7.85259908645914,0.0106899024797554,0.0321606403386985
"PRPF39",0.533477967298081,8.03898109244931,0.0107406659586353,0.032268677972921
"DCHS1",-0.849675769363532,7.27839962989607,0.0107449722115347,0.0322752394613905
"MUC2",0.927662516537863,7.43136709540858,0.0107779542596834,0.0323503461967529
"FCGR2A",-0.619765927548349,12.7787337225017,0.0107784852826767,0.0323503461967529
"NDUFB2-AS1",0.763849804014456,8.64024042029689,0.0108143214430735,0.032445097752271
"LY86",0.475886716335424,13.4809099525353,0.0108260054192382,0.0324673418291805
"TRIM33",0.764657813574046,10.4949613418359,0.010835178155272,0.0324884442794513
"HESX1",-0.770264508816949,6.73541329593519,0.0108393731039806,0.0324946158417773
"GABRA3",0.498370862665159,6.70247741588931,0.0108418177714668,0.0324955389571278
"AGPS",0.802846392229842,7.72896863590099,0.010849730114519,0.0325128464200206
"PLEKHJ1",0.628873753876439,12.8326762128358,0.0108832912953715,0.0326005700256075
"ZNF219",-0.625629186463128,8.98126592824043,0.0108966009059828,0.0326211627122414
"INE1",0.69066681170985,7.45042791095139,0.0109063437164014,0.0326424567505498
"CHMP2A",0.667076095947512,13.8577197940984,0.0109080066548063,0.0326424567505498
"MIER1",0.922300190617343,9.89071319301789,0.0109120628652819,0.0326481707761571
"CXCL2",-1.48382069880726,9.51734358685613,0.0109245160144726,0.0326790006978951
"CKAP2L",-0.492621199063422,6.26127301389373,0.0109308795746221,0.0326916060119671
"ZNF395",0.575228707531911,7.33436303137425,0.0109388025496742,0.0327024393897081
"TWF2",0.542514653247931,12.0374758677077,0.0109438723537878,0.0327111656360858
"B3GNT5",-1.33186357175297,9.93580403701718,0.0109517932331222,0.0327284086243509
"ANKRD50",1.15901746647772,7.95529724332438,0.0109691286762309,0.0327544686644647
"TTI1",0.797988551458718,7.81579312915045,0.0109743370281467,0.0327571575120816
"AKAP17A",0.860913253862646,12.5007473066088,0.0109786479934992,0.0327635947184332
"CCDC82",0.626029115422168,7.57051572872304,0.0110074488341973,0.0328302180565743
"TESK1",-0.841702106741774,12.8134545439418,0.0110333957761938,0.032894703580544
"CLP1",0.989662921145238,8.34814285226711,0.0110417743638412,0.032913230992806
"DLGAP5",-1.81615073257356,6.77892242363225,0.0110533275669198,0.032941212157107
"REPIN1",0.685864212552394,10.1277187826111,0.011077675962896,0.0329879177684985
"DIP2A",0.464087791442501,7.72488202615649,0.011089507539156,0.033010223263943
"PSMD10",0.463801296630101,7.38842145796471,0.0110958929483399,0.0330227671151375
"FAM193A",0.599577727370762,8.82319844352603,0.0111213000919808,0.0330789618225786
"SYPL1",0.798854964010046,8.64334603500279,0.0111404581840016,0.0330980778100048
"KDM3B",0.605379216451399,10.799381398601,0.0111410750515284,0.0330980778100048
"CROCC",0.7246946780461,7.57895040740535,0.0111432982271174,0.0330980778100048
"DUSP4",0.722952405484617,8.16098499837798,0.0111589762390793,0.0331162779258097
"TRPV6",0.490185143338393,6.42400874460363,0.0111937760591373,0.0331939433779408
"PGC",0.507971042072222,6.40960078972278,0.0111948800358666,0.0331939433779408
"USP49",0.520276824095536,6.42655812908632,0.0111999492877133,0.0332025007344141
"CRNN",0.549395645938302,6.33231069866735,0.0112101748803922,0.0332146933486429
"TWSG1",-0.750616892475877,8.01221017312513,0.0112127982411844,0.0332146933486429
"RPS20",0.523018412000454,17.0892357238206,0.0112215532726682,0.0332341542688878
"AKTIP",0.491392898464408,7.35919573684847,0.0112340533703894,0.0332470633275112
"IFIT3",-0.940994890417805,10.9976230709117,0.0112374053912863,0.0332487278581095
"ATOSB",0.592350873432229,7.43080476828016,0.0112587957120071,0.0332861129837099
"CKS1B",-1.06075184166206,10.2926819633293,0.0112901211623785,0.0333633036664533
"PPP2R3C",0.623803384887353,12.7574097555145,0.0113018470927017,0.0333847205653172
"MID1IP1",1.46764005854544,10.3039664988618,0.0113137689980612,0.033409669693692
"RICTOR",0.730958370443222,9.48058012346373,0.0113380137264287,0.0334682672266163
"POLH",0.460166615321362,7.56536256600171,0.0113425508943062,0.0334686678309291
"ACOT7",-0.495038036058531,8.24478515502434,0.0113513014226774,0.0334879906956503
"ACR",0.564614999684334,6.56817873244707,0.0113896483561542,0.033562056229489
"MCRS1",1.02838944365005,9.85370011722615,0.0114020403976563,0.0335855569179851
"KIF20A",-0.588132515247862,6.23243284727022,0.0114409284157851,0.0336740157436152
"INTS3",0.937300759885196,8.85529882559174,0.0114584057757917,0.0336980830694744
"EIF4G3",0.500942180823317,10.0276293582034,0.0114832858922171,0.0337539560765296
"SNRK",1.45773683710281,8.69670141527521,0.0114876801122599,0.0337539560765296
"CFAP298",0.595383664219791,11.1508059101112,0.0114916726850144,0.0337539560765296
"RNF25",0.521788384870674,8.5618822091368,0.0115031002047359,0.0337552488963337
"MLKL",1.28529730324351,10.7712403994687,0.0115040409672342,0.0337552488963337
"TRIM72",0.737595590862754,6.93976783589823,0.0115174288023483,0.0337642058521542
"KDSR",-0.573053977023619,8.74940587314637,0.0115410706519771,0.033805200784913
"EIF3D",0.695256075648386,13.84310120541,0.0115433908307339,0.0338054857989218
"ITIH5",-0.459245236337553,6.1243394632599,0.0115973994552503,0.0339244970321963
"KLRC4",-3.04807251949381,8.47044555533658,0.0115974132082055,0.0339244970321963
"FOXD2",0.644665132495583,6.56620662340481,0.0116258646102195,0.033989382928566
"DNAJC27",0.93153159402816,8.21487036213144,0.0116628883526025,0.0340505290970202
"MED13",0.628446057446672,8.22290144736315,0.0116653181287165,0.0340510860079695
"TFRC",-1.65406710948537,11.3121865734281,0.0117043396968013,0.0341230171610333
"EDRF1",0.53756281854638,7.48385286869796,0.0117256130059612,0.0341680633444448
"TLR6",0.750949430092,8.4962143106703,0.0117281037539342,0.0341687743083969
"RALY",0.783305248774936,11.2596463675181,0.0117410497527787,0.0341999395978276
"IL10RB",0.953747769493074,11.5393917388218,0.0117791161347628,0.0342850833641624
"PRH2",0.756220834563875,7.09926527707621,0.0117818075204064,0.0342850833641624
"STAT4",-0.736911313626916,6.42207094280955,0.0117837939429386,0.0342850833641624
"NCSTN",0.671756591013286,13.0804703973854,0.0118104458397572,0.034342879604403
"CSNK1G3",0.832030020385016,8.79848928328851,0.011829148649485,0.0343795417109674
"RPL14",0.900161116395661,14.7145924045622,0.0118409920193796,0.034405389115538
"FAM210B",0.568019035115624,11.0399727752034,0.0118604864393478,0.0344422909623068
"HCAR2",0.588946562830874,6.86521848609295,0.0118638470661095,0.0344454727341339
"CCNA2",-0.777143463535453,6.42110887154992,0.0118968597060251,0.0344952225756396
"TOX4",0.568302377258458,11.0142210428041,0.0119089068711038,0.0345192739943385
"MAGED2",-0.836032650161692,10.7254861127499,0.0119330921785246,0.0345648737956369
"KIF1A",0.599814155387976,7.06866513516272,0.0119406116275528,0.0345648737956369
"DCUN1D2",0.961064464474068,7.44372924595017,0.0119424138225582,0.0345648737956369
"ORM1",0.85873201934432,8.1326414500739,0.0119455662124276,0.0345648737956369
"IQGAP3",0.656664996204773,7.81562588680398,0.0119458822113274,0.0345648737956369
"RBAK",0.52538927713925,6.58726109339019,0.0120182537418433,0.034731481158587
"THY1",-2.82768655718671,7.20976227154703,0.0120189654868338,0.034731481158587
"INO80",1.40395944680874,7.70510253248558,0.012038723714191,0.0347805680557402
"RFXANK",0.616286590092902,11.6822270205318,0.0120447545681708,0.0347913822360382
"NUDT2",0.623771507436242,9.82900219768342,0.0120756377817683,0.0348673437222578
"PIN1P1",0.830193762657969,9.37266475612827,0.0121109474178248,0.034956936880873
"NCAPG2",-0.537604171125156,7.43438657906997,0.0121135624251841,0.034956936880873
"DGLUCY",0.452687317892212,11.0311563588011,0.0121449557831197,0.0350190240252235
"CIRBP",0.469076199108425,11.9643497795536,0.0121511960666165,0.0350190240252235
"JADE3",0.542972996015673,7.98895199116676,0.0121769489474656,0.0350733029532306
"PDCD4-AS1",0.709571339131618,6.45463380519491,0.012201773177693,0.0351314968736
"RNASEH1",0.468887099029235,8.61570448150349,0.0122053014614793,0.0351350037149681
"ARMC6",0.747588003835895,10.3488551296714,0.0122614292066248,0.0352632026048316
"GBP4",0.598040685999198,11.1256533255308,0.0122739382114097,0.0352756628006361
"PREPL",0.449804543290092,7.09402369389324,0.0123052190593821,0.0353380972241177
"TBX1",-0.832525191603799,7.22881752542086,0.0123509582633779,0.0354402591074437
"SLC35A1",1.54584582861002,11.0003731196928,0.0123564840558621,0.0354494264330411
"HSPH1",-2.548115991895,12.3962832750839,0.0123839848642626,0.0355015347437712
"SIPA1L3",0.476392813372196,6.31883806172288,0.0123890649943361,0.0355094045295635
"PCCA",-1.34863967832774,10.7672745862417,0.0123997616650705,0.0355333663844717
"FTSJ1",1.04545580616158,8.76508924329612,0.012414894182293,0.0355633284468473
"NFYB",0.472717452456359,9.10088163407156,0.0124180383763524,0.035565636088054
"AIF1",0.466823576464856,6.51099273721508,0.0125114528887519,0.0357994685855388
"IL10RA",1.43662413096342,13.6074314668463,0.0125273930440305,0.0358383358565868
"SUV39H2",-0.672765103817618,7.0106098293382,0.012592765213782,0.035977977338192
"TRIM27",0.854283989710228,10.2203257883208,0.012621311864195,0.0360282456701945
"ZHX3",0.942889839968747,7.54509946189807,0.0126245739858276,0.0360282456701945
"ZBTB18",0.582859984750361,6.32427885260123,0.0126573169995295,0.0361138120589269
"CP",-2.80294953376183,7.32439749763541,0.012659306423339,0.0361138120589269
"SMARCC1",0.706340771520587,9.65631893139928,0.012679230182537,0.0361315875301241
"CTAGE15",0.666069724846708,7.64719659277729,0.012682168216452,0.0361315875301241
"SNRPB2",0.867527124748127,10.0771845023412,0.0127078357173287,0.0361843785038635
"RPUSD3",0.560594010214053,9.6403513069672,0.0127108625596131,0.0361862219780226
"NARS1",0.788659129225551,11.9608819759016,0.0127199639737837,0.0361985801110223
"SKA1",-0.549630530044496,6.18049474596971,0.0127369026485035,0.0362332239952192
"CECR2",0.841508924934671,7.49619807058824,0.0127712458698969,0.0363105453709838
"IRF2",0.466526024642372,6.74518219154106,0.012781913120454,0.0363272911111688
"EIF4G2",0.710006282088248,13.5664787420491,0.0127853389996254,0.0363302383233003
"PHKG1",0.545943564972219,6.37809982010517,0.0128200534244216,0.0364220759347289
"CCNL1",0.767638084698699,10.9550194596393,0.0128268716160782,0.0364346401825396
"ZDHHC17",0.725223911390356,10.2123645020002,0.0128316343934321,0.0364413624379675
"LY6D",0.484175011787081,6.6951070592329,0.0128537840331695,0.0364597877071613
"STAG3L4",0.629062796374647,6.57606114704481,0.0128549041087453,0.0364597877071613
"TMUB1",0.509067789670006,9.49718610530008,0.0128733282497053,0.0365015771676823
"FTH1",0.645252485592048,16.5785318543544,0.0128744384486749,0.0365015771676823
"IL2RB",-3.94309950838934,9.05374481540437,0.0128868672036647,0.0365300049269958
"OTUD1",-1.39648139410845,10.847560098883,0.012911913348357,0.0365873631827489
"CD40",-0.516332612035687,9.61231406943179,0.012917010072364,0.0365881708289274
"ALPG",0.648185554713378,10.2776477093897,0.0129379102360168,0.036639437347728
"FKBP4",-1.0622650790774,10.7937681791863,0.0129528627961072,0.0366692362999251
"GAK",0.814755129122956,12.063176609379,0.0129975940049738,0.0367618612195605
"HSPD1",-1.1498617993645,9.74315568245794,0.0130000227860766,0.0367618612195605
"SNAPIN",0.440674991931178,10.8083179903008,0.0130010635809357,0.0367618612195605
"L3HYPDH",0.463581911868706,7.52831530465227,0.0130025020712793,0.0367618612195605
"RESF1",0.78319609636773,12.5143598725118,0.0130510699139,0.0368448530688411
"TDRD10",0.495512214334298,6.86433444951773,0.0130512377355239,0.0368448530688411
"KDM2A",0.75102632010687,9.89780225385002,0.0130730869248841,0.0368859936834207
"MPPE1",0.691348175955511,11.7217033088509,0.0130830011575427,0.0369002747781731
"HCFC1",0.687212710433971,6.99555199451637,0.0131097486750424,0.0369620055339348
"CAV1",-0.864124981985626,6.7165540546617,0.0131298695541178,0.0369966697048343
"KLF13",1.96521482195175,9.29542558903167,0.0131366396900385,0.0369966697048343
"DDX10",0.511766690333191,6.96388778070771,0.0131490488874299,0.0370179073454338
"KLHL2",0.624872639466449,8.87943131152179,0.0131526946211168,0.0370213177490179
"SEC13",0.595255463984698,11.0676418931489,0.0131804340384838,0.0370719513329503
"H2AC19",-1.38254530412415,11.6366516763217,0.0132157935495854,0.0371439268715755
"RNF135",0.747763311614083,8.87690260528128,0.0132356963403061,0.0371861204403057
"MFSD8",0.455153801131483,7.77506483559285,0.0132547535856266,0.037225908131156
"ADAMTS1",-2.15349603013919,6.95676534956268,0.0132605063092344,0.037235188321794
"MST1P2",0.501353471469452,8.45328666058722,0.0132898724944183,0.0372969885394194
"ACOX3",0.483056375600669,7.272574208765,0.0132965121456666,0.0373087374006084
"ADAMTS13",0.566052630254677,6.81852431316791,0.0133052152865607,0.0373202242338547
"IL18RAP",0.59407090748698,7.08938718847068,0.0133079679129533,0.0373202242338547
"YKT6",0.802918150989561,11.0043252512907,0.0133299485111472,0.0373749736278626
"ROM1",0.792620546307209,8.0286981325205,0.0133385134640558,0.0373920945182232
"OSBPL6",-0.593930270601999,6.4754283324499,0.0133802985280024,0.0374677923059952
"AP1S1",0.506747755548059,6.56996774821976,0.0134016359372771,0.0375137270999651
"KCNAB3",0.727887853321476,6.87475939691955,0.0134467428650461,0.0376100741120246
"KLC2",0.556769440150529,7.17368716955856,0.0134508938121582,0.0376100741120246
"BET1L",0.969997947745043,9.1706120818868,0.0135097704325887,0.037729092029564
"LIPA",-0.60972456006441,14.3682101430322,0.0135108255650319,0.037729092029564
"CALR",-1.93182051772355,13.5215980087373,0.0135493818114203,0.0378000532473943
"ELK1",0.605350094560118,6.62166226630812,0.0135511321956431,0.0378000532473943
"SPACA3",0.469152671942699,6.5058036111835,0.0135511500726456,0.0378000532473943
"GON4L",0.747381236810939,8.01603564614964,0.013571924155769,0.0378510586027756
"CAPN15",0.481380175164176,6.35494190144702,0.013587469002651,0.0378767199738872
"ENDOG",0.524058905412346,9.83248614001144,0.0135910876444965,0.0378767199738872
"C6orf52",0.466739192626973,6.29461757599982,0.0135998272944638,0.0378941321902171
"TIMP1",0.908973377280752,11.5934641654771,0.0137345286962597,0.0382204414295916
"PTGIS",-1.35585977687266,6.53066558180602,0.0137377355923012,0.0382223715491615
"DUSP19",0.507696684613378,6.38269233320976,0.0137764740332292,0.0382992308661752
"CYB561A3",1.20858258116869,10.8536227771199,0.013777951871965,0.0382992308661752
"SRSF10",0.601556145030092,9.4153906063567,0.0137808550736392,0.0383003004312691
"TMEM181",0.72094434718813,8.98944270410951,0.0137872965512315,0.0383112015258778
"GSE1",1.00934817480674,8.55026066653187,0.0138267723017742,0.0383928342460074
"ANKRD33",0.542501567633219,8.44590896561498,0.0138367537054603,0.0384135360264038
"GALNT2",1.03519622511077,8.40064963550361,0.0138470852613403,0.0384217444960728
"CYP21A2",0.661324812928103,6.67946997738416,0.0138582282762941,0.0384292713243261
"HSD17B1",-2.15530494690509,8.40792559244176,0.0138601100219574,0.0384292713243261
"AP1M2",0.700424883335254,6.62491572163382,0.0138667193251215,0.0384405883150652
"ELOVL5",0.808976484240237,8.01831912143093,0.0138858790529173,0.0384866864656034
"SLC25A47",0.431225065863412,6.73444548709871,0.013986655230106,0.0387377622909218
"DLG5",-0.86453578963133,6.82262143868102,0.0139937243556551,0.0387408838261053
"SLC25A46",0.51681376574906,9.78625382384023,0.0139989069738567,0.0387434717485736
"KPNA2",-0.551114651756427,13.0540892192595,0.0140354099036663,0.0388233018943175
"TYW3",0.706171377393177,7.26634201713838,0.0140689096499886,0.038901814174005
"MRPS23",0.540431468591296,9.88335403572678,0.0140896144114034,0.0389307514477877
"ANKFY1",0.549933996886432,9.04384751376917,0.0140921934837312,0.0389308044506056
"TNFRSF9",0.520528060017509,6.59559429276077,0.0141216784069168,0.0389910103871443
"FOXJ1",0.741194857250808,6.87583635739991,0.0141464860729086,0.0390397190610143
"THBS1",1.96792616551194,10.3153677802006,0.0141470207617865,0.0390397190610143
"PRDX4",-1.02787876499074,12.1222282550619,0.0141565457379085,0.0390589164699042
"ZNF250",-0.692527430547854,7.99215705228317,0.0141835824744173,0.0391175275791719
"PRPSAP2",0.993365051388861,10.4438540979976,0.0141855052997852,0.0391175275791719
"N4BP2",0.491175322985433,8.52858022759586,0.014196792252686,0.0391351123050213
"KSR2",0.49357942963649,6.25290268619253,0.0141970288392164,0.0391351123050213
"GAS1",-2.57739396158863,7.52361559700824,0.0142536023338954,0.0392415275614772
"H3C11",0.654542119491272,10.3414407007596,0.0143276713817687,0.0393952678311225
"GPR32",2.7184200698884,7.75954175796839,0.0143526304607736,0.0394353756183279
"PAX7",0.470284973688565,6.3212579430349,0.0143693182561994,0.039452715659917
"CXXC5",1.18924705967182,9.81925095875251,0.0143949082861369,0.0395072082419666
"POPDC1",-0.786333902368953,6.41780410571324,0.0144306813933033,0.0395926037577767
"PSMB10",1.0022242325629,14.8269008497357,0.0145009556638622,0.0397209926828851
"FBXL19",0.971779785097905,9.2278528482191,0.0145256602940866,0.0397665736257999
"BIVM",-0.708559361179146,8.07231581280756,0.014556737731631,0.0398235055626271
"LUC7L2",0.534589486366582,9.82045396369318,0.0145693957520725,0.0398495677337067
"ARF4",-0.43848761949688,12.5976922434788,0.0145897362458247,0.0398850815794539
"RNF146",1.07857803423673,9.8408961572508,0.0146043503427959,0.0399178576587418
"GPR149",0.512262056423575,6.33452834872184,0.0146094539582591,0.0399246317694886
"GORASP1",1.19489202115389,7.57341152387593,0.0146247491349475,0.0399592498821922
"ITM2A",-2.29561764677945,8.16449244999144,0.0146718732723394,0.040067747538812
"CDC25C",-0.561015176698622,6.1365183278241,0.0146723623121807,0.040067747538812
"HS3ST2",-3.04542689259809,7.45810629171716,0.0146908348310844,0.0400984689972737
"XRCC1",0.454047731753979,12.1099128632213,0.0146915221760132,0.0400984689972737
"ALG3",0.615971758370601,9.52135057875014,0.014725291355677,0.0401618061221548
"SREK1IP1",0.495624318491564,6.67112244660861,0.0147618756643374,0.0402327249288967
"TGFBR1",-0.551097521066426,7.99969940042687,0.0147818221674573,0.0402795279389016
"ZFR",0.612156756844966,8.68862536128073,0.0148442226413558,0.0404209378567125
"CNST",-0.513922840044157,8.75913374564371,0.0148954066350028,0.0405385368835224
"FN1",-0.984932459567953,6.48427803777691,0.0149443796499877,0.040642726344244
"FCER2",0.74227164268256,6.58019634193792,0.0149597550873965,0.0406564624641098
"GOLGA1",0.522606951692459,8.51898332207294,0.0149601238788242,0.0406564624641098
"ZNF678",0.493325487710616,6.94111543305188,0.0149967926362617,0.0407197326213653
"MXD4",0.989566031961765,9.66386484940207,0.0150103660394767,0.0407347692234763
"ASF1A",0.444486857701967,6.64585936035148,0.0150371304408959,0.040785567994497
"DTX1",-0.536413603747776,6.3322635043345,0.0150600132794488,0.0408330686314597
"KITLG",-0.624136404251732,6.24203008160558,0.0150932492971616,0.0409013070761285
"PTN",-1.74257141939435,6.83558106270968,0.0151083769049234,0.0409350072991404
"LSG1",0.519042010310623,7.30149257080987,0.0151309198646076,0.0409887832741276
"FEZ2",-0.641546505732114,11.2447145374767,0.0151502624750538,0.0410099013668554
"JMJD1C",0.715751797835706,10.4445296255878,0.0151733148594624,0.0410524412707178
"DPY19L1",0.499956624603269,8.19721481099519,0.0152053010290045,0.0411024205561856
"KIF14",-0.523309299678696,6.13377846799075,0.0152377787376496,0.0411719626585877
"ITSN2",0.455054340658318,8.59434355646024,0.0152454713976442,0.0411779654180684
"CXCR5",0.422024474145075,6.13486889023647,0.015285190005803,0.0412670281569772
"FMOD",-2.41194717149761,7.18123366630567,0.0153381186040759,0.0413871321665516
"ZNF687",0.937417088202445,8.21995072899089,0.0153405618110765,0.0413871321665516
"ERC2-IT1",1.0341300203943,9.04113067834764,0.0153465262394833,0.0413918549502225
"VAPB",0.7846861928757,9.13933745371789,0.0153540907034156,0.0414015977690681
"TMTC3",-0.556179553903271,7.97988211661908,0.0153677008966241,0.0414309511143166
"TG",0.449910640915711,6.4464469306344,0.0153761138521214,0.0414462849101492
"FUZ",0.934391986251774,8.73346518463983,0.0153947457245001,0.0414807300439147
"CNR2",0.454210669653465,6.52493134035043,0.0153971211619662,0.0414807300439147
"TMEM98",-1.38193369141442,6.6919109233719,0.015410058807171,0.0415010048414126
"ZNF32",0.433978476208413,8.2871014629665,0.0154577081300527,0.0415851450985036
"CNOT2",1.01809100373882,9.34105083065783,0.0154826165765857,0.0416447882732076
"ZFX",0.73198478641989,9.53814424775184,0.0154936112862785,0.0416669921205524
"SARM1",0.471525075213143,7.60637799740371,0.0155586732615318,0.04179761578544
"NECTIN2",-1.20080154989073,8.64894628332009,0.0155731694398521,0.041813775953623
"PMPCA",0.424208857921161,10.8840505597961,0.0155842488651965,0.0418219969546334
"S100A11",0.571448558590168,13.3394744444792,0.0155895508376515,0.0418255280823762
"THAP7-AS1",0.63456332013144,6.95892692056044,0.015612318296464,0.0418603908061751
"RIF1",0.420545005711394,7.24078077224141,0.0156222496525653,0.0418796355924931
"PDE4B",0.845530760467703,10.1922343614119,0.0157113733462572,0.0420809897563645
"ATM",0.538162205143144,9.14972197281036,0.0157770944512689,0.0421832019013532
"ST6GALNAC2",1.91225752651818,7.98968153364166,0.0158427031922203,0.0423362906602155
"COL4A5",0.804818202147257,6.63505183913972,0.0158653896886904,0.0423745778689154
"TMEM116",0.682740189428773,7.90274968760836,0.0158822700792742,0.0423898847605479
"COL26A1",0.55066281591365,6.48550488894571,0.0159002900363067,0.0424230896266934
"TMEM185A",0.571064637529376,7.12470027286002,0.0159062738590415,0.0424316107434316
"ZAP70",-1.67208409779072,8.11296504133472,0.0159675414410342,0.0425577234902293
"PTPN14",-0.475073050251277,6.18898682027844,0.015987681028005,0.0425753337280691
"HIVEP2",-0.721305557441034,9.03204866914538,0.0160109936737253,0.0426212483441299
"APOA4",0.44147093506644,6.51640534558844,0.0160838173707852,0.0427701861470364
"ZC3H8",0.750030784757517,8.72541221948001,0.0161294059433461,0.0428765561179842
"RBM39",0.499203092550962,12.4690213309291,0.0161327872613899,0.0428765561179842
"TBK1",0.419941810137499,9.43599540934496,0.0161346278559059,0.0428765561179842
"HDAC9",0.518707564088105,6.70584023529591,0.0161392040412102,0.0428765561179842
"AHR",0.553971062044226,10.9614177098949,0.0161544593120217,0.0428909209925645
"SERGEF",0.505704629191447,10.406986707242,0.0161548527633446,0.0428909209925645
"MPLKIP",0.672985989205017,11.2851152985943,0.0161574228278802,0.0428909209925645
"ANXA2R",0.697042020191309,9.81541494956389,0.0161675907288959,0.0428954500706645
"EPPK1",0.488755473431714,6.29498560306387,0.0161922108124296,0.0429183074415781
"DDX52",0.527487764874523,8.96487650545524,0.0161968781587931,0.0429207393341915
"PRNP",-0.681825162782783,13.2835385122483,0.0162083215177096,0.0429361006168487
"KDM5D",0.542774746520508,6.56103455065809,0.0162578203976381,0.0430230111463888
"CACNA1F",0.535614126103531,6.27248593457726,0.0162581039622762,0.0430230111463888
"OXGR1",0.515702687415789,6.11971534054065,0.016359012028508,0.0432298618470113
"PAXBP1",0.782479748318998,8.44955124303412,0.0163730470688098,0.0432594336036238
"TPRG1",-0.517308202762408,6.24289478391359,0.0163795102995563,0.0432689929886489
"GPKOW",0.484811064603353,10.7688476289582,0.0164929651465474,0.0434856126818123
"TMEM276",0.67296533846423,10.6637173091814,0.0165192704399092,0.0435105793682258
"ALKBH5",0.831186521174583,10.3520729773473,0.016567905852721,0.043592510762661
"DHRS12",0.513996550037197,9.20457323623293,0.016586133075811,0.0436253738873977
"DTL",-1.03637896990204,6.48056745658398,0.0165993558801471,0.0436526031861104
"TFDP1",0.452845788921007,6.90236997030642,0.0166047817211718,0.0436593223401766
"TCAIM",0.412173263223344,9.06504109392282,0.0166227815661045,0.0436915420078322
"PIMREG",-2.05492572346718,7.39273630533149,0.0166506741740011,0.0437497326949221
"LINC00652",0.562660348613527,6.34079823953994,0.0166748109845397,0.0437904550946088
"RFC2",0.511346133634073,9.50763789698595,0.0166786811547992,0.0437930564575599
"EMB",0.438354124830895,11.7269979395493,0.0166858002135757,0.0438041860259036
"CALCOCO1",1.01434898816445,9.90366533923513,0.016696685010188,0.043825196001888
"SNHG5",1.05260531316968,13.5351715493986,0.016715867611747,0.0438604062524929
"ENSA",1.30268420369086,10.5762344288486,0.0167682860635702,0.0439542252292557
"IL37",0.472232081330156,6.30644971121459,0.0167718548793642,0.0439542252292557
"SPR",-0.678632800762678,9.07773892756888,0.016804284529059,0.0439937268235375
"EXOSC9",0.454037362304166,10.0285061528681,0.0168142216744121,0.0440121657873424
"ACAD10",1.04666572050884,9.02266650386129,0.0168196008049219,0.0440186695992518
"SAT1",-0.42355927538305,15.9180255356441,0.0168404138382342,0.0440655563750628
"BEST1",0.428761619144502,8.78928179689543,0.0168438308069078,0.044066915346887
"HLA-A",0.631582422352081,15.4387816628166,0.0168816175147442,0.0441505828313378
"POMT2",0.597591866541479,7.91588712676959,0.0169186579494985,0.0442101235290246
"ELK3",0.51203668460116,7.34436343751265,0.0169274319655573,0.0442243310957683
"CRBN",0.651444357627226,9.95888136288667,0.0169301719910286,0.0442243310957683
"ZNF792",0.754592004321216,7.55467339962928,0.0169383329418327,0.0442266213754977
"LRRC61",0.541879310379951,7.68543958916619,0.0169401553100848,0.0442266213754977
"ADAM22",1.09192227837031,6.64419015223451,0.0169409100692327,0.0442266213754977
"CAP1",0.618589091890766,12.6043192601446,0.0169458234148653,0.0442272322796072
"HENMT1",0.834648796757478,10.3190949332478,0.0169496351403466,0.0442295901191473
"RALA",-0.473682401835512,10.0713097582036,0.0169599626582045,0.0442489470073724
"SDAD1",0.56142446467459,7.34348067565668,0.0169679445795949,0.0442621785877323
"PCP4",0.448615770917982,6.46002468858366,0.0169909431137895,0.0443069723721726
"DRAIC",-1.37445300777114,6.73188833821389,0.0170204039409651,0.04436858127086
"GFOD1",0.827316301263382,6.67128287030479,0.0170238065027439,0.0443698456373145
"BRD8",0.479820059865076,10.5413591259603,0.0170359208377444,0.0443710025861306
"CCDC120",0.443972415889941,8.77064035696352,0.0170704480071082,0.0444457067783087
"TBC1D8B",-0.752910272478648,7.32986041566896,0.0170916721685922,0.0444851273900524
"GZMB",-3.38331886843643,10.2122296274831,0.0171110969562675,0.0445210543217992
"ARMC8",0.481061922811731,8.89194789982059,0.017179437334247,0.0446650374789843
"ASGR1",2.86155932381686,11.8255248153005,0.0171913042635966,0.0446650374789843
"KLHL18",0.969255071154684,7.12364363281029,0.017192867530377,0.0446650374789843
"DNAAF10",0.564771031658798,8.06143845986693,0.0172235842934015,0.0447371938401451
"SMC4",-0.464297598617832,8.95515796043089,0.0172548920242856,0.0448108602980421
"NT5C3B",0.708531856386532,7.68009295778562,0.0172788581169012,0.0448430421583786
"SRPK3",0.447519262477993,6.3030736795849,0.0172810404945652,0.0448430421583786
"PPM1B",0.848524020869273,9.10128360546625,0.0173814208096699,0.045031796877932
"PRKCI",0.556851475540299,8.68292431294524,0.0175068782768622,0.0452796946997483
"NUP42",0.46096686595145,8.55814173752019,0.0175192654378796,0.0452963258720286
"TBKBP1",0.56253837934684,6.7485040530923,0.0175488154909452,0.0453650154659689
"AKT1S1",0.811406964156892,8.84642959684672,0.0175557419967402,0.0453752080704326
"APMAP",-0.742255575016035,13.7259347315284,0.0175849749154964,0.0454430413789073
"EPB41",1.09266345455557,8.35087297773402,0.0176200431026014,0.0455001491844938
"SH2D4A",-0.478504026144034,6.39227179283708,0.0176250249109583,0.0455001491844938
"IL18R1",-0.583095927120066,6.41650062994168,0.0176437782551585,0.0455253783007212
"TRPS1",0.73024625354377,8.95725269715702,0.0177034169135892,0.0456715122004858
"YY1",0.416631507947365,11.5921905401935,0.0177069157160697,0.0456727907411785
"RIMKLB",-0.537223017679782,6.57095293223371,0.0177143652055725,0.045684257426886
"NFKBIA",1.25520709114444,14.9883498759591,0.0177494920364578,0.0457554017568717
"PTPN4",0.581174377807844,6.54406661985701,0.0177524623708705,0.0457554017568717
"DSCC1",-0.464768568197352,6.10743970664217,0.0177539864391965,0.0457554017568717
"CGNL1",-0.853348831793514,6.31664021951568,0.0177655796195359,0.0457617567329464
"SEPTIN7P2",0.853014649094817,7.37155307865991,0.0177802309271492,0.0457717917943182
"TRIM69",0.806817720621215,8.41445146878453,0.0177814141189395,0.0457717917943182
"RAB43",0.774095131940079,10.4711631981353,0.0177875963941943,0.0457799570084458
"ZNF24",0.801661929026742,9.17215740453638,0.017826328710071,0.0458613120404406
"COTL1",1.42906193392343,9.27475229434328,0.0178473212988595,0.0458870773141259
"GPATCH1",0.602842232963885,7.70614690063298,0.0178568427470248,0.0459022823036066
"CACFD1",0.585843365836245,9.17783528496231,0.0178592717247791,0.0459022823036066
"IFNAR2",0.744407017787387,7.95365323881553,0.0178649707460554,0.0459091711906067
"UGGT2",0.47751355696582,7.44106376113263,0.0178706738873437,0.0459160683356517
"CHD8",0.417647220440986,11.0857305286291,0.0178976127661852,0.045977516038538
"EN2",0.805974294784985,13.7852630336201,0.017910086572687,0.0459778031649815
"DXO",0.958374062251374,8.90359849229025,0.0179177278429284,0.0459778031649815
"CD164",-0.86203692908342,10.7705637741197,0.0179178361720207,0.0459778031649815
"ERGIC1",0.807564065237751,7.31933465005002,0.0180408761066622,0.0462428256835554
"FUNDC2",0.460939924870402,9.63921009934601,0.0180544718864462,0.0462554596443859
"CTSZ",-1.9951682308001,11.9869023038375,0.0180773064214562,0.0463061606969017
"CYP11B1",0.613267678824083,8.37201588744233,0.0180865516410111,0.0463220406460924
"MAN2C1",1.11228604208649,9.99565563984997,0.0181469443737636,0.0464350455622354
"PCBP2",1.0174280970674,10.5716895452407,0.018160299288726,0.0464425991260043
"GTF2F2",0.457097748556433,10.3841824946896,0.0181652716257941,0.0464425991260043
"POMZP3",1.17519797230755,9.37841481026634,0.0181704743436641,0.0464425991260043
"NCF4",0.537918180610089,12.3751190320812,0.0181720799474876,0.0464425991260043
"ZNF185",1.38674805811776,9.73341208369367,0.0181933713215344,0.0464782111637654
"GAB1",0.399715002802162,6.72793956065355,0.0182070517730117,0.0464909543356071
"NKG7",-2.31089882319928,11.2450781799726,0.0182653094707197,0.0466150069526271
"P2RY13",1.00583192342278,9.908807647266,0.0182773100611787,0.0466299834608967
"HFE",0.421519796866157,7.22263831135329,0.0182961113439674,0.0466622943684481
"TNFAIP8L3",-0.431396932080929,6.14354618160653,0.0183020010080882,0.0466694888214295
"RPS6KC1",0.55032792726451,9.37220765143714,0.0183186731932788,0.0467041713199302
"NCAN",0.4123875009414,6.50179033650753,0.0183375977084194,0.0467367497820751
"FNTB",0.527023431645183,8.26836506069581,0.0184012979092348,0.0468707363703604
"PCSK7",0.465055990723708,9.32025708569791,0.0184024965062744,0.0468707363703604
"CALD1",-2.6616833418292,7.40421311444528,0.0184059664141639,0.0468717242509384
"H1-7",0.909284139372286,7.20964463549564,0.018417808908452,0.0468861797589116
"LARP4",-0.695801537545826,9.35837476454395,0.0184517973937889,0.046949127449346
"MSH2",-0.497463608753122,8.50690614659393,0.018474014832269,0.0469905687541054
"MRPL42P5",0.576086536966263,7.21064510089753,0.0184781076463931,0.0469924851314959
"CRY2",0.453943245354252,6.31064488212027,0.0185005412453434,0.0470368227155011
"LINC00574",0.44989479056611,6.28041964613202,0.018510960767166,0.0470524304441017
"TAF9",0.560791307383205,11.0317721173306,0.01856385045427,0.0471317258278026
"DUSP3",-0.419362659052609,8.66229281584287,0.0185880489669991,0.0471616697848052
"ZCCHC10",0.428359009430517,9.66813244946294,0.0185984180159077,0.0471717626419377
"LPAR1",1.28976139363234,7.89921956489112,0.0186013322306484,0.0471717626419377
"TRIM39",0.616035807691082,8.30930072604949,0.0186321079721034,0.0472267118172239
"CTSW",-3.04080004765132,8.18649566252786,0.0186323166033235,0.0472267118172239
"SUMO2",0.550709277958765,12.9173709180279,0.0186440809819001,0.0472486558194863
"ST13",-0.400478632293,11.6055873721573,0.0186803427052657,0.0473326644221395
"CCR1",-0.607783650897433,12.6398786860774,0.0186861711373055,0.0473395453366886
"NSUN2",0.659744728666162,11.2724460369702,0.0187253423323244,0.0474096493279339
"NEDD8",0.532833653421122,12.4988207643451,0.0187263126981128,0.0474096493279339
"CSPP1",0.838956140401431,8.84498165687919,0.0187753620411414,0.0474793769016216
"SNUPN",0.859349441054411,8.23223154085752,0.0187777992551262,0.0474793769016216
"IPO5",0.606982707069467,9.24363969814447,0.0187786902041247,0.0474793769016216
"SOCS1",-0.98773247107112,7.22072637639367,0.0187788303566054,0.0474793769016216
"CTSD",-0.948167446685293,14.0151848219639,0.0187980374073224,0.0475061828510956
"AIM2",1.41269707696524,8.87054850682019,0.0188311137588632,0.0475562235212209
"ZDHHC3",0.705713388618929,9.39184216737022,0.0188788665550648,0.0476372660642816
"IL21R",-1.19030819768851,8.4252530387413,0.0190720052975262,0.0480130866685613
"PBX1",-1.53453300518833,6.76766391867878,0.0190784412551634,0.0480213397233573
"IL17A",0.516052698370015,6.34369771541361,0.0191447588126078,0.0481563830668442
"C1orf56",0.876598111930776,11.6531595546134,0.0191543116130414,0.0481724443544126
"MAP2K1",0.884859746265066,11.9476128479983,0.0191653402241536,0.0481922113308413
"LTB4R2",0.555849021970808,8.01617213555079,0.0191883641195091,0.0482182157186871
"TYMP",0.43125958280307,17.3814831559537,0.019209259362437,0.0482491936527585
"FCRL3",0.450046688960708,6.22696210416964,0.019217868196352,0.0482491936527585
"KIF2C",-1.49048254080892,8.21318548366083,0.0192229000750962,0.0482491936527585
"BDKRB2",-2.09535588429323,7.00339966360678,0.0192469093119454,0.0482855487984273
"RNF41",0.682065348423079,8.84369336356803,0.0192577387521447,0.0482960974512598
"ASPDH",0.460640638152592,6.17528440887413,0.0192654347882957,0.0482965975000535
"PARP6",0.710184255340935,10.8313575354624,0.0193506817613725,0.0484659367962703
"NR2F1",-1.62319344765151,6.72987903108894,0.0193891904983071,0.0485304162439525
"PDE8A",0.597495692347454,7.12003050081185,0.0194055133363628,0.0485632790553571
"KANSL1L",0.43054581997618,7.66521418920446,0.0194527204069139,0.0486493951567747
"METTL2A",0.435615384175235,7.75534045968837,0.0194926604026615,0.0487252431629973
"ANKRD13C",0.397241752921808,8.47248013517116,0.0195002491085509,0.0487362018805
"SMPD2",1.00618246010328,8.11299529758196,0.0195205315703102,0.0487788767862763
"AP2B1",1.24707555284412,8.76381743123584,0.0195763979657076,0.0488863481547589
"SLC66A2",0.692748055465739,9.80374541613192,0.019616142154141,0.0489775553899485
"LSM8",0.518148141094808,12.1579850887818,0.0196236019934737,0.0489881383973651
"TLK1",0.549665468172076,7.11182787510873,0.01963133416274,0.0489911895940722
"MAB21L2",1.01051530699114,7.87458971403309,0.0196322628731941,0.0489911895940722
"CDC6",-1.33125124288649,6.85308215443831,0.0196344884650098,0.0489911895940722
"AKAP8L",1.02034897329326,11.5600622093071,0.0197001508707661,0.049130845267729
"RAD51",-1.43564909080471,7.26303053519781,0.0197186515548934,0.0491608611224293
"CD300C",0.790099260427911,11.2006069419388,0.0197455260205962,0.0492058021339682
"CPSF1",1.27089725097015,8.94737356588586,0.0198140798772822,0.0493340744554203
"NUBP2",0.723056225720653,9.44008507341538,0.0198458238514359,0.0494050235934912
"NMT1",0.556864692431428,11.9273963447723,0.0198727633252691,0.0494639909411936
"BTN3A3",0.465155924811872,10.4456338058351,0.0198777393980825,0.0494682802759023
"SUSD2",0.423353745227672,6.68926312755182,0.0198898942200138,0.0494823491338456
"CEP44",0.481618227488121,7.60735051705302,0.0199361457403341,0.0495730713569329
"TOP1",0.478606767805555,9.30331662674647,0.0199588391648892,0.0496099887850302
"RLBP1",0.396168235107187,6.45130584324278,0.0200086811330162,0.0497127957312383
"ANGPT4",0.513004124092852,6.41307867846953,0.0200309744411025,0.0497600554231111
"GADD45G",-1.24365889514657,10.6677549589637,0.020068922155987,0.0498184890231175
"SOD2",0.776293210451437,13.1843224438597,0.0200708760024093,0.0498184890231175
"UBE3B",0.824986412511955,7.58731999895846,0.0200807300679896,0.0498348144376609
"SLC38A1",-0.843709278432311,8.13715868807452,0.020089918696192,0.0498494833629774
"ZNG1E",1.03852216943072,8.04686895966047,0.0200984270723359,0.049862459855805
"HMGXB4",0.587356503685601,8.74594956781032,0.0201143435684258,0.0498938080229359
"IL17D",-0.436425897574352,6.02088709393102,0.0201275769541197,0.0499022155719355
"GXYLT1",0.562024052235372,7.25940623288742,0.0201324550521828,0.0499061738278071
"RP9",0.618174416602697,9.67292119040021,0.0201547122681646,0.049952407776108
"CCDC146",0.414841105340606,8.34809900578018,0.0201576753367948,0.049952407776108
"RPP14",0.446136404774332,8.1860248870507,0.0201747397777061,0.0499784073203054
"RIPK3",0.989055053239558,9.77986225118861,0.0201980407296062,0.0500140819511189
"POU3F1",0.396119203508272,6.42991831001124,0.0202232426561625,0.0500659407968288
"CR1",0.499258655609825,7.75572431917136,0.0202462362933533,0.0501147072834175
"TLR4",0.528770861952642,11.6976511704125,0.020279717915105,0.0501812479747669
"SAMD10",1.12281944478862,7.40132566117398,0.0203157355460716,0.0502412964139398
"GPAT4",0.674580687707568,9.24433760112873,0.0203171996939591,0.0502412964139398
"CRH",-0.958952695243331,6.31275746831926,0.020352149043094,0.0503113593379996
"BRWD1",0.455693338138714,7.40334195592083,0.0203991770075212,0.0504163674245324
"PTP4A1",0.760374412431108,10.3866930784177,0.0204113387057239,0.050416702783279
"PRPSAP1",0.399544697689558,11.0225505297045,0.0204486493087828,0.0504842627740208
"HLA-DRB4",-0.606302728635303,15.6642699404209,0.0204821953488837,0.050534267823787
"PIK3R1",-0.500669227723663,10.4766675319561,0.0205063521404714,0.0505856615332181
"MCM8",-0.846988061367756,7.6909369704615,0.0205103489956113,0.050587315524693
"SOX17",-0.547538525136889,6.20935991981195,0.0205337797462604,0.0506286839139312
"ZNF684",0.384456038020145,6.97945766350143,0.0205656827834847,0.0506826938537085
"GPHN",0.405722001669592,6.7380500068249,0.0205757678684318,0.0506846276647452
"ERGIC2",-0.385997403082525,9.98441081038127,0.0205764657550064,0.0506846276647452
"HBP1",0.466875449727039,9.3814760196296,0.0205918440425199,0.050697873433486
"OTUD3",0.440719888261981,6.71248098509187,0.0206087606784058,0.0507148919736561
"ZBTB2",0.495359908627056,9.05372628128622,0.0207007839525207,0.050888734167826
"HCCS",0.392857668476762,9.84503510394166,0.0207059813943837,0.050888734167826
"LZTR1",0.521036145570732,9.66501731335022,0.0207344693068035,0.0509418458341261
"PI4KB",0.73217047876419,10.9778086318682,0.0208222265794696,0.0510945147782636
"KATNAL1",-0.734860889064008,7.79177126364957,0.0208534693157239,0.051151542153795
"MAPK9",0.406833834830342,6.81328778850879,0.0208676564816427,0.0511780873686217
"GGT7",0.731955188247473,7.40154308117275,0.0208746105710382,0.0511786357511445
"CEP15",-0.652240123405812,8.70530569835234,0.0208839632434706,0.0511933128637492
"LCE2C",0.507422666426829,8.92326935222353,0.0209131246242158,0.0512482757468698
"RIOX2",0.814593654545504,8.91000600395324,0.0209230346016812,0.0512532729402453
"PSMD6",0.894010278248491,11.3174913843829,0.0209411838534537,0.0512839813274273
"ZNF77",0.545806831537335,6.83089534502341,0.0209622453917705,0.0513272947863541
"EPSTI1",-0.934812615890792,9.0972294578584,0.0209697775017281,0.0513374720293433
"SLC25A15",0.567576309222855,7.3511883740737,0.0209903011016417,0.0513663981326644
"RASL11B",-0.387981626468889,6.04585884992283,0.0210057958987819,0.0513925585631717
"PIK3CA",0.640124464486033,8.49946934411801,0.0210223469568918,0.0514184804138853
"SLC18B1",-0.935468465764161,12.3185087748229,0.0210231530256141,0.0514184804138853
"CCL5",-1.14958978225433,8.8517983078415,0.0210331911248908,0.0514339943851529
"UCHL5",0.483136137886535,9.55950585917459,0.0210425576152546,0.0514411213973304
"CYLD",0.462753404587606,7.83545424156756,0.0210496747751796,0.0514419819991854
"ZSCAN25",0.412017382720059,7.61491063621038,0.0211298456244875,0.0515881670022807
"CXCR3",-2.1381506366705,8.1101762159608,0.0211418179697893,0.0516008293507551
"HTR7P1",0.804349341916139,7.23135666486585,0.0211870901752963,0.0516864400683198
"ALOX12B",0.575012933388685,6.63674448839664,0.0212117696669319,0.0517300502076172
"CHCHD3",0.499145937815047,9.19384058199571,0.0212703109668907,0.0518353517598731
"CYB5R3",0.56138534480469,7.65779735928722,0.0213180720743913,0.05193100113845
"CBFA2T2",0.417611638643536,6.68417980814962,0.0213302412632115,0.051944004664679
"ADCY2",0.381387456850462,6.15546408135261,0.0213372366660554,0.0519441814176975
"RASL12",0.621829040558688,7.23481253417388,0.0213390663604049,0.0519441814176975
"GABPB1",0.671656992438572,7.63287412421455,0.0213405605929625,0.0519441814176975
"EPG5",0.500016247171297,6.86037366426309,0.0213849167626118,0.0520271659135818
"TCEA1",0.479869923675229,11.0039258058366,0.021390625174203,0.0520327299503006
"GZMH",-1.6604956048222,8.94166836674434,0.0214084728523894,0.0520678162704523
"CLEC4M",-0.711604546915881,6.49898225889014,0.0214247742330868,0.052090802004282
"PSME2",0.825606944559195,15.1746851021823,0.0214460093284346,0.0521174352615586
"AMT",0.399771860135908,9.54452590935437,0.021466357140567,0.0521463723566147
"TXNDC11",0.40375150993554,8.31343642778809,0.0214988882129171,0.052187564555793
"ROBO4",0.402314922882258,6.71565451137318,0.0215092787137789,0.0522044543056416
"PDE4D",0.584193583616775,6.30716441831935,0.0215348267215522,0.0522581210756926
"CAPZB",-0.722624204655269,11.620677851949,0.0215851098246536,0.0523217007034319
"FCMR",0.576371855125989,7.17512455646017,0.021619394971711,0.0523964555744672
"CANT1",1.04750921105019,8.46612931440275,0.0216304315435686,0.0524147736464516
"VOPP1",-0.769390684105139,11.2275020602412,0.0216348623248332,0.0524147736464516
"ANKAR",0.402058307214638,7.23958036997805,0.0216509478538469,0.0524389975394773
"KIR2DS2",-2.62201080629099,7.69139796981584,0.021654188884003,0.0524389975394773
"UHRF2",0.44712705134936,7.55040427740047,0.0217492275180571,0.0526356225484742
"GTPBP1",0.610139285471747,9.19462444270068,0.0217767461214583,0.0526770725330266
"H3-4",0.770384450203548,15.9469060627797,0.0217926455305976,0.0527071490504656
"HLA-DRB1",-0.849816399697496,17.1004685585621,0.0218007714028397,0.0527184181100947
"LIG1",-0.736090600271501,9.743289468523,0.0218139792543952,0.0527419708268428
"CLCNKA",0.396515546761416,6.35137552327575,0.0218357828747519,0.0527862956539861
"MAML1",0.626713456543689,10.6943334612693,0.0218791631533158,0.0528575557165411
"LGALS3",0.53769623798094,13.8081687963441,0.0219010220081476,0.0528851607970639
"PHF8",0.60739186953052,10.5574873732093,0.0219145820436254,0.0529095036862129
"KRT10",0.505709834305454,12.3318710113294,0.0219727113112814,0.0530077718308958
"TBC1D2B",-0.728109061715144,11.728894363088,0.0220185292336784,0.0530922073375956
"ZNF329",-0.660945689132668,7.43410804957304,0.0220251667604478,0.0530922073375956
"UBXN1",0.642830244547194,13.1688381616343,0.0220355313775624,0.053100358293451
"TBC1D22A",0.378169850361697,11.0428513942727,0.0220555276843373,0.053123291894742
"LPCAT2",0.752616239016639,8.76636643335575,0.0220675453580897,0.0531281666614162
"NKIRAS2",1.02516605616822,8.8090657205107,0.0220685962064943,0.0531281666614162
"RBM8A",0.624250465699182,13.6859199714825,0.0220714623606353,0.0531281666614162
"ZNF282",0.758379659166205,7.23371322950773,0.0220715253134421,0.0531281666614162
"BAG6",0.938833500743575,12.2886633223267,0.0220916058315469,0.0531680869577726
"PLEKHA8",0.668279934353553,7.52080492845885,0.0221588303449663,0.0533045700547687
"ZFAND5",0.696681892944628,12.5925039875665,0.0221675633122219,0.0533171442119676
"MEAK7",0.451742862323684,6.40685514132751,0.0221859839878213,0.0533530114621736
"NHERF2",0.600477781004459,8.43029677921202,0.0221999682502593,0.0533637030972547
"NCBP3",0.489426440243796,8.28044559611108,0.0222614845083112,0.0534922825726651
"C22orf39",1.06038273907271,10.2839412703206,0.0223078520384511,0.0535698426971048
"SPTBN2",0.390631480308358,6.6246943422549,0.02236889035731,0.0536909855672302
"SUPT7L",0.398605247956622,6.84694218593536,0.0224183079906213,0.0538011090297252
"TENT4B",0.556577123961691,8.78256017785421,0.022422549623296,0.0538027981494297
"PGK1",0.460185259524412,14.5007383900597,0.0224348961883673,0.0538175570729557
"SCAPER",0.38960749919326,7.56094518959686,0.0224357780012191,0.0538175570729557
"CHRAC1",0.999753841020623,9.86483272061914,0.0224474796697745,0.0538371346503595
"RUFY2",0.372791836462547,8.0912332760497,0.0224874384062009,0.0539244659857306
"TBL2",-0.830936778573852,11.6037678075174,0.0225336706709685,0.0540012706530239
"PLAT",-2.4280185991891,7.18145946960008,0.0225394926139233,0.0540067124109888
"MBP",0.578092103529953,11.2975875341472,0.022574376200672,0.0540647422456408
"KIF20B",-0.60814678559687,6.97160855339763,0.0225782909007851,0.0540656035300173
"GNA13",-0.508987017598073,8.8249530006688,0.0226073661141214,0.054092640633033
"EOMES",-2.00871033471057,7.07401630742486,0.0226139455045071,0.0540998715168387
"C1D",0.396164477264357,9.65375631516547,0.0226666101288183,0.0541577072802935
"DPP4",-0.484965581341887,6.23926351660769,0.0227081950202463,0.0542315059465932
"IK",0.6528302971069,10.9298942263206,0.0227350743424045,0.0542537954920514
"SLC28A3",0.496247849060325,6.20930117478918,0.0227353655096557,0.0542537954920514
"OTOA",-1.02939989165501,6.47840459760864,0.0227672068091309,0.0543042159901603
"SRSF1",0.401976766305303,8.20745557741914,0.0227920212826941,0.0543463561723443
"NAA16",0.545549441415011,9.23263415364642,0.0228034768338803,0.0543566262836444
"GET3",0.53593625640539,10.85082395747,0.0228266318317691,0.0543862473597907
"EFS",-1.60266212991205,6.82013831412999,0.0229029961535992,0.0545340168316795
"USP16",0.672123778421919,11.0478097523571,0.0229464976208165,0.0546034010041273
"GEMIN2",0.489946216153859,8.38346177084324,0.0230307711987062,0.0547287187947126
"SLC4A9",0.377056919587589,6.21333277288252,0.0230313475504482,0.0547287187947126
"XPOT",0.59036185334534,7.27137446836731,0.0230810897566343,0.0547865167814726
"COL1A2",-3.10368527033109,7.43924825505789,0.0230898882582583,0.0547871400650494
"SLC12A2",0.375249790690929,6.71604928302495,0.0230943078325598,0.0547871400650494
"PTPN18",0.616178526863942,12.48115551643,0.0230957624248443,0.0547871400650494
"CLASP1",0.615486083291477,7.98678010670052,0.0231583084172185,0.0549098151557622
"FASLG",-1.78279880796901,6.90007137213714,0.0231929922411494,0.0549834802811223
"MAB21L3",0.559415015386239,6.6477910096548,0.0232235433657391,0.0550364530378043
"CCL24",0.504488992655378,11.2285868855649,0.0233105694529093,0.055210580943754
"MOSMO",0.386930704787606,8.46945343134575,0.023314587669367,0.0552114994200769
"PEX11B",0.40417447506704,9.68257972524428,0.0233263343655043,0.0552213627216817
"MS4A6A",-0.842129987324232,14.4520649665964,0.0234024240623876,0.055342668708505
"IGFALS",0.754087579751496,6.66882899055879,0.0234027289889792,0.055342668708505
"RSAD2",-1.63757258055201,9.35154865101067,0.0234493221145116,0.0554183823958807
"NUDT13",0.773054603305532,7.11195153254378,0.023502067109241,0.0555171538672472
"OXR1",0.896952165164182,9.07731732191513,0.0235159317377705,0.0555265676798186
"PEX13",-0.525525624601609,9.39957346157692,0.0235170056829111,0.0555265676798186
"NCOR1",0.925061932812517,8.42608165067681,0.0236031060095324,0.0556779953766045
"CSNK1A1L",0.546950834931644,8.93378330831942,0.0236174890024928,0.0556807187119049
"GADD45B",-0.653660508701561,13.0659868270362,0.0236498716872907,0.0557270444581184
"NPM2",-0.753991593875446,6.74710824819042,0.0236514377929469,0.0557270444581184
"PSMB5",-0.402337439157386,11.7420019924446,0.0237001585356073,0.0558117081154406
"MROH5",0.378342290705641,6.24035077465596,0.0237197041637352,0.0558316098053298
"PIGK",-0.599154167731735,9.46651628293571,0.0237199019801322,0.0558316098053298
"AP3B1",0.418629000335064,10.218189497547,0.0237223972776209,0.0558316098053298
"RPS7",0.714468747371256,15.5515893277442,0.0237232944872463,0.0558316098053298
"GCNT2",0.541517997726346,6.47677343333337,0.0237640710157813,0.0559123576685053
"SIPA1L1",1.15229203354261,10.9318836124628,0.0238656189319339,0.0560995115114553
"ATG7",0.476356249693785,9.69887225596071,0.0238932022536488,0.0561372466505994
"SLC14A2",0.570372183359941,6.90552127883439,0.0239053803075878,0.0561471851301614
"RIOK2",0.372945141295606,6.28267211064409,0.0239221291679225,0.0561778474962578
"SLC35G5",0.607126757085843,6.52151977040853,0.0239267215755326,0.0561799570357728
"STAT3",0.401197485632275,8.6671606823827,0.0240224684878394,0.0563661936755985
"GRHPR",0.458665311624611,11.5867866048064,0.0240399050197288,0.0563820595525263
"ANKRD27",0.535887882146487,9.16084622840495,0.0240415573820704,0.0563820595525263
"ZBTB11",0.394687272182924,10.3540629216223,0.0240631600354842,0.0564132168675264
"TDRD7",0.47206336842119,11.0476455177846,0.0241207550597037,0.0565308125979309
"C1orf35",0.70148441481887,11.5918249139753,0.0241257600665061,0.0565338303684785
"CHKB",0.998098540103254,11.6753383591504,0.024217901183276,0.0566902070731623
"LDHA",-0.763300485563672,13.4130542893197,0.0242185872800063,0.0566902070731623
"AIFM1",-0.364667282560661,11.482629107928,0.0243230263809136,0.0568471776857129
"SHISA7",0.370851246758294,6.3248124343378,0.0243525522701482,0.0568986964087286
"SRP9",0.631770958208492,11.5172145862757,0.024365072118862,0.0569104618005919
"ARHGEF40",0.569384283443186,13.2878823925636,0.0243891251779964,0.0569436972271902
"IL1A",-0.376727411004943,6.09116952306977,0.0244772461428482,0.0571286002671018
"SLC35F5",-0.718852218397036,9.13479363462367,0.0244872354778964,0.057134378206175
"SCT",0.393199578269366,6.42458066879017,0.0245068804439253,0.0571714431341027
"BPIFB3",0.368690426427013,6.20057449468096,0.0245230555376927,0.0572004031621519
"AP4E1",0.681741682721943,10.2613347376785,0.0245380228731736,0.0572265376253986
"FAM114A1",-0.72896034474533,7.54952945857027,0.0245426922467063,0.0572265485938463
"YAE1",-0.420021371782499,8.1076560409492,0.0245455534243595,0.0572265485938463
"CLHC1",0.374611726476595,6.75941002856377,0.0245596787913114,0.0572507043314322
"CEP152",0.860498171059175,7.72463552621383,0.0245657167800553,0.0572560031863725
"WDR82",0.364390780379189,10.2612333972799,0.0246150003041742,0.0573544411419345
"GAD1",0.440830385065702,6.48740237670143,0.0246154943012498,0.0573544411419345
"PRIMPOL",0.465290987188347,7.87241119090529,0.0248038818058265,0.0577314714574547
"G3BP1",-0.73912599795878,11.398929176379,0.024814268824641,0.0577406855558033
"NSUN7",-0.371701210889044,6.35886785933854,0.024825316774064,0.057746213328765
"TOMM34",0.397230136055786,7.00353885047541,0.0248375048213896,0.0577655258179681
"NUP37",0.438093824671449,9.46269874752791,0.0248538273560027,0.0577843299711387
"JAG2",-0.539063657207224,6.61006562820381,0.0248569888658068,0.0577843299711387
"ZAN",0.446041843055473,6.71306693813405,0.0248968868407304,0.0578417132712843
"ACTB",0.761096722894076,17.8119230752195,0.024925967708974,0.0578915878005615
"LSM14B",1.1877453082599,9.06566110980257,0.0250625583786083,0.0581377955799078
"CDC45",-1.86466044524142,7.49130841233446,0.0251580607197284,0.0583237480831752
"CASP10",0.627258629553504,8.32243571095728,0.0252028599947252,0.0583742148644198
"RPS6KB1",0.479590888491548,9.40074096226418,0.0252234225096642,0.0584129449561403
"RYK",0.455085045326833,7.31141159772305,0.0253225335170346,0.0586030471465538
"HDHD2",0.420386645287859,11.0822881841316,0.0253247781330321,0.0586030471465538
"PRPF8",0.53955520758244,11.6455508810534,0.0253425370961635,0.0586352204713911
"TMCO1",0.692269293252947,10.6592357777599,0.0253708273423782,0.0586917466113306
"UBA1",0.567468699266715,10.9842692287299,0.0253772114480186,0.0586975865705654
"DPP9",0.625107561141177,7.16220878765851,0.0254074944042803,0.0587408292642589
"MADCAM1",0.363630692839942,6.40398160956697,0.0255593208806156,0.0590111055036287
"ZFP90",0.58009845421368,7.13451436265123,0.0256102131531684,0.0590927206240913
"ZNF181",0.363316770580735,7.88311297123401,0.0256447184651157,0.0591454168058052
"ARHGEF37",-0.867196557421053,6.41898941465179,0.0257000500611723,0.0592281196136246
"CAMK2G",0.714097100331192,11.0145947456639,0.0257319499109737,0.0592926506433467
"ZNF75D",0.816205874689663,8.35612666033905,0.0259016202197613,0.0595572785458316
"PKN3",0.550464804110141,6.5967021508727,0.0260285735587092,0.0597768871460056
"TNFRSF18",-1.43109512877789,7.08288119325338,0.0261121698458859,0.0599145864538673
"KRTAP11-1",0.542502332064871,6.89104605692929,0.0261217189051124,0.0599274552887236
"OR2B2",0.50713835912467,6.41292627137277,0.0261271426393928,0.0599308575052619
"SGSM3",0.357867562382514,11.7820835713028,0.0261375783192512,0.0599457534427949
"LIMK2",-0.387795692053214,10.1981891471419,0.0262059186327531,0.060070588577873
"GOLGA2P7",-0.529518020606567,7.86097906843669,0.0262376889705724,0.0601209543264223
"ZNF473",0.598683494375398,6.84307808545701,0.0263144560938415,0.060265337738728
"PPP1R3B",-0.779409391728649,9.7805370009712,0.0263517142519504,0.0603057959239717
"POP1",0.404120646568316,6.65843005679489,0.0263608574220968,0.0603057959239717
"MLF2",0.599876236053436,10.858739688196,0.026364800353698,0.0603057959239717
"RAB2A",0.627695389827233,11.8388458088257,0.0264624421701211,0.0604810370488731
"PHIP",0.445465677696471,6.51402082007503,0.0264836718148822,0.0605202547140604
"DDX50",0.508034525433821,6.52277755460266,0.0266110320172537,0.0607658520898491
"MAP3K21",0.354471554424346,6.31326974582885,0.0266424082585057,0.0608283658302588
"AGA",0.484191081630028,9.82518816295022,0.026682514190309,0.0608757376382705
"SLC25A13",0.729537050773406,8.8425032348558,0.026682865302447,0.0608757376382705
"SCNM1",0.803414065864651,13.1814849911521,0.0267297204347573,0.0609362297064591
"CCDC167",-0.640317984030676,8.8654135832169,0.0268815065440715,0.061216612754906
"FBXO16",-0.44652891700942,6.08143317148824,0.0268849129793541,0.061216612754906
"IL17RD",-0.546695319413308,6.17513317688488,0.0269182524704382,0.0612558407257855
"UBE2E3",1.12767885675379,9.61492673070911,0.026935175259406,0.0612851803328916
"ETV3L",0.366506587071456,6.25998832350196,0.0269488486853425,0.0613071190436333
"ACTG1",0.574387750892724,15.0689892204947,0.0269667305173238,0.0613386236475411
"GPC4",-0.789234063969291,8.06362490425203,0.0269882818282955,0.061369286788983
"CNKSR3",-0.636736722793915,6.29400107547024,0.0270568261832362,0.0614883760601698
"SPG7",0.410643522005704,6.55825314288422,0.0270631972240756,0.0614936655287229
"PDK4",0.897381771214711,10.1706399547563,0.0270737371543973,0.0614992374375017
"IFNG",-0.587531207265889,6.23343589981885,0.0271696839921764,0.0616711274855253
"UHMK1",0.439715868076601,10.0881126311236,0.0272076332391063,0.0617305353786517
"TSHZ3",0.673050728685918,10.0413398968968,0.0272367316027849,0.0617772131566223
"RPL35",0.349843355291575,15.8179782259183,0.0273039461216352,0.061874297812223
"NAGLU",-0.957142557030388,11.3825389727878,0.0274032569357225,0.0620531166584974
"GGA2",-0.782016033279888,10.0304384704298,0.0274104307714844,0.062060120764141
"SIT1",-0.367987728238856,6.29709023228038,0.0274217069172393,0.0620686220711244
"GGTLC1",1.03326399190846,9.08205112434764,0.0274928189130061,0.0622188675638388
"JMJD6",0.768346570155508,9.34727426794849,0.0275621874124195,0.0623294789841006
"BRCA1",0.448477405694602,7.0869982551903,0.0275684136769714,0.0623342900980347
"BDKRB1",-0.4793375284002,6.08288993695649,0.0276224743013593,0.0624286802162391
"MBD6",0.369780040155749,10.915417102562,0.0276745209149122,0.0625277245690068
"SERF2",0.366262930556276,14.52234750266,0.0276929472183322,0.062560062581164
"UPF3A",0.521594947935286,8.88522731318875,0.0277033389293763,0.0625659473124515
"BCL3",0.818156386593022,12.9099194481951,0.0277097981279736,0.0625702464632847
"SLC25A43",0.447934852332092,6.4184131212413,0.0279117852985915,0.062890325617914
"MARCHF1",0.612077158265195,10.8505739413273,0.0279474876510447,0.0629461090055698
"IL4R",-0.472274547361683,13.3655389035973,0.0280083263272713,0.0630427649622005
"NMB",-1.21673708361461,10.1022741810717,0.0280390059950273,0.0630888005877164
"IL9R",0.771518730659973,7.11082271476123,0.0280617886586774,0.0631213846947443
"CCDC186",0.493872786477237,7.98449528321842,0.0281335023160119,0.0632546279157168
"GOT2",-0.355598161448628,11.9450856001681,0.0281683299823675,0.0633183853415086
"ENY2",0.537049916141348,12.9376012831825,0.0281800976450421,0.0633219451811171
"SPRING1",0.349931076939996,8.072191302434,0.0282097895266508,0.0633792996190435
"PSME3",0.439352832352514,7.97537147565903,0.0282276966483214,0.063400799088417
"DIPK2A",0.78306522945175,8.65502828720592,0.0283813455524031,0.0636988641028551
"PRELID3B",0.395491966481476,9.21189318581391,0.0284184703081681,0.0637633662506079
"CHMP1A",0.457164674774121,11.3281897283797,0.0284589525110008,0.0638353613255605
"XPNPEP1",0.955075346208467,8.59725600565526,0.0284995458392821,0.0638827956251733
"NDC80",-0.521094211161571,6.11582023133561,0.0285011025984219,0.0638827956251733
"NR2F2",-2.88473138748783,7.31545697406285,0.0285261203161193,0.0639143521783074
"EBF4",0.653740113348693,9.91429593595271,0.0285277894914749,0.0639143521783074
"TRAF1",0.830160664139233,7.5313619463537,0.0285343105791737,0.0639195456308842
"MC1R",-0.40825613824338,7.74080949251483,0.0285604948017856,0.0639470001796567
"IQSEC2",1.05104546435356,10.6169944715565,0.0285664587894618,0.0639470001796567
"HSPA8",-0.491117421832566,15.7183989747584,0.0285675906904647,0.0639470001796567
"CCNB3",-0.346302160911969,6.28886551406387,0.0286562502986219,0.0641171479390086
"COPB1",0.711540160413715,9.76189568151199,0.0286869602779558,0.0641625688308899
"SYTL3",1.69545525897586,10.8591998140012,0.0286934265267545,0.0641625688308899
"SPAG17",0.410171495166531,6.15156071842821,0.0287011205816126,0.0641677226368632
"FBXO38",0.683140766733635,9.03535043122036,0.0287044556433334,0.0641677226368632
"ADPGK",0.649021996385256,11.9935674963931,0.028709323476176,0.0641677226368632
"ZNF623",0.592320537132879,7.40751071999778,0.0287126086627994,0.0641677226368632
"CPNE9",0.353111429708083,6.54996353331396,0.0287590302828163,0.06424314520286
"KLF6",-1.00484329528149,14.3182130403723,0.0287662096176097,0.0642497453171697
"DUT",0.441169907028581,12.9025927702645,0.0288390039055046,0.0643745151027321
"SH3RF1",-1.27865382722936,8.94818975147218,0.0288999263276441,0.0644715992659411
"C4B",-2.63983316734113,9.11647310359669,0.0289177645944192,0.0644840709606932
"BHLHA15",0.371798337102991,6.66738972144258,0.0290329412502699,0.0647029558226999
"EAF1",0.506229873360095,8.6864647319613,0.0290530395371454,0.0647382601144187
"TEX261",0.373790523353498,7.58380606734945,0.0290910902655363,0.0647701589027643
"PAX5",0.371528019918172,6.06917287123707,0.0290923573297237,0.0647701589027643
"GARIN5A",-0.520799405707316,6.62634805272507,0.029099409898782,0.0647701589027643
"FAM83E",0.387829990411331,6.28388297310944,0.0291014266032738,0.0647701589027643
"NID2",-0.551819515790528,6.24072066643127,0.0291065288021398,0.0647720354145365
"SERAC1",0.346145256114008,6.38909492904067,0.0292336612338036,0.0650345422795328
"RPP40",0.936220806934536,8.67877669238702,0.0292373201976043,0.0650345422795328
"DLL1",-0.560037636010258,6.72217760267023,0.0292567609864183,0.0650500139081359
"VPS37A",0.354890613375767,7.25629865158701,0.0292571077808818,0.0650500139081359
"LRRC23",0.689338422376244,7.86570752834757,0.0293182520946922,0.0651314170833309
"PIGT",-0.396143192073053,12.8891000344494,0.0293194161857235,0.0651314170833309
"PLAC8",2.97849522821276,10.8863612223322,0.0293277686944171,0.0651404565948146
"MKI67",-0.430215662276759,6.51672788106091,0.0293549843609756,0.0651913846614658
"SKIC8",0.889193508940864,10.524810422149,0.0294105442411313,0.0652671175863307
"VMP1",0.656303958184288,12.8039048871299,0.0294605317221292,0.0653578235367592
"MIF",-0.72520197909521,15.0649931843781,0.0296132047477754,0.0656497985137272
"SEH1L",0.451195562911875,8.71457692284308,0.0296821199367498,0.0657546511286368
"ITGB4",0.357303342140508,6.60374498433514,0.0296942485324265,0.0657719387825725
"FOSL2",1.08281000256863,9.62834338694057,0.0297019289830449,0.0657793703180643
"OPA3",0.715678296131982,7.79319724408906,0.0298587658476028,0.0660882129253883
"MND1",-1.27156450370439,6.78161674701956,0.0298656552589623,0.0660938424299037
"CEP170",-0.415145405882813,7.75102366610378,0.0299592116807096,0.0662722773074293
"CHMP4A",0.543924336782602,12.3229834052065,0.0300216076796909,0.0663922823307398
"NFATC2",-1.22413516260252,6.66249161797854,0.0300491839627541,0.0664323287840624
"DMD",0.369162814290097,6.64044665362367,0.0300612615259269,0.0664443089066663
"OTX1",0.421405185271264,6.19001512706088,0.030135856131238,0.0665663781464122
"PHOX2A",0.648843254993025,14.4774456152296,0.0301436684803671,0.0665734693943396
"PCM1",-0.659567350602582,11.9834581658762,0.0302940540218826,0.0668473554214728
"MSRA",0.512890330896468,8.54837838962341,0.030334263558035,0.0668778602769784
"WNK4",0.475324592169265,6.48936194227749,0.030397421869419,0.0669685632029732
"BGN",0.419656244129002,6.41871114768664,0.0304343964753268,0.0670128447838342
"PGBD5",-0.586022839050976,6.49459603067333,0.030435147220012,0.0670128447838342
"DCAF7",0.544060402306295,10.8804469951814,0.0304878052773188,0.0670854438009708
"CDT1",-1.09992681747326,7.3179022047322,0.0304904453901666,0.0670854438009708
"CHAF1B",-0.495556820850077,7.24020978876176,0.0305194680092126,0.0671299886816176
"PPP1R12A",0.55455496146229,10.2523852830312,0.0305692030729962,0.0672107041107599
"CD5",-0.584546700882265,6.99290604702144,0.0307939474951198,0.0676461582414824
"PARP11",0.419789422308183,7.38242006753094,0.0308302267010276,0.067696586634574
"NNT",0.439224596942017,8.65665734595272,0.0308302576953616,0.067696586634574
"BLVRB",0.48388511485981,13.0407361194064,0.0308439706231202,0.0677088224516803
"XBP1",-0.679191341346946,13.894060144281,0.0309224011757532,0.0678454406820922
"CACNB3",0.551343099371945,7.2104907655144,0.0309496139828876,0.0678736896614638
"PARGP1",0.428464227367685,7.43224460040427,0.0310169398960464,0.0679887030756808
"ITGB8",-1.35988851184456,6.59606589994943,0.0310297140503302,0.0680069017549245
"RHPN1-AS1",0.398069457040842,6.18629384738207,0.0310791787986684,0.0680956852283748
"H1-2",-1.38679999012737,12.3218161253689,0.0311141508545435,0.0681428580351236
"WFDC2",-0.468063267907563,6.22633447262867,0.0311319414730681,0.0681720037325297
"OARD1",0.384297075111838,10.6819974512855,0.0312888646087494,0.0683974490397959
"WDR90",0.393242374794995,7.76516944175101,0.031320855873066,0.0684526207912535
"RTRAF",0.495239447762631,13.6317683981462,0.0313259227216124,0.0684526207912535
"ANAPC4",0.754887402380956,11.3639801400686,0.0313276065693796,0.0684526207912535
"RPP30",0.364549598329575,6.32209746514211,0.0313631754872205,0.0684964714390341
"SMG1",-0.572195125715909,12.0050979091823,0.0315310499245577,0.0687596182455369
"NOL9",0.347901776716165,8.52734036605978,0.0315615009561059,0.0688055198595841
"PRMT2",0.523579132465351,9.76453064061262,0.0316772453332484,0.0690182732131864
"ATIC",-0.442635159704805,9.95748564886167,0.0316845082523183,0.069024208781157
"BLOC1S2",0.361304473702497,12.4104327196784,0.0317439657742645,0.0691245125452744
"MYBL1",-1.18489701714232,7.37540949017014,0.0317663035134862,0.069148610819624
"SLC25A26",0.513020500009289,6.71621592914283,0.0318151425304758,0.0692393657131477
"RBMXL1",0.816240868732699,9.03400855345556,0.0319089585812429,0.0693839636979615
"SAR1B",-0.863926948806866,9.95257088215013,0.0319591920734958,0.0694633976066491
"CAMK2N2",0.439795628615606,10.065875887471,0.0320051655848461,0.0695335083163343
"SLC34A2",-0.81326430319413,6.53975207723593,0.0320098264043884,0.0695337008938635
"CUL2",0.690583572209859,8.06255023866426,0.0320604571983098,0.06963046399772
"TM7SF2",0.529804648293713,7.24304400966456,0.0320635283650732,0.06963046399772
"ENDOD1",-0.620470954667616,9.59525195916005,0.0320772863438637,0.069650336082787
"SLC1A4",-0.728599066386765,8.60961904407355,0.0320943066901572,0.0696624892065872
"PC",0.374025236509556,9.49563130397843,0.0321376424165445,0.0697117766182869
"FCAMR",0.372946979501818,6.63265187546371,0.0321871579994328,0.0697893336418687
"STK17A",-0.475494360854157,7.24348766509508,0.0321871637404042,0.0697893336418687
"ERLEC1",-0.37299853177194,9.62955922667792,0.0322338371770458,0.0698528457825806
"SNTA1",0.546728346950105,9.2610184315774,0.0322578042447365,0.0698830293340447
"PARP16",0.820388664073865,8.02810668442,0.0322717202629861,0.0699029086682086
"SRSF11",0.360170854687075,11.7767285617969,0.0322769734661858,0.0699043310273075
"HCG18",0.523480514441683,8.27727367365254,0.0323131724724204,0.0699582701957204
"GOLGA6L9",-0.53652244802059,6.95495350087497,0.0323156791244697,0.0699582701957204
"SGK1",-1.38401440251466,13.910962281253,0.032321751878626,0.0699614578095849
"ATP8B5P",0.385839705790669,8.55464347036225,0.0324088165218572,0.0701099973918071
"GPD1L",-0.542667402225043,9.71537250439332,0.0324194044285305,0.0701229273999561
"CACNG5",0.340429736587711,6.08443249115734,0.0324712119490569,0.0701950520712519
"CDHR1",-2.09906781796495,7.12087405828878,0.0324835314350611,0.0702117035338842
"BAG1",0.430595739571797,12.5696105589093,0.0325185019088082,0.0702699175528384
"LTBP2",-0.350929148774836,6.10496773936303,0.032581295741272,0.0703930026471465
"TNFAIP8L1",0.448775329524211,8.11489827811364,0.0326478693584446,0.0705168011934705
"WDR4",0.654583207658204,9.03567184887176,0.0326832290175914,0.0705530939530915
"RAB40B",-0.378768520098461,7.82356341842783,0.032706697812695,0.0705837179417434
"MAGT1",-0.671574336987726,10.0097663135274,0.0327205969301452,0.0706036943975096
"USP32",1.10548731945468,9.28336571346218,0.0327503951653044,0.0706479446346027
"FAM110B",-0.463963233559566,8.08808955000561,0.0327640925561319,0.0706674683865628
"LRRC40",0.507456955301332,9.35438195961651,0.0327799237251969,0.0706844973537199
"GPATCH8",0.723162249574441,8.86651467593173,0.0327868907764294,0.0706865657680661
"SMOC2",-1.87925216935127,7.00440433321312,0.0327933268106014,0.0706904201467932
"EIF2AK2",-0.777220085225359,11.0328920031413,0.0328101752300267,0.0707154275842137
"DPM1",0.57836169697681,11.15910279718,0.0328145765106098,0.0707154275842137
"HSD17B2",-0.603303860534611,6.21583885772731,0.0329152951110923,0.0708821253999082
"OSBP",0.383373665373749,7.93770344641408,0.0329267016752533,0.070887497038116
"MSH6",-0.343158223589238,10.964698903131,0.0329881056265281,0.0710096405333673
"LRRC37B",0.366760737299702,9.17014185307961,0.0330304714138078,0.0710807144843906
"MED8",0.545782863246052,9.22655096752544,0.03304256521108,0.0710966796448932
"H3-5",0.499797325987548,16.1588164439298,0.0331004619318195,0.0711910373439557
"ASNSD1",0.538968603867592,11.2276852026652,0.0332138203109394,0.0714197727557401
"PECR",0.427115240313646,8.14814811105602,0.0332885038026628,0.0715347697938244
"STARD4",-0.946077695856115,7.74975473347409,0.0334143808054347,0.0717794514603392
"H4C1",-1.40820040377156,8.36361915325846,0.033463730119153,0.0718504034522206
"LMX1B",0.467149511018836,6.29805658336629,0.0335054943449012,0.0719197682423793
"TIAM2",0.449687702469733,7.75671127674672,0.0335357346169402,0.0719745204705654
"LACTB",0.852789229565266,10.0193055358958,0.0335458991571169,0.0719861767153144
"UACA",-0.449398907418469,7.7223899811519,0.0335745702600086,0.0719971719745243
"BTNL3",0.424208322632731,6.2398392670716,0.0336454051158314,0.0720878164273829
"ECI1",0.493421845432952,13.2547195615481,0.033657978020817,0.0721006894064374
"RFC1",0.497346142810699,9.36031875646127,0.0337524508326329,0.0722459215007292
"NDUFB10",0.836335208092514,12.3374089428157,0.0337817123189022,0.0722683932148034
"IP6K1",0.380678304249917,7.94228699367242,0.0337859092384193,0.0722683932148034
"TSPAN13",-0.335347942475332,6.6779159829756,0.0337867093475311,0.0722683932148034
"WDR89",0.340599371662709,7.94261478458554,0.0339850588394647,0.0726415706016274
"TNS3",-0.703241643106234,10.6152023550627,0.0340827741417829,0.072778830265127
"TRIM63",-1.05386219402795,6.73589703058119,0.0340947380287663,0.0727890989295779
"RRP1B",0.57671977188185,8.64026377194867,0.0341105991071146,0.072807577715228
"PRIM2",0.443501685991538,6.90429792940234,0.0341214105764149,0.0728204339104853
"ABCB10",0.86310545437663,9.61011047727441,0.0341497876182767,0.0728707689208295
"DAD1",-0.340927732033194,13.0571967630941,0.0343530831635085,0.0731916067176571
"CAPN5",0.437676653875501,7.0522778604921,0.0344066166920913,0.0732748671969366
"XRRA1",0.396274852407055,6.45432445224752,0.0344710262429594,0.0733812104007456
"TSPAN6",-0.695565103238592,6.31887648183753,0.0344990552171623,0.0734305992641854
"GADD45A",-0.44286696085346,9.84353773438831,0.0345200735728276,0.0734547752757188
"HLA-DRB3",-0.771801495509556,16.2574112156924,0.0346152620776741,0.0736264203744429
"PLEKHA6",0.345349684492846,6.43392867734651,0.0346280422841217,0.0736282874159027
"TAGAP",0.648428506082886,10.5965576866581,0.0347680106623536,0.0738254232148241
"MAT2B",0.564256371170606,12.2820929236298,0.0348451844186623,0.0739499811106638
"TRMO",0.525490348165835,9.23275721551426,0.0350265284484447,0.0743037305961707
"CPN1",0.413788301472743,6.39831170604047,0.0350990456470973,0.0744471807811792
"LEF1",-0.697284409645786,7.38886558081949,0.0351063601262377,0.0744523113651963
"ISOC2",-0.75934337657922,10.7380814359387,0.0352745063861737,0.0747776265850195
"RHOXF2",0.338169454483392,6.22017031363641,0.0352841530067085,0.074787651418261
"BRD3",0.934513557394145,9.71755894995096,0.035333319745729,0.074860563763311
"DEFA6",0.325459577487665,6.21693568665882,0.0353956752316229,0.0749355120359283
"CCR10",0.689319641486396,7.70345026493857,0.0354023245943852,0.0749355120359283
"ZNF254",-0.348239089129173,7.44217508650513,0.0354031860848333,0.0749355120359283
"GATD1",0.473261501157702,10.0046721136522,0.0354204136160152,0.0749511131588089
"ANKRD24",0.322140613683133,6.66002475619529,0.0355111049532369,0.0750907792170227
"AGAP3",1.21546599435816,13.0270996362869,0.0355719840688318,0.0751881492312431
"EFNA4",0.330120433702978,8.75616082784167,0.0355953278325955,0.0752165826980842
"COL3A1",-1.24224390407662,6.50156367193795,0.0356271345231704,0.0752524252539409
"CD80",-0.729932116360478,6.66063803893179,0.0358018179090051,0.075464178345135
"FOXA3",0.367115084722777,6.33555567723029,0.0358224020707648,0.0754866413595941
"TKTL2",0.371879024785349,6.16316430162918,0.0358401323069457,0.0754957388299774
"TMUB2",0.768088000857455,10.9600208150174,0.035929046196631,0.0756484749492405
"CRKL",0.810753131596542,8.26708182141771,0.0360578432139089,0.0759091472310529
"NSF",0.346464156771142,12.2836309253423,0.0360852526435957,0.0759353150966933
"PTH2",0.379605533519497,7.42451121752113,0.0361530072071966,0.0760463255334779
"TTC3",0.330613318365863,9.55963238710567,0.0361617731564442,0.0760519344199668
"ISG15",-0.996256579933193,12.8157421371736,0.0361656752844029,0.0760519344199668
"CDC16",0.4232752860533,10.9278761003313,0.0361842058526938,0.0760698648891025
"TCF23",0.431484531440087,6.4544810004895,0.0362391520237137,0.0761566898879407
"IFIT2",-0.53769783579456,11.2747793752011,0.0363592059810988,0.0763638730231392
"DHX8",0.450242898341339,10.2482414443843,0.0363656944521055,0.0763669540496577
"DPYSL2",0.538268048346561,13.3008551907749,0.0364156587420329,0.0764507645153004
"CCDC43",0.445280735090437,7.28414799679898,0.0364284773891127,0.076456566951922
"CCDC150",-0.398547672821014,6.11283971632483,0.0364727802869495,0.0765331903649547
"C1orf21",-1.38517475421459,7.31249677480338,0.0364784915723056,0.0765331903649547
"HNRNPH3",0.782549500354092,10.7823247211769,0.0364817260494632,0.0765331903649547
"ATG5",0.453507897902658,10.0253969263982,0.0364851150806103,0.0765331903649547
"NEDD4",0.50407990548791,6.84780055823005,0.0365110623065892,0.0765664969054894
"PIM1",-0.540478405946626,11.1300130885983,0.0366070657948242,0.0767242331621789
"TNF",-0.979357209179033,10.6364566178028,0.0366115044751402,0.0767242331621789
"PROCA1",0.477884818568359,8.69102779015876,0.0366170395359015,0.0767252600250744
"CEP120",0.486414190934472,7.09296666999915,0.0366423956592288,0.0767678128096917
"CCL7",-0.599276991671006,6.17366940930949,0.0367321855120256,0.0769453274472293
"NEK2",-0.387786213401796,6.04848501726466,0.0367768579554041,0.0770176887614687
"ADAD2",0.454221734061306,6.54040984337563,0.0368024781956032,0.0770607308823811
"CYP2F1",0.340104736618281,6.2563926111533,0.0369482565481337,0.0772914835741427
"GNG10",-0.477657463572583,11.191628927957,0.0369950467225496,0.0773787196474397
"NEO1",-0.504828999103387,6.22795116493636,0.0370063627847037,0.0773917443935333
"PPP2R5D",0.520751348613398,10.283110336741,0.0370640303658564,0.0774444169660914
"BCLAF3",0.522781354352171,7.28716961607025,0.0370671956270502,0.0774444169660914
"HAND2",-2.04065260060041,6.95639327384724,0.0370957600310022,0.0774934503504782
"HIRIP3",0.328417069382009,7.48498436457978,0.0372757687426317,0.0778481036855181
"BCL7C",0.473784078815035,9.47140372902622,0.0373072688350609,0.0778963437285416
"EMX2OS",-1.99154447224254,6.92895987228808,0.0373304377460106,0.0779301712067714
"NXF2",0.327418801611528,6.20562120619535,0.0373559128589251,0.0779726492943362
"ADRB3",0.334080289811466,6.27976716362099,0.0373667155824654,0.0779737939871204
"CDR2",-1.01508873540116,8.82455346284122,0.0373736291603637,0.0779775212334767
"IL7R",-1.06580987595745,8.1265675476169,0.0374197942176543,0.0780631317506293
"C1R",-2.96784523979586,7.95504691109802,0.0374636559969511,0.0781117741159353
"TRIL",0.45874507566132,6.19870977142101,0.0374930438949732,0.0781623319471902
"ZFP36L1",0.520343456011979,9.65011140627528,0.0375716903851995,0.0783007827366756
"PIP5K1P1",0.603862165387215,6.65666526113705,0.0376600107129232,0.0784156360708143
"SF1",0.593636725554968,12.1474463882518,0.0377243629209759,0.0785154114276997
"LIF",-1.21466077928587,6.76536462179937,0.0379197433520019,0.0788252438439445
"TYROBP",0.338877060489258,17.5812398502842,0.0381761444812137,0.0792585033113485
"LCP2",-0.319337740737497,12.1965621585187,0.0382992194264673,0.0794400612435508
"POMK",0.36141424871925,6.50749205171375,0.0383420662864658,0.0795180886519259
"MTMR11",0.319167570367804,6.42804942153022,0.038358608450961,0.079541548584976
"PRKD2",1.06974758483808,9.90691013721604,0.0383836216406516,0.0795825654957096
"FAM43B",0.475272555391654,11.2805663774802,0.0384928098552944,0.0797437205120988
"NOXO1",0.351114220450038,6.62288025923032,0.0385385102248162,0.0798275215879876
"PPP2R1B",0.430083912911293,7.71504652291379,0.0385478222627247,0.0798359363981367
"NAA35",0.449067261076565,9.20436974770156,0.0385689284035504,0.0798578983201082
"ZNF70",-0.464920927251428,7.24593645389555,0.0386667119342712,0.0800276748906363
"TIMMDC1",0.325550863143859,12.6177316307497,0.038678122797251,0.08004039889789
"CTAGE1",0.348668107401393,7.46383141195211,0.0387256463354822,0.0801226668407431
"ALG1L1P",0.384084585974613,8.62095280652218,0.0387741766292223,0.0801846176471597
"PGM2",0.44921019623947,10.7966174034937,0.0388180148759386,0.0802581868095658
"ETFRF1",0.689016414381759,7.81953079842855,0.0388203065604396,0.0802581868095658
"HLA-E",1.09997350937546,15.3521023324474,0.0388606570744035,0.08033068815924
"PLA2G2D",0.49746879898667,7.14629194961848,0.0388735618563116,0.0803411421763469
"XPNPEP3",0.447752214112953,7.04945960970263,0.038876279936595,0.0803411421763469
"RECQL5",0.413878740804568,6.45337748749678,0.0389377421021171,0.0804462955969293
"PSEN1",0.838815730081598,8.9272738442746,0.038986415925697,0.0805241532064811
"BTNL8",0.683418182610393,6.40340765267199,0.0390352953084417,0.080593099518162
"LANCL1",0.46136956503282,7.75313785747781,0.0390593952104022,0.080618733160171
"CHMP2B",0.602410761428439,9.12391045385099,0.0390708118025863,0.0806226466612935
"FBXW4",0.793861475710201,8.63323049557775,0.0391495407364328,0.0807412822782304
"ZNF84",-0.528853614973203,8.44102406791556,0.0392387845417404,0.0808924271805324
"HAPSTR1",0.445944358331412,10.0503480601272,0.0392464909811137,0.0808973481757626
"NUCKS1",-0.668684871047665,9.112100852095,0.0392611406796968,0.0809165777824677
"CD8B",-0.791689854679336,7.19803326317805,0.0392840982630885,0.0809529222743971
"TSHZ1",0.458724109051424,9.50845087766382,0.0393399167329328,0.0810350065927728
"FBXL17",0.87196403549476,13.6730389270113,0.0394884975361978,0.081236723227189
"P2RY4",0.513266580829665,6.37995122285787,0.039567231116425,0.0813709872641773
"CAAP1",0.373526600625735,7.46620344587694,0.0396173114409178,0.0814409397666232
"SYT17",-0.624144615910627,7.82653436576172,0.0396418121272831,0.0814802917734453
"TEX28",0.405926848642852,6.07969241891988,0.039727418046521,0.0816231523441626
"RUSC1",0.443397997155507,9.6104318699739,0.0397396780888499,0.0816373124915885
"PSMC3",0.478568651968829,11.2492354804756,0.0397457493718775,0.0816387569486105
"FAM111B",-0.945590181951181,6.39600020195182,0.0397784010805014,0.0816752534387039
"TRAF3",0.433679390631765,8.26543553665468,0.0397877574327141,0.0816809145567922
"CACYBP",-0.611751205336074,11.319279587018,0.0398767401323938,0.0818414931084272
"RPL3",0.583813950729828,16.1850014308496,0.039895544544082,0.0818690381090809
"SERPINE1",-0.33401454674058,6.26876549896458,0.0399734571828348,0.0819846711849699
"PATL1",0.582512186671808,9.50078780190408,0.0400135976703101,0.0820448689996057
"PIGL",0.38651943696282,7.56907036988315,0.040051876070678,0.0820932616396679
"ADAMTS9",-1.67784581240569,6.78638203379823,0.0400561118957833,0.0820932616396679
"BRF2",0.404198812329043,8.02330879051668,0.0401269904647532,0.0821665909503119
"ITGB1",-0.407128571374202,11.6350636527635,0.0402105375382049,0.0823044219220754
"H4C4",-1.26320361915336,8.88204730103771,0.0402449665409355,0.0823538182963291
"GIMAP8",0.640277902212698,12.3244427187929,0.0402563312213908,0.0823538182963291
"PHF3",0.371290694133239,10.5647864367089,0.0403659456252504,0.0824643790188817
"GSKIP",0.410126270891664,6.99997930354047,0.040385463174764,0.0824737644637855
"UBXN6",0.328414301754341,10.6271898159111,0.040475112824848,0.082623559173193
"OR10H1",0.551787396749672,6.42640947758934,0.0405470999404765,0.0827149960958776
"FAM78A",0.88920590458301,11.3323388130361,0.0406075416848265,0.0827716785877017
"IL2RG",0.341173493804396,8.08600783051374,0.0406954191623554,0.082906354269404
"NFIB",-0.660784199767016,6.24628850418163,0.0408789577761033,0.0832058573439122
"GPALPP1",0.409691047657389,8.17602825868164,0.0409292771485996,0.0832935162419247
"COQ5",0.321966944590959,10.2443961638525,0.0409567618700067,0.0833302664338237
"PSMG2",0.509699879473453,10.5235799655212,0.0410878407046789,0.0835379520637376
"MON2",0.540589068713161,9.88715755575145,0.0411384436041222,0.0836123113378317
"HLX",0.703272469256552,8.87215839057091,0.0411932798910187,0.0837075628784892
"CA8",-1.30956558422311,6.829248979424,0.0412822021094642,0.0838658468715913
"DEPDC1B",-0.374214930939531,6.30341186708151,0.0413256577169579,0.0839317044016421
"TANGO2",0.922720394148401,8.72528990257745,0.0414198717358836,0.0840669170371438
"KIF13B",0.514865739753038,11.0870200271239,0.041462708284832,0.0841201797753101
"GLO1",0.308479275966483,8.25976755043928,0.0415051253284047,0.0841923013111427
"TRAPPC6B",0.389057763035014,6.23685249812232,0.0415482501713333,0.084237540142066
"RABEPK",0.304854128250599,10.1291086349908,0.0415574367471038,0.0842432712358454
"LCORL",0.359983697229362,6.81564973679671,0.0415621557129503,0.0842432712358454
"ECH1",1.04354208760475,10.3307188744251,0.0416068721619963,0.0843226694882249
"G0S2",0.990148153382155,11.0985459013837,0.0416444051757847,0.0843874901949812
"TMEM94",0.763016351684661,9.22212922653215,0.0416604887403267,0.0844028415702323
"NRIP1",-0.433859371575716,10.8702854735479,0.0416630807251271,0.0844028415702323
"STX2",-0.437992683754866,9.84302978716801,0.0416978965066486,0.0844396285050749
"REG1B",0.320629397763577,6.10016811075874,0.0417987474490797,0.0846213193830677
"MMP7",-1.13189780078474,6.52247274931736,0.0418270761002009,0.0846561316651392
"TBX2",-1.26598257053815,6.59355292520763,0.0418349817674879,0.0846608652987299
"KIR2DS4",-2.05893947448387,7.16855269956665,0.0418700328254749,0.084713860856834
"LTA",0.314824551316381,6.3133576857519,0.0420551429433983,0.0850046004629455
"MRS2",0.423156660564186,9.07383381880299,0.0420961935784246,0.0850536617431489
"SPARC",-1.78085477946275,10.1127292848189,0.0421396913203545,0.0851076262416933
"DHTKD1",0.509506021567686,8.95710283868453,0.042152066497587,0.0851100142452605
"APLP1",0.428458590852573,6.73056890736777,0.0421859413248935,0.0851557997967853
"ARHGAP27P2",0.718603787665507,13.2585881263492,0.0422382432099539,0.0852387477092594
"FLJ42393",0.447075941181059,6.96841887473779,0.0422885902868722,0.0853177077583912
"ZNF672",0.348291574370941,10.8083581007022,0.042323705353813,0.0853659033184068
"ANKIB1",0.307792582594464,7.50777296523685,0.0424777359252516,0.0856054028258783
"SH2D5",0.535340540780027,6.60977226219598,0.0424931143917637,0.0856098121091544
"HEMK1",0.310714163571493,8.6521875753952,0.0425920093847553,0.0857226966983635
"MXRA8",-2.97520974324737,8.60549020536265,0.0426191631977486,0.0857571095410638
"NCKAP1",-0.89206566442172,6.43704067991833,0.0426671648934265,0.0858423394231022
"PXDN",-1.67197469475006,6.73846129253371,0.0426969359540163,0.0858681568353187
"C16orf89",-0.717808200248895,6.16726588310555,0.0427228590727065,0.085886218212521
"AGAP4",0.585368644717951,9.49023644007451,0.0427350223627915,0.0858993153705172
"ETS2",-0.658170924327283,13.1986864436208,0.0428260982822629,0.0860368959942741
"HPGD",-0.526151255511637,6.27159305353329,0.0429050028691502,0.0861726470726408
"FH",0.520473801221501,10.4711801623597,0.0429814780466404,0.0863034483936238
"C19orf53",0.450912934674904,11.0989660476931,0.0429987342319712,0.0863135673509106
"CD5L",-0.386725895093803,6.1614678244763,0.0430062276681094,0.0863135673509106
"CROCCP3",0.357094833093822,6.50715852479079,0.0430257194827573,0.0863135673509106
"FARSA",0.358432181374016,10.9013749125384,0.0430291918778239,0.0863135673509106
"H2AB2",0.333446466432209,6.32891615789464,0.043037597397551,0.0863135673509106
"ARL2",-0.396463202930544,10.2171848927188,0.0430527346960059,0.0863286957698039
"ATXN7",0.786389157660932,9.5462550647151,0.0430905600998385,0.086362841064621
"MAK16",0.305966973378462,9.45853081269302,0.0431655379728842,0.0864561440131203
"ZNF57",0.424821775277866,7.42579445667489,0.0431858644814361,0.0864751180928892
"RPL7L1",0.493481920541479,10.3338463467577,0.0433082502749395,0.086673492588667
"RETREG3",0.751594557921628,9.54933457133695,0.0433609596341124,0.0867561471011158
"METTL25",0.818264278973194,7.14928291120528,0.0434777263867148,0.0869554527734295
"KCNK15",0.646406336992442,10.5430604144412,0.0435316834014064,0.0870175921620123
"DAAM2",0.394419381176926,6.51480957994181,0.0437567491367895,0.0873530179168349
"NIT2",-0.423299060002886,10.9603595514456,0.0437801426327753,0.0873771460730353
"CTAGE11P",0.392197176402341,9.28144787940245,0.0437805005968259,0.0873771460730353
"VSIG10",-0.5090986196356,6.76549694406793,0.0438418762158709,0.0874881581801554
"ST8SIA4",-0.643341962563705,9.08533942591599,0.0438823806111763,0.0875460113255633
"MYL9",-1.52335825972125,7.43023822305955,0.0439955411741789,0.0877487462527099
"CDC123",0.376794597973203,10.8631237887759,0.0440361462371875,0.0878022381236086
"MOCOS",-0.625542422273942,6.67403143333751,0.0440396812471651,0.0878022381236086
"SLC4A1",-1.52612991847195,6.68284459354752,0.0442444770745612,0.0881412113374282
"STOML2",0.337886790708837,9.59723471990552,0.0442612250220697,0.0881630268677977
"SPRR1A",1.02298229188867,10.4545131080359,0.044289985629113,0.0881954990509418
"CCDC191",0.498456515716761,8.18620619548208,0.0442925176661628,0.0881954990509418
"PRSS22",0.329339959686788,6.57209244584183,0.0442949251545958,0.0881954990509418
"MYO1B",-0.305290422101798,5.98306825046707,0.0443218666305995,0.0882375896999813
"NAXD",0.306911526123079,9.78596985219926,0.0444741750824139,0.0884944726747809
"LCE5A",0.618201746551621,15.4155786312169,0.0444827598172015,0.0884999753139717
"CAPG",-0.468437003126497,14.2452936268467,0.044549143837364,0.0885862830822071
"KCNJ12",0.328041099929994,6.21352255374601,0.0446679214594135,0.0887638507192945
"SLC6A6",0.754363823253836,8.54306803435983,0.0447374870740078,0.0888881726436679
"NIPSNAP2",0.441265063909013,10.0216896642721,0.0447421726451392,0.0888881726436679
"GABRA1",0.307384003670621,6.2035120698685,0.0447805302569623,0.0889527565501414
"PSPC1",0.514758041614331,9.36756784782437,0.0447878013032283,0.0889555808044269
"ALDH4A1",0.322838648344022,6.3737899070609,0.0448979529535141,0.0891175483525456
"BCO2",-0.436494076375544,6.49383945003022,0.0450217747590771,0.0893036586065013
"CCL19",-1.12396346170755,7.40171535358816,0.0450438933397429,0.0893126492412326
"CCNK",0.472913676424103,9.85012417841921,0.045043925544467,0.0893126492412326
"TPCN2",1.01072079673777,9.29898603644225,0.0450672542792491,0.0893472563001982
"GGT8P",0.902470647712475,7.053903049846,0.0451161206118011,0.089405512077354
"CD247",-1.79032737744883,8.11492636039006,0.0451259826071743,0.089405512077354
"CFL1",0.414257336022419,12.3075872452625,0.0451260330553504,0.089405512077354
"DIO2",-0.485161194992463,6.48267473806519,0.045175735383604,0.0894806699288682
"SMIM13",0.35443940810442,6.41012024560853,0.0453107107668633,0.0897129656740603
"RBMY1B",0.422074764532703,6.31591392770261,0.0454130348091784,0.0898853371791463
"CNFN",0.44879712491299,10.7556424327409,0.0454155004526933,0.0898853371791463
"VPS13B",0.558820868927334,7.61206792534314,0.045554831329335,0.0901493656286958
"ARHGAP33",0.443952093725519,6.84800360203733,0.0456610046909443,0.0903164632629321
"SPTLC1",0.331715114811341,7.18351431179773,0.0456630251202449,0.0903164632629321
"LYSET",-0.481026816488017,9.19070151541239,0.0459100960511673,0.0907225494732525
"IGLON5",0.530037239646268,6.89343613314659,0.0459503122160988,0.0907548504133027
"SH3GLB2",0.901792821016103,8.59342780318847,0.0461431487978631,0.0910584030906677
"SLC39A5",0.323801122747391,6.6464200745592,0.0462164073237712,0.091185667174353
"EFNA5",-0.601221829300625,6.2121311541207,0.0464258867145546,0.0914921452837822
"CCR6",0.404253354501097,9.99488067311645,0.0464551117888447,0.0915337570180329
"RHOA",0.341344158466746,13.5662067211898,0.0464647294710685,0.0915337570180329
"CDADC1",0.50025902002277,7.25631542657666,0.0464948736093689,0.0915687694705106
"H2AC11",-1.08254514932955,12.023069280863,0.0465248898638262,0.0916041591208012
"PTPMT1",-0.481540703721569,11.3684312650885,0.0466041518082616,0.0917245943703951
"SMC6",0.319098015657133,8.50829458800804,0.0466308491052735,0.0917652630943322
"UBA52",0.619060065292111,16.0289973760742,0.0466429108230848,0.0917771235344125
"AK9",0.32592856824814,6.2963214799612,0.0467237218521188,0.0919123479403729
"METTL6",0.483679869348322,8.71030174267772,0.0468438929162366,0.0921129976041023
"REXO1",0.342488402666359,6.28976196272548,0.0469473208808133,0.092256732905467
"ULBP2",-0.367022485105993,6.13495106635614,0.0469669191866491,0.0922833213166097
"OR51G1",0.471030634544403,6.20980143830653,0.0470931803874209,0.0924955556414693
"STAP1",-0.544091535357029,6.30459136625953,0.0472681387502954,0.0927553360147733
"PALM2AKAP2",0.536452472618149,15.0459844736092,0.0472894881703267,0.0927852581724072
"DCUN1D3",0.486515127011151,9.12914228942068,0.0473668976140829,0.0928926868502638
"APOL1",0.571203759045361,11.3150229592659,0.0474267882763566,0.0929826732121736
"HP1BP3",0.389410469833104,12.4489880223505,0.0474526050069578,0.0929926970640806
"DTX2",0.524096052962242,7.9820883447772,0.0474563599365025,0.0929926970640806
"ZNF596",0.292532527767091,6.39091745683206,0.0474785623966208,0.0930242175892566
"CYTH3",-0.695894770369983,7.57899821187904,0.0475615291533644,0.093158139973527
"CDK2AP2",0.366818816903864,11.0271155609587,0.0475652917473985,0.093158139973527
"CLDN10",-0.830851852218425,6.66786838806629,0.0475801866365517,0.0931753126923355
"MFGE8",-0.398713919189296,6.45325128927606,0.0476581874364935,0.0932800147405654
"EMC9",-0.738029457933038,9.26217231486204,0.0477057556189698,0.0933490905112318
"CD1B",0.963360119767069,7.12423283907386,0.0477879101549021,0.0934857907944109
"SUPT5H",0.68088211544571,10.4158845520919,0.0478152483832812,0.0935272408248155
"STRAP",0.875367459183129,9.95266873133234,0.0478283572824482,0.0935408510225658
"CRK",0.346711438995959,7.44265954059044,0.0478912046202719,0.0936396811346227
"SERPINB10",0.513395209494933,6.28983445879216,0.0479741987054249,0.0937778424051544
"CD3G",-0.488096946472107,6.9406176570507,0.0479983318683081,0.0938129586239854
"MIER2",0.481186554445542,10.2561705296782,0.0483034516076426,0.0943002428817752
"TRAF6",-0.360133753107447,8.61393416327425,0.0483244085124528,0.0943229101842386
"MAP1LC3B",0.335871809082789,11.0596163832746,0.0483417138836149,0.0943386096165809
"HNRNPC",0.377156779313893,13.3196927424303,0.0484437457609208,0.0945013449887228
"SGSM2",0.868981922701476,9.79419072523429,0.048460886696367,0.0945226580580157
"MR1",-0.318514288555526,9.82748107402289,0.0485394392213109,0.0946515952914086
"EXO1",-0.361735872314679,6.24412182708138,0.0485610197196739,0.0946815369098462
"LRRC42",0.335053134734717,6.93873903078141,0.0486196791440516,0.0947716073343677
"HNRNPLL",-0.450303487457343,9.09035449644853,0.0486977360922475,0.0948994324052922
"RNF144B",0.845876760619746,10.6710740177645,0.0487430482381464,0.0949678767724115
"EMILIN1",-0.36997508997974,11.2498030575836,0.0487453475858393,0.0949678767724115
"ZNF16",0.532780126269367,7.33866557373614,0.048757118799603,0.0949786425905421
"MARCHF8",0.327184474412844,6.68453450115968,0.0488254443003088,0.0950995590316466
"ZIM2",0.319708016563651,6.31782893338392,0.0489838517903857,0.0953470392970928
"ZBTB21",0.327654832497807,6.72324899327389,0.0490508138656423,0.0954163184022368
"RUNX2",0.299467429303254,6.64200191082425,0.0490735749479663,0.0954483857026054
"GRIN2D",0.861131538418106,13.6389584550627,0.049099046681512,0.0954857163596464
"MTLN",-0.441576351630934,11.4162123081331,0.0491675830039847,0.0955773766999458
"ATPAF1",0.310860768140657,6.26408094072459,0.0491713174184887,0.0955773766999458
"HAS3",0.360794512001543,6.3274082866384,0.0492221373790773,0.0956517078023265
"YAP1",-1.3730159440553,6.78095394575325,0.0492544507368304,0.0957022724933839
"HLA-B",0.934911074092212,17.3219209711209,0.0492990921080195,0.0957767747545683
"LONRF2",-1.81721029778258,6.78922981694163,0.0496196328353553,0.09626423984693
"CTC1",-0.534777115852213,9.27460277878542,0.0496702066791029,0.0963500641805864
"FERMT2",-0.806254628232582,6.24171602031109,0.0497716970604466,0.0965223117693537
"ZNF577",0.357405872518004,7.66178069714907,0.0498607151273722,0.0966579675789773
"POU5F2",0.31216104555175,6.13879920452596,0.0499152501534778,0.0967401949051651
"LYSMD3",-0.38360013070462,9.45998818418492,0.0499158541176243,0.0967401949051651
"CST7",-0.766301300216306,7.15641534965128,0.0499636399942577,0.0967958008958816
"CAPN8",0.325989655959421,6.40720528271861,0.0499750149008082,0.0968055058733272
"SIRT1",0.354594847042291,9.03562543709622,0.0499882395149954,0.0968158353715945
"KLHL7",0.535071119047721,7.8452046330701,0.0500731910128598,0.096859970608442
"EGLN2",0.587592971933353,10.4976509247024,0.0500900542406043,0.0968740338911798
"NTRK3",0.34371248974412,6.53409049386312,0.0501055652382968,0.0968740338911798
"ZNF438",0.472358023200535,11.4312673474263,0.0501365026361029,0.0969207998080402
"BIRC3",0.354024041654476,9.35070707873647,0.0501560619869635,0.0969462875823261
"WASL",0.319500866020495,6.66132755998307,0.0501794370239992,0.0969791432533969
"IFI30",0.44661717609161,16.7650885433185,0.0502432030222465,0.0970777069701848
"ILRUN",-0.476760870001816,10.1263879451424,0.0502782965448692,0.0971331724916629
"AVP",0.484474545633409,7.25501931160844,0.0503669973462415,0.0972551162571916
"MARCO",-0.49602477365295,12.2526035503352,0.0504669925850849,0.0973987258705259
"NME2P1",-0.314680262537165,14.8674610876739,0.0504711057763847,0.0973987258705259
"S100A7",0.28467551273529,6.32621789925829,0.050478362935389,0.0973987258705259
"ZNF343",0.390093901172769,6.43805144311058,0.0504894751858996,0.097405041053807
"IL21",0.496166750373812,6.18023091591611,0.0504979692382965,0.0974090710522594
"GTF2B",0.293543705019448,10.0140413711296,0.0506796949297943,0.0977004744327317
"IMPDH2",0.311886730820468,8.47388624678508,0.050681157469741,0.0977004744327317
"SSX2",0.472394453245111,7.43110170703118,0.0506949997788035,0.097714772704188
"HNF1A",0.283456069962402,6.1988619507922,0.0509064630380362,0.0980953995448763
"FLCN",-0.710475459852122,9.39380020057427,0.0511705597990324,0.0985190370203424
"ASB9",0.348242208271549,6.95387469815654,0.0512188542723469,0.0985935720631299
"YLPM1",0.429212288178521,7.14837782235612,0.0513085685854076,0.0987472426027434
"TMEM230",0.4515356379789,9.51454332861358,0.0513347654142005,0.0987851591065622
"BMP2",-0.290971708715935,6.00427992895387,0.0513565207723907,0.0988020199755241
"THBD",-0.659349929449146,12.1205785649398,0.0513861364098126,0.0988464915912508
"ZDHHC6",0.630378080740368,9.01931825528293,0.0515416999355103,0.0991081265165305
"ITIH1",0.811045222058926,7.199977583532,0.0515504979058938,0.0991125122822798
"STEEP1",0.661010967387437,7.66689862829467,0.0516634083467099,0.0993044886421593
"DOK6",-1.1557346140562,6.54145757385882,0.051836119595753,0.0995861175861814
"CARINH",0.622062550507377,6.82612049193258,0.0518816314785604,0.0996376118071067
"EGR2",-1.4039898762539,11.2284076619222,0.0518825781102366,0.0996376118071067
"RCOR2",0.312597692142346,16.6321311917829,0.0519300522126483,0.0996784341852777
"NXF5",0.334131448724029,6.18071774236748,0.0520994344802893,0.0999320715091666
"RARRES2",-1.7786065386099,6.82905529143395,0.0520997861472067,0.0999320715091666
"RPS27",0.468571548296776,17.4005422310665,0.0521016172406748,0.0999320715091666
"ANO8",0.581272216230406,8.6525552313782,0.0521128062315328,0.0999409277640795
"IP6K3",0.413862047938273,6.45135409618593,0.0521482916426316,0.0999837644101288
"RBL2",0.546576536846256,8.59197705130284,0.0521703353604664,0.0999882117406394
"NDUFA2",0.398095731303148,13.1777091255902,0.0521833151969953,0.100000486078113
"MORC2",0.607929930856402,7.48394991586638,0.0522252673183531,0.100065591798055
"FAM181B",0.671460020763366,6.95964858226508,0.0524204555749783,0.100404318436306
"SOX1",0.606969088299437,12.1609127907487,0.0524271356140623,0.100404467752003
"HSPG2",0.427167922770876,6.70626206415076,0.0525782430611862,0.100655830875443
"RPS12",0.426260774434271,16.4109290122676,0.0526976845582104,0.100846405783473
"OR2A7",0.315600046462406,6.23489714294782,0.0528061821386173,0.101021986494521
"DUSP13A",0.298831845653347,6.03615699224147,0.0529364832269347,0.101201513125735
"CUL1",0.717410220971378,9.52453930954752,0.0529671548225599,0.101247422139453
"RELA",0.697205405477099,10.4424497028732,0.0531141425330185,0.101464625002154
"LRP10",0.917281999883127,9.98849489462172,0.053145204190824,0.101511211421006
"CDK7",0.403463237871396,10.4724476019702,0.0532310400986059,0.101614296019956
"MTHFR",0.765652989353236,8.18051109114241,0.0532525903947697,0.101639733273551
"SIK1",0.829365744768224,13.4012278881171,0.0532920704728664,0.101702322468484
"PRORP",0.494671557157223,8.48581100504073,0.0534599203205911,0.101945889433925
"VWF",0.45049380511393,8.11112288299479,0.0536543057071258,0.102252466315034
"RGN",-0.311542726715848,5.97106235991617,0.053662656170766,0.102255566350709
"AMD1",0.463117398387808,12.5419110304168,0.0537232869661778,0.102358274640646
"CASS4",0.407163846835364,7.13804011680237,0.0537792594991026,0.102426421848761
"NALF1",-1.3975886663111,6.68606769838095,0.0539060890975733,0.102621020952198
"APOA2",-2.45131211344844,7.204889477599,0.0539745989593106,0.102734130284505
"ZNF45",0.314192660607843,8.02584594861632,0.053983431836734,0.102738084266431
"CLGN",0.398536141947798,6.14621059020696,0.054029509609375,0.102787188158541
"ZSWIM3",-0.336336130551294,7.49814641868723,0.0541454531427187,0.10296911984425
"CASZ1",0.74034828190793,7.44973436401321,0.0542628285881847,0.103149185018529
"GFI1B",0.555244155380994,6.6840877551963,0.0543150778055297,0.103214257561726
"DNER",-0.618042979752405,6.30755937813162,0.0544744572218312,0.10347833442788
"LINC01126",0.705880012041404,8.07584407028008,0.054503073571654,0.103519763067031
"CTSE",0.293394338028642,6.51613638345971,0.0546954016499775,0.103794318479269
"UBE2V1",0.34921305648509,11.0253904386162,0.0547978026060154,0.103951920578555
"CGREF1",-0.56233375460743,6.26948888125944,0.0548107294476334,0.10396128379142
"MAPKBP1",0.383753059843066,8.04263709565139,0.054958764744804,0.104203078698289
"FAM86C1P",0.351435252869491,6.64829734300121,0.0550139250797438,0.104291984335172
"PLAC9P1",0.525249460242338,9.42345284085749,0.0550193707470465,0.104291984335172
"NACC1",0.635002327544982,13.572577267861,0.055085305690831,0.104403954255503
"RPL23AP32",0.944401002069083,12.932700871052,0.0551075309752684,0.104432790940559
"COX4I2",0.286296552943775,6.22676989661706,0.05521412715716,0.104595969831351
"MALL",-0.874183152910974,6.667325307528,0.0552782189531958,0.104678265949471
"SYK",0.314960571274454,12.5075643687031,0.0554389192828927,0.104943376207895
"BCAP31",-0.282760446109014,13.9532322284062,0.0557252611256145,0.10533877399049
"ETHE1",0.479371174104775,10.190730207668,0.0557354034723939,0.10533877399049
"CTLA4",-0.671895380092549,6.36862613818495,0.0557529390053856,0.105341122672867
"COL6A3",-0.294580957880448,5.90961571280222,0.0557899409679551,0.105384849365378
"MYBPH",-0.301118349513277,7.27784563356401,0.0558885414926931,0.105553815866074
"GPR3",0.284594964811006,6.39120713990459,0.0558932719075155,0.105553815866074
"COBL",0.304231760870217,6.27734461464353,0.0559415284165154,0.105631830662822
"PPM1K",-0.404477811950068,8.7529315993887,0.0559642020418213,0.105661525096464
"CPT1A",1.08498046065851,9.48895434377214,0.056081488012651,0.10585667986799
"TLE2",-1.23733433865488,6.66926037668309,0.0561785454449011,0.10602672116233
"TXN2",0.44628457031898,11.0091629948099,0.0561898051471745,0.106034812840083
"GNG2",0.473293005092943,8.4637134436227,0.056230532575198,0.106085341695027
"H2AC14",-1.14969508300607,11.865459658596,0.0563006093488417,0.106178034099353
"CILK1",0.337233979101474,6.45416042247146,0.0563531317935014,0.106250734975895
"ALB",-3.75672929838558,7.7851811452083,0.0565756793259777,0.106577843576052
"LEPROT",0.453109155761419,10.9328260874685,0.0565849893852059,0.106582179659427
"UBE2R2",0.870076238800971,12.8901766517791,0.0565997614741513,0.106596801547851
"ZNF841",-0.281269290942415,7.48055692027516,0.0568171610860123,0.106913559242276
"VWA5A",-0.624680171012259,8.68814599291422,0.0568867468915874,0.107001027069034
"TOM1L1",-0.385274494389725,6.28604591228811,0.0568917875381517,0.107001027069034
"PPARD",-0.362079465988719,7.55797920129972,0.0569729922770882,0.107100774604445
"GRB7",0.517228633441114,7.20300778907677,0.0571824840274237,0.107428192351953
"USP12",0.361169378328405,6.84753388622952,0.0572932879694269,0.107583198350296
"GGH",-0.507626498921465,7.85806164044995,0.0573763673516276,0.107712602726028
"MTFR1",0.404241208250576,7.40067168906408,0.0574225196603043,0.107785939150075
"HELLS",-0.448565258940993,6.54565166274615,0.0574639569458724,0.107837099855976
"RUVBL1",0.542181129427749,6.85717737247754,0.0576502501870993,0.108160005532372
"DUX4L1",0.691954441783334,14.9667672908661,0.0576616593996676,0.108168066627624
"SAMD3",-1.41738051863301,7.21918330600226,0.0577068913551334,0.108232181893035
"LIMS2",0.47686794171863,7.19120207065588,0.0579836344931136,0.108664832208413
"ZNF274",0.721440458445989,8.59683151499455,0.0580103188921178,0.108674664906544
"SLAMF1",0.482776650007949,7.77695602054889,0.0582064700701277,0.108985614428579
"CYTH4",-0.750324696440298,9.26740536710227,0.0583179378983076,0.109141340218905
"CYBC1",0.739109198249824,11.5475342737487,0.0583240184086693,0.109141340218905
"THRSP",0.303974771986537,6.17960881586006,0.058401405404819,0.109228592598113
"CXCR6",-1.13955445863896,6.70079156599647,0.0584168703496472,0.10923444783935
"PSMC2",-0.410444117615782,11.9788285936873,0.0584799548541433,0.109325525927697
"TIMP2",-0.49220840429077,15.1560998691262,0.0585030646132954,0.109325969850017
"SHD",0.554267076382786,7.30824490407842,0.0585783386035525,0.109415300108429
"EXOC5",0.332385914059789,8.07562660075284,0.058651728079318,0.109525476501752
"B4GALT6",0.299241285699626,6.14530811471903,0.0588483269448184,0.109852136513661
"DLD",0.382064524206592,11.5941417041246,0.0589397698459931,0.109982333719983
"MOCS2",-0.481108641075433,8.9607227465595,0.0592142733175504,0.110359150565356
"ACTR8",0.325184740177702,8.71883025117377,0.0592826574196327,0.110473061394164
"ATL3",-0.281663600485628,9.30914443630916,0.0593009339067424,0.110493580354538
"GABARAPL2",0.388276501868582,13.4702545459436,0.0593696872495676,0.110581041480885
"SGTB",0.557076820509424,7.07881485989877,0.0595076120437166,0.110824364922954
"OR1D2",0.57666418039162,6.73117314791997,0.0595483048483598,0.110883520003065
"CNOT6L",0.461133987934428,7.08503173558543,0.0595539578764487,0.110883520003065
"PLAC1",-0.309387786183378,6.04820070925427,0.0597282764709475,0.111123810822292
"TGFBR3",-0.468582307676081,6.23918986471037,0.0597516749496691,0.111142792641214
"DNAAF2",0.285441187177492,8.90018019840155,0.0598345370492391,0.11125609969982
"ENTPD7",0.358540418470278,6.49605946744245,0.0598563626817279,0.111269473617372
"MARCHF2",0.299276636821945,9.06033267752152,0.0600695581831959,0.111619389002587
"CLEC14A",-0.44631322611649,6.2271251401431,0.0600739544309691,0.111619389002587
"LINC00593",0.288984070117838,6.12432345593493,0.0601025001728372,0.111658786052835
"PAM",0.882219864412643,8.32292136553709,0.0602121230727625,0.11183122866494
"DDX17",0.604292273114894,10.9156505069211,0.0602876242444401,0.111948008487112
"KLHL3",-0.278887869725803,6.88202809504205,0.0603829623532317,0.112097667415521
"ZNF804A",0.273449053479132,6.10734065142974,0.0605431366470958,0.112307596824966
"SPAG1",0.349770678384517,6.13462288542928,0.0605477371362372,0.112307596824966
"MALAT1",0.377010443876423,11.3539777537101,0.0605919759679707,0.112362244911706
"ATP6V1D",-0.365126015469019,11.0913749767115,0.060679957001264,0.112451097120149
"HACD1",0.406603331001779,6.53222355050564,0.0606842552646676,0.112451097120149
"ARSF",0.267731890580926,6.24191847523192,0.060741058034777,0.112509831776848
"TCEA3",0.470176777244415,6.69276905565378,0.0607529417774512,0.112509831776848
"FCRL4",0.27414720729621,6.11357439156264,0.0609157378711198,0.112756395027263
"SPON2",-2.18950772882035,10.4404165990148,0.0609598954325921,0.112821830448203
"ACVR2B",-0.320681624067787,6.90119318414891,0.0609842725395459,0.112842050952843
"RNASE7",0.273817391445803,6.22410858031526,0.0611000656581451,0.113015056984805
"RIMS4",0.434279727291447,6.61958831031529,0.0611814966784806,0.113115881844332
"AHSP",-2.37950826866433,7.39243707109493,0.0613487090231579,0.113371882205447
"PDLIM5",0.438599773421472,7.67772091890099,0.0613526164223321,0.113371882205447
"WNT4",-0.768881295200111,6.39098159036995,0.061464143114757,0.113550375180907
"SLC35D2",0.715504529749129,9.24760211330445,0.0615068102792545,0.113601599553911
"ZNF354C",-0.268495715655115,6.09394520947643,0.0616563867464844,0.11382256975486
"C11orf40",0.263972938003489,6.14399459068583,0.0618396038230328,0.114133094046199
"ALMS1P1",0.395193657117806,6.86926232629901,0.0619428105603473,0.114295833899753
"CYBB",0.270286964860287,14.0471891078278,0.0621346542178896,0.11460810446885
"FLOT1",0.433520556252675,9.91248102593058,0.0622749891339658,0.114839097217091
"LMAN2L",0.647250142648893,9.18700657736041,0.0622877443529524,0.114848692546035
"TEKT4P2",0.278475954895076,7.35522405371183,0.0624496359714435,0.11510532830611
"PTPRCAP",-0.57216813450376,9.11211884508806,0.0624701583045597,0.115129201102247
"C9orf163",1.11255044679378,9.246162221868,0.0625250344677016,0.115202413882337
"FKBP1B",0.414720060520212,8.32922251839269,0.0626691588895158,0.115412032985197
"PUS7",-0.311119287672616,8.90180523133319,0.0627382122561777,0.115497243916227
"LARGE1",-0.942872754358423,6.73791167718659,0.0627935154283354,0.115571073778788
"STAM",0.276359806580482,6.91022895032322,0.0628543433761304,0.11566902880738
"HPS4",-0.548520956180931,10.3555736627545,0.0628818222315312,0.1157055961884
"LTO1",0.758089782981037,7.38911647997519,0.0629104182430849,0.115744210094464
"KLHDC1",0.392845091393182,7.67487113894353,0.0629225408615599,0.115752510151518
"PDK3",0.412918743291737,6.57646281790633,0.0629804714303173,0.115845066462538
"HOPX",-1.11943226967163,7.59222440342366,0.0630185496257815,0.115890340013825
"ANKRD20A2P",0.310175511905482,6.42372480150034,0.0631426473768561,0.116047971667457
"PGLYRP1",0.525032256835203,6.33339297232337,0.0633132499809689,0.116254356612259
"CREB1",0.516249124563041,8.25673459717254,0.063339419985078,0.116280287196169
"DIDO1",0.408723921940394,8.90719792963728,0.0635586171841626,0.116598244889837
"EPB42",-1.1586896278769,6.78557629236867,0.0635715860630274,0.116607970190148
"RYR1",-0.781977310395819,7.99749128788976,0.0636805392987313,0.116765570491332
"SPACA9",0.329639209453773,6.65904135015384,0.0638171020081071,0.116951820050473
"SNX22",0.345364435363774,7.91060620626843,0.063828255287936,0.116951820050473
"TSR1",0.41844165479872,9.5423278890452,0.0639311880477545,0.117112202822242
"HSF2",0.289215283413628,6.62093194870681,0.0639563504966469,0.117144186240275
"NOSTRIN",-0.470612453656665,6.40979052091335,0.0640321792337314,0.117240715360774
"HOXA5",0.679400220719888,7.44148448311406,0.0641960414714471,0.117484163501536
"PATZ1",0.459444633288846,8.90887400757329,0.0642195490874745,0.117498905500759
"ZMYM1",0.311992731551947,7.93361010671394,0.0642361528985081,0.117515146551246
"BFSP1",-0.364909922597304,6.27215477506328,0.064267924991026,0.11755912957223
"SDC1",0.378349403970519,6.31364209858028,0.0644449412168775,0.117838665412614
"MAP3K7",0.323832116432294,9.22667727373798,0.0645256549816342,0.11793127760614
"IL36B",0.781434563526809,6.43439771358387,0.0647412205433227,0.118183229146903
"PPM1J",0.28930540559293,6.93976848336969,0.0649108889496133,0.118450299873496
"USP32P2",0.61776100156327,9.26001961180363,0.0649612826770814,0.118517903850464
"CCL20",-0.609211352398281,6.19488784570867,0.064975267429444,0.118517903850464
"OAS2",0.557314597832204,9.16328852068922,0.0650190019510133,0.118576445817365
"CCDC22",0.62351517977776,11.0168845708691,0.0652069924751491,0.118862272751057
"NUP85",0.391955099556426,10.7893956946745,0.0653913767901759,0.119176930696633
"INPP5A",0.856375142194537,8.85069825629008,0.0653952844991715,0.119176930696633
"CEP112",-0.341821264753345,6.10692674520728,0.0654601399360492,0.119266539852335
"MIB1",0.822692828548837,7.66829737176829,0.0655013031013811,0.119327242161692
"AKT3",0.479735123007893,6.96345785106149,0.0655848460061059,0.119436515155174
"AMER3",0.291126688208864,6.86356111120304,0.0656289007368654,0.119473823606206
"MRPS28",-0.357489096324469,11.3038791468732,0.0656776117926549,0.119533882257383
"MPDU1",0.274629804529983,10.6696662071808,0.0657085277344729,0.119575839390435
"PLOD2",-0.498041477393651,6.21391949465993,0.0657198208329927,0.119582081266829
"ID1",-0.555106716551333,8.21890998410804,0.0661888373430052,0.120277194206288
"VPS4A",0.311739417129096,11.3906506096697,0.0662249845248722,0.120314127900401
"IL1RAP",0.376960734635464,8.87990228631764,0.0662755023491642,0.120377145554292
"LOC441666",-0.306532280466885,8.61116617768267,0.0663815246653732,0.12050311068442
"DKK3",-0.275661481745367,5.92942553629489,0.0663844727323821,0.12050311068442
"DKFZP586I1420",0.684192989746677,10.3332010008582,0.0664455481058167,0.120585190404924
"E2F6",0.426318831925776,8.2114654071278,0.0665652287418762,0.120773562241285
"SRP68",0.64865722350359,9.6396624793601,0.0667167459546248,0.12099073127569
"SAYSD1",0.316499135036598,8.09373806053326,0.0668055791299388,0.121083225640888
"STOML1",0.347866980892848,7.06313542677589,0.0668075582820023,0.121083225640888
"EGFL8",0.265825930054969,7.24510925931936,0.0668259573651936,0.121102140086971
"RIN2",-0.425931391579001,7.77718965260009,0.0669007036807607,0.121223150432147
"RPLP0P2",0.62057492889784,15.8735054577968,0.0669988439841722,0.121372057094853
"KIR3DL1",-1.76919549147791,7.55458991681861,0.0671172238512211,0.121557549163912
"KDM3A",-0.933853287259573,8.29690217225717,0.0672671895424858,0.12178564506692
"UBN2",0.411031358047364,6.54410900275294,0.0673614387402301,0.121923442184818
"SLC15A4",0.491473564692051,11.3574173329835,0.067526704398971,0.122124642704192
"TLE5",0.626370216887967,9.98780287532368,0.067605191939013,0.12222298609231
"CWC15",0.268206631709556,11.7596950324189,0.0676424755463905,0.12225326514551
"IL36A",0.273979247708273,6.11899339797141,0.0676460564307907,0.12225326514551
"HERC5",-0.579863590228788,9.06874614179765,0.0676814632758773,0.122302720235212
"IFI16",-0.271476449526027,11.6527338578807,0.0677934953011212,0.122476060410959
"PGLYRP3",0.314155293896115,6.09979540247711,0.0682322409715472,0.123195526617035
"PTGES3L-AARSD1",0.323178673154866,9.27098054348776,0.0683532064643966,0.12338463666594
"VEZF1",0.435656912153897,11.3946237875548,0.068407595038353,0.123438859200673
"STARD3",0.439122142019765,9.9731333181416,0.0685224403242251,0.123631423947184
"WWOX",-0.474199425887191,9.6183927087639,0.068560796130986,0.123685953447216
"OGN",-1.16212761791059,6.57150582809932,0.0687149905552426,0.12392002565684
"TNFRSF14",0.519759160722941,14.0351900304828,0.0687699595232634,0.124004451556769
"DPH3P1",0.329484574412667,9.27368439467789,0.0688437889636301,0.124122862188368
"TTTY13",0.253438858217457,6.14178705561969,0.0690237119274454,0.124403011494737
"WFDC9",0.267931293685107,6.20621772213905,0.0690875947015099,0.12450339379317
"MYOG",0.788250487160964,7.10672894729963,0.069111217998896,0.124531208925025
"MRPL49",0.445804485726063,7.12757536008906,0.0691576089106526,0.124579550701041
"LINC01599",0.280411677657473,6.09951859452197,0.0691626214208894,0.124579550701041
"SKP1",0.336790475748075,13.4877628015933,0.0692394031397719,0.124703084195837
"GFI1",-0.459117333459888,6.53115066635499,0.0695215406958556,0.125137127577532
"VEGFA",-0.781282225078964,10.094473364841,0.0695578897236992,0.125187738096807
"SCD",-0.279255844605434,6.59036203611193,0.0695922673395501,0.125234788983538
"AKAP12",-0.355563082576253,6.10309749601069,0.0696071982840483,0.12524683761285
"ZSCAN21",0.491062188906349,7.4465089154774,0.0697406751737351,0.125457320563303
"GBP1",0.412361133034236,8.67816625319464,0.0698400580947363,0.125562607152535
"CTSK",0.757361659950162,10.3500894309967,0.0698487412224121,0.125562607152535
"PREB",0.274532310017698,11.5050565229434,0.0699724776213008,0.125740451336966
"MCM3",-0.592302992059535,11.0557265509426,0.0699949949859282,0.125766054317816
"ZNF773",-0.386220009083313,7.97799211807266,0.0700943933546751,0.125914898905965
"RALBP1",0.601691300216937,9.95120281474221,0.070434678684752,0.126436566741939
"ETS1",-0.345516921916009,6.21702539926331,0.0705748788753,0.1266135139714
"CLCN1",0.89020183769671,7.01367379366991,0.070763660878875,0.126884927982695
"PDCD10",0.484295393922663,10.8190322822764,0.0707733921164489,0.126884927982695
"TIMM8A",0.432628504125746,7.85067606494375,0.0707762259387957,0.126884927982695
"SENP5",0.356763148917416,8.32891023711925,0.0708818575231961,0.126984484534429
"ZNF732",-0.263742806450411,10.2106749706263,0.0709823890792757,0.127134633508141
"MIRLET7BHG",0.371951801188692,9.1800362591876,0.07103518395328,0.127214210734984
"PLIN2",-0.753218554911503,10.6291062170146,0.0711865791325354,0.127410320754101
"NEUROD2",0.863405818428338,7.64342479156941,0.0713134976312412,0.127607444637712
"COL6A2",-2.30485972069611,7.15398361065792,0.071347870327351,0.127635887911148
"FGF7",-0.639060778359548,6.61333239129458,0.0714725246252976,0.127777076493042
"CIROZ",0.346436565800581,6.40461362627501,0.0714755122124085,0.127777076493042
"SEC14L1",1.08015880576196,6.95087676253346,0.0716054066041697,0.127987105773328
"OR4C46",0.302807439046094,6.03653176481269,0.0716098292362734,0.127987105773328
"AP5S1",0.302876010850305,9.15132205052648,0.0717482921394438,0.128204444466768
"LTK",0.328496587606481,6.75584826010734,0.0717724782656114,0.128232595096736
"RPS4X",0.439705450847788,16.3662028532365,0.0718029446170621,0.128271958385561
"CUL9",0.382730299465299,12.0090531810432,0.0718601973849948,0.128335932066297
"PPP2R2A",0.396150730207663,10.6125842261458,0.0718976038409815,0.128380739604749
"CCDC116",0.289496585469328,6.22450847010335,0.0719460706617197,0.128452200354946
"RAPGEF2",0.473962668985332,10.7413263202096,0.0719716487072166,0.128482783605981
"CARD10",-0.570279907601387,6.84615319169355,0.0720637218492384,0.128632051864227
"JAK2",0.634815935146559,11.1928240538063,0.0721103741890252,0.128700219536052
"STAM2",0.358561875282292,8.05819744624434,0.0721356398787003,0.128723268124772
"RPGRIP1L",-0.300436323335429,6.1424108320208,0.0722540159181571,0.128896079071359
"MUC5B",0.302332711366057,6.1564703205903,0.0722983710195156,0.128944954434712
"ADAMDEC1",-0.578871968090814,6.41901730744614,0.0724780259741607,0.129235059094271
"CD34",-0.311785960189038,5.97924512776487,0.0724867651076593,0.129235489303316
"HBA2",-3.2900760241494,8.57855572820884,0.0725708457916563,0.129351065025975
"DNASE2B",-0.426883372574696,6.11455558649621,0.0725771066456234,0.129351065025975
"CTAGE10P",0.621623984370228,6.93720271966366,0.0726307817123675,0.129428092845216
"BRI3BP",0.713032262809464,8.79377783194369,0.0726500557763319,0.129428092845216
"CENPN",-0.408768117695958,7.59439099027419,0.0726511416336899,0.129428092845216
"ATP2A2",-0.309834925806092,8.66775719391506,0.0728254019758236,0.129626487973821
"ARSB",0.270590602182018,8.11439445536474,0.0732172359338085,0.13020202573449
"RTL10",0.501795708435321,8.0623302882695,0.0733768809185619,0.130440164232553
"ERBB2",-0.683469790332335,7.6090524072711,0.0735506690120071,0.130695141085297
"GUK1",0.307246081040944,11.5848271717466,0.0736138834677679,0.13078503969367
"GUSBP3",0.250683324411862,6.50067760853469,0.0736360577654322,0.130809153895187
"APEH",0.449982686325595,12.4516009420116,0.0739317000205985,0.13127300571083
"EPB41L5",0.259168347074321,6.21702000125046,0.0739466168472949,0.131284164022141
"C15orf61",0.334761913744075,10.5153466131214,0.0739957777759317,0.131325450859653
"NGFR",0.503995093116779,6.47486184677809,0.0740724684979775,0.131398914797282
"FRS3",0.442242998703345,9.19477918561649,0.0741668438996867,0.1315062798212
"ZNF3",0.32133222922309,8.9149585585789,0.0741908157813601,0.131533449102696
"GIGYF1",0.619625019886147,10.2380976833993,0.0743350067134522,0.131727660463549
"MCM5",0.378457088777645,9.57095477000687,0.0743773292399749,0.131771950498781
"C18orf32",0.294450370832823,9.64512524023342,0.074530974265794,0.13199802685853
"SLA2",-0.545254002196255,6.47197175111789,0.0747121393635814,0.132211102564737
"UGT2B10",0.729488831036161,7.75798975902708,0.0747231460223848,0.132215195428555
"TUBB4B",0.359007655454391,10.491614232899,0.0747710444194799,0.132261218939404
"FAM86C2P",0.285782173759753,6.49709219078733,0.0748744844072217,0.132375163783426
"TAFA5",-0.888087641426856,6.36888482608782,0.074926148287369,0.132435711663681
"SRGAP3",-0.784963528014174,6.7741962172095,0.0749692317168653,0.13248233723925
"FNBP4",0.401904296753976,10.3531278064309,0.0749699496502491,0.13248233723925
"ZNF334",-0.266494897677545,6.09433100703247,0.0751042279525489,0.132673376548073
"CTAG1A",0.337293771752962,6.16135164505395,0.0754161798630272,0.133147116711971
"EEF1A2",-0.258990035344468,6.06149000311047,0.0755445651513258,0.133327346735681
"CFAP418",0.280894929173977,6.39288176896377,0.0757433772393149,0.133616202419151
"MIR124-1HG",0.357981342515653,6.19825038983181,0.075826357753236,0.133747071295664
"LRIG1",0.979346138659488,8.4987586295916,0.0758857734143937,0.133836349540311
"NR3C1",0.265564476036839,10.6637951232339,0.0759104081951012,0.133864272707688
"CDCP2",0.243891730970174,6.02203561184478,0.0760545299331347,0.134102874344709
"AMN",0.85675745810756,9.78392160306591,0.0762450681024572,0.134398442119371
"SPRR2G",0.261689585950571,6.13045355591539,0.0762561176884146,0.134398442119371
"HNRNPF",0.262276077165208,11.0705924009547,0.0763224547617935,0.134466159872261
"ATP8A2",-0.387708837452528,6.04260116326902,0.0763672042660727,0.134529415322418
"NPY4R",0.325455611018931,7.0374043851721,0.0764888834778799,0.134696959232468
"LOC100190986",-0.646156284716467,10.4924378049597,0.0765930288935392,0.134817914746869
"PCGF2",0.480961273383862,6.61478008789008,0.0767019027838619,0.134935569396077
"HS6ST2",-0.458706119054095,6.13618864917054,0.0767042344443111,0.134935569396077
"DDX3X",0.692968967928908,12.367768187398,0.0767603900655595,0.13500312387152
"STIL",-0.29557120442154,6.11062548735906,0.0768484252878638,0.135142327911405
"ZNF431",-0.253049375265533,8.78544627063787,0.0769081077966777,0.135216011950506
"CRHR1",0.869478461197417,9.71591716360878,0.0769797359955925,0.13532630043012
"CERS4",0.609289273482941,8.21203750217914,0.0770694424093639,0.135407866030489
"ZNF790",0.307595951674619,7.67719803464203,0.0771974520355615,0.135553147807302
"ARHGEF10L",-0.468837467733448,12.6079734057727,0.0771979098605369,0.135553147807302
"PGAP4",-0.606919632582993,6.23428661625058,0.077234848124426,0.135586698635146
"RNF6",0.54367080208513,7.07459635876493,0.0772492827199032,0.13559638638092
"VPS4B",0.551771605962494,11.5582460424719,0.0773059360096295,0.135674749694071
"TMC5",-0.37393478561654,6.09353967818382,0.0773117688617056,0.135674749694071
"DDX42",0.528510551805576,8.74825695580696,0.0775841367444626,0.136089913680483
"GPR141",0.367164479409563,7.31046125244272,0.0776304368640828,0.136155424268132
"EDN1",0.254373680228051,6.27150271226149,0.0777052517016114,0.136248273735233
"TP53RK",0.265779614816077,6.61184647168219,0.0777321468835611,0.136257423876979
"NBPF22P",0.277945839935194,6.07611207716084,0.0778609545462515,0.136465298690722
"NUDT18",0.523736924672439,9.39521930012577,0.0779316676777206,0.136557760345982
"EMID1",-0.728816409102492,6.77017288721826,0.0780693928709979,0.136704585697425
"VN1R1",0.254819389479434,6.06231049840748,0.0781321306695445,0.136782945000856
"SOCS3",-0.394846502858079,11.2714187944833,0.0782113241261077,0.136890069894101
"ATP1A3",0.794381287774847,10.2810296486704,0.0782560409004168,0.136948327260195
"PTGS2",1.04770420587006,8.33881403687658,0.0782626191621748,0.136948327260195
"PSEN2",-0.510985983439781,9.53121242348584,0.0782974437406734,0.136993502578021
"EZR",0.248239022662023,10.8820897973163,0.078343437844528,0.137058208068513
"HERC4",0.301664814284016,9.7546241997444,0.0786846776522144,0.137591879698158
"UBQLN1",0.427808223336119,7.6891489688532,0.0787699978278721,0.137709406479627
"KIAA1143",0.462266029714757,10.2541377630833,0.0790470075555329,0.138082574190736
"WFDC12",0.261319342325308,6.10228778882755,0.0792036100110204,0.138308474112711
"OAZ3",-0.396315708815026,6.79554678316973,0.0793329751160672,0.138490768353485
"BMP10",0.242300917648768,6.10545471707827,0.0793353217974462,0.138490768353485
"JPH2",0.248844808289812,6.20008314932573,0.0793834974006624,0.138558961146479
"PDCD1",-1.00995463651286,8.14728142332855,0.0794318375347767,0.138618734707721
"DMRT1",0.341729997486025,6.2630738336946,0.0794952052152341,0.138706181839523
"TNFSF18",-0.805949434869431,6.27610873022021,0.0796270132088434,0.138872433128451
"TRIM58",-0.399807210943641,7.07587718226517,0.0797179452390779,0.138989053651792
"TTTY6",0.245740787585921,6.08422340471732,0.0797402387218579,0.138989053651792
"FOXP3",0.303346479449414,6.17569661481692,0.0797614369802304,0.138989053651792
"ENKUR",0.385668033866725,6.07167610977364,0.079766995020571,0.138989053651792
"XPNPEP2",0.299265229370367,6.30933084570276,0.0801079711514315,0.139519242472626
"FBXL9P",0.24735409087552,6.30701819099622,0.0801454594975662,0.139568550101796
"SOCS4",0.264066086242295,6.44286925420812,0.0807314592993597,0.140380063231725
"CCL25",0.275574431975238,6.18465701146776,0.0809226254677507,0.140664223124192
"CSF2",-0.566064828379598,6.25820470920474,0.0809446180283288,0.14068637153998
"KRTAP1-1",0.244327781604028,6.14504647809696,0.0809876135764788,0.140712855851832
"LCN2",-0.299121021248336,6.30820613029041,0.0811342455034285,0.140919324533593
"PPEF1",0.313908924541624,6.1858813113654,0.0812194046079663,0.141028301804799
"P2RY14",-1.52727704943045,7.70738482541616,0.0812248090155338,0.141028301804799
"ZNF81",0.258861390931988,6.46776206294975,0.0813757151702877,0.141225821785888
"KIT",-1.50154821125358,6.65522985145326,0.0815611213148235,0.141515291837517
"RHBDF1",-0.539271409830435,6.21581591943089,0.0815965828848625,0.141560669919346
"TMSB4Y",0.259759710401069,6.54519296280423,0.0820991516251312,0.142302700924891
"TMEM50B",-0.317026974694137,9.31951069019199,0.0821272308164828,0.142335148291404
"SCN4A",0.254126688540231,6.1143732749775,0.0822154602072829,0.142455590615513
"CADM3",0.506537785279149,7.2760803912466,0.0823104924923377,0.142571522758938
"ABCC3",0.384175537662872,8.87690474402213,0.0827231255082896,0.143188401175742
"RPL13P5",0.585493723949228,9.31100383064129,0.0828278233151695,0.143353310228417
"ZNF676",0.241819895848039,7.18974858558246,0.082941723246079,0.143517775301669
"SCAND2P",0.328536378584152,6.58215417284059,0.0829806384898724,0.143568777036858
"DEFB118",0.348661168840296,6.02217211719049,0.0831058220632913,0.143769007159428
"FAM110C",-0.551560482324532,6.16694612117417,0.0831446918469844,0.143787181442909
"MKRN2",0.47024764001952,9.11519015988415,0.0832271617921466,0.143880718032848
"APOBEC3G",0.630640812825836,10.4780213737786,0.0832971476796402,0.14395261612636
"ALAS2",-2.36411204932932,8.1471127172471,0.0833875448662038,0.144092464756872
"HNRNPCL1",0.240694557725484,11.1180360080566,0.083439725311507,0.144141590384398
"PPP6R3",0.379236028236532,6.95731538145287,0.0834444083208995,0.144141590384398
"INAVA",0.275259341648509,6.15777855836477,0.0835792571752869,0.144317532088712
"ARID4B",0.382542571794377,9.961992359648,0.083584220320711,0.144317532088712
"ATF7IP2",0.470678433302715,7.4464109096951,0.0836819617677079,0.144453493139989
"ADAMTSL1",0.296497031363691,6.60842507953767,0.0840889763413838,0.145024399206142
"ZFYVE16",0.267749061837949,7.05399439989487,0.0841348759703509,0.14505421083291
"RASL10B",0.33103966454078,6.4530679659086,0.0843171060898955,0.145302498517295
"TIAL1",0.275330566621973,10.6507691697398,0.0844231070315827,0.145468684765047
"KCNMA1",-0.295412307551556,6.25004957632942,0.0845238950589627,0.145600922982909
"BNIP3L",0.308044964923257,12.5236288474305,0.0845285737122638,0.145600922982909
"SNORA70",0.705259362288017,10.8600351201051,0.0848842215553414,0.146084741925876
"TNFSF14",0.669602156483974,8.66993938942266,0.0851623329674742,0.146493469038496
"PTTG2",-0.916019121499113,8.29177360243089,0.0851736737818626,0.146496407020421
"EIF2S3",0.597880842876283,9.74431159548443,0.0853315245998988,0.146734715752517
"PLIN4",0.345914625889133,6.78768824079169,0.0853490533371232,0.146748264912489
"ABL1",0.373676648447065,7.75978981709464,0.0853916866289015,0.14680497063671
"CARMN",-0.429892828350455,6.05365375832601,0.0854554956066342,0.146872887001611
"ARL6IP1",-0.699550858884559,9.70096165665161,0.0854679421789474,0.146872887001611
"NLRP2",-0.538520460880801,6.66359768365094,0.085469821801963,0.146872887001611
"PCDHB14",-0.332149805553982,6.02612604420636,0.0856346106844315,0.147098793951404
"VPS13D",0.298802765778604,8.3341995862361,0.085920066263336,0.147513249913391
"ARHGDIA",0.391803062960365,11.1102591177749,0.0859958534604336,0.147626700465772
"CASP9",0.506536180540819,10.4176273843124,0.0861136851004277,0.147795612572769
"ICOS",-0.325563520596446,6.3099042968009,0.0861300206503669,0.147806968410153
"BOD1L1",0.770624453305175,9.36269632428285,0.0865771811784783,0.14847569646753
"KCNH2",-0.809157119829701,6.29750397625791,0.086697969000594,0.148597172609155
"MMP24",0.240834073482721,6.1764569144956,0.0867659317829176,0.148636678627018
"CHRNA5",0.310880758823788,6.5424445399233,0.0867796599187944,0.148636678627018
"ADH5",-0.382967944759558,9.17178837472057,0.086785067602402,0.148636678627018
"IL6ST",-0.474325464520041,8.77248356397401,0.0868450289125532,0.148715144657371
"ALPL",0.51563538577111,6.49026299995838,0.0868724211474783,0.148745302951008
"OR2C1",0.240081433624831,6.335697755964,0.0870340497421205,0.148959232399365
"SSTR2",0.232691193559932,6.22673243156032,0.0872449414506336,0.149265504509083
"BHLHE40",-0.648725598774315,10.1325011286474,0.0877517275632684,0.149979966071474
"C6orf15",0.277026541396646,6.05332680747324,0.0877611597889301,0.149979966071474
"COL4A1",-1.00467643750317,7.57766400172836,0.0878687939725503,0.150130167254752
"VDAC2",0.373790542318259,13.0439416773374,0.0879297720315618,0.150217476191417
"PRKAR1B",0.259815157551537,6.41065809477291,0.088438439896908,0.150967762257512
"SUN5",0.34620549415072,6.19249286566147,0.0885559021641038,0.151134346326079
"MX2",0.614380891340603,11.697573286631,0.088610168738488,0.15119302661
"IFIH1",-0.562776211530701,10.9617393202125,0.0887499451549651,0.151363593800237
"RBBP9",0.26925085487302,8.18482492928812,0.0888337255922655,0.151421575746153
"SLAMF7",-0.309960415518031,10.1761671412271,0.0891097680727888,0.151807029556511
"SDC2",-0.259188825528284,6.03506440113357,0.0892012255647531,0.151928798117232
"PI16",0.228696972148634,6.16135842121291,0.0893116877251847,0.152051468150716
"PSMC6",0.417063180382877,11.0224020993949,0.0893132407279293,0.152051468150716
"NRN1",0.545224411501312,9.33261117661043,0.0893921833944005,0.152151799111588
"STON2",-0.836098626532419,7.15143021356607,0.0894844526993529,0.152291803564431
"FAAP24",0.353010357797857,6.32060545495412,0.0896611973759725,0.152558457114991
"ZNF517",0.247097528848141,6.32544719003114,0.0900030812905342,0.153105912781481
"TTL",0.246357645868986,6.9670302913608,0.0903024681949749,0.153557816776189
"CX3CL1",0.22977626236606,6.18483285738053,0.0903091210708992,0.153557816776189
"KIAA1328",0.266625959261411,6.72688921524562,0.0904998392537579,0.153796128659197
"CYP4B1",-0.49467517938693,6.2488089665194,0.0906421786912161,0.154015532733973
"CD2",-1.34193478907369,10.4170713965183,0.0906491999935425,0.154015532733973
"PLA2G4A",-0.326854995271593,8.05814003116429,0.0912704596933813,0.154974115661202
"HLA-DOB",0.276545191505481,8.16159759726197,0.0913009646869826,0.155001682402281
"MEIS2",-0.278055422102631,5.98771027788055,0.0913617724215588,0.155077301423447
"APC",0.240220877061512,6.25943621490278,0.091365900891247,0.155077301423447
"FBXO32",-0.28267222085691,6.78823084620449,0.0915129317492866,0.155274870695431
"C4BPA",-0.650646396577958,6.99527200216237,0.091619906599215,0.155387034633753
"KIDINS220",0.629022564883343,9.98091014123131,0.0919369758753562,0.155872634237728
"ZPR1",0.307644995518413,10.2045380227166,0.0921293537776178,0.156102489630683
"SRSF12",-0.227520091297106,5.94940289727501,0.0921927465967325,0.156143021197288
"NUP155",0.273425367956523,8.09956480969605,0.0922264678361703,0.156171932173753
"NDUFB8",0.261806032690433,13.9041932371004,0.0922706930098972,0.15622743153936
"TAF1D",0.369465196035177,10.1355775310404,0.0922797881061332,0.15622743153936
"DHFR",-0.614292591101176,11.0558483165647,0.0924656114942799,0.156489764033497
"PCDHB7",0.378540363037687,6.47118406538094,0.0926552317366161,0.156793230694387
"RPS3A",2.7515032217082,13.9787245337274,0.0928414613913532,0.157073416936222
"KMT2E",0.541357658275866,11.2335689480253,0.0931883533167985,0.157555139215328
"IL36RN",0.250640426187889,5.95329584053427,0.0934169914398861,0.157836418822107
"NFKB1",0.386946478432496,10.6768977940023,0.0938411266320172,0.158429823914267
"LRRC20",0.246517852659038,6.04194560601163,0.0938713320796742,0.15844564020729
"C19orf47",0.40858520342473,6.87294478334912,0.0940442692338501,0.1586847050381
"FOXP1",0.691725581231559,12.7877781229849,0.0941133238291795,0.158748383850284
"ANKRD65",1.26186939330784,9.23754776764169,0.0942884153305848,0.15902608632001
"MFF",0.293009662478779,12.7868808314938,0.094313181738804,0.159050218217313
"ANGPTL1",-1.19857992610651,6.54157069099751,0.0944055179497428,0.159170633811495
"UQCRC2",0.513210961924974,13.197032455267,0.094478969310827,0.159276816902678
"SLC52A1",0.248333194121592,6.57748939947231,0.0946561850695846,0.159504849034708
"NSD1",0.555594292207375,8.08773349343954,0.0949512455001951,0.159948885862535
"RPL12",0.289396077076981,14.7752495930617,0.0949886542731716,0.159994180328541
"COL12A1",-0.273577766678464,5.99445153947936,0.0950436145054912,0.16004064250044
"ZNF280D",0.454894864025382,9.29708267537038,0.0950478092493409,0.16004064250044
"G2E3",0.350644428445903,8.39648119747801,0.0951143250327304,0.160134911446669
"MDM2",0.54699140646831,7.99537478606366,0.0951415415640404,0.16016300244697
"SYCN",0.236547872058003,6.44723602570904,0.0951678375831607,0.160189537793548
"ZNF658",0.361347392312222,7.27584254322056,0.095193269558134,0.160202506754497
"PHF14",0.308262773770166,6.72879195498578,0.095202797777759,0.160202506754497
"RPS6KL1",-0.331271903276282,6.09513911661375,0.0952354034256461,0.160214603462082
"PRSS8",0.689944577969663,8.32950456550244,0.0952879115331949,0.160267480490691
"CUL4B",0.469348997316792,9.34598150804812,0.095329192980572,0.16028373320603
"ZNF682",-0.362003170715753,6.45314646430214,0.0953996938374042,0.16034908751981
"NKIRAS1",-0.252376314544608,6.96240970015336,0.0955900719823606,0.160580339634126
"RIDA",0.276661160421593,9.31404385694428,0.0958085829527073,0.160876330964422
"GATD3",-0.285312324295358,12.6023362562198,0.0960339454842182,0.161201351316114
"GHITM",0.461536657330741,11.7734824679744,0.0963767713166552,0.161662684203496
"KMT2A",0.375479728547334,6.5202563951884,0.0963938203812008,0.161662684203496
"GBP2",0.598124520150644,11.2709884080259,0.096555043637428,0.161897365340464
"SHPRH",0.295602189189642,9.40573521208388,0.096624091434545,0.161990174202841
"ACTR1A",0.238428608033027,11.5438743214836,0.0966316978148457,0.161990174202841
"DCAF4",-0.451103116133454,9.22645748801224,0.0967514179428002,0.162150815560675
"PSORS1C1",-0.402962899071644,6.40999721962105,0.0967791471022721,0.162165851601075
"SPEF1",0.546213388574867,9.93347838832941,0.0968146084144512,0.162207399445519
"TIGD2",0.295784360030559,8.69599365587735,0.0971136505240241,0.16265466929178
"FAM131A",0.515910208926797,7.78029622147593,0.0973014990439521,0.162951348690719
"MECR",0.352762557034627,8.46561068594249,0.0974832531891334,0.1632018179767
"RAB12",-0.601557066763494,9.43505525326508,0.097595341141368,0.163371485754312
"FBXW8",0.239320402986415,6.86837824948313,0.0977198971217557,0.163513357833608
"RPAIN",0.365602205241077,10.7843065252158,0.0979854649807973,0.163862211505164
"DLAT",0.22189996439942,7.40903536160281,0.0980716877901153,0.163967313528376
"USP27X",0.358131005134452,6.7088880903292,0.098119020343208,0.164012268939084
"RPS6",0.33176219031884,16.7678820254758,0.0981291185610679,0.164012268939084
"MAT1A",-0.240817041231251,6.40379665436238,0.0984314658741997,0.164445318358215
"PRRT1",0.455654375862358,7.10284005560475,0.0984744257603485,0.164491607712096
"NSD2",-0.221847356280441,8.22475386647347,0.0984808053799731,0.164491607712096
"PLXNA3",-0.278921933729271,6.61580307210492,0.0985019925246078,0.164508928433366
"SEMA6A",-0.234749212329734,6.12332397445999,0.0985432213247015,0.164559713396954
"PHC3",0.252780925813077,8.4490634373599,0.0986430750559152,0.164690293715047
"OR2A9P",-0.386722497675805,6.20149663425491,0.0988522013426416,0.164978041062149
"CTNNB1",-0.378489318672234,12.1112341191131,0.0991232012773441,0.165304178163387
"GREB1",-0.857674700128243,6.33787837508062,0.0992094271939646,0.165399799250802
"VPS8",0.622980900810414,8.56974699067039,0.0994281768933931,0.165728158066059
"HLA-G",0.769028902817407,17.1621530365619,0.0997966713840694,0.166287693481859
"SLC25A42",0.308860390117589,6.23850070837124,0.0998355813829425,0.166334303425919
"SASH1",-0.626355229633281,8.62132519998611,0.0999498737971772,0.166483073968683
"MOV10L1",0.246669253722205,6.18364465611784,0.0999639138742565,0.166483073968683
"C1orf116",0.321593133749421,6.1996056194283,0.10011667542752,0.166664098469029
"TM6SF2",1.03761044438785,7.05814680091144,0.10013324020284,0.166664098469029
"ATOSA",0.534415325774358,9.11120965122801,0.100360270061704,0.166952416002888
"CES3",0.247722136959373,6.40388866807492,0.100557181123054,0.167188543841632
"OGFOD3",0.365320179543425,8.9808995062597,0.100587382743377,0.167220476252872
"KBTBD8",-0.488734974336543,6.96743008302295,0.100698749073065,0.167369024688871
"NOL7",0.252462540318952,13.2577292602065,0.100802824613412,0.167487092398204
"KIF23",0.483833106109319,8.64125392226401,0.100947130662269,0.167708538683831
"DRD5",0.258182035495856,6.10313149166565,0.100992511022033,0.167765604328027
"RETREG2",0.789086297885417,9.76635989053975,0.101047403798265,0.167820128531617
"TRMT1L",0.283979804030707,8.25767201333516,0.101439786680022,0.168416623998884
"SEMA5A",-0.562355922595463,6.16883721093812,0.101482138513728,0.168468547376572
"ATP1B3",-0.696002481731594,14.6323294669013,0.10150011261056,0.168479994824427
"APLNR",0.234655051104474,6.24093666165057,0.101731660366405,0.168753827536244
"TMOD2",0.449028425180127,7.90825268312669,0.101974374421919,0.169085677110123
"LINC01128",-0.427877714422258,7.22758496182483,0.101978051194518,0.169085677110123
"ALDH5A1",-0.368822676749773,6.16982505403512,0.102152074772718,0.169303482251907
"KLHL26",0.303938366737982,7.34778509199178,0.102778084600832,0.170211163084988
"FGG",-0.775590744036876,6.36857123180103,0.102920909270762,0.170329983129878
"SH3YL1",-0.324553934386517,7.65358367963584,0.103163078472505,0.170662906277586
"SH2B3",0.310281659493953,10.9797506610807,0.103380784310745,0.170949637960297
"HTR1A",0.227384765918614,6.0647708141896,0.103391197207676,0.170949637960297
"SLC35G2",-0.394065708348008,6.1215905041601,0.103677475168333,0.171383374169567
"CXCL13",-0.557243923510235,6.15710469659821,0.103830004419185,0.171616857646665
"MAD2L2",0.617774582286484,9.63942398076564,0.103887684395451,0.171693534480114
"PEG10",-0.216293039371799,5.98216539952482,0.104079711131103,0.17195483399042
"CSNK1G2",0.600966034796998,11.6498695437944,0.104246276392481,0.172155214613623
"LINC00174",0.318688665379703,8.93809728212982,0.104489311175738,0.172481707274182
"SSTR1",0.216219059998083,6.10107559077264,0.104500687192551,0.172481707274182
"NEAT1",-0.891034890208959,10.7331825458386,0.10462002365525,0.17262247149279
"SPIN2B",0.27314130497204,9.28251508907903,0.10466018742627,0.172651277836937
"UBL5",0.299492791592206,13.717134709342,0.104748104266915,0.172683920833739
"TLX1",0.256339589026179,6.01329783980274,0.104781005701085,0.172719437969011
"RORB",-0.333720356460536,6.0383970237973,0.104952764128168,0.172927587958958
"PTCD1",-0.23455469411981,10.6035723500633,0.105054919613413,0.173055442682669
"POU6F1",0.316665029029869,6.78030568754925,0.10506449909844,0.173055442682669
"PRKRA",0.303215610090103,9.84260763750046,0.10513537375811,0.173153429078767
"PTGFRN",-0.309204610118484,6.47057890209187,0.105312710014724,0.173426712929499
"BIRC8",0.307057244588424,6.47709930905831,0.105340548598111,0.17343499654434
"GPC3",-0.436516694359144,6.23309971375021,0.10536215791943,0.173451796670133
"AGPAT4-IT1",0.693154577458608,9.24941855568098,0.105590290508125,0.173789733554931
"GPR12",0.864227706084238,9.57521218268458,0.105934309728129,0.174280504364495
"MFSD5",0.360604241728736,10.750569119084,0.105959764621219,0.174303526269281
"ACYP1",-0.364245875806993,9.75026512741116,0.106097388610434,0.174435576863511
"CLEC4C",0.243491953320405,6.06236360329296,0.106206956954052,0.174544650575765
"ATP6V0B",0.32296761025636,13.7321034540203,0.106288059603108,0.174654652668186
"CD1C",0.658928344667547,6.97325913290377,0.106593973244836,0.175062758650914
"UBE2A",0.281445858476807,11.4381969038614,0.106656719997569,0.175127985070506
"BAG5",0.36755079496063,10.8863143169238,0.10689910480613,0.17539341740119
"FAM131B",0.284545883561242,6.33332504625083,0.106958217571193,0.175442699059602
"EXOSC6",0.322653624217422,9.97816756291659,0.107059326621784,0.175500578526841
"GPC6",-1.09196604943319,6.62292177676475,0.107075842037216,0.175500578526841
"UBE2G1",0.523889734170017,9.48375482441048,0.1072877429446,0.175803468882822
"YWHAE",-0.509217675285462,10.9254270297055,0.107582951837535,0.17624922240065
"SFXN3",-0.484767433069812,7.75983865622684,0.107683594243753,0.176357083990053
"MBTPS2",-0.328686728650969,7.89832353261319,0.107695176158313,0.176357083990053
"RENBP",-0.37295530731373,9.56725873318323,0.107766658705291,0.176436144427825
"ARHGEF12",-0.212446685229872,6.14407502124005,0.108038603094893,0.176790817803103
"ASAH2",0.230960588531223,6.36205737387887,0.108041416403343,0.176790817803103
"SPIB",0.396956705158203,7.34599096704018,0.108199151647877,0.176991792864463
"PABPC3",1.31816521738476,14.3151799262373,0.108314046672536,0.177141630475957
"DMAC1",0.370718059418379,6.47112213539868,0.108527876459003,0.177472252170809
"CCDC138",0.264006437859054,6.21131800923199,0.108858565022038,0.177955611830071
"POLE2",-0.305862863531276,6.43308797615749,0.108956726024394,0.178058659937565
"SLBP",0.444083732411467,11.3815633519222,0.109001589111436,0.178112836274495
"CCL28",-0.228272222199859,6.45839294323741,0.109300071645652,0.178543017141469
"SLC29A4",0.226548661954273,6.52033361085894,0.10933462276397,0.178575756778735
"BAGE",0.308292744348166,6.27863341676924,0.109395245862531,0.178640921193748
"KMT5A",0.258945478336433,8.7487460239684,0.109410464601775,0.178646590687545
"STX17",0.437283296020161,8.82698899895774,0.109441671593602,0.178678361953354
"ARHGAP19",0.5496791746492,6.84467614801025,0.109717187726819,0.179032080573977
"NDUFV3",0.316487940435387,12.1752781134199,0.109876367229915,0.179214906996198
"SORCS1",0.312684914144074,6.13318783121288,0.109963000651262,0.179313072108303
"IFT56",-0.212084135093933,5.95607501971384,0.110005897070572,0.179349236990702
"HOOK2",0.448273863434893,9.10683109270295,0.110213006301902,0.179629128693529
"REV1",0.228937036310456,8.79116514880539,0.110345804282278,0.179807027914377
"GLRA3",0.242162670164548,6.07129334627168,0.11044199939267,0.179892000633064
"CANX",0.374349180744458,10.296595844614,0.110513309450396,0.179983552165519
"RAB29",0.265804931947275,9.07148727119999,0.110544713102078,0.179993160810926
"WDR77",0.257184432593668,9.88569866054802,0.110809244186624,0.18034963458799
"APLN",0.21555177271551,6.13772889568372,0.111166134033176,0.180804853736852
"VIPAS39",0.225847994576382,10.1954119751615,0.111172158554267,0.180804853736852
"PTGER3",0.515143758315125,6.20720694120641,0.11144092692433,0.18114510652685
"CD86",-0.653724029152541,9.90271149724126,0.111725185183095,0.181568349675626
"H3C3",0.353268875197433,13.978953601167,0.111794458955433,0.181635131957607
"CEACAM1",-0.828454573050659,8.09854519812434,0.111802108775326,0.181635131957607
"RUFY3",0.298632643899812,6.4405596390797,0.111837805555655,0.181654314524234
"DLX1",0.211383172410227,6.22610345684362,0.11192521827074,0.181776881616981
"TIMM8B",0.32087927867213,13.6290004730321,0.111946726953889,0.18177723102544
"NUDT12",-0.270442174575916,6.20579483878095,0.111949338886393,0.18177723102544
"C8A",0.429475679660641,6.37200770227114,0.112007953965399,0.181852990702017
"BCL2L1",-0.259287179115706,6.56871518357007,0.112061900494261,0.181921155285731
"SMPD3",0.43371798261477,8.13112580763674,0.112180371308341,0.18209404278549
"DUSP10",-0.318405405615687,7.69447197279623,0.112209000366309,0.182121075514496
"PLB1",-0.347213874323747,9.1927857852567,0.112678606360811,0.182727627045061
"FAR1",0.55404904992386,8.4263883214581,0.112690076242018,0.182727627045061
"TECTA",0.239700690351278,6.05821094135867,0.113021324221339,0.183224421571061
"RPL23",0.359771770109592,17.1882851960004,0.113332565622724,0.183665413772698
"MRPL3",0.20788091022956,10.3829916838276,0.113341656250445,0.183665413772698
"MASP1",-0.328680722131208,6.04669003986498,0.11341556310622,0.183765595964137
"SYNGAP1",0.216442115978539,6.13175241250341,0.113448244201888,0.183779388349202
"TMC2",0.239507328163721,6.16838250184935,0.113480742965216,0.183812454895624
"GPAM",0.221754094160022,7.66869987240639,0.113558759598497,0.183886869445915
"TNFRSF17",0.20811541731375,5.88457452540951,0.113869434716373,0.184304636352342
"TSPYL6",0.244441356173741,6.10708398465002,0.114371469171998,0.184999075001888
"PM20D2",0.220575145805134,7.98047228736499,0.114877496749627,0.185758316913165
"KIRREL3",0.213611758667391,6.19000523274046,0.115111978797403,0.186064040108142
"WHRN",0.383452491293679,6.97104103182165,0.115304969689605,0.186330674640263
"CETP",0.41751305239473,7.25648095271431,0.115391226831074,0.18641064134767
"LINC00957",1.0117595129146,9.91236087520924,0.115610027882521,0.186589150554623
"ATP5MG",0.42758876096224,15.6195925378242,0.115612149242255,0.186589150554623
"HYAL1",0.208972630796218,6.09483379802672,0.11580961934808,0.186828544716835
"CBFB",-0.35948720148136,8.15412817190986,0.11589400991445,0.186925029460065
"IQCF6",0.279351092844671,6.02319583557276,0.115921765607165,0.186949969390644
"GTPBP8",0.320268607650097,10.7735623890707,0.11598614850104,0.187033967384564
"VARS2",0.248688080117554,9.15544868605024,0.116306742238991,0.187491301247675
"CDK9",-0.330021923240191,10.4501853800162,0.116385185620688,0.187597869943766
"THRAP3",0.337136395811952,12.7094316561141,0.116431534663702,0.187632804828397
"KIR2DL4",-0.862506645393108,6.82679976030777,0.116523103167395,0.187720694170524
"WWTR1",-0.41618117408784,6.05677315387315,0.116549085323645,0.18772606275113
"TLR2",0.381965158774755,13.434825150998,0.116551123388754,0.18772606275113
"MRPL23",0.524763265548537,11.0986937042465,0.116715248362288,0.187970506946276
"C5orf34",-0.231108881051348,6.0909352044424,0.116789288326206,0.188057700327871
"MMP11",-0.303760001434716,6.36587424940422,0.116991795825294,0.188336109972592
"EDEM2",0.227191520746005,8.47090828897148,0.117701710420426,0.189358681061444
"EDNRA",-0.335557872195635,6.03608163774453,0.117763996063384,0.189438846216622
"LCN12",0.258285660970573,6.38954207551865,0.117812199996155,0.189496344531098
"CAMK2D",0.349192098244039,7.97669778042075,0.118153216076261,0.189924332532267
"SPAG9",0.210543354568492,8.70115316393079,0.118266314514922,0.190065952778499
"SLC41A3",0.206164759219405,10.8063063810916,0.118283244804977,0.190067796085063
"YBX2",0.300909234968227,6.66341178500757,0.118292457255729,0.190067796085063
"DLG3",-0.360825419229788,6.24335817288924,0.118494388083951,0.190331923741099
"DAG1",0.7460486959785,8.10663203013367,0.118618877955895,0.190511764278514
"RHOU",0.329713202842599,9.7704251123554,0.11873794084256,0.190662718227606
"ALG1",0.280588088113577,8.86009738976755,0.119002754979206,0.191047598197378
"IFNGR2",0.228983225761463,10.846219995077,0.119044531806653,0.191058494514562
"ARPC5",0.266456146305472,14.1586604744714,0.119047231326933,0.191058494514562
"IFNA21",0.215415360519036,6.12322423459823,0.11914930800014,0.19118196624458
"UBE2Z",0.244325718358192,11.2975988731383,0.119186574109607,0.191201415512543
"AGK",0.25954757368925,7.64229553874419,0.119336742339294,0.191385192718246
"H2AC4",-0.626096680452952,8.90869081277012,0.119436960134032,0.191522278544744
"R3HDML",0.203849523644731,6.0448870601646,0.119837196547178,0.192062818536145
"PKD1L3",-0.232419204487065,6.1177633525534,0.119877725741305,0.192107529301767
"TXLNB",0.304398062520947,6.35429882913137,0.120080084509495,0.192391268986558
"IZUMO1R",0.217057220847698,6.12632390515011,0.120320486095894,0.192695235103871
"LSR",-0.300663566380422,6.73593735327065,0.120402989178201,0.19279604854736
"TMEM248",0.259201343433778,11.5344844726573,0.120892335767305,0.193468446001176
"STMN2",-0.652998599036919,6.33423497531445,0.121077568836095,0.193724110137751
"PINX1",0.214191823634535,8.71264072355928,0.121156073848709,0.193829325803825
"MAN2A1",0.563859987049306,9.65234169887196,0.121178881148689,0.193834866904105
"SPATA20",-0.22091636950411,10.7099380876837,0.121212621135018,0.193838227362918
"CTRB2",0.850173092328655,10.5243910519672,0.121303872404686,0.193925782968726
"URB1",0.420745729804729,7.56743917092263,0.121318378430067,0.193925782968726
"CCDC47",-0.383971964127738,10.9595456014038,0.121401201586678,0.193997002598529
"NEDD4L",-0.587404798067314,8.14692785125709,0.122219047170994,0.195160360077329
"SLC7A13",0.2085225608102,5.92130506084775,0.122663006464516,0.195766502498936
"CUX2",0.211043785583047,6.29784178772774,0.123170014586563,0.196451975021756
"ETF1",0.559231584738878,10.4091308339825,0.123423931313981,0.196815680761563
"OR4N4",0.280849506492221,6.14026074821721,0.12346705213535,0.196843162687325
"RBP5",0.213330497789404,6.15299605798532,0.123570549025161,0.196946228209458
"FOXN3-AS2",0.378026373475196,6.05482153256742,0.123835085987274,0.197313797984615
"CHTF18",-0.554587180032353,10.3576622006392,0.124034506240195,0.197582148413207
"MRPS22",0.282585770748168,11.1281348894499,0.124146263649134,0.197739461413493
"RAMP3",0.244002390717262,6.1663591526518,0.124187087575642,0.197783770850389
"LAMA5",0.322354342800781,6.86828784185781,0.124265245780965,0.19786680534362
"ZMIZ2",0.490173860118527,11.5434545591261,0.124642742856223,0.198408106910537
"CHI3L1",-0.863710774060206,7.23562018496317,0.124805787999076,0.198581531644462
"CEMIP2",-0.421585190281441,9.24187004328312,0.12481857318447,0.198581531644462
"CHD2",0.542793272830477,10.1836004614735,0.125147546042892,0.198980018841642
"OGFRL1",0.513305100261778,11.7646431684747,0.125196638166601,0.199013171550402
"STOX2",0.268806193843294,6.72774727157933,0.125263477239425,0.199080148481961
"MTMR2",-0.255802414509568,7.81535438937638,0.125538225927452,0.19940270416801
"LAT",0.396114671376675,10.3677959219559,0.125544508969536,0.19940270416801
"BORCS5",-0.27386783647431,8.58972575231597,0.125681751218093,0.199516500263545
"MT1F",0.338894745230276,9.31101085454719,0.125772131668822,0.199597472442809
"TMEM266",-0.275648399645048,6.05551785609121,0.126039453997281,0.199917398455429
"MS4A2",-1.54803273594337,6.61397677781567,0.126143399388596,0.200040544098203
"FAM210A",0.485529844531169,7.95348224498503,0.126276962093736,0.200189725791883
"SLC25A5",0.360437382452852,14.4255704071279,0.126527507944395,0.200565915894918
"RP1L1",0.300142254996434,6.33746042985471,0.126541702127775,0.200565915894918
"PPFIA1",0.229002686655935,11.3970467155741,0.126557320248083,0.200565915894918
"CLSPN",-0.44472509895304,6.14987378349916,0.126886916947774,0.200971526758098
"TPI1P2",0.238823280982763,13.027831615914,0.12705424098121,0.201170317214185
"DDX6",0.414332375278925,9.72859826325072,0.127351046124031,0.201556323181836
"BMPR2",0.258438259514233,7.23406224392346,0.127738338563211,0.20212721390795
"HCN2",0.512560790617217,16.4382679049495,0.128084440833375,0.202611626398373
"SLC39A11",0.203771255654341,10.9921281431574,0.128119297920935,0.202624613434025
"IGFN1",0.238003560630575,6.35197233785925,0.128573707636097,0.203279857129615
"GM2A",0.716083628473584,9.98795867833877,0.128672928448406,0.203415581688499
"LSM4",0.301021448533034,11.8016675961578,0.129540185749376,0.204531472682362
"NAPB",0.378960927384926,9.0297005393531,0.12997972668971,0.205140274335525
"TMEM62",0.414501970501224,8.73588248848619,0.130166904279783,0.205350444013167
"TXNDC5",-0.707122256128926,10.27364352681,0.13027932572486,0.205485167561054
"OVCA2",0.469689407144942,12.5551857906774,0.130325766477218,0.205537100133313
"UBE2F",-0.235451077231013,12.9824613193293,0.130430352483429,0.205659388342975
"IPPK",0.246110241033739,8.64279518505478,0.130599578184814,0.205904870934548
"ALK",-0.203706586908767,6.02163292776593,0.130777282816963,0.206139057020839
"PRL",0.295925964478076,6.2326304990447,0.130813777216358,0.206139057020839
"CIB1",0.290338714452496,12.9927166344357,0.13096264722022,0.206327560232582
"NME9",0.201663895882068,6.19984616438333,0.131088548589169,0.206504521125345
"ACKR2",0.207675629835767,6.15428304232671,0.131656041366758,0.207334066180559
"LINC00896",0.199086577297259,6.13422427869145,0.131746497619782,0.207429626739508
"HSDL2",0.26661154906027,9.0974745040338,0.131820958830801,0.207506174920365
"STT3A",-0.680704452904697,8.59178908136546,0.131833552214661,0.207506174920365
"SEL1L",0.281594182804423,10.8533394953804,0.131959492074825,0.207661419233645
"ASB5",0.226078706243604,6.03187440923828,0.132171171360048,0.207908478903973
"SERPINB4",0.196073551715504,6.02515020109239,0.132501336016725,0.208406279671357
"BAIAP3",0.344652436350927,6.22189856973878,0.132518532057738,0.208411772030412
"WNT3A",0.198411696087217,5.96828150636372,0.132659129596837,0.208589748026127
"CCL26",0.210950971271477,6.00987176446399,0.132854239645142,0.208874938129156
"BPNT1",0.618340516613663,7.06807328482612,0.132910853053954,0.208920749689358
"NDOR1",0.672112279932899,14.7969541054974,0.133191182698427,0.209306460157584
"ARNT2",0.208528545044424,5.96711334514909,0.133197522449047,0.209306460157584
"DNAAF8",0.195036956062943,6.16814964904251,0.133312174317633,0.209433528874917
"IL17C",0.20926706607262,6.06703813173596,0.133404666052144,0.209545358533464
"EIF5B",-0.378966832549009,8.7881651124811,0.133463982075688,0.20961687900517
"ACTR10",0.301815035537758,11.0206822888954,0.133512352219982,0.209671195018742
"OAS1",0.768103254983108,10.8132658736257,0.133972450809449,0.210328587995261
"LOXL2",0.42931877476085,6.62665215527475,0.134000015913159,0.210350148844686
"DERL2",0.207313026948805,11.2620416820366,0.134063743425116,0.210428466302938
"SARNP",0.428493405678607,10.4155505771863,0.134552210376592,0.21104269960883
"CD3E",-0.329189785964183,6.87019886617004,0.134626879246959,0.211116269291374
"CACNA1I",0.2075306908652,6.14979402964186,0.134897377417903,0.211453238071683
"MAP7D3",0.429075731011831,8.22166972554778,0.135327737798579,0.211981102181659
"B3GALT4",0.230961918594658,11.8846317961466,0.135331701807057,0.211981102181659
"FASTKD2",0.215921318424421,7.17406471200212,0.135609637644861,0.212293482016814
"SRA1",0.732022420285689,10.7539399738555,0.135614885441435,0.212293482016814
"SPSB1",-0.967387635285444,8.09722870082451,0.135671319392323,0.212316360539087
"TEKT4",0.194373685333669,7.48281728697586,0.135679415326482,0.212316360539087
"KLHL10",0.196009028849217,5.99168501788389,0.135685343771659,0.212316360539087
"NRXN2",-0.606735248417478,6.65492083749514,0.136383169022714,0.2131722802933
"RBM12B-AS1",0.212647559327035,6.20252567019604,0.136386525989861,0.2131722802933
"REEP3",0.319030974047152,11.1656968544749,0.136410991345396,0.213188609226264
"SEC61B",0.196504979317832,13.4629617818574,0.136611778141571,0.213436605915042
"C1orf226",0.202877804467964,6.08380833444669,0.137292004809588,0.214345222168588
"IL1RL1",-0.224020494505365,5.95490526006236,0.137391038399095,0.214477818925625
"ILK",0.32067157876748,11.7558262264369,0.13742776271232,0.21451312894683
"ING2",0.258838492353042,10.1295454122705,0.137511908999704,0.214591123942607
"LRRC75B",0.548680236779848,7.6788793577895,0.137527472736846,0.214591123942607
"WASHC5",0.308302926640492,11.0018548558787,0.137534171821975,0.214591123942607
"BCAS2",-0.530416654456342,10.7310047540543,0.137560650648732,0.214610420092933
"CETN3",-0.285582720895989,9.19097389210119,0.138069646535991,0.215338240643971
"XAGE3",-1.03213806393926,7.08560683787339,0.138173428117769,0.215478003980213
"ZNF131",0.295731644713542,10.2883083157586,0.138587350593946,0.215978214468972
"SNRPE",0.467139744156401,11.6724839419318,0.138865163977513,0.21629059952581
"LONRF1",0.20466517719232,6.52307407923146,0.138937313770043,0.216358659411716
"MMAB",-0.36990908149681,8.85071290575132,0.139715658521015,0.217449587604472
"FXYD4",0.189507067094622,6.17331750930186,0.139849115396458,0.21762256696504
"NDUFA9",0.295083351513172,10.2057364003738,0.139894982393552,0.217649400740781
"NELL2",0.199898993603849,6.2497839547759,0.140024725619367,0.217806691952474
"ZDHHC19",0.250872234167467,6.09472465027038,0.140064537524511,0.217824060402164
"LAX1",-0.256716007899593,6.11719086351465,0.140160910937855,0.217929366480207
"TREH",0.204994868197358,6.06126163282906,0.14040256598192,0.218260305251004
"IL1R1",0.884683195159992,6.8753374183891,0.140431160368298,0.218260305251004
"CTBP1-DT",0.33645698985857,9.03469233216325,0.140499149217494,0.218343660463892
"TCN2",-0.680746801849281,9.6518286408401,0.14056652428122,0.218403729185615
"RNF186",0.189565449107344,6.15762480723797,0.140973600171796,0.21890203302151
"AKR1C1",-0.283304398720682,6.24734656688532,0.141319374273877,0.219413411469937
"NKD2",1.14169480879393,11.9364936098642,0.141764854426929,0.219941631564533
"TENT4A",0.272573981139838,9.32239208179831,0.141789820577957,0.219941631564533
"RPL39",0.569333564785804,15.8766451897824,0.142053537948423,0.220282131634355
"SBNO1",0.285728168002888,7.80968115491127,0.142064337256252,0.220282131634355
"FGF9",0.192580099185873,6.17705940882375,0.142065172742619,0.220282131634355
"PMP2",0.187673471696177,6.18150378261797,0.142460483845113,0.2207375484785
"DNAJB6",0.466677863906662,9.24761038911495,0.142486343016002,0.220755124754214
"ISG20",0.836873318118953,12.1496703430803,0.142563057182268,0.220851479436481
"SHMT2",0.271805951624001,11.2146145462568,0.142910275579834,0.221321738392884
"VPS36",0.415176581013689,9.61278712788831,0.143224648182006,0.221718286802926
"MPP1",-0.583725730094324,13.754680657489,0.14327915374423,0.221772068573396
"FAM107A",-0.196380592541527,6.02097975806561,0.143498564488693,0.221985555368661
"ABCB1",-0.556885459146921,6.31957681026332,0.143526460034554,0.221998600937565
"PFN1",0.362498469705399,11.8930767274897,0.143537101724032,0.221998600937565
"OTULINL",-0.274995329257611,11.561423622734,0.143614195123889,0.222095249079123
"ZKSCAN3",-0.381911226812332,7.26547035203607,0.144079810468602,0.222680637151503
"OAT",0.469903870475781,10.4492586906545,0.144080580587243,0.222680637151503
"GP5",0.1871472999742,5.96628863453354,0.144098101572462,0.222685085734579
"RNF183",0.205836887317168,6.12183689749526,0.144133163208473,0.222716637479624
"SAR1A",0.623778065579085,10.6709326018493,0.144468778454448,0.223167210028974
"SMARCA2",0.553896656161578,8.70529328864548,0.14455615059465,0.223256823219604
"TRMT13",0.211804719842243,7.78871153073173,0.144853629401863,0.223670829113975
"IL20RA",-0.233220928401282,5.93046284313333,0.145056124177416,0.223960765125903
"PLEKHA2",-0.629586702816775,8.00516818891589,0.145112190836128,0.223999699220463
"MYC",-0.483921541365519,10.1552964719905,0.145122946895669,0.223999699220463
"MAN1A2",0.428541870051778,8.26327914163124,0.145125528433668,0.223999699220463
"MYO1D",-0.342262813607464,7.34033661470344,0.145301305744807,0.224225495460885
"RNF115",0.263897386252685,9.88444077439549,0.145397261005199,0.224328045588623
"ITGB3BP",0.34003170391971,7.64131557182497,0.147143856411253,0.226700817374363
"TFAP4",0.195961193282289,6.15230144290786,0.147519042369381,0.227232816403682
"TEX14",0.50543065523974,7.06312989750204,0.148191553658708,0.228176283086122
"ALPK1",-0.251980526224749,9.31252485890606,0.148482335694184,0.228577726615766
"RHBDF2",-0.237464513780918,13.7091488440626,0.148954312826193,0.229281092050682
"CCL1",-0.360862973882717,6.54950029841871,0.149503210076091,0.23000959219395
"ZNF350",-0.425288421987104,9.52934086658524,0.149578707560476,0.230097398162535
"NR5A2",0.239170026126591,6.22993851620715,0.14959054284804,0.230097398162535
"CASK",-0.358464558944913,7.24817145166593,0.149608443218861,0.230101659028361
"EGLN1",0.400243350210344,10.8631756938287,0.149790049029464,0.230301798569701
"DUSP2",1.1050803308295,10.5682968863411,0.149799144624637,0.230301798569701
"FASTKD1",0.182179302884783,9.4889351950885,0.149822938640713,0.230315096618616
"PDLIM4",0.540034653553823,6.26248882483528,0.149997737786541,0.23056050093569
"NLRP8",0.189357755924822,6.03583843696463,0.150101028220893,0.230668457323532
"ITGA3",-0.209487508473627,6.14173752281396,0.150113474627235,0.230668457323532
"COL13A1",-0.318270604896707,6.0064941702622,0.150171962956083,0.230711709529863
"KRTAP1-5",0.182115196414238,5.99256788847144,0.150264730665695,0.230807597612756
"TNFRSF19",0.195316425739432,5.92754417419243,0.150326730340621,0.230856196609125
"CAMKMT",0.1842310372752,6.19062875176987,0.150355815982838,0.230877549421143
"ZNF826P",-0.319630708864833,10.5375896998877,0.15060119333756,0.231230989225402
"IFNB1",0.623172156025361,6.20777951435281,0.151040211449609,0.231788045986444
"RBMX2",0.583000600376043,8.54931407743926,0.15118869046833,0.231922292176959
"MEDAG",-0.837358257331194,6.45689469470232,0.15152752760829,0.232324895641383
"H4C2",-0.865750880029561,11.749049287978,0.151623878591492,0.232449188066473
"PHF2",0.424779439488248,8.63208437239884,0.151968280100464,0.232836349362064
"CCL11",0.186730698383774,5.92779068461566,0.152317180731408,0.23330052007278
"NT5E",-0.549410123804878,6.43399945144824,0.152317258272135,0.23330052007278
"SLC17A4",0.719045776981037,7.29838059847113,0.152340637801038,0.233312831790351
"ALAD",0.326542818665207,8.45510506038056,0.152436770504876,0.233436552798122
"PDCD7",0.278370191537041,10.7273060481011,0.152473562743664,0.233469386045675
"EFCAB14",-0.199783014423139,12.4305131652529,0.152574028533481,0.233599700587654
"CDKN1B",0.198209873568655,10.3402830268266,0.15264664210585,0.233645129587327
"SERPINA7",0.899147754074569,6.32311341280413,0.152803257481218,0.233856489863576
"SH3GL3",0.200917554686097,6.26365857366343,0.152920206878666,0.234011924553305
"RASA3",-0.619463563515985,12.2331789938319,0.152952520907433,0.234037824525631
"TCOF1",0.222440980575848,7.41459375903374,0.152987311611547,0.234047750485235
"MAEA",0.452038850476981,9.85130112255583,0.152993082013036,0.234047750485235
"PTTG1IP",-0.265553759025125,13.7975375340114,0.15300818637624,0.234047750485235
"SMAD4",0.21308165268815,8.54308003093256,0.153100856817879,0.234147006283819
"TAS2R8",0.228058927001791,6.03093355977863,0.153147682400222,0.23419506826974
"FOXC1",-0.814330936250886,7.95571445330572,0.15334167235991,0.234444571554189
"KIR2DS1",-1.26132765760324,6.95327826780273,0.153474145029136,0.234599939451512
"PKD2L2",0.201016468474112,5.86619510723966,0.153506222248539,0.234601811672775
"THEM6",0.216924948249911,8.04554235288837,0.153662573626227,0.234769983896691
"ELAC1",0.208443602567971,8.41293274175512,0.15384952440405,0.235008393645721
"MS4A5",0.181346654803456,6.08198182085486,0.154130817385511,0.235343521164543
"TM4SF1",-0.792543148543378,6.6974962814405,0.154215059403274,0.235448511535488
"FGF6",0.191178570684709,5.98277993744418,0.15425858372764,0.235491321153378
"ZBTB49",0.351993840238492,7.23259685289167,0.154437427658958,0.235717021260281
"NAP1L5",0.206100165374065,6.43162076604417,0.154546286976819,0.235859501489559
"RB1",0.410561930241899,8.90915456816753,0.155012702214992,0.236428961516958
"TCF7",0.287096265740498,6.88384692852297,0.155134204383646,0.236590551571048
"TLX2",0.240048033674667,6.32848517398665,0.155391737108085,0.236912033878672
"FBXO42",-0.534944632975445,10.9059014410049,0.155531481474014,0.237083327885018
"RSU1",-0.25299039672362,10.7988579202522,0.155535268431669,0.237083327885018
"ADAT2",-0.239659683654255,8.16729229035871,0.155598476843462,0.237155906578009
"NXF3",-0.333914078053892,8.35246466490035,0.155636261666193,0.237189725164793
"CD1A",1.30941524726652,8.12713198519275,0.155674833179721,0.237224735771263
"GATA1",-0.330405268468321,6.17058189096637,0.156097105662988,0.237796732737926
"ABCG4",-0.300716879594721,6.0062882797697,0.156138302045277,0.237816988420518
"RBM5",0.440020812433863,13.1197312523382,0.156142032540847,0.237816988420518
"PRDM7",0.211008170927984,6.16190775487545,0.156157314989959,0.237816988420518
"OTUD7B",-0.195632017345253,6.04161637937127,0.156240140109286,0.237919300168421
"SFTPA1",0.207294427218489,6.98691338061724,0.156484016505832,0.238219111413483
"MRPL2",0.367240873263926,7.6094703807862,0.156525506946569,0.238258423545532
"DUSP5P1",0.416519128186362,6.90761824721701,0.156668244656661,0.238427966050085
"PPAN",0.208077824202792,8.99749777546239,0.156712706476961,0.238471767070405
"TCP11",0.184431832713095,6.05194283629826,0.156900158004782,0.238685365903444
"YBX1",0.253218348313789,12.377879006712,0.156963580487806,0.238757964798815
"GJD3",0.679187293659931,9.26925008137729,0.157310951830237,0.239201129980962
"OR8D1",0.200595492889242,6.120885976344,0.157433104101139,0.239330936945878
"SLC10A4",0.233686645388306,6.11046232559993,0.157437795868621,0.239330936945878
"ADGRA1",0.186466548803978,6.24733344211309,0.157552605676545,0.239408251751312
"CYGB",0.257425003585848,6.24756242889051,0.15756425511434,0.239408251751312
"RAB25",0.759007782478703,6.55939285399255,0.158052205978804,0.240029753198088
"IFTAP",0.205132694774619,9.05636295220398,0.158114985094254,0.24010111765486
"NFX1",0.320157112403102,9.65379004418831,0.158305282780851,0.240342092495875
"RBM33",0.599599071014262,7.64806066285728,0.158394806967524,0.240454005226803
"TEAD3",0.400912636421341,9.2249644987891,0.15863820568975,0.240799464230933
"ANGEL2",0.319860003682617,7.73516236583649,0.15911969049502,0.24145933520366
"SDC4",-0.375956024123095,8.21788851555797,0.159450183778306,0.241880250101596
"HSD17B8",-0.221811838739194,8.64168660545236,0.159461558884705,0.241880250101596
"GEMIN5",0.275417868464156,8.63839236834374,0.159712904916904,0.242203231739808
"COL9A1",0.259251798783017,6.44396402962166,0.159729727379828,0.242203231739808
"TBC1D2",0.762546690937046,10.8530596585512,0.159738191369692,0.242203231739808
"WRN",0.374861600148618,8.41705524466893,0.159852407158294,0.242328090915404
"PFKFB3",-0.818125311560373,10.3560744123134,0.160492819277059,0.243159152419041
"PLS1",-0.263571580203421,6.06780190293231,0.160687698359525,0.243400250662516
"PLAAT1",0.182836198672061,6.05715957841036,0.160865166877218,0.243620539520886
"EXOC3L4",0.18226007494873,6.06629486120875,0.161065170001037,0.24380928586356
"TMX1",0.208867656229518,12.2363165158419,0.161069956277695,0.24380928586356
"PCDHB10",-0.206136621143151,5.96274652145341,0.161424480399576,0.244272984867339
"ZNF346",0.420827866937617,7.43280915416678,0.161447966747938,0.244284218316848
"MARCKSL1",0.759430751231641,8.23292272202687,0.162367801419714,0.245492330108424
"MCRIP1",-0.446576625348826,13.2592205688963,0.162399137642251,0.245492330108424
"HMGCLL1",1.02382862141208,6.4999057597661,0.162407833588957,0.245492330108424
"KTN1-AS1",0.217311688028598,6.10476332285402,0.162450223815068,0.245532001965767
"GOLGA6A",0.175334471632038,6.69888118151207,0.162787565544155,0.245944098628601
"SPATA46",0.183062241592971,6.18583857559352,0.162844567885982,0.246005780114236
"ENAH",-0.188606619446696,5.92535986146919,0.162916114983304,0.246089419613239
"RORC",-0.212395193738114,5.9873839393589,0.163093600302426,0.246284130016811
"CDH3",-0.520333023126541,6.39606179024506,0.163164639578274,0.246366941889039
"PGM5",-0.92941186082381,7.00431936113829,0.163194795903914,0.246388013114933
"ZNF428",0.391613690705525,8.30760933518595,0.163330471703117,0.246545905179346
"EBP",0.396377560031339,10.9461862547643,0.163376214934153,0.246588475259885
"FOXI1",0.193201180924897,6.18077206852797,0.16343808014477,0.246641414103317
"F3",-0.35171769410927,6.25227638855672,0.163552293191177,0.246731799905904
"CFAP300",-0.225422850618827,5.93227150179592,0.164088266221953,0.247415920381289
"SLC5A3",-0.68313724665971,8.2556419169871,0.164729611239391,0.248138661621301
"ACADSB",0.338764913711227,8.10401455011838,0.165350836494317,0.248975794198571
"CHIA",0.671983941478335,6.73994668378775,0.16537177327839,0.248982667856426
"PUM2",0.190892849037378,10.3316809194605,0.165411433746405,0.249017727619811
"ZC3HAV1",0.349556799929008,8.17622510088511,0.165613790348738,0.249273013026882
"RAPGEF1",0.585121227989296,10.3276076223767,0.165718106881005,0.249385870484623
"SPDL1",0.207822012633395,6.99757347510896,0.165744697736448,0.249385870484623
"FA2H",-0.173543692780369,6.05885460935943,0.165754364732941,0.249385870484623
"PRRX2",-0.395777243062223,6.23414893656505,0.166218560775717,0.249985351293226
"RPP38-DT",0.199533533363082,5.98121882966218,0.166323261490449,0.250115986767724
"CXCL1",0.258607218077653,8.34166076935456,0.166338314713885,0.250115986767724
"CSNK1A1",0.443737812193602,8.11162967001639,0.16640140224488,0.250161380519982
"ZNF99",-0.316477268092961,8.50586747784854,0.166752162652184,0.250639147026528
"OR2T5",0.184563862372711,6.06473798280059,0.166905990400681,0.25082078083138
"WDR54",0.341504958093892,8.70962242981269,0.166947467952777,0.250858323547657
"HOXC8",0.37607892515538,6.02108764857757,0.167454086073764,0.251515871375896
"RASA1",-0.238500664809265,9.44704345936054,0.1674677612804,0.251515871375896
"ZNF160",0.173867048452806,8.06163517098927,0.168264358816858,0.252587540113195
"H2AP",0.189075091861494,6.01365277605136,0.16879986379627,0.253244215973971
"KASH5",0.172805986272871,6.09277686919479,0.168801723916895,0.253244215973971
"SPATA3",0.226656481976074,6.03710446831057,0.169198302948221,0.253810874436439
"EVPL",0.547855715656668,9.89562013943593,0.169212812724294,0.253810874436439
"ZFP36",-0.763434253192706,15.477433093881,0.169426909650177,0.254106946938846
"CHRM4",0.207855389143105,6.22079118317662,0.169684500579624,0.254392930285383
"UBE2V2",0.445406872849642,8.61566215221624,0.169960501808124,0.254712351796522
"RPL37A",0.358754497721751,16.4005449421307,0.169972231488768,0.254712351796522
"ATAD2",-0.334430589655646,7.06642380560795,0.169983640595913,0.254712351796522
"PTPN11",0.405613638850202,8.7325665149893,0.169998051731635,0.254712351796522
"CDC20",-0.543960108566709,7.41085401084958,0.170038197933487,0.254747405592796
"TNFSF4",-0.463973187213018,6.77789164020018,0.170609038241636,0.255458482185562
"LOX",-0.201654916512619,6.03078933773602,0.170767497560651,0.255613395954958
"ZZZ3",0.209178705007094,8.00190883269784,0.170914188209585,0.255782619001316
"CDH12",0.184870321839912,6.28963160999625,0.17097433551638,0.255847455921786
"GSC2",0.19990365903215,6.17985513916351,0.171453699705372,0.256438617733999
"PADI3",0.177431043038431,5.98494840271195,0.171489007256021,0.256466203397539
"USP47",0.276598207395112,9.71206761751413,0.171667834956463,0.25670840059173
"CRIP2",0.213367207830948,6.39234964411143,0.171908998342744,0.257027475404525
"ZNF486",-0.410639781531687,7.64384792575965,0.172139314732893,0.257261664549708
"PHPT1",0.279042271330014,12.2516273296735,0.172190700293304,0.257313173829278
"PNMA2",-0.261132034621043,5.95654507370538,0.172286499021628,0.257431035284035
"PTPN3",-0.246203845438436,6.01572838589518,0.172365591104592,0.257498615866271
"CCDC124",0.235492561060191,10.7253432961425,0.172574263853878,0.257734400931923
"SLC6A7",1.83638010226993,6.878052021197,0.172678959757756,0.257840119783599
"CFAP161",0.185008830374604,6.09131848399539,0.172818897360937,0.25797308510651
"TMED10",-0.33953126940572,12.42594374102,0.173576823766342,0.259028195058241
"CFTR",1.03146194895035,6.39949485086751,0.173690928983872,0.259147615813472
"RABGAP1",0.530378695326311,8.98605171525871,0.174025770402894,0.259519897655149
"TP53BP1",-0.480730452676768,9.10797104532244,0.174127646449141,0.259620906588092
"SLC12A3",0.210339439773587,6.14930627390195,0.174190604039195,0.259689315383597
"CCR8",-0.171986966757026,5.88918876471369,0.174532739363687,0.26009986556182
"SEC23IP",0.230387814703772,7.67578078318008,0.174534398215306,0.26009986556182
"PGAM2",0.170315769579979,6.06069536118057,0.174693666910519,0.26026070595368
"COL5A1",-0.54319684899048,6.13283943746521,0.174905294447795,0.26047019822522
"LINC01106",-0.296599017729331,6.74344335662198,0.174968098293494,0.260516432234919
"ZNF582",0.214180402213833,6.27465124892021,0.17528032850812,0.260930230613889
"XAGE1A",0.314582287910642,6.12860353789834,0.175333100058758,0.26098324221333
"ABHD6",-0.245472518022843,9.70451844040792,0.175526458942556,0.261194362778707
"OAS3",-0.406412223969759,10.1473865256114,0.175604075252881,0.261284294731026
"KAAG1",0.193955615507338,6.02349591065854,0.175750986692318,0.261451727048496
"NR2E1",0.19258041898901,6.07881637643823,0.175876875043696,0.261587825492863
"SNX1",0.264153952414477,11.6089316415464,0.176135295208899,0.261920951357871
"MGAT3",0.17202765137626,6.17156702556792,0.176253304206325,0.262045190181815
"ANKRD28",0.17069226737737,6.22965633512625,0.176284033028974,0.262065256530268
"CCDC80",-0.235835636607344,6.15139431918051,0.176554481919474,0.26244165389809
"RIOK1",0.266409502559091,8.79519078933445,0.177322546675986,0.263428864887017
"CPLANE2",0.202588289475482,6.38192022781294,0.177549250457089,0.263714132332397
"EIF4E",-0.178515625193131,10.1932419850605,0.177577884039438,0.263730904342947
"ARHGAP17",0.38237737738079,10.6725143194185,0.177972698172224,0.264214056404059
"PRAMEF2",0.577326527155748,6.13664482461604,0.178022300564243,0.264261898192387
"TMEM87B",0.401749777249523,9.38544094440311,0.17849367705884,0.264806539919115
"MRPL34",0.193475857181377,12.7777413515925,0.178572414224615,0.264897510293401
"TPRA1",0.560302964592949,9.32809290740692,0.178731250165264,0.265107271287753
"RNF152",-0.307154440610369,6.17685858004745,0.178758151838876,0.265121315892883
"BMP7",-0.191925306111777,6.04004679359819,0.178899496987666,0.265305075591265
"CHRNE",0.211670851834802,7.1741199045179,0.179414179503332,0.265964601022192
"NEPRO",0.268111815862604,10.8867788467792,0.179510795646468,0.266081888907552
"RASEF",-0.188868321336183,5.9605809145212,0.179609641497695,0.26620245861972
"GOLGA3",0.438866156005858,7.58793965336988,0.179738180058489,0.266329446341659
"ANKRD23",0.167019425162834,7.41699225058903,0.180247966854139,0.266940410937554
"CPS1",-0.224991214016877,5.92902039195062,0.180952437864336,0.26785328742854
"PAX8",-0.190849279736156,5.99702005592363,0.181237317360997,0.268248868362632
"MAFK",0.209711965199393,9.56073705861173,0.181476573599921,0.268503837345955
"TGIF1",0.34978510125854,8.37183980609576,0.181792306983404,0.268882275428248
"SLC28A1",0.225553481534226,6.35650704045695,0.181806709510039,0.268882275428248
"EFHD1",-0.204049764378537,6.12432813961474,0.182118280003764,0.269198144510525
"HIF3A",0.169218612517529,6.13434313773667,0.182144194306503,0.269198144510525
"UBA5",0.270799551254242,8.81439869365594,0.182282953079467,0.269377043089353
"EPO",0.182935447270361,6.00758975210957,0.183049290664778,0.270299408916394
"DNASE2",-0.696574840829228,10.6094495912349,0.183280630615133,0.270588470089791
"EEIG2",-0.382426297972309,7.80156280195667,0.183454371487372,0.270766118165757
"IL22",0.261377650046224,6.01981535053948,0.183619673304231,0.270931210983869
"MAPK6",0.186133610454848,6.85195497657192,0.183796519029213,0.271101841332991
"FRRS1",-0.26124248631205,6.98694382291793,0.18388223069589,0.271187060165157
"NAXE",-0.205912004986065,10.9493911136755,0.183966488226494,0.271281505801666
"TRIM45",-0.266336374173972,6.37346490301734,0.184182235595235,0.271471548646282
"TLCD4",-0.211542586123899,5.94862679220176,0.184907630948151,0.272435114460325
"FTHL17",0.609911348308298,15.7292164959419,0.185089728774451,0.272676992657352
"ABI1",-0.293283440509748,11.7206333837198,0.185397326900488,0.273024358235947
"GPR65",0.20046812640809,10.517071658295,0.185529710587102,0.273192858114703
"PRKD1",-0.217969592673535,6.09578598475145,0.185785755543419,0.273490443355368
"BICRAL",0.657582593083991,9.95033380387376,0.185806611174599,0.273494671190795
"PLXNB1",0.408358566751007,6.71116404510369,0.18584021012898,0.273517653696074
"PIM2",0.361019316790175,8.5844839771742,0.186201924470204,0.273996987648075
"PPP2CB",-0.306930928468108,12.3608174695107,0.186272437384312,0.27404771478578
"CDK6",-0.455143603590502,8.74089550537982,0.186342327892041,0.27412402036972
"MAFG",0.222524267385201,10.567933585835,0.18649263897295,0.274265550091927
"CRYGC",0.497138398930154,6.15268731169668,0.186557020596659,0.27428066214559
"CCNG2",0.238247728350324,8.31317985333754,0.186818098467707,0.274609261705161
"IFI27L1",-0.295875189221487,11.2691747169504,0.186897078639617,0.274647866649077
"ASCL3",0.173636060127711,6.00385645518896,0.187251726281618,0.275089282582191
"CLEC2D",-0.187636284459064,11.8622261272061,0.188876620325136,0.277262127596975
"TBC1D29P",0.182264184404111,6.03034695267211,0.188959231920743,0.277356625716693
"GATB",0.356686510614149,8.95401447899815,0.189086773087653,0.277517047395968
"MEX3D",0.383372485653666,14.301333423142,0.189248950892346,0.277701470973639
"MRFAP1L1",-0.183211751857853,10.1359996045626,0.189386825214252,0.277796570009486
"C6orf141",0.162738439022087,6.14629639438587,0.189542000225004,0.277943760430225
"TAS2R9",0.190453949579313,6.19500738764728,0.190288022485185,0.278822646300674
"FUT9",-0.183435175866151,5.90019956678268,0.191034846835288,0.27969938108751
"GLYAT",0.24621141705253,6.23412623053166,0.191051891815956,0.27969938108751
"NIPBL",0.457142117074766,10.7763544587933,0.191306657204561,0.279964553768954
"SLC67A1-AS",0.253152095270332,10.0714320495421,0.191448461884397,0.280118165127758
"TIMM23",0.295644529966943,10.8495036810218,0.191573965891682,0.280247871612226
"NPAP1",0.162070897891884,6.02362195655809,0.191700136631085,0.280405470605515
"POP7",0.341118606368302,12.6184168877174,0.191916272514203,0.280640641576539
"CREBRF",0.502335012953733,10.8879438228278,0.192349203699436,0.281171788411209
"TBC1D7",0.190667203209174,9.55745582144956,0.192439748157601,0.281243867958947
"TSPAN7",-0.224503226626503,5.99524238686546,0.192528869934815,0.281347079270555
"NLRP6",0.20685517946862,6.06791872572807,0.192767295321485,0.281668430750302
"RBPJ",-0.427146427060758,12.704046167439,0.192808475368433,0.281701536497562
"WDR47",0.181805159056308,7.52442465386328,0.19327615335436,0.282330586899731
"IQGAP2",0.265406695868995,11.7831323043319,0.193569598899761,0.282704932302656
"CCDC169",0.187454468500886,6.23630582487127,0.193945788808657,0.283217869617381
"DEFB103B",1.18979538790934,6.49450722897666,0.193958055764402,0.283217869617381
"SLC43A3",0.336253153913622,10.4700240766761,0.194334537522803,0.283631444016007
"ANKRD10",0.215408489713435,9.96286832706014,0.194360503692243,0.283642120732332
"SLC29A3",0.302887389138924,7.27697737742306,0.194655244704463,0.283941096854547
"KLK5",0.174256094879695,6.11902872613222,0.19467739458853,0.283941096854547
"HS3ST3B1",0.75819131435674,6.34852837401227,0.194793612852265,0.284083358674457
"NPR2",-0.275301709639778,6.65831878933467,0.195172950205996,0.284534057694988
"SLC6A2",-0.223294784493772,6.09480399270907,0.195256141466691,0.284621431939561
"AKAP6",0.205656961215285,6.53783236627377,0.195508804319914,0.284935112227815
"ARID3B",0.391872003040093,11.0267364468117,0.195894717853166,0.285442835020691
"DPYSL4",-0.282279122672005,6.75217538123831,0.195975053371036,0.2855325360861
"KDR",-0.18409838251745,6.04263448618286,0.196285907938207,0.285848519383726
"POLR1G",-0.292250915303674,8.28998745050838,0.196442196550058,0.285997061686105
"TGFBR2",-0.293102113667707,12.3336639503477,0.196536548320113,0.286076553106075
"MORF4L2",-0.388484823957021,10.7161289380073,0.196564787301901,0.286090275173444
"ABCC9",-0.342111075545536,6.11690574269134,0.196956587392918,0.2865782415874
"RSPO3",-0.389988940046062,6.07500158418801,0.197056477147869,0.286648206920999
"NLGN2",-0.344925027732266,7.63767957087503,0.197061218000989,0.286648206920999
"CLCNKB",0.160948810404135,6.38357904357229,0.197427638490494,0.28712628154953
"NSUN5",0.179834991944418,12.178294159788,0.198048366284828,0.287946420120426
"TEX38",0.177280114135186,6.09306208606968,0.198450901483455,0.28839381841953
"UBQLNL",0.178352492605584,6.28657597371921,0.198663562182739,0.288647697876669
"SH3D21",0.34885277303477,11.9465266777001,0.198721084381231,0.288686192015052
"CCDC93",-0.160664874746381,7.35832796112549,0.198728021055075,0.288686192015052
"CYBA",0.253567863422947,14.201550205964,0.198827585965858,0.288775659189071
"BATF2",-0.317555251934488,9.52194791530041,0.19903771701787,0.289025646940491
"OR13C4",0.160992310416192,5.96698286923348,0.199468025726948,0.289567557775432
"TMEM165",0.290897727993767,10.8615539587805,0.200651539057692,0.291063392406466
"NAP1L3",-0.159815696949324,6.05011626101589,0.200878435298425,0.291338997053288
"PELP1",0.25673297188755,9.57814338129488,0.201129847443871,0.291618144716026
"STRN3",0.318599824758909,8.26460657892288,0.201420149256318,0.291955549932337
"ZNF564",0.223718932059923,7.42488150201512,0.201607079496927,0.292142969508267
"AIDA",-0.199227370489688,7.79415926048586,0.201680225301154,0.292221119129188
"ZNF664",0.208048665907947,10.6142998162433,0.202477458518495,0.293235446964441
"SEC23B",0.477969178090695,10.1868331556221,0.2024959668609,0.293235446964441
"THSD4",-0.259620062319195,6.37513824152251,0.202727265859035,0.293458619758634
"ZBTB25",-0.156553850209981,7.92292889248596,0.202798160495124,0.293530736791446
"SMIM7",0.236668275764542,10.0268332353666,0.203319468024995,0.294119896292602
"BMS1",0.156511963989576,10.2266417364344,0.203613122826073,0.294471471286551
"TMEM39A",0.330423015490801,8.5710933136985,0.203639196408144,0.294471471286551
"LINC02249",0.168190975651482,5.96912696676897,0.203639956833289,0.294471471286551
"SERPINA12",0.177361865347073,6.05884778454187,0.203813027753711,0.294665702640786
"BCAM",0.233208449133724,10.4524549824848,0.204399576244431,0.295317191290643
"ALPK3",-0.414856261154233,6.41630522223688,0.20472578402182,0.295704219147481
"PRDM10-DT",0.27841916736109,6.13531706252027,0.204879175742098,0.295897673759337
"CMTM3",0.21459487426453,14.7303310741503,0.205224448704256,0.296368190665115
"RCBTB1",0.333492714592648,7.63772460724145,0.205472974387987,0.296670748551458
"TOR3A",0.239362144599523,8.4175609635914,0.205806091917514,0.297067107619737
"GJB4",0.16713882133367,6.11103876101283,0.205841591464922,0.297090151181412
"SFXN1",-0.154729733922592,5.95482455407746,0.206769290125466,0.298259258676665
"ZNF593",0.530172844215977,10.3084883238849,0.206885939893022,0.298399219830527
"RTCB",-0.210982556888651,13.2050253161102,0.207298746321669,0.29890957941215
"CKMT1A",-0.180023908583162,5.97327487139753,0.207678586410565,0.299372127216291
"APBB1",0.257605281675552,7.36764854369553,0.208058737974732,0.299863275883219
"CNGB1",0.170381535878181,6.31696376512654,0.208643055855896,0.30059147342331
"ZFP2",-0.165242634022016,6.17689951618669,0.208963086970652,0.300967006975062
"RPS27L",-0.207924345985505,13.2363484790077,0.209280538122625,0.301367145513577
"KREMEN1",0.746234947404848,8.11330390214304,0.209353520049253,0.301439657102268
"SUCLG2",-0.184266504096847,8.95661386731669,0.209436181653401,0.30150562765855
"LINC00477",0.184227537882269,6.1337150430202,0.209482580546083,0.301543879313283
"ILF2",0.199470712221065,11.7639381178665,0.209928947194274,0.302072043611555
"APH1A",0.34566110011998,8.48687511192609,0.210208540274821,0.302388524451332
"FCER1A",-0.733366189738961,9.8637315671274,0.210256614963076,0.302429074090463
"OGDHL",-0.193152861262698,5.95095673802908,0.210530489246259,0.30273711048195
"MICALL2",0.205676665116547,7.6821959301483,0.21083267821051,0.303126505295608
"FAM133B",0.292482760066828,11.1292820007782,0.211015919080226,0.303349097019764
"ZKSCAN2",0.158311711769311,6.26194926652215,0.211272363776428,0.303660344798404
"CENPL",-0.155300773795011,6.4686248329067,0.211691516349863,0.304205289676719
"SHB",-0.491097150400933,7.20164337843956,0.211807271567225,0.304314122436879
"TOX",-0.246440921799512,6.03626980494048,0.212457309327318,0.305190399570214
"KMT2C",0.387268215031546,8.0862090644342,0.212941645230652,0.305799484482318
"GBP3",-0.512555398087223,9.89923703037319,0.213295735904462,0.306163431017938
"ZNF264",0.172463945683001,9.83981503734115,0.213446402767094,0.306350782680442
"ETFBKMT",0.156920057985995,6.49913839365055,0.213473204194071,0.306360336829616
"ACKR4",-0.16334203693876,6.09119052674134,0.213575850201922,0.306449809403796
"SPPL3",0.388715916924526,8.62198664716048,0.213737500868198,0.306652822000335
"JOSD1",-0.29324849649827,12.28828336382,0.214779570145028,0.307886483435346
"UGT3A1",0.168832448211534,5.85513223467796,0.214996161096583,0.308109839611462
"ZNF768",0.49704287715957,8.91697655422518,0.215166009316533,0.308324193883523
"ZSCAN30",0.156538288135084,6.44818930114679,0.215238903285267,0.308399589331293
"METTL5",0.190656067911791,10.5684552108795,0.215740295336399,0.308885182778756
"GARIN6",0.150968130631154,5.95270045282496,0.215780454594834,0.308913598181138
"LINC00471",0.157058317397461,6.12595973334514,0.216025606929543,0.309235450883329
"NUP98",0.2757350222065,8.82106116474465,0.216253454485667,0.30944510122488
"ATP8B2",-0.206474860850281,6.70254031247147,0.216401859156304,0.309590836811323
"RAMP2",0.218810488442104,6.04469173633582,0.216419550981973,0.309590836811323
"ZNF761",0.303643696830652,7.58472778918053,0.216468946220552,0.309607799691729
"PPP1R1B",0.647297200529287,6.19940542374346,0.216600121217746,0.309737155005123
"TMEM184A",0.155147177557534,6.60696867999817,0.21722082229623,0.31053563783346
"TRIB2",0.199184748697312,6.30154653994608,0.217240179570633,0.31053563783346
"CEBPA",-0.304642356231379,13.2706791177902,0.21788916647321,0.311346278654945
"BAALC",-0.183608212720122,5.98048500707712,0.218264876978791,0.311795251652588
"SAC3D1",0.458976389450362,9.99251208042944,0.2186996781443,0.312357692075368
"TAL1",-0.292024376528403,6.31530946601,0.218897996347748,0.312590618808771
"KCNA10",0.156235744217141,5.97670769631513,0.218903872324659,0.312590618808771
"CPLX2",0.150862124577313,6.23708559669827,0.219016773886571,0.312722476506147
"MACF1",-0.148810326230971,7.69809186422846,0.219130027692951,0.312854812350206
"ZNF620",0.174782746800123,6.34975453858497,0.21929496441779,0.313060904802943
"NCBP1",0.213709136300625,9.18865733383883,0.219357886678991,0.313121338522066
"DEPDC1",-0.171136377204446,5.95555177521458,0.21938974873742,0.313137428324607
"FGA",-0.214011355498214,6.09195905910156,0.220461905891555,0.314461139073229
"HERC2",-0.241569896783766,7.81432586719827,0.220603842833238,0.314618636027284
"AHCY",0.495740527794191,9.53563965568465,0.220948565756452,0.315007573640585
"CYP1A1",0.14810212691134,6.14303748507131,0.220977090614678,0.315018709605177
"BBX",0.192996209171161,8.27333200124906,0.221033822274703,0.315070050534603
"SEC23A",0.263680658012728,8.11057048002772,0.221514159954431,0.315625819619245
"GCM1",0.448553368361693,7.2104644050432,0.221843606659565,0.316017007313476
"YIF1B",0.163198287828299,9.95397584534578,0.221961623955971,0.316155509705198
"DOK3",0.510876338412011,10.2963517494335,0.222482019077163,0.316778068170162
"HARS1",0.268173716711666,10.6377294297658,0.222594252852137,0.316878535746074
"DCSTAMP",-0.182258582006512,6.11062833679728,0.223399191342393,0.317905389906907
"SPATS1",0.194860528557042,5.97921563625961,0.223705089528533,0.318281130278785
"IL5RA",0.167054362772789,6.04329848341364,0.223747305181929,0.318289887696884
"TNFRSF13B",0.15452115389937,5.94185967831277,0.223760312000151,0.318289887696884
"GABRD",0.147657047940923,6.02061744975513,0.223774032039393,0.318289887696884
"HIPK1",0.212974031842088,12.0522178955393,0.224259075003437,0.318799562051387
"INHBB",-0.199274407734287,6.41023905445878,0.224431199254246,0.318940674056273
"COG8",0.287434621605027,10.3302942053456,0.224441287069321,0.318940674056273
"THAP6",0.193466100505997,7.46807701612875,0.224558632879498,0.319017999890836
"RND2",0.152544025220538,6.22206523231047,0.224637227402828,0.319070043368096
"WNT11",0.276485079810669,6.24691479741197,0.225132373169991,0.319624078712587
"LCN1",0.150170360940298,6.18293437773717,0.225284589471766,0.319780477570153
"UBQLN3",0.15961140785078,6.08238722075315,0.2254463401436,0.319920494625723
"EMG1",0.208156865669309,10.1536599488235,0.225708676393569,0.320173262810689
"RASSF8",-0.157469307669818,6.28779517443155,0.225955691305334,0.320463877028025
"HEXIM1",-0.222909834721227,11.1109080689943,0.226444669736658,0.320977774010168
"SNX2",0.14728013713963,14.1831118455886,0.226488091395615,0.321009402977121
"CHAC1",0.508420603407299,9.93811985533047,0.226598824743831,0.321136420343321
"ABCB8",0.161971839302317,6.9332456728096,0.226987090170068,0.321656696543645
"CCDC77",0.367689246940387,9.81903353934065,0.227081599652614,0.32166354952254
"HOXB9",0.17119396417323,6.09316167036418,0.227082785516218,0.32166354952254
"IFITM3",-0.446935616967134,14.684968943358,0.227176204013645,0.32166354952254
"C1QBP",0.157542160174184,12.4236698292109,0.227303228560354,0.321744927396301
"STEAP1",-0.188694722891296,6.05316618399139,0.227474647043055,0.321957601882809
"NAMPT",0.18682413391371,11.0356059492589,0.227562572628861,0.322052075613225
"CALM1",0.230795320110661,12.3757455023686,0.227664712363566,0.322166646098921
"PLXNC1",0.729918507503427,9.27909812901317,0.228062813945969,0.322579917642326
"CD27",-0.247724360450383,7.36199355349122,0.228084869134592,0.322581111299068
"ZNF746",0.536405100073409,12.6050550168228,0.228312213072216,0.322872618225986
"SPATA2L",0.370971285527216,13.1711992765572,0.228595273425437,0.323182757112025
"CENPQ",0.171520534306477,7.73408892054032,0.228958104112827,0.32362937610638
"ITPRIPL2",-0.46274186618943,11.7762432992996,0.228963942946985,0.32362937610638
"KLHL40",0.182719294188403,6.09990632302751,0.228996299071591,0.32362937610638
"CKAP5",0.393819388875119,8.068976761788,0.229106946009638,0.323755662043725
"DNAJC16",0.191097687104479,6.56515412944424,0.229271856768009,0.323958598692546
"ZBED1",0.320242157618237,10.4183601617576,0.229762521842566,0.324621742120192
"RBX1",0.160855584216252,12.130939429564,0.230121935417957,0.325069143027707
"FBXO11",0.26026826721558,9.1263223615718,0.230328224431542,0.325330327589384
"FANCD2OS",0.145726650546006,5.99431416736095,0.230542579272494,0.325602855272668
"POTEE",0.149535886159463,5.97424277222315,0.230893869956836,0.32604616511617
"NCS1",0.153666427668,6.21335262030854,0.230916828545194,0.32604616511617
"HIP1R",-0.531184701059306,7.79766161302958,0.23098134919943,0.326101407224743
"PLEC",0.515264777067863,7.49535202288145,0.231460115717871,0.326686351725048
"ERI1",-0.2493753755588,7.44563404649684,0.231674640600964,0.326928452654677
"MESD",-0.279950484264817,10.9100029191358,0.231891603997116,0.327204259935809
"FBXO15",-0.234874638742497,6.16245467255851,0.232587698870184,0.328125577404245
"PRF1",-0.700355919942781,6.98617021348395,0.232614383153267,0.328132783507549
"GJB6",0.14835056993904,5.95776249565405,0.232732992654006,0.328239205442096
"ZDHHC22",0.14804735219996,5.96853085789021,0.23313439084455,0.328622468807481
"HS6ST1",-0.178850534437929,10.7788005492673,0.233174029655857,0.328636952423407
"MMRN1",-0.168763286810684,6.05373902272953,0.233221486052182,0.328653850989769
"TRIB1",-0.422432042418211,13.7360587709682,0.233286876611809,0.328715539656481
"ZNF460",-0.143221851701943,6.8268265834257,0.233353498288679,0.32877806382952
"HMCN1",0.144270197184093,6.10262356938901,0.2333744870489,0.32877806382952
"FCN2",0.165675621731082,5.95639913083142,0.233913784776322,0.329329812359778
"ST6GAL2",-0.14517092594191,5.86256733449927,0.234280137856175,0.329717965622497
"PTK2",0.335582409418123,7.34351145053992,0.234306039748621,0.329723906032852
"COLGALT2",-0.221645697256976,6.26445052171866,0.234683317121432,0.330193716974997
"PPP1R13L",-0.143336609646185,7.98700379887169,0.234780552893116,0.330299967474423
"CEMIP",-0.170830677110332,5.92010162715698,0.235118175885468,0.330702014581254
"ZDHHC21",-0.170152782880455,6.721462040931,0.235131567837132,0.330702014581254
"UST",-0.26848885757357,6.79034250058485,0.235574600013879,0.331171983454527
"CDK13",0.504439356027477,8.15732697852285,0.235760928617909,0.33137266196129
"TMEM35A",0.164181125993926,6.56867659305809,0.235928096949034,0.331546340639522
"OR2T8",0.150230290691992,6.03387934407637,0.236244899176259,0.331960863593509
"GRM7",0.169515110679993,6.30067868326946,0.236739376833629,0.332573543584022
"YTHDC2",0.211100743659919,9.09802001275717,0.236844457326922,0.33267254764558
"PLK1",-0.254782871517426,6.67497665794273,0.236860753939133,0.33267254764558
"HEXB",-0.268319271033227,11.9990188708287,0.237911668212158,0.333994336764561
"SPICE1",0.158479112879784,7.60720191443952,0.238609102960138,0.334818899964733
"RASD1",-0.384554845356963,6.51611216076127,0.239054346990248,0.335343080334061
"UBXN2B",0.440849025028162,10.5741157730236,0.23914374220933,0.335383440752443
"TCP1",0.277689091741124,9.84670867582587,0.239669568880275,0.335993704900696
"USP42",0.346853869060565,7.91735114493108,0.239689354580987,0.335993704900696
"MRPS15",0.246649593561441,10.6158833144245,0.239815639219718,0.336139745737647
"ACBD7",0.330310899606889,8.51054165680043,0.240310948143754,0.336631379719848
"CSKMT",0.29399608713176,8.42483100124418,0.240609904623089,0.336942488904967
"PAK2",0.419333209264969,10.0565574954593,0.240634064764284,0.336945295731078
"SNX29",-0.185623857240835,11.0453938863888,0.240852144399182,0.337188567801045
"ASAP3",-0.323562128837729,6.56030813924702,0.240994149634755,0.337325267155578
"CKAP2",0.394506278301493,7.18606361073584,0.241022173402159,0.337333444975154
"LGR4",0.196520531917686,7.43503935181086,0.242043549499194,0.338638298140179
"BCAN",0.149644089938256,6.09753175047735,0.242168086296139,0.338750207541546
"CFAP299",0.146969730563126,6.00046477520512,0.242416112802875,0.339034784210606
"CST9",0.158918969016569,5.97761198534696,0.242525030553423,0.339093561152565
"ZNF584",-0.211730247225995,7.69619682657186,0.243078267445297,0.339773372362874
"ABCA8",-0.155623414537027,5.97336043425126,0.243211630305304,0.339870367886041
"DOCK3",0.147284480524957,5.98769164058345,0.243341858215356,0.339954343169128
"VTN",0.224503426358388,6.87341998346215,0.243505505003594,0.340125526208882
"TMEM60",-0.201958092641456,10.5758158111372,0.243793368774454,0.340460013987318
"TRIM26",0.180507640184142,12.3304317063834,0.244203415121601,0.340970027283264
"PAX9",0.216835113908179,6.61243849957032,0.244601211773931,0.341431411533542
"ADAMTS7",0.453690958184994,16.746835699669,0.244838341122241,0.341668332885579
"KIAA1671",-0.182550256367484,6.08995944102368,0.24503013357039,0.341873235902614
"ZNF28",0.323931440287412,7.01076323928671,0.245413459464295,0.342345247801596
"HSF5",0.228846630935904,6.00535156627816,0.245584011936787,0.34252032772695
"NKAPL",0.147571413392959,6.08808886599531,0.245773672710775,0.342721989233951
"METTL21C",0.14078874348644,5.89126441919578,0.246277415154372,0.343361471366675
"CDH6",0.165662922113019,5.94678679891186,0.246513189134007,0.343595690619557
"IL13RA1",0.234113709124962,9.33554595588464,0.247442124005221,0.344606210794084
"IL36G",0.174248133903303,6.05659990029466,0.24791699136027,0.345204321974637
"RBFA",0.164297646189645,9.06751626530116,0.248004112430234,0.34529401646425
"CCL16",0.138758201965864,6.08735275318258,0.248120870831952,0.345424954559897
"TNFSF11",0.142261080913642,5.98240886337882,0.248649503952544,0.346034192543035
"ATP2A1",0.137739971977646,6.05446998972685,0.248933072203539,0.346325495693646
"GLDC",0.153223145325314,6.17717315012401,0.248947333714014,0.346325495693646
"B9D1",-0.214259539782862,6.60219683130282,0.249206469942749,0.346618986179745
"CCDC92",-0.236306377024041,9.53948674693054,0.249323970764198,0.346750703921529
"IER2",0.570803583611058,16.118773223765,0.249612558904522,0.347088579667182
"TRPM7",0.28457561333315,7.50067513185502,0.249738289771578,0.347231661258563
"CLEC5A",0.503441115702074,7.45509446669494,0.250414810585892,0.348013199249772
"IL5",0.13719438100689,6.1456256042869,0.251237681581042,0.348965445381723
"KCTD5",0.235566006687691,10.2643187517012,0.25145136960767,0.349181102549656
"TMEM186",0.177027840720312,8.7983286118338,0.251461825034444,0.349181102549656
"C7orf25",0.227789883591108,7.61086958953682,0.251536009612328,0.349227308201377
"APBB2",-0.261403731353887,6.15949366636957,0.25172393677383,0.349417454404564
"FRMD6",-0.173550554448829,6.15517092712041,0.251982027367739,0.349711870068313
"MVK",-0.176323197514455,10.1437597327932,0.252009485994821,0.349718063966533
"GPI",0.244631533108475,13.3667157617785,0.252180276363488,0.349891218222419
"TNFSF12",-0.164391990347661,13.1477866670818,0.252301324665994,0.350027234584969
"CTHRC1",0.725718584136825,6.51299322025224,0.252620412686119,0.350321922248859
"OR7E91P",-0.144675719791778,6.15549872085833,0.252633987538188,0.350321922248859
"SUCO",0.312302403966532,10.7232455542887,0.25275010845754,0.350426077985438
"ULBP3",0.149721542530383,6.03525879954204,0.252930677043079,0.350548595322259
"SENP1",0.146117681130392,8.92008754272013,0.253045331786188,0.350643590506091
"ARHGDIG",0.150802212980734,6.02392311875805,0.253219250002303,0.350820657195502
"MRPS11",0.311572209729066,11.2005431543456,0.25354553429186,0.351176729099327
"ARF6",0.234595547477051,9.98208072625832,0.253685062617837,0.351337986730904
"BCOR",0.155571284272952,6.20759528425597,0.253928786809967,0.351611489557132
"THSD1",-0.219626241919905,9.4186942897119,0.254251349197044,0.351929964375047
"CRTAC1",0.136013323609933,6.08747391170866,0.254912012361153,0.352683941410882
"ALDH6A1",-0.205952704427673,9.19201576190976,0.255190534195673,0.352972955347685
"UGT2B4",0.141327871177216,6.01612797537296,0.255491451378931,0.35326652347454
"LOXL4",-0.183367230103658,5.97095470211376,0.255528257784443,0.353269481039446
"ZFYVE21",-0.216999127745762,11.5644426945266,0.255916312257197,0.353719465310138
"SGO1",-0.248702069552646,6.59953428115746,0.256221496378176,0.35401258443893
"RFTN2",0.144371312715741,6.00601539441116,0.25648876824168,0.354285303126201
"LDOC1",0.176045453192549,6.28391314291335,0.256657561754153,0.354486259118805
"NPAS1",0.145670383837785,6.00816158915615,0.257206255763868,0.355179582099056
"ANO1",-0.155379084628339,6.01565263304723,0.257562070642017,0.355638639034302
"PLG",0.145008674065959,6.22166558676635,0.257771417743633,0.355863082883549
"MROH8",0.139239777555911,6.54477874697176,0.258027593834685,0.3561844101877
"CYP2E1",-0.146186923667007,6.25397886645649,0.258845060224712,0.357247996723607
"FAM13A",-0.141290067168661,6.00112405667274,0.259393257620208,0.357873756207155
"KLHDC8B",-0.612312622960409,10.9847664982292,0.259515843493626,0.357946394689921
"A1BG-AS1",0.372446726489978,8.91588382942665,0.259628880857951,0.358037361270196
"MOB1A",0.163202610062186,10.8172040775452,0.259790769424918,0.358228127791654
"USPL1",0.297230491143489,8.58523011142365,0.2602130327208,0.358745336018306
"KIAA0586",-0.158728693467335,9.67413641586043,0.260317302002149,0.358824030531015
"F7",0.134675729730139,6.01086318590396,0.260671067374729,0.359279100293173
"SAA1",-0.187492229656042,6.08179632127729,0.261461673418098,0.360294156869282
"PRG4",0.180262092069936,5.97404404820922,0.261515758408219,0.360312706456985
"SRMS",-0.140259133004465,6.03413476852716,0.262104848141404,0.361026223216599
"UNC93B1",0.255402451304578,11.3577832041043,0.262309906793901,0.361275952048691
"CCT2",-0.368549083988643,13.3875661469965,0.262417751724548,0.361326316724937
"SBNO2",0.313763422594616,11.759053395227,0.262588949085953,0.361529308138618
"CFAP91",0.193467753214749,6.06133349255596,0.262874357096857,0.361823986128065
"POLR1F",0.280738063641514,9.6459780060871,0.263263618319849,0.362294191241359
"DNAH14",-0.225098080554095,6.73934403141226,0.263478811527583,0.362459137558705
"SERPIND1",-0.161788628290064,6.01277732293767,0.263686226599672,0.3627116619146
"ZNF707",0.153106826488107,8.81539524186989,0.263963682637614,0.36299481739333
"MAL",-0.25010485837874,7.26662860684443,0.264470719469141,0.363628845424101
"SLC38A9",-0.275101818561448,10.267320861884,0.264520378545951,0.363628845424101
"H2BC10",-0.410493093696919,10.5052106512901,0.264637135511306,0.363756467539401
"HTR3A",0.14145678669401,6.2113853430338,0.264690697965275,0.363764335320432
"PDZD2",-0.177906412158153,6.1711941179956,0.264895174913709,0.363979564518222
"MGMT",0.168778656271214,10.603189697863,0.265221008378888,0.364361435901186
"SNRPD1",0.292968559479182,10.6831593575854,0.2655936861155,0.364675765478921
"PTGR2",-0.163025321599011,7.56791573786701,0.266067539825759,0.365128600042424
"PPM1E",0.153489323388586,5.90966025209911,0.266510055763614,0.365636890216783
"RELB",0.254329673339638,12.8198411574018,0.267134573793173,0.366427581694468
"VCP",0.162816882633467,14.0772230261744,0.26739455809717,0.366751121892295
"SLC35F6",-0.456662577853856,9.93823552011075,0.267456967122773,0.366803639282453
"CHEK2",0.191530665844254,8.4290073119732,0.267745224272425,0.367099654772362
"SPMIP2",0.142507666920466,5.90891073751684,0.268413886727294,0.367916934596547
"CACNA1C",0.96943874358845,9.37131864437096,0.268469553161575,0.367960072501914
"YME1L1",0.19857030663068,11.6413025548214,0.269661051619934,0.369360107451676
"BTBD6",0.200840233301517,12.463265777481,0.269952760810974,0.369632322929233
"IL9",0.161915925283345,5.8866426384345,0.269981315301021,0.369632322929233
"ZNF200",0.319449975900258,9.0336642262841,0.270044892606184,0.369664316107596
"CHD6",0.327070156334701,7.60422517139101,0.270077604962618,0.369664316107596
"SNRPF",0.227764193723621,10.8821434411358,0.270492619594297,0.370165730116986
"H4C16",-0.42465458466516,6.31969664408847,0.270806863802935,0.370466063397903
"C19orf48P",-0.316717095373673,9.05792611320749,0.270809523066445,0.370466063397903
"IRF9",-0.177449122212472,10.6265210248367,0.27108799477182,0.37068029351644
"B2M",0.414677700194983,17.4521020436103,0.271377855756301,0.370976578008254
"NOP56",0.138951933583789,11.5399597098816,0.271521510557484,0.371139594873109
"ATRNL1",-0.141870833863038,5.89879082697534,0.271610716776668,0.371228163992053
"CD300A",0.316830648613701,13.2419597059828,0.271920590020472,0.37161829017176
"H2AC20",-0.460985352305369,14.1265781603616,0.272006476964124,0.371702264504484
"MRPL35",-0.155082973529343,9.7091984749899,0.272319095259094,0.372021273778375
"IRF7",-0.501970688008959,13.7852859003266,0.27312491227956,0.372895562074473
"KIAA1586",0.280194925613386,7.93814404643103,0.273747794638304,0.373544769929056
"GOLGA8F",-0.243761342168348,8.74972781971453,0.273953565463355,0.373704123329653
"CLEC11A",0.327173085104291,8.99695652698309,0.274289951075521,0.374049639163963
"TMED9",0.535025837970596,11.0282315542104,0.274429067575581,0.374172248492867
"CD68",-0.39133447633179,14.2792620839038,0.27469047552312,0.37437507779748
"MRM1",0.183020854542148,8.31678387625432,0.274998994093581,0.37466671116309
"CFD",0.313530095450766,15.8920733872002,0.275020339846716,0.37466671116309
"TTTY12",0.166102569947221,5.91977056849267,0.27528198567937,0.374898221385499
"RAB7A",0.177975278765877,11.0142181414765,0.275345155458521,0.37495067372969
"GHSR",0.380546266243479,8.01444517631102,0.275639947983762,0.375150557449172
"S100A3",-0.202261095787173,6.50572485294831,0.275708153877612,0.375209807979483
"WNT16",0.135927497196218,5.82842682487768,0.277043377612987,0.37675719276923
"CFHR5",0.129542400439435,5.89634319247646,0.27712430606956,0.376833552101741
"ELP2",-0.145975280298082,12.4512069058852,0.277191696932631,0.376891491010411
"HSBP1",0.19954827014961,13.4175967831346,0.277606749647399,0.377388347960815
"KLHL12",0.174566415845413,8.75130806419943,0.277821084547316,0.377612213226882
"CNTN4",-0.158027494943778,5.99895859519826,0.27820372736354,0.377929636957992
"TARS1",-0.151836592226067,10.8852141218944,0.278420460313209,0.378122732670412
"NUTM2D",0.132732815489777,6.16454067468136,0.278645480536436,0.378394541298162
"FOXN3",0.218463734992333,9.93010713544441,0.278727028537,0.378434038800877
"INPP5B",0.15118780404305,6.64837470965926,0.278967720439573,0.378696875162459
"CD79A",0.203793627139997,11.5197202570732,0.279462660513874,0.379267190888363
"CCL22",-0.128995837805255,5.94161505247165,0.280069447098637,0.379988950974758
"ACTG2",-0.235619042678099,6.31443320401275,0.280251942813353,0.380140880437858
"GPATCH11",-0.304713200308557,8.53110499602428,0.281300261929814,0.381204994157023
"SCGB1C1",0.138799034437104,6.00544339679754,0.28138403521619,0.381228365930318
"IGDCC4",0.165152854884171,5.92533052979623,0.281478992361393,0.381323046127923
"GAN",0.22038237207774,7.15614348481339,0.281845533149449,0.381717594455145
"TMEM19",-0.27809604141294,9.48132686541386,0.28265418019146,0.382574294442126
"TAMALIN",-0.439745021590297,9.65130271515174,0.283011988855215,0.382973412735418
"TOMM7",0.276319812417212,15.3343095160572,0.283024604532704,0.382973412735418
"PKMYT1",-0.364093035138687,6.68947394890596,0.283139322777028,0.383039208615526
"FAM86DP",0.185942476063684,6.20953819338886,0.283148789009452,0.383039208615526
"SLC7A11",-0.129628137818462,5.9950764733093,0.283784328221594,0.383830670899502
"KLK13",0.157967503256203,5.9437438656019,0.284277254342525,0.384463182217974
"ANKRD40",0.229757598992262,6.81323286182296,0.284478204042615,0.384666535705529
"DARS2",0.183473496942527,7.64044774136852,0.285029243912265,0.38520130044954
"SIX4",-0.132979888161338,5.88484747649577,0.285671519248024,0.385834144291647
"DRAP1",-0.497238906069178,11.401917066136,0.285809342106124,0.385986011433259
"MAP3K5",0.188580493923128,11.3482460130567,0.286001016518613,0.386210571764791
"EFCAB3",0.132310705897764,5.83840457923935,0.286409725006384,0.386728145067663
"BMP3",0.146373376935123,6.0085958766184,0.286651256128619,0.387019913281609
"PHYHD1",-0.497028741404084,7.92109206209037,0.286804208658639,0.387088960355039
"KRT8",-0.262666387121932,9.51088424456398,0.286990077295481,0.387236722163931
"DNAJC19",0.376972519101458,10.1908805986087,0.287561262332359,0.387858218890434
"ELMO1",0.314522760146827,8.43149142011139,0.287626710599595,0.387858218890434
"ADAM30",0.126771587093012,5.90126205068133,0.287629207827874,0.387858218890434
"TRPC4",-0.379664401412644,6.1822739586896,0.287749932973493,0.387952214597596
"FLT4",0.127347724516331,6.02562054223316,0.288302984177656,0.388560065878571
"CCDC171",0.143364657638411,6.19184944076232,0.288541759193099,0.388812960642269
"PITPNM2",0.136599340436242,6.14844569544659,0.288747660805539,0.388987016168894
"SIRT3",0.227749159294769,8.40227551960197,0.289289354130329,0.389613221538615
"HID1",0.140443498934469,6.37939156489552,0.289573634563853,0.389906443125675
"LYNX1",-0.356265943939077,8.50608266371404,0.289735363026423,0.39004119685809
"PPIL6",-0.125456611802522,5.93159492282005,0.2899464472864,0.390221731887749
"PKNOX1",-0.154798805028744,9.46361575197503,0.290322606983584,0.390589721072748
"ERICH4",0.145121071219589,5.91672274519399,0.290350143123773,0.390592213766152
"ELK4",0.419167461994169,8.04207183987222,0.29038796674024,0.390608543975373
"PHOSPHO1",0.129235528279787,6.09005355778566,0.290608873153383,0.390871118491772
"ATP5IF1",0.198108110556431,13.8473016660999,0.291307263817012,0.391642079254215
"IL22RA2",0.151895904842657,6.10802080015048,0.291330480671676,0.391642079254215
"KRTAP4-5",0.127794230515635,6.12634758579497,0.291336588808715,0.391642079254215
"CCDC25",0.262346676601616,8.96641898868648,0.291775222741986,0.392058454449561
"P4HA3",0.303598280301479,6.16320636298631,0.291947401854656,0.392255153936356
"HOOK1",-0.134973320224199,6.14089849010632,0.292608162355024,0.393073485831217
"RGS11",0.165571558926941,6.4180277153305,0.292757710424532,0.393239644951094
"SH3BP5",0.532743756193283,9.97508140877973,0.294415852952951,0.395257441005339
"KNG1",-0.122722976537094,5.93813850742353,0.295238789049491,0.396117468360359
"SACS",-0.165553969938556,8.84991187826792,0.295323538583401,0.396196222192693
"CRYBB3",0.123338725887917,5.97528656830438,0.295452300347558,0.396299046012142
"PMS2",0.167048227561469,8.22496057617459,0.295535979501115,0.396376327388038
"CROT",-0.179264292097688,6.4634424345691,0.295592304317441,0.396381956093787
"UBB",-0.181839421308537,15.9037839315803,0.296046102477602,0.396920490741371
"UBL3",-0.39656100811334,10.2178441249385,0.296529192166637,0.397463066672855
"FYB2",-0.125534892373767,5.89124039327177,0.29717178474558,0.39828928372352
"ITGA2",0.129156188151094,5.94075958205288,0.29800795217473,0.399304399706898
"KLHDC8A",-0.125637084802379,5.93527123888134,0.298530940898683,0.399934685446369
"H2BC3",-0.442510080407868,9.4950539403181,0.29903318914425,0.400466426603184
"BEND5",-0.136557536861647,6.19529354021192,0.299474524093479,0.400964106304981
"PSMA7",-0.12496100483567,12.8832361435166,0.299920853954427,0.401409042322745
"KLHL35",0.13875403882584,6.82183077514477,0.299935915394293,0.401409042322745
"PEA15",0.180440907622241,10.0302772969503,0.299948208637275,0.401409042322745
"GPANK1",0.189265312443505,12.1057553612952,0.300469178807376,0.402035480494684
"EXOG",0.150032479956715,6.47550414795901,0.30100024222695,0.402604369726249
"PHF12",0.148893800356955,6.02118308918376,0.301083856087544,0.402680791784308
"LYPD6B",0.120987547322205,5.91323146407948,0.30114237093546,0.402723634997052
"SYNE2",-0.158928854605799,6.00962280894307,0.301374954848767,0.402999236203292
"AMZ2P1",0.131910475643857,5.88225171851162,0.302910107667307,0.404945228323172
"WFIKKN2",0.121012421136377,5.99889096773749,0.303306448563107,0.405368175564438
"TRIP11",0.230700034343558,7.21980794255343,0.304048630235013,0.40614594366395
"CENPV",-0.137421570244488,6.031955920434,0.304175562844878,0.406244134516985
"GUF1",0.193967410536903,8.5254324666145,0.304305272912394,0.406381681634324
"ODF4",0.134376511103031,6.11792184004588,0.304553673240448,0.406677694498264
"DLGAP1",-0.124762430255697,5.97594709504217,0.30500712117392,0.407247436243457
"REN",0.186127130201004,6.60850257207874,0.305417863076842,0.407581156692929
"FAM200A",0.170974403894208,7.29326327553412,0.305498472271694,0.407652958349383
"MEP1A",0.121593174711412,6.08973689503403,0.305581513076273,0.40767360336023
"ACSL6",-0.169303939400219,6.029388053322,0.305656280789457,0.407684679726896
"IFNA6",0.125319417623404,5.88945709800707,0.305763294452407,0.407791649744121
"SAA3P",0.158789116683531,5.92794398394159,0.305869256725194,0.407886141498583
"TOR1AIP2",-0.209571758639008,8.06584997261722,0.305887785625417,0.407886141498583
"FGF1",0.133290555155306,5.97106248366597,0.307045067359477,0.409359924218666
"IL13",0.125669036915768,6.00635983949678,0.307046860570905,0.409359924218666
"PRIM1",-0.204252633698722,8.24030295480194,0.307368458798811,0.40968093965051
"H1-4",-0.643902721688252,12.0516559599122,0.307742905435943,0.410098793939787
"OR13D1",0.133207635896682,5.98549789118971,0.308811755925627,0.411172227641126
"ANO4",0.127689626002333,5.95857817750609,0.308857658966495,0.411197345492642
"BLOC1S6",0.162038800518666,10.2912508314511,0.309755162222566,0.412283958260178
"LIFR",-0.14333197090369,5.89487456382655,0.310255104617597,0.412840986177655
"CYP46A1",0.121134284956514,5.97217653798596,0.310473548933117,0.413023244591921
"DLEC1",-0.321007372463928,7.25223839751092,0.310586042718141,0.413136756551867
"SLC15A1",-0.131623558525178,5.99059189014887,0.311004506903105,0.413622684293965
"DHRS2",-0.124143610718269,5.96128125305754,0.311005746640024,0.413622684293965
"OTUD6B",0.246698134081004,7.25622411379572,0.311069266090774,0.413670986245933
"WFDC1",-0.127078437849696,5.93654853863004,0.311108106965035,0.413686464171047
"GBA3",0.139096050834566,6.29835016302546,0.311848312934301,0.414634476578497
"ADD2",0.131689946564557,6.31533011661158,0.312100128958585,0.414896744860329
"SALL4",0.133965926994049,6.06353435143002,0.312439405502949,0.415275168579694
"TNNT2",0.167702768297033,6.39807746017688,0.313259641967377,0.416219870263836
"SIX3",0.215966046814374,6.47347962851716,0.313488057775478,0.416486973237484
"TMED4",-0.135409333715168,10.0140785595899,0.313758922662078,0.416768369932971
"MAP3K12",0.200446734440791,8.00379850650407,0.313996791800187,0.416980720371746
"FANCC",-0.138159946104619,7.49511671678754,0.314511860232912,0.41748244483042
"SURF4",-0.129282579801597,10.4525523114562,0.314781411887804,0.417767319311434
"MOBP",0.136526819913436,5.99964666128584,0.31508030698837,0.418054554936235
"GATA6",-0.148071762932165,5.99093749883811,0.315162229705036,0.418126772167337
"TRAT1",0.397632570782083,6.34297767980617,0.315258746217271,0.418218336747405
"SERPINA10",-0.12587512556991,5.90907777937194,0.315294618691494,0.418229442744025
"ZC3H12C",-0.217303042842867,7.7608658191747,0.316299601728442,0.419343068876832
"SLCO5A1",0.124889460758899,6.01926591706861,0.316808393217542,0.419871202096068
"SCUBE1",0.118949098797206,6.12498206921694,0.317168094401746,0.420238053638417
"CSDC2",-0.195495865948903,6.20057467899179,0.320064625172889,0.423522389248177
"ATG2B",0.156175571829252,6.65858091229995,0.320677605807532,0.424185877108893
"NOL4L",0.243385319880052,6.45200964184571,0.320971899601129,0.424464404272519
"HBBP1",-0.19522507508354,6.30897173175711,0.321337533017361,0.424910981838799
"C10orf90",-0.179877015652039,5.96497610231135,0.321843548291387,0.425319059174207
"GNG11",0.29891945367857,8.37880769244863,0.322898795419123,0.426567484427903
"MRPL32",0.146084100425727,11.5673838538857,0.323568814946146,0.427267043301293
"CHLSN",0.147963797873824,10.5419856919799,0.323665006637945,0.427345714179881
"TTTY7",0.1163158212814,5.86250941746783,0.324188834677469,0.427922025411856
"ALX4",0.161942952401521,6.01826712282337,0.324205521882918,0.427922025411856
"PLA2G4C",-0.131938930367582,7.20057062230168,0.324257094831172,0.427952954802782
"SLC22A2",-0.142257252832035,6.02496867244551,0.325071808167973,0.428879331883278
"MOV10",0.244776689056044,9.33829202826363,0.326091761854425,0.430150361200632
"DYNC1H1",0.213006168155856,12.9169118651021,0.32624359694576,0.430247890038286
"ID2",0.24388505229993,13.2054268303688,0.326250569958017,0.430247890038286
"PUM3",-0.275403387972783,10.0027958850168,0.326730147881817,0.430768278195637
"ZNRD2",0.278232366226931,10.8088610099083,0.327696787523085,0.431930381751697
"PSORS1C2",0.985776775619444,10.8666642280495,0.327758659505416,0.431974494649308
"ELMOD2",-0.142862291860478,7.42953866683981,0.328000655491362,0.432131637138129
"HPX",0.163323281866836,6.33799813786424,0.328226978166035,0.432329454698516
"BDP1",0.187950193573101,8.58793203714693,0.328276530425902,0.432357276757349
"PLA1A",0.113603296977737,6.13041883295288,0.328444221254494,0.432503222516092
"PRDX6",0.124230753270683,13.3233332831454,0.328740555740323,0.432781022480854
"CSTF3",0.269588265700717,7.91504510125866,0.32882612318307,0.432818736486769
"MNX1",0.362763774625669,6.13723800624519,0.33004532555593,0.434122929515187
"HAS1",0.134383470865019,6.08292128171815,0.331346379427357,0.435682157521975
"ZFR2",-0.244717405185231,9.93812999556071,0.331903114078819,0.436189298212122
"TRUB2",-0.309859718370924,9.66936729336865,0.332160922633096,0.436414972907484
"TLX3",0.115330342362643,5.9800425900623,0.33321801976125,0.437614822498195
"CDH7",0.114573548436657,6.03121873247664,0.333442753791748,0.437872152634911
"IST1",-0.157399263915178,12.9612877186578,0.333559109191566,0.437917562561934
"RNF17",0.119333173931427,6.0221951267855,0.333563719405408,0.437917562561934
"SIX1",0.12473393051624,5.88426819680546,0.333721837250162,0.438087328519678
"ABHD3",-0.129621375836397,9.45584939651031,0.334484284139678,0.438936663490916
"LAMA1",0.114017779541458,5.99182440887093,0.335004731379233,0.439505862216647
"AARD",0.122037156615947,6.02479761324305,0.335064510304687,0.439524915040004
"SH3GL2",-0.114507338903542,5.89559191382108,0.335614415565377,0.440191809566041
"IPO8",0.262295544683249,7.78243160089182,0.336238484820415,0.440934282758375
"MCF2L2",0.155483108551244,5.8716845513939,0.336308891009544,0.440988585486562
"LMNTD1",0.116190413841914,5.86901820717797,0.336500806547849,0.441164160860318
"MGA",0.194338619898704,9.13170300077972,0.336689347259523,0.441373294812759
"UNC13C",0.111790809937927,5.93069659081369,0.336975847049494,0.441672729632742
"PGM5-AS1",-0.145191336096678,6.48552334419178,0.337076840348947,0.441767027579006
"BMI1",0.204442549754816,8.5191445552574,0.33776080063744,0.442510876644916
"CTSG",1.32901317704705,8.40898556632469,0.337823950512839,0.442555486208911
"NDUFC2",0.158947700121091,8.58608723541071,0.338112199881154,0.442894947096691
"SOX6",-0.113258287370572,5.91620409401722,0.340004593435373,0.445103430295934
"ZNF135",-0.154108210956497,6.37304823983907,0.340061596305133,0.445103430295934
"ADGRG4",0.111793614303053,5.91224044460099,0.34014868916504,0.445179110569874
"ST6GALNAC5",-0.157298549763175,7.04369780948891,0.340552801769803,0.445669650573545
"SRSF6",0.392198462751594,9.09915421611501,0.340815698419873,0.445948294715513
"ITPA",0.199088075487877,11.7901981985057,0.341489435613296,0.446626361954507
"DCBLD1",-0.114299069700641,6.50701921930242,0.341735272645196,0.446871025484793
"CXCL8",-0.528589591314404,9.43905574196073,0.341938456932801,0.447071113313123
"EFCAB6",-0.13124419441749,5.8680926347869,0.342152900873831,0.447301755049361
"PHACTR2",0.238200988035124,9.01523932759702,0.342373488379407,0.447551659899778
"CCDC38",0.110715796685956,5.94312375294532,0.342571628006237,0.44777218037979
"SYBU",-0.127643918103923,5.97111598126906,0.343481668180402,0.448768832447384
"PITPNA",0.176078792405214,12.1473703378385,0.344402796843475,0.449895012402987
"SHANK2",-0.110481794832149,5.93819274984238,0.34454165937799,0.450037752797429
"NUCB1",0.214540205645681,10.0706036303441,0.344753517546382,0.450242246675171
"HNRNPM",0.332668012584277,11.4430963820013,0.344757427836163,0.450242246675171
"SERPINI1",-0.110296278048322,5.98465130399977,0.345353480538487,0.450981945048026
"ZNF276",0.270188791187144,9.54579364856635,0.345496354851283,0.45112978145259
"MVB12B",-0.123520390325311,6.33985471393553,0.34555181779795,0.451139212792035
"NKPD1",0.115446981386462,6.09213436918253,0.345679535501332,0.451232947595503
"PTRH2",0.110702626037665,11.5268551095911,0.3458379096371,0.451381988479319
"ADGRF4",0.12179620684353,6.08078462151986,0.346089896259987,0.451607556653893
"SLC9C1",0.121838206635114,5.99882133904769,0.346143827035388,0.451626228685156
"PENK",0.132440938946434,6.03912137507534,0.346323983742712,0.451822522497998
"KRTAP9-9",0.110946520992853,5.91825197724415,0.346931882777337,0.452576777601453
"BATF",0.159075621364692,11.7627976845163,0.347617125274187,0.453159715512587
"MRGPRX3",0.117204990295468,5.95464146956697,0.347823881059141,0.453351524095597
"ZNF226",-0.16442450113329,8.91060138100145,0.348015948849116,0.45356299169572
"IGSF6",-0.147145978454252,12.9557199096934,0.348209789978992,0.453737853311671
"IER5",1.46527484929439,12.5198771862688,0.348248430248128,0.453749325498075
"LINC00674",0.219309702835594,7.23693251036085,0.348417123474869,0.453930233342398
"IL4",0.115386173412486,5.80353611914298,0.34919942518234,0.454793599226944
"CFAP36",-0.306010419359257,9.12987356927569,0.349315782852352,0.454854136878041
"ALG9",-0.132883673713099,6.68651926352526,0.349390774405211,0.454854136878041
"ZNF146",0.287107678254259,7.54087497085909,0.349499351618943,0.454896263690164
"PLK4",-0.167139069023549,6.11682772045106,0.349517546108599,0.454896263690164
"BDH2",0.119053134201665,6.34861897740576,0.350001295037225,0.455369979889307
"ADCK2",-0.179061611817202,8.1841793460088,0.350142310257512,0.455514478562553
"GIPC2",-0.115630957119677,5.98799825496462,0.350502356967263,0.455865889400337
"AFF4",0.115015278869309,6.8591946996389,0.351021896869834,0.456502566067764
"GRN",0.289095727243059,17.3341357709122,0.351089930318799,0.456552001734784
"FCER1G",-0.202993334347912,14.9564199670546,0.351204747011734,0.456662259965325
"RPS19",0.251276922955694,15.2895690421131,0.351404544174526,0.45685666723276
"GNGT1",-0.132096985267007,6.01121806698849,0.351638004791238,0.457029437564301
"IL12B",0.109115309888445,6.16611706013244,0.353244785504688,0.458844097877972
"PCDHGB7",-0.112828475529738,5.94859787333176,0.353452548620023,0.458996358928641
"SLIRP",0.182449899390541,12.9026173112329,0.353604162440185,0.459154038796989
"ECHS1",-0.125423101920609,11.9021092135976,0.353651455323428,0.459176242854836
"SEPTIN7",0.184918076244762,11.2020326163788,0.353768047637796,0.459288412879939
"SOST",0.11259000420477,6.14043518664285,0.353844243514275,0.459348122523696
"LIPC",-0.129583617259166,6.41663100864579,0.353921638618095,0.459409378636394
"KERA",0.121887825881892,5.94485845842553,0.354635001005689,0.460178250451751
"TXLNA",-0.377953824752109,8.13662059514173,0.35469155660466,0.460212370347552
"MEX3B",0.123650203243249,6.60757630804835,0.355583386935625,0.461212123540894
"MRPL24",-0.143120919960615,10.7972284460652,0.356312113055835,0.461960325264548
"FHIT",-0.258434282106326,6.88251393884855,0.356673083696912,0.462310087519188
"ACP7",0.106050705843072,6.0398443312043,0.358107019652061,0.463776261617065
"SOX2",0.119880125184681,6.31959663735438,0.358109195171567,0.463776261617065
"TIMM17A",0.128438061634823,11.9918593627019,0.358430622293771,0.464087924359401
"RIPPLY3",-0.116031267230767,6.00428006783091,0.358836760663362,0.464481186157836
"SRRM3",-0.165630857705737,6.33726110900961,0.358870067974286,0.464484765425782
"EPC2",0.130053807804099,9.66286133992027,0.359103955961925,0.46470838685066
"ST7",-0.111673307624153,6.54163422338119,0.359287981303724,0.464895447390426
"TMEM229A",0.135291977849196,6.01981191485852,0.359640113179804,0.465283440343552
"SKI",-0.393491222191543,9.2514912477417,0.359968257556875,0.465646314956064
"SHOX2",0.105541585532225,6.03981735100556,0.360284511654533,0.465958572433212
"EEF1AKMT4-ECE2",0.121069274123002,6.08555734203572,0.360782284834548,0.466519242541195
"DUSP1",-0.545070823642308,14.9944930641837,0.360968381119397,0.46668427612546
"PINK1",0.168522546386322,10.4389153334498,0.361033404869952,0.466722360099675
"CTH",-0.203190404927796,6.96967552215594,0.361059216634184,0.466722360099675
"PPA2",0.155798208328037,10.6463459277597,0.361191643066234,0.466853859234344
"NUDT1",0.327553986028603,11.274632643306,0.36128117266952,0.466929894956919
"CFAP97D1",0.206209912385072,6.63848875157411,0.361555100002648,0.467244218290302
"DCUN1D4",-0.106983757862278,8.24163114775251,0.362015351172145,0.467747946313815
"TATDN2",-0.230672927523643,10.3030398003743,0.362182461682198,0.467856185956244
"SSBP3",0.37914769285743,7.87395246651154,0.363323136056322,0.469090606430474
"MT2A",0.285489421306401,13.84581503937,0.363565624294757,0.469323997476841
"VWDE",0.124056780942499,6.04284343137519,0.364191271787394,0.470011953610208
"ANGEL1",-0.261476388067071,8.00017229715488,0.364297946368254,0.470084545797721
"MAGEA4",0.121052170125619,6.04177906310161,0.365403626914365,0.471392029861016
"WSCD2",0.119030553013278,5.92411437786972,0.365540569896563,0.471392029861016
"DIPK2B",0.113925092207795,5.92735526825706,0.365860197773517,0.471725467379369
"TMEM184C",0.137051863917521,7.49643105804451,0.36632364228555,0.472242939042014
"MIA2",0.150360896957713,10.2852422564482,0.366500774133169,0.472431240296425
"SH3TC2",-0.11303716386515,6.04774974869819,0.367014507580069,0.473053363105152
"SCG2",0.1101903086835,5.96587309469507,0.367179098498772,0.47314520674202
"IL12RB2",-0.117730066923003,6.14959612368782,0.367295224701687,0.473214654122608
"KCNK12",0.104951451190609,6.05942355709838,0.367520328458858,0.473384361412917
"ATRX",0.182912655973694,9.90580968678832,0.36755329822628,0.473386734368671
"ACO2",0.123755033979257,11.7602545411477,0.367653849975822,0.473476141115445
"INHA",-0.165861468994315,6.3920944708845,0.368788337535072,0.474816545651319
"PXMP4",0.332323125466475,9.10703732786941,0.369315414556128,0.475323102964391
"CHRNB1",0.11098217683408,6.02163691433362,0.370843152315491,0.477179343465097
"KHNYN",0.122444585854352,10.5609174793539,0.371018409766831,0.477337066583365
"IL31",0.104967473152482,5.92349552467458,0.371648286947618,0.478013121439393
"SKA2",0.169317806092864,7.71871544410523,0.371905434699965,0.478303412339709
"STAU2",-0.108253607146388,6.95308239558302,0.372554023379848,0.479056530613065
"FAM13C",0.104204583864352,5.85235345389429,0.372700533634357,0.479142677942913
"GPR160",0.323275377110014,10.0171375279708,0.372847769507497,0.479272156087399
"ZNF804B",-0.104118575318329,5.78786617040522,0.373206188079356,0.47959659931924
"ENPP6",-0.109189066979227,5.96028893229364,0.373226312003104,0.47959659931924
"KIF17",-0.403082191614416,7.28918589850297,0.374396739764074,0.480938053748799
"SUN3",-0.138610028827185,6.23916287723908,0.374727861861023,0.481160192771229
"PIP5K1A",0.164347677226743,6.69563331506157,0.374988542123061,0.481418635783061
"CCDC32",0.253272634082388,10.0075637463845,0.374992448677416,0.481418635783061
"ELF3",0.385269201660829,7.43495591984051,0.375657352093578,0.481987430240372
"MRPS33",0.184431411951568,10.6936960412002,0.37573284241221,0.482043619656225
"STRC",0.104373257822823,6.27175958053421,0.375917541396802,0.482199221454332
"NPIPB5",0.177431492358445,14.2705056202333,0.376953427613546,0.483283403064138
"ZNF439",0.101210778078175,7.04072659435348,0.37719833105187,0.48351586468618
"SELENOS",-0.394362085504142,12.8412428295761,0.377912334290026,0.484342697316759
"TMEM169",-0.103141061506748,6.10778656105706,0.378201867201408,0.484638860498738
"FMN2",-0.10459635945388,5.80943077830268,0.378673779137471,0.485202698889769
"ISL1",0.148494758481393,5.92918097942347,0.378980024204203,0.4855541877083
"TMPRSS11E",0.131387290060531,5.9792830617159,0.379195690922874,0.485789576914756
"LINGO1",-0.105536586071495,5.83565092526474,0.379628306344978,0.486220926637563
"TTTY5",0.112023021952084,6.16972846028408,0.379804650632805,0.486405821206207
"VSTM2B",0.100909998503103,5.92557759739177,0.380066337586176,0.486549931403271
"CAPSL",0.126949018378876,6.17109485217891,0.380077142626964,0.486549931403271
"RAG1",-0.102569524731105,5.95611954373196,0.380273656116584,0.486663386831649
"TIPRL",-0.137828266210005,11.2816552246582,0.380797973795782,0.487113605178572
"CHRNA7",0.191837889381312,8.32622310713443,0.381411012146478,0.487682753718147
"NKAIN3",-0.123303239416466,6.06794559741479,0.381615877433818,0.487903679194074
"CCN6",0.105538429621742,5.93399092516643,0.382896670593286,0.489325165342188
"VMA12",0.108180426764643,10.2577856290991,0.382920751758113,0.489325165342188
"DNAJA3",0.138712936013451,10.8387807034582,0.383239366477435,0.489673134743933
"CNKSR2",0.11591801083493,6.12438448423864,0.383623739887431,0.490058785065775
"CEL",0.111550611302032,6.053248562604,0.383976188298342,0.490467820564521
"PDE1C",0.103250871125901,6.0324348818395,0.384560231022801,0.491131339720755
"ICOSLG",-0.140357256659542,6.93709866291544,0.38492125169169,0.491505516402982
"GCC2",0.12988152939531,8.36514118752521,0.384950171349022,0.491505516402982
"RCAN2",-0.100892860039953,5.93840882876516,0.385247936744183,0.491838060241033
"DOCK11",0.127062540525186,12.0667771128006,0.385292542663243,0.491838060241033
"CERCAM",0.133929668417618,6.323857703493,0.385339984729873,0.491838060241033
"NKX3-2",0.101641320000379,5.89445239836722,0.385879817143051,0.492403109507595
"SYNJ2",0.114822588248272,6.00117133211258,0.38692340341344,0.493444957577493
"SMAD9",0.107742571627586,6.13602897725567,0.387124151366921,0.493659575212824
"DCANP1",0.3659692227684,8.44781907951686,0.387184316684589,0.493694822945419
"LTF",-0.176279430818936,6.25351927719835,0.387340594303955,0.493811363750067
"PDE6C",0.107246733376188,5.94523836281306,0.388133024999846,0.494614298994273
"DCUN1D1",0.20150658851513,7.85457478869683,0.388710246009852,0.495180700210974
"THOC1",0.15116366344614,7.72901648245188,0.388719370203513,0.495180700210974
"IL26",0.116600541698264,6.28465538795295,0.388740293254788,0.495180700210974
"MT1X",0.251321611760952,12.0906953643491,0.389536346306644,0.495862455397291
"TCEAL7",-0.172298177305462,6.06082430346991,0.389943127798137,0.496297187007621
"PCYT1B",0.0987207927661353,5.92540717848184,0.390126574391754,0.49648911659831
"EDA2R",0.116782159043224,6.05753447610223,0.390782121035339,0.497198569121177
"ATP2B2",0.111977781336772,5.91104555782402,0.390942311446796,0.497289834572097
"ARFGEF3",-0.110597547782736,5.92450343727216,0.390951950430299,0.497289834572097
"AIFM2",0.229922077854497,7.66231697222864,0.391083983770081,0.497416176731237
"PCNX4",0.28164542792378,8.78908713428501,0.391393296951668,0.497726336653647
"MBL2",0.170245163544554,5.95544547180199,0.39179707294871,0.498114854155156
"TMEM217",-0.127276663366757,6.31982278512549,0.392130566233916,0.498497170549644
"MAEL",0.114711910149459,5.94217804794709,0.393300249500791,0.499775250201206
"ZNF600",0.101821283346768,7.98805645256584,0.393527948213803,0.500022811967208
"POFUT2",-0.147571881517682,10.3841031135275,0.393781072987773,0.500260843538388
"PRAC1",0.0972189927910087,6.07256663262403,0.39474884192693,0.501239073893692
"LY9",-0.134947283320371,6.53965083755009,0.395800794586981,0.502490899413875
"PRR30",0.10865577500738,5.98231503765616,0.395907482027362,0.502584389538575
"REXO6P",0.105808683011261,5.86994812194828,0.396246394413792,0.502972637195972
"AHRR",-0.104962556954411,5.97658832953086,0.39655343678684,0.503236370715476
"GPX4",-0.235527839020312,13.0103689599867,0.396756772771876,0.503410395487627
"SDF2",0.261486963030788,11.2475102151512,0.397405680723652,0.504191673683599
"BCL6B",-0.107137618529265,5.98346884570194,0.397457701754549,0.504215609633232
"FANCI",-0.203804721510486,6.77699804344534,0.397656382192422,0.504425578478802
"SELENOW",-0.349537139513338,13.3587757690084,0.397945997724752,0.504750853494414
"BOD1",-0.137563177795005,9.51780892203183,0.398681232217892,0.505336962218068
"SRP14",0.127769620103823,15.6796946258694,0.399327345972969,0.505996523709125
"PGLYRP4",0.12925356570355,6.00659425205268,0.39936295761115,0.505999488407096
"KIAA0319",0.099590899358774,5.90799010756682,0.399451220119739,0.506069156579556
"IL19",0.110944403563932,6.01107194948135,0.39969622136283,0.506337370636061
"RBM6",0.277721196014437,9.49916051291508,0.400186266613529,0.50691593725292
"GNL2",0.202497093259474,11.1093315915889,0.400594110267212,0.507348037053943
"KLRG1",0.142722568738394,7.3721638881633,0.400758139836875,0.507471805914961
"PTPN1",-0.188223860787279,11.2291692568903,0.401060812755121,0.507675079503832
"NDUFA5",0.200616611012784,9.09473269657346,0.401135929795515,0.507696007018158
"OR7A10",0.102065520017735,5.98154223645927,0.40215018732397,0.508852654033026
"ZNF624",0.166291070587051,7.32116830914435,0.402209651955785,0.508885556318101
"CCN4",0.106877590230279,5.91156611404663,0.402434455847652,0.509127627030287
"MT1L",0.177094578736911,11.8333238908265,0.402672101986592,0.509343535474682
"COL22A1",0.104496114347157,5.93732612157851,0.402787966766122,0.509447721106053
"WASF3",-0.134547400984002,6.18086008655497,0.403066500173836,0.509757616186586
"GNAO1",-0.0953969707222563,6.00582880235791,0.403322329750838,0.509937590928965
"OLIG2",-0.170864058949934,6.07518362488828,0.403444919754443,0.509939356684306
"MINDY3",0.15162256751259,9.24671765549398,0.403968882393349,0.510431934483055
"RBMS3",-0.107652023018256,5.8991798818154,0.404119805305801,0.51050780117385
"RBM24",-0.101893462487088,5.86016821912794,0.404472455908039,0.510856001116972
"IDNK",-0.139790827939029,9.65296072956519,0.405060393678986,0.511428681367374
"DNHD1",0.0991855316870378,5.96076701554183,0.405110498992429,0.511449482706032
"TNFSF13",0.246343563620717,11.8546272244946,0.405250763500693,0.511584096564998
"LHX6",-0.100879888026947,5.83529876156375,0.405801863494429,0.512155704460456
"ATXN2",0.156946029238842,11.3262016053262,0.405876216761451,0.512203593436905
"APOLD1",-0.0958180047858756,6.44486848806941,0.406013082639636,0.512291293518924
"ACOT11",-0.426932270719068,8.7151270757164,0.406267381600543,0.512484600147732
"LAMC3",0.153070844117296,6.96561605068417,0.406561550223548,0.512728091533271
"RPS4Y2",-0.265146635098547,6.19505597101117,0.406740125908575,0.512910765739437
"HAVCR1",0.110343178475053,6.08495919351904,0.407143782565312,0.513318011283457
"MAPDA",0.22437597406662,6.89451665335557,0.407164332595498,0.513318011283457
"THAP10",-0.17647540507238,6.84137205307032,0.407244856625414,0.513376971117316
"SMARCAD1",-0.11198330313333,9.15610692216216,0.407489928766505,0.51357569154762
"THAP2",0.125123351411852,7.17805244349999,0.407772565273547,0.51382924622422
"L3MBTL1",-0.14970285477732,7.68903344946304,0.408569124034359,0.514790326289522
"PEX10",0.366800945573967,8.30581892252279,0.408977201100925,0.515219124779893
"RAET1E",-0.100343431695725,5.86895821675201,0.409497055485902,0.515745856714667
"PJA2",0.103092077556767,10.6932773855487,0.409534651257628,0.515750494892846
"SYNJ1",0.198096544934792,8.19813931156975,0.40984721445102,0.516058655188865
"TM4SF5",0.111056615803166,6.29370308585624,0.410113507167187,0.516351205977198
"SPOCK2",-0.142544480151135,8.37230440309364,0.410510734067859,0.516765768041056
"CAMSAP1",0.139003421854657,7.65957992454973,0.410670159773407,0.516838115676429
"MPV17L",0.149492835921355,6.6477795429616,0.411810363968399,0.517801737513965
"GPAT2",0.428077006230337,8.84192506191425,0.411934626271398,0.517873590205493
"DDX31",0.0945423344550164,6.45314470121945,0.411969253174387,0.517873590205493
"KCTD10",0.112308850204187,8.87810343149917,0.412320821198794,0.518199045913039
"MYH10",0.647723311611031,6.74802377122044,0.412398671750266,0.518216777917196
"IL23R",-0.0956663356911013,5.90905946482256,0.412413049916611,0.518216777917196
"CYP7B1",0.12747658749725,6.14098987592873,0.413240320125038,0.519084726890359
"UGT1A6",0.0977970139903838,5.88794133871014,0.413323757452324,0.519146655379497
"ZFYVE28",-0.17893687196278,8.0713672081866,0.413432482401934,0.519240333005914
"ST8SIA3",0.10818966057816,5.94785849868675,0.413572407826076,0.519373177392153
"CRTAM",-0.330768381543434,8.89045363869947,0.414531063253811,0.520405184907046
"DMGDH",-0.099878001780111,5.96062686386485,0.414987078166797,0.520848682409891
"ABCB5",0.1204134542114,6.14825701336976,0.416315304751046,0.522300210745248
"NPM1",0.104726684670001,12.3233462846799,0.416466623407538,0.522446952798964
"DCLK2",-0.0992041351819054,6.16946205648093,0.416824002893947,0.522809025650404
"ZNF625",-0.357976234489478,10.5044222318801,0.417071916007498,0.523076834788226
"TVP23C",-0.125754461894465,9.24885876778353,0.417424766871762,0.523389880005421
"FAM135A",-0.129780472517932,7.71707557028436,0.417500690990193,0.523441921564622
"SLC25A31",0.120535738625191,5.88752592550259,0.417677559144511,0.523462478039029
"CCDC15",0.225160027616902,7.37273831666026,0.417827436355601,0.523549448141714
"TSSK1B",0.109790082601519,6.02644936592355,0.418022783171323,0.523751069901918
"UBC",0.187413034761717,17.464208193271,0.418209065632257,0.52394130242486
"C17orf78",0.0944039828892438,5.98751151813523,0.418592942437582,0.52433584289521
"CCDC54",0.0932587639438703,6.01312292237201,0.418646569039202,0.524359827207065
"TFF3",-0.14447430375365,7.3500582409852,0.420521740684667,0.526448356300001
"SRRD",0.106815668944115,8.63296514320343,0.421305256500882,0.527299015790092
"CHST1",0.117334707821643,6.06094123656323,0.421612056679319,0.527596162098172
"VN1R4",0.0982182393200841,5.94155256535899,0.422408752533952,0.528462677569623
"WDR44",0.132528219089409,8.55505854086643,0.4230917202124,0.529186518709613
"MEIS3",-0.100350179521849,5.9985554912773,0.423179703486183,0.529221374490997
"CCDC197",0.0920571426463936,5.87251821509494,0.423667573863657,0.529645414165105
"FGFR2",-0.0937174275783143,5.90507421174596,0.424162019339023,0.530132806550614
"A1CF",0.0921492624623599,5.94786284795749,0.424810652343227,0.530723829450886
"DISP2",0.117250192187748,7.1524706426019,0.425063208936025,0.530953698685754
"PDE7A",0.241618160685769,8.96373073590022,0.425765568120368,0.531700013136357
"GAA",-0.101538283179646,14.9144823858847,0.425849984753322,0.531761767643363
"SPDEF",0.159225596219902,6.63509825062651,0.426310421222445,0.53224931335284
"DPY19L2",-0.0960308219227508,5.8488864570056,0.426771859036997,0.532781680531494
"GNAZ",0.198676923659257,8.06326650521255,0.426810067259713,0.532785644166931
"ZFP37",0.0922700927816852,5.92727044070952,0.427228878148519,0.533264673250384
"LY6G6E",0.0916836289958256,6.00291970829585,0.427580744521326,0.533616277915668
"MFSD11",-0.150593840039732,10.5173365579238,0.427921900472731,0.533998216327997
"LYZL2",0.101390161053369,5.96328341576381,0.428198804729091,0.534299919783395
"PBDC1",-0.149568628208395,7.88920231352397,0.429104385266694,0.535152363521934
"DUSP8",0.275982843114391,7.4129633471457,0.429365005429853,0.535328068723423
"AK8",0.130683282495425,6.3230043738047,0.429944257360291,0.535906258989862
"EPHA6",0.101026292218751,5.85363089025688,0.430050005034409,0.535950215239145
"LONRF3",0.204258040536942,8.33510376268359,0.430296386664204,0.536125466851484
"PNMA5",0.246823257159834,8.90792303848388,0.430826415767963,0.536653954541664
"OR2V2",0.0980119028821407,5.93715121341932,0.432342549951188,0.538145809433431
"IFIT5",-0.195475125911653,9.90229748229348,0.432469868756229,0.538260231119137
"DYNLRB1",-0.112498293912184,10.5072909667735,0.433005359810124,0.53883851665104
"TMEM178A",0.0903357551474571,6.0107020927267,0.433166452320363,0.538950781877451
"NPW",-0.150471311132695,6.22915223582998,0.434057598639634,0.539945836498159
"EXOSC4",0.112688824351945,10.2533169909092,0.434130944127729,0.539945836498159
"LHFPL6",-0.437409578721607,7.88188318485402,0.434140077838474,0.539945836498159
"RPS6KA6",0.091372261083777,5.91398322801267,0.43541856150899,0.541398535150742
"CLEC10A",0.459995407922251,10.2325959255083,0.435864407554681,0.541864294129942
"OR2L13",-0.0951538246405107,5.89663628367785,0.435968284871674,0.541904836643107
"PCK2",-0.11761298302739,12.8084760558607,0.436475637186399,0.542402475104654
"AOC3",-0.361847169110839,6.86075748967986,0.43724105242865,0.543220482422589
"CTNNA1",-0.0901270546603156,10.9190275648722,0.438236899846683,0.54432430356651
"ZNF510",-0.106235060618437,6.92500398475674,0.438410368461913,0.544495294697328
"MICA",0.183731169690497,8.74187904010938,0.438968560280364,0.54501052042973
"HMGB3P1",0.161455994955712,8.2001636667454,0.44030417110044,0.546445718467072
"TNIK",-0.0935979262721177,6.14956878354039,0.440907748369043,0.546927001402643
"PON1",0.0952812305321389,5.92576487183429,0.440980465086243,0.546972588943119
"SLCO1B3",0.0902673841076716,5.85318096998345,0.44179253081683,0.5478294204583
"PTPN13",-0.307287693541764,6.74530484780501,0.442602151277356,0.548626091501022
"CC2D2A",0.0963905642751142,6.2961118347134,0.442711834854154,0.548717325547023
"CCDC177",0.0880019888506891,6.11930580614045,0.442793321904657,0.548773599505013
"NOLC1",-0.101514371961964,10.0669581896833,0.443260381445095,0.549266879831277
"MYO9B",0.213769693535831,9.97313175013509,0.4432948686309,0.549266879831277
"CCNH",0.141565620422993,10.7753487435163,0.444401986663588,0.550444926646977
"LIPG",-0.0899925038704312,5.9000453914744,0.444428840849122,0.550444926646977
"F2RL2",-0.14111216885613,6.04874949109578,0.445679190466089,0.551810561638711
"VAT1L",-0.0953324413530613,5.88141287612329,0.445980131971741,0.552138216136945
"OR10G8",0.127193414848409,6.37303941417795,0.446703338919495,0.552943543731701
"FAM221A",0.113972217964026,7.85443625243191,0.447407350493094,0.553634742579249
"PPP1R16B",0.0873884147837277,5.9998423784342,0.447569795221158,0.553700597553353
"IL20",0.105018933873403,5.92694870410162,0.447697132943727,0.553813079372719
"DIRAS2",-0.0867227266161299,5.91453355583814,0.448103647201668,0.554180716161907
"H2AC21",-0.635226229330364,7.63310676800024,0.448300685426554,0.554379315658403
"ALAS1",0.218521183064684,7.60765939044427,0.449257310738654,0.555426809341798
"PAFAH1B1",0.180403806835054,11.1751205016081,0.449342617420287,0.5554534333784
"MLLT1",0.151002871859607,6.84029454978786,0.449746379331265,0.555730668378668
"ANKRD31",0.0949092292004303,5.89876834932987,0.450372157940796,0.556307649282295
"BTN1A1",0.0882169021872934,5.95402321216369,0.450588558112649,0.556529748377906
"SPIC",-0.091270414633799,6.0609456555688,0.450673942552489,0.556570591161433
"ACOT9",0.127421447409135,12.518855286953,0.450795050636225,0.556649166131513
"GRAMD4",0.0987740731405482,7.59954805435708,0.451101951829053,0.556937691460971
"POM121L8P",-0.112495998167349,6.02179711190024,0.451345968533336,0.557148497520696
"DDIT4",-0.579959992391964,11.7522297056732,0.451558331187911,0.55728992130186
"PDE1A",0.101362417867757,6.21523240814233,0.451569103885198,0.55728992130186
"C5AR1",0.161218803182787,11.7815484313665,0.453647255675995,0.55953044844449
"HOXB1",0.0973365673171174,5.93938625233914,0.453905289901974,0.559715653382467
"GPR19",-0.0910710651148843,5.95742315738781,0.453935628545856,0.559715653382467
"CRYBG2",0.0950288351358095,6.15242482848962,0.454336737292104,0.560067528632433
"CCSER2",0.144334545477763,9.30938906885345,0.454915595527307,0.560735644089747
"LMF1",0.118580734977629,8.00726517804491,0.456090616105452,0.561956257776207
"GSS",0.130310563525963,11.4037769960633,0.456661564447531,0.562568576113248
"MYO10",-0.307459881268014,7.83273950655069,0.456849323524985,0.562754293873965
"DRD1",0.0902488691107888,5.8506779961165,0.457422481580759,0.563232216005196
"HRAS",-0.207813736620581,9.30939800260949,0.45810099342393,0.563930703253289
"KTN1",-0.115212333191838,12.3799807810166,0.458522151836499,0.564220801450723
"PWP1",-0.118415034288388,12.0035920031847,0.458715546658562,0.564367448716399
"HAPLN3",0.117980476931841,6.52824851749865,0.459236845796258,0.564871720387374
"FMO9P",0.0859764466910464,5.95587388614703,0.459430438767269,0.565031853804578
"LIN7C",0.204451854541948,9.53867145828827,0.459478493950632,0.565031853804578
"PAQR5",-0.0886739615365875,5.92814796845483,0.459938741142531,0.565506376853069
"BAIAP2",-0.150660837506268,8.87629717579915,0.460057448747507,0.565557753209525
"SPART",-0.0945378186850627,8.29233132482976,0.460059569971808,0.565557753209525
"CDS2",-0.155713564505342,9.87995149611962,0.460092091182815,0.565557753209525
"HS6ST3",-0.0834733043196404,5.86954167076218,0.460507300337973,0.565940438047959
"TRAM1L1",0.0841907063647696,5.9580251905303,0.460589807564041,0.565964967397364
"LINC00474",0.0922551457985687,5.87420745624247,0.460986538006736,0.566199585689423
"NOL8",0.0833559235812431,11.1802521361744,0.462167779009584,0.567421295162489
"SLC8B1",-0.176175311399598,11.197910756439,0.462218485400951,0.56743774023068
"CDR1",0.0880323343328696,5.94160947432366,0.462373324951064,0.567582010320105
"FBLN5",-0.371141338694568,6.87491950086882,0.462555319089855,0.56764997262002
"SLF2",0.102963660247568,7.86800812573629,0.46260746767753,0.56764997262002
"ARL10",-0.0893286881650567,6.21335864671141,0.463027415712754,0.56810979735051
"ALG14",0.172771679442847,8.35476230000583,0.463634498494348,0.568729820127858
"PHLDA1",-0.124618176580285,6.35312281937854,0.465018982064502,0.570047451171767
"CD4",0.137160048238062,14.2723494166052,0.465285402150001,0.570282107986558
"CEACAM5",0.0854436112243301,5.92744131963859,0.466925957874079,0.572092701279286
"CSF3",0.085073889407088,5.86650408031296,0.467229285359255,0.572387866259348
"SAFB",0.300960651975752,8.78430142704647,0.46741298284765,0.572520670356561
"CFL1P1",-0.172160238685374,14.3761256522453,0.467704178195169,0.572785081493971
"TMEM161B",0.102470657767048,7.97056187344382,0.468087796084399,0.573208728790687
"RRAD",-0.156730072657446,7.77030360174682,0.469850392683009,0.57518190227185
"HAPLN1",0.0837481453700763,5.98776837192095,0.470083837217131,0.575328745887504
"MYO18B",0.0875061843332701,6.04426361074826,0.470247065264619,0.575460660856902
"FABP12",0.0882784192233411,5.88321410624195,0.470735742757029,0.575941204814875
"ATP6V0A4",0.0849330317155406,6.00247213295512,0.471399484857945,0.576567746961527
"LEO1",-0.0852414061590462,9.37983920143173,0.47157495306386,0.576689601656094
"RAMP2-AS1",0.0881833071229915,5.91266189072199,0.471809894607168,0.576837758436032
"SLITRK1",0.0851717904089955,5.97340562867634,0.471858249107509,0.576846864960717
"BMP4",-0.0808938068242626,6.00975340776401,0.472331564432664,0.57723940470398
"HOXB8",-0.0842251501411957,5.94459716344501,0.472409792702851,0.57723940470398
"OTX2",0.0820603451188762,5.9952301424745,0.472553943424959,0.577329721369439
"OSBP2",-0.0975237214911533,6.07542488877258,0.473697049968106,0.578493915997346
"ZNF781",-0.0856649545345115,6.10960477854257,0.473855848030642,0.578641379223543
"KRT16P3",0.0900351280443202,5.90856001276539,0.47419384695704,0.578961145192893
"ALX1",0.103923761774337,6.08347801349536,0.474290465258001,0.579032623877633
"CYTH1",0.196894076987669,13.7998133974463,0.475759609670937,0.580639767584913
"RHOJ",-0.0885973205772927,5.94063573949023,0.475959841179569,0.580837527255567
"HSPA6",-0.340850999492909,11.8171505200758,0.476122810384177,0.580989785791749
"WFDC8",0.0969460545007778,6.03923052700874,0.47646883544158,0.581365376235201
"CFHR1",0.0927294642524792,5.89219003703182,0.476573505261995,0.581446439472477
"LINC00635",0.0808749556430711,5.83988306708243,0.476776735274987,0.581584400187881
"CHPF",-0.144475822740301,6.27553976997668,0.476832003380911,0.581584400187881
"TRIM65",0.105859750446757,6.81895197881102,0.476847352646717,0.581584400187881
"EIF5A",0.200613145375385,9.1590481447288,0.476877792631699,0.581584400187881
"EIF1AY",0.291609473253512,10.4782178314353,0.477053439894174,0.581751961663908
"CCDC144A",0.182146697931629,8.87555174098891,0.477215303861425,0.581902689314028
"RFX6",0.0937617478028067,5.91015050701313,0.477608022759807,0.582288184233698
"PRSS37",0.103662904684318,5.94152356917495,0.47786559680107,0.58255551071348
"SCUBE2",-0.297815774672961,6.68884636586161,0.478333091428786,0.583031951146027
"KIR3DL3",0.206139745789238,7.10303000780442,0.478425694249396,0.583098089288733
"KLHL6",0.244122597361141,10.3687784137804,0.478622866671121,0.583288230403099
"GPR83",0.0825966506042675,5.88034115701708,0.478696765101334,0.583288230403099
"NRAP",0.0831951189411367,5.93340608320947,0.478853151136725,0.583371820423278
"LRRC8E",-0.0903625955131987,5.98007357826796,0.479092301461724,0.583583157439319
"OR52A1",0.0959386712792829,6.18190197011318,0.479675792323185,0.584013245508846
"PTPRN2",0.102542581300041,6.10425641003827,0.479774510514422,0.584086675944871
"TTLL2",0.0903904377408186,5.89426777037493,0.480602468402036,0.584829488545666
"SLC16A1",0.134451797494595,8.76703881874846,0.480615396360056,0.584829488545666
"ZFAND6",0.219136917908318,11.787374337682,0.482439598853777,0.586502294557473
"GNPTG",-0.106108033141139,13.625868284766,0.482452900112703,0.586502294557473
"TENM3-AS1",0.0834127773031777,5.96021275270147,0.482533392524411,0.586553259812265
"CDC42BPA",0.147558562177426,6.5263483620967,0.482644849091999,0.58664185302039
"PLA2G2E",0.0803003662410148,5.97853494028981,0.483076353509291,0.587072493540778
"SHISA2",0.0839811205695868,5.95650627953324,0.4835069080934,0.587454905990607
"IL2",-0.0859606112440035,5.87171125559978,0.483627016149652,0.587506962345548
"NDUFB2",-0.120748455902584,14.2514525539345,0.483951668705237,0.587807441711464
"C10orf62",0.0850695209976651,5.99673473041389,0.484050760395373,0.587833902746373
"ZSCAN4",0.084237155286517,5.89638442645115,0.484192027398468,0.587958507878945
"ADRA1B",-0.0844672043355832,5.95734884925218,0.484649847804776,0.588420476242618
"ARL14",0.0880907949439058,5.87037017262425,0.48474993390551,0.588452399460429
"GCOM1",0.193089146527091,9.58363892692059,0.484874424879031,0.588505207786137
"KRR1",0.104390373712406,7.02717162993125,0.485498951105722,0.589216187727701
"GOLGA6L6",0.0825787748065204,5.90279475313904,0.485550303690598,0.589218026527994
"ZNF776",0.213706290580014,7.37011142961671,0.485577954134361,0.589218026527994
"DEFB127",0.0803300711646723,5.83385384425659,0.485726190232249,0.5893038612726
"CYP2A7",0.0806125249677732,6.01674667548,0.485806330838823,0.589337294082327
"PSD2",0.121827039402593,5.96413504196181,0.486191008893759,0.589632604725381
"HTR1D",0.0840609313432987,6.02802613766453,0.486280218610102,0.589670141078811
"RAG2",0.0823306603097624,6.03962686461731,0.486505413388564,0.589825759471722
"ATL1",-0.0885748185931354,6.37355209852231,0.487230872461702,0.590516983455337
"MYO18A",-0.121548651007254,10.3597720107639,0.488398774480335,0.591649558889353
"GTSF1L",0.081486369182196,5.95088343157744,0.488726753976472,0.591953508595823
"ATP10A",-0.213425499921148,8.95229591040439,0.488858097956981,0.592064502168493
"PSMA3",0.08329381796905,11.4086565093631,0.488900583477941,0.592068806619886
"ELMO2",0.20011442601656,10.8952720765035,0.489076817850399,0.592235070138456
"CCR4",0.105140841816194,6.04678418040805,0.489796825387157,0.593012508597077
"ARMCX4",-0.0853413002315016,5.9418152229446,0.489914703643129,0.593108009314178
"LAMP2",0.144130681168314,10.0827893409553,0.490738444306749,0.593904390493541
"CD1E",-0.488169335440738,7.54631594116567,0.490799535310363,0.593904390493541
"ZEB2",0.134631065310039,11.2546385490992,0.491558659684393,0.594672189681032
"NTRK1",0.0945160912698507,6.13822160310438,0.491969817570721,0.595074921308799
"ALDOB",-0.20540125542424,6.4386860664547,0.493263933421837,0.596220468923002
"CRISPLD1",0.0997661678148386,5.99125938929942,0.493285858362077,0.596220468923002
"HERC2P2",-0.244372087905557,9.38398269613718,0.493308926910714,0.596220468923002
"SRSF4",0.122246383393119,11.819283041258,0.493714005450018,0.596567820982351
"LINC01587",0.0974300242484504,5.967605442568,0.494153705163343,0.597004253902456
"LCN6",0.0783238063852229,5.92436106868223,0.494232862748306,0.597052456642802
"ZCCHC12",0.0778196178867659,5.97010480487339,0.494509937254253,0.59733972404787
"ZNF300P1",-0.0824622126206503,6.11290156451837,0.495652937935684,0.598530242982839
"XAF1",-0.158455039541902,10.4082811371535,0.497051658581565,0.599790654900297
"UBE2W",0.138853002163687,9.13024164226721,0.499527240410504,0.602300029506298
"SORCS3",-0.0780857149760064,5.8711036486152,0.500185095098552,0.602997616033197
"RFX7",0.175639989292253,10.2113384347134,0.500537288631074,0.60327873557627
"GPATCH2",0.0890118379242508,8.09188090841151,0.500608756956601,0.603317059655756
"SGPP2",-0.0754333438786959,5.99937546287835,0.502255491302183,0.605205729476555
"LINC01555",-0.0756101918643411,5.89296007971351,0.502985126270515,0.605892895075009
"SCAND3",-0.153212423800714,6.07546794140152,0.503592536665694,0.606384425780829
"B4GALNT1",0.115795717346266,6.03709879849425,0.504116126437159,0.606966831672576
"RUBCN",-0.152442771643537,11.9078609874473,0.504431572257022,0.607250482932383
"LINC01565",0.075758556297702,5.90695493646896,0.5046134905818,0.607421399775844
"GSTM4",0.183282979058182,7.50596698756537,0.504738657638755,0.607523981430169
"KRT37",0.0861391494253945,5.95054455360513,0.50570873126522,0.608354562971165
"RREB1",0.131562725517784,7.76772002160898,0.505894097469504,0.608481290281257
"SERPINC1",-0.302281560336471,6.52914772749911,0.506524257570029,0.609046561442521
"DMP1",0.0757174766390616,5.88085779371461,0.507614115611441,0.610237788553403
"ARPP19",0.231775397719387,9.34390011578707,0.507635340806753,0.610237788553403
"RTTN",-0.079174690256708,6.4125359929046,0.508739693711678,0.611227149784105
"GPR22",0.0757078067055616,5.89615853573785,0.509659648368262,0.612138993238393
"RNF8",0.127672056638897,8.5383359745603,0.510055990488688,0.612518280428929
"IMPA1",0.128161399651388,7.69192567180776,0.510408362334268,0.612796271759654
"GIGYF2",0.157413836045811,10.1854214627935,0.510812784761037,0.613136608575048
"POLDIP2",0.0814360455129447,11.278898386514,0.511462265299571,0.613674014254507
"C5orf24",-0.112399537798943,7.97553097588984,0.51204616982642,0.614229227852989
"TRIML1",-0.0736587484087021,5.91127681582087,0.512297427812475,0.614433697332186
"KNDC1",0.08116550440189,5.92467410439904,0.513272163713696,0.615360115550483
"CD47",-0.10577931814294,12.2763072922807,0.513455890922459,0.615531861039631
"TOMM5",-0.155883443909847,12.1057867091143,0.51372611145052,0.615710198040784
"DNAJC5B",-0.181373122612236,6.61266133261104,0.513896006656488,0.615865285203457
"PTPRZ1",0.260101829152597,6.29614127266151,0.514133944461521,0.616101885381043
"MAPRE1",-0.205549331695431,10.280836826501,0.515176997090174,0.617108677673864
"TLCD3B",-0.590551857025387,9.81146257682423,0.515303024899554,0.617211026437144
"SNRPD2",0.211476653503652,12.5841437181375,0.515924646888974,0.617896610680091
"EPHA7",0.0739902832152129,5.88605350883983,0.515956671424676,0.617896610680091
"HCN3",0.112507500921831,7.22291717287444,0.516648091044672,0.618529809384191
"INSM1",-0.0815686830246194,5.89435696372338,0.517365503612511,0.619193718339425
"PTPN7",0.0802158442467623,7.3789406928197,0.517564974033222,0.619383705154017
"PHGDH",0.117089024567809,6.41855864581967,0.517933165546318,0.619596647655269
"FABP7",-0.107076368940375,5.9386367450487,0.517946618992729,0.619596647655269
"DYNC1I1",-0.101036187860296,6.0645379336195,0.519124746853308,0.620721221875884
"RAD23B",0.213775708238213,8.42235561420275,0.519354842116656,0.620890530532985
"MRPL51",-0.0975311369443837,12.8675020545892,0.523101834922064,0.624624200287526
"WAPL",-0.0743975274944826,8.81508451175645,0.523186010321851,0.624635958939763
"SLC35F4",0.0804876486357047,5.88971805516186,0.524119584017064,0.625505032859727
"TRPM3",0.0738858561329677,5.96708387396926,0.524466938756527,0.625870464894009
"ST3GAL1",-0.0861465007358269,10.6918279155485,0.524535960537014,0.625903718151974
"TMED3",-0.221762959286357,11.0170839579607,0.524832196781758,0.626208069092811
"GINS3",-0.108881781498699,6.43050869553027,0.525614298663176,0.626858775356659
"TRPM8",-0.076792012547331,5.91430616081522,0.526440515643105,0.627782275692021
"MFN2",0.186253630396763,12.9039690282221,0.527326509140961,0.628592377411486
"AP1S3",0.107432574901108,6.40493408176192,0.527417911978191,0.628625906998838
"HMGCS1",0.12888247890982,6.96280633728313,0.527582048641702,0.628749141583184
"OTC",0.0781015022813977,5.97063271932758,0.52820966012439,0.629340943332211
"HSPB9",0.0733368594959622,6.27013304557658,0.528244157130173,0.629340943332211
"DOHH",0.10217323761747,8.76540075962349,0.528647512765185,0.62972283027594
"ATL2",0.104520985362706,6.02442530952825,0.530193661068865,0.631218506148059
"RLIM",0.0705818649093446,9.56937088966512,0.531049209674804,0.631989700347009
"FAM174A",-0.184451194101299,9.28061577039092,0.531371524097215,0.632323798002383
"KPNB1",0.168162282885816,11.4257577929094,0.531860733037847,0.632806918169267
"RTP3",-0.0697884944684878,5.86327921028381,0.532259930946192,0.633133283522072
"CEACAM21",-0.104117394865632,6.98593626969103,0.532920293555314,0.633770083233438
"CRISP1",-0.0705301345771403,5.81221057809221,0.533993997349852,0.634798773680649
"UCP2",0.16659838935619,11.8518370067874,0.534591806941132,0.63536044075967
"HTR3D",0.0701401703852638,5.94667948070034,0.535318525230937,0.635925959358857
"DPF1",0.0711907269733313,5.97163040240499,0.535606606675789,0.636168796807669
"ZNF680",-0.0752719639076246,6.05750716306145,0.535672349022687,0.636197195153223
"CPTP",0.338999639272764,14.6081361785698,0.536289725644391,0.636731528425318
"ATF7IP",0.209741909566884,9.98117165212939,0.536558724790111,0.637001177721156
"CDV3",0.132823124396195,13.4621174987199,0.536666914805136,0.637079887624425
"CLEC4F",0.277966883630746,6.97193711964376,0.537124599642699,0.637475316226754
"NLN",0.225961767754404,8.36871102550346,0.537125769471964,0.637475316226754
"DSCAM",-0.101347651714774,6.17934062412373,0.537889336332929,0.638082763412729
"CCDC112",0.0828056237284753,9.56747623260987,0.538432299490142,0.638577432008584
"IFT70A",0.0737309430954138,6.13076510585242,0.538840322920018,0.638911868935571
"TIMM21",0.101176055609115,9.68698596473174,0.539040838802087,0.639099795470659
"TBL1XR1",-0.183954759765994,8.41913615027967,0.539660984321172,0.639735306692368
"CCM2L",-0.0696098265787805,5.89448312417122,0.540616935995708,0.640577461800424
"FOXA1",0.0687152161507726,5.9223959362081,0.541099895034501,0.641091243665059
"PRODH",0.108713345991285,6.28503316684509,0.541145220587547,0.641094999976273
"ARFGAP3",0.305646815644915,11.6523670582694,0.542340568497309,0.642260969140872
"HERC1",-0.113850603917234,10.5315363848137,0.542685448138043,0.642569316045107
"SOX5",-0.072363933180668,5.92766414167724,0.544419765980304,0.644051516895971
"MTERF1",0.074471274318334,8.15093432208691,0.544445443267662,0.644051516895971
"TRPT1",0.0920159959337416,10.6866949717161,0.545836649517223,0.645345857564949
"SIRT4",0.077531931517791,6.32127346866781,0.546259142925877,0.645744970510435
"TMSB4X",0.0946990963521037,16.0472111061323,0.546669850144112,0.646165469759299
"PPP1R1C",-0.0720594412657328,6.05721512710552,0.547233535006573,0.646695749505009
"DNAJC28",-0.103373128800955,6.39541223160837,0.547579362725667,0.647003880687743
"ADCY10",0.0686407658669224,6.00039312664639,0.548233722324321,0.6476154073641
"ZNF444",0.078097153296386,10.7827616477391,0.548513449492192,0.647855897784814
"PRTG",0.0757985502873802,6.17507476545754,0.549615082805439,0.649106638138163
"MT4",-0.0793577784395939,5.88693925341943,0.550230593135048,0.649682209658215
"BMS1P20",0.109210569094356,10.0763833658273,0.550569354486151,0.649933135257808
"KRT35",0.083968595389454,6.48021176851241,0.550571316512779,0.649933135257808
"PPP1R36",0.0808991476291971,6.0580790369877,0.551075928712304,0.650276437294904
"CEP41",-0.0741815086106439,7.29341011565254,0.551318197275969,0.650360467279936
"OR2W3",0.0684306518100699,6.17749211041184,0.551522139571597,0.650550585480869
"GNG5",0.0787516843473837,12.7137596763515,0.551741530622218,0.650758895432192
"ERMP1",-0.162262085618423,7.34306505651693,0.552163954717733,0.651055157648262
"CEACAM8",-0.0699189340228807,5.97554794000223,0.552429264547287,0.651317486257473
"DHRS1",0.190397159498419,10.3224526099244,0.552672161960137,0.651502847770697
"CYP19A1",0.0797114062739476,6.07472677227345,0.552753875503289,0.651548669869325
"TDRD12",0.0735462358351331,5.9571643612711,0.554170024989363,0.652762585395263
"CXCL6",0.0669594420849179,5.91261523009973,0.554874746199798,0.653427089464743
"PASD1",0.0659999354408069,5.87843080817278,0.55490602711975,0.653427089464743
"EXPH5",-0.0709812255952952,6.95463827193197,0.555266981614458,0.653649683132803
"PRPS1",0.165087637655993,9.19066287616147,0.555313005317125,0.653653265082262
"SPHK1",-0.143106186189202,11.5672054917877,0.556088567334503,0.654464860859242
"SLC39A1",-0.11465534711571,10.0520116936806,0.557603774228437,0.65584208804842
"ART5",0.0744976633525744,6.06120596790481,0.557869001863636,0.656052565754886
"CHM",-0.270678780620991,8.21949171939254,0.559364174133727,0.657410311045718
"NACAD",-0.0901744530166992,6.08091850827897,0.559384250554457,0.657410311045718
"RS1",0.0654733070525509,6.07591397727737,0.559550984862025,0.657522127784089
"TAS2R14",0.129940902471921,6.84097785278004,0.560232307732307,0.658170176592733
"C6",-0.0728795060046295,5.9773934025538,0.560464278676233,0.658391839186479
"GLI1",-0.156049632019599,6.39019697083642,0.561619333682275,0.659239489552334
"ZFYVE1",-0.10292438594105,9.81546438428207,0.561854006292281,0.659464052457591
"UNC80",-0.0656520124592199,5.91462100591008,0.562383944211772,0.659933257991715
"SALL2",0.0945640047502557,6.42502854443357,0.562778975001581,0.660294912191332
"L1CAM",0.0652418567666195,6.05449351775368,0.562884563841584,0.660367850567215
"MFSD4B",0.0832141382354147,8.15220884235869,0.564172899761501,0.661508678426314
"LINC00310",0.06786801073613,6.09629738664099,0.565079309630823,0.662074433040489
"KCNJ2",0.0862420122833906,9.40112161727865,0.565887496185351,0.662854984115487
"CLRN1",0.0677184050917237,5.88457686843841,0.565919852298493,0.662854984115487
"DMC1",-0.0742492216701598,6.1860115307396,0.566760629570857,0.663686429083975
"WWC2-AS2",-0.100148307697522,6.75065181784449,0.56775268385425,0.66469459707894
"NUTF2",-0.233613252947662,9.88539963967129,0.568173844953901,0.665136466327375
"DMBT1",-0.0638920845919666,5.94783535472997,0.568447153159538,0.665405195909041
"CAV2",0.122002848254327,6.23511083122841,0.568623077226662,0.665510645898886
"NR1I2",-0.0641643672604625,5.92030312994377,0.569137469482787,0.666008205285797
"SEMA3F",-0.0640104843844585,5.87255390166783,0.569809351162158,0.666640557925541
"FOLH1B",-0.076831041055554,5.89350559636636,0.570275463527893,0.667083243545281
"ACADL",0.0632285763051164,5.96932978951213,0.570441265740237,0.667174557361957
"EQTN",-0.0666169115491244,6.03162757939479,0.572376274400719,0.668923259900571
"PDCL3",-0.258057295672217,11.1226674975117,0.572639551635252,0.669179522150677
"H1-6",-0.0646833319215964,5.89895418135253,0.57304703717304,0.669552807416072
"DHX36",0.0889187047248386,11.0315353201598,0.573426553785306,0.669944766840819
"GUSBP1",0.0756806201798566,11.9312177746191,0.574391700734713,0.671020816160203
"SLC5A4",-0.0750343796337451,5.91611414874989,0.575319294540383,0.671640119088827
"PRSS54",0.0635484762554526,5.98938179567982,0.575970751649596,0.672163550365289
"TMPRSS3",0.0829193150338897,5.99038976415936,0.576132364159526,0.672279674222211
"RPE65",0.0632276042049741,5.90157383406432,0.576442873313576,0.672580433715946
"CMYA5",0.079157183649493,5.96037950551221,0.576522786291496,0.672580433715946
"TGFB3",0.099016249787172,6.26181494992619,0.577183846331411,0.673291089605043
"CDKL5",-0.178240418037747,8.93131605180523,0.577220490943618,0.673291089605043
"INSIG2",0.182948540388214,8.48094654433933,0.577581110056562,0.673660059954
"FLG",0.0649777982707197,5.89876542082881,0.577825674351181,0.673841948894469
"TMEM59L",0.0778669057925074,6.09239667349288,0.577939499014567,0.67392301035221
"RALYL",0.0674120342378864,6.13605678116953,0.578009405476367,0.673952851221696
"FRK",-0.0753790761221666,5.94062564113317,0.578967687491525,0.674759797024379
"IFNK",-0.0629605106547908,5.87238029832643,0.579124314410533,0.674787202999953
"ZNF492",0.0744450915350757,7.08963160015196,0.579542566481946,0.675171085572042
"LSM5",0.0722647742151691,10.9525690428592,0.579814639090325,0.675347508235495
"TINAG",-0.0655086455582866,5.94896762194019,0.579846859217484,0.675347508235495
"SYAP1",0.106889644784312,10.1140731220316,0.579932521818201,0.675366704327376
"PFN2",0.0732076043248515,5.8921175287689,0.580307299424462,0.675751409620767
"TCL1B",-0.0966951072373515,7.24154530859036,0.581097403822895,0.676516061956563
"NPAS4",0.0627898066575076,5.91172272778973,0.581570340465315,0.676911199892585
"TUBG2",-0.0873391997431537,7.94959833124513,0.581865566733134,0.677202995245849
"ARHGEF25",0.0647640093620164,6.07614208260245,0.582007438927626,0.677316278788746
"PLPP5",0.0737697403787619,7.27471606690733,0.582102891633534,0.677375528040615
"SMIM20",0.0645613535762942,10.1967217944548,0.582581496283304,0.677812546630544
"DSPP",0.0613309642681616,5.97375103946666,0.58266907404739,0.677826916401187
"MDH1B",0.0638215144346817,5.91175202298617,0.583228818962889,0.678374292832705
"IL25",0.0737219353170702,5.83072851989143,0.583353640031639,0.678467586234412
"DDRGK1",-0.074897238902075,11.8534893111888,0.583594769850169,0.678644231524802
"BHLHE22",-0.0656422381616265,5.93839020191436,0.584327362061244,0.679275111778505
"TRPV1",0.0727240305342148,7.65811915893165,0.584361929776405,0.679275111778505
"ADORA1",0.115544521473077,6.3975635284643,0.584571686012471,0.679416599226416
"TRPV3",0.0659710306940039,5.90150074874235,0.585557642601492,0.680302569036172
"UBR7",0.0697313887022745,10.1010824154266,0.585661181089261,0.680370883966503
"MNAT1",-0.0886481157018413,8.67526163984474,0.586786664609144,0.68152219301786
"ENTPD2",0.097926070183017,9.0958045735011,0.587300835533668,0.681867857532143
"AGXT",0.0649279019671334,5.97948856674851,0.587869465055576,0.682376052162237
"COL6A5",0.0620750283085171,5.98196465113187,0.588278876374227,0.682681812430313
"YWHAZ",0.193299703611261,10.8701176189163,0.588440375987822,0.682765029222766
"LHFPL3-AS2",0.0606591674424642,5.90439339346467,0.589162561244381,0.68339441929712
"VSTM2L",-0.0729109264067773,5.91833307822109,0.589255685823298,0.683450310402739
"MRAP2",0.0620517598299876,6.04718545231017,0.589552759248119,0.683554247918383
"LRP2BP",-0.0621095043722562,5.77154055987409,0.589814151688286,0.683616030702446
"DHX58",0.148190736401433,10.8357127568682,0.589858116983235,0.683616030702446
"TP53I11",0.0838596904849997,6.85077232710214,0.590083029025578,0.683784113488341
"FAM83F",0.0851850776390165,6.11260485262519,0.590458213244376,0.684114620373341
"XAGE5",-0.0619392765776784,5.98575316760801,0.590849187715359,0.684515460255594
"CCN3",0.217067360955995,7.24236952984608,0.592788233340079,0.686134671789019
"POU3F3",0.245217351554907,12.0135627032525,0.593670985089181,0.686928454945288
"ACVR2A",0.0875200609366063,7.22137133011573,0.594351467123749,0.68752545158728
"PCDHGB8P",-0.0669545501722223,5.92795156706557,0.594769638117341,0.687956849443909
"IFT88",0.18256043673326,8.15496479710799,0.595332149726381,0.688427783726097
"VTI1B",-0.0634439577357544,12.6434272603529,0.595742886577765,0.688768269657492
"TBX18",-0.0591620231401478,5.8598961626991,0.596571868860415,0.689517022467639
"CDK5RAP2",-0.0733678844351821,9.86206353770508,0.597246744551676,0.69019213458525
"ZHX2",-0.307516871534295,8.14577099619138,0.597721023052803,0.690575135463356
"PLPPR4",-0.0594202135460199,6.08856391970588,0.597759802948423,0.690575135463356
"SPMIP3",0.0683689180797696,6.01576105891213,0.598055911000037,0.690812266025259
"CCDC170",0.0592507469862034,7.40769862583959,0.598397697232502,0.691049599780689
"OR1L4",0.0637826999233262,5.9885128538506,0.599218383512217,0.691629718917259
"ZPBP",0.0597281714282894,5.99915145770096,0.599351004322615,0.691677801922775
"OASL",-0.140407817224859,9.71224878495092,0.600095734889768,0.692379632516774
"SLC26A11",-0.269645714714743,12.1108529453462,0.600560298401328,0.69275796557095
"PACRGL",0.171363206120825,7.80110324391721,0.601073108773829,0.693139205204154
"CELF1",0.171661459296747,9.08484631751037,0.601977949692431,0.693919552711475
"VAV2",-0.195937029582508,9.69114113805308,0.602208868559018,0.694095290414199
"ZNF542P",-0.085246483823373,7.80643194095352,0.602267323271027,0.694095290414199
"MYL3",0.0597629138435037,5.95028311405532,0.603698590888203,0.695375912309914
"RAB6B",0.076392005456077,6.07441379208401,0.603939275630035,0.695600462267614
"SETMAR",-0.0836018369833506,6.06449019285643,0.604330576040483,0.695945736818391
"HYDIN",0.0601615957526774,5.90770253457454,0.6049407037832,0.696490137265115
"FBXO46",0.182434334106983,9.72425581222532,0.605229543733494,0.696654752717462
"ADAM20",0.072384575515997,6.18833373491763,0.605233293731049,0.696654752717462
"KCNA1",-0.0586137214340352,5.88346725467633,0.6054949536244,0.696864481210828
"CA7",0.0592549335001883,6.07036893461014,0.605608225523969,0.696942103198526
"SEC22C",-0.0637864870458036,7.21268140059951,0.606028019298195,0.697372436250526
"ZKSCAN8",0.095577915685834,6.30372566877669,0.606338235753061,0.697676620211285
"KHDRBS3",-0.13610507515507,7.26834997051223,0.606602998792848,0.697875664244015
"IL17B",0.0568578299164246,5.96493165406973,0.608774992773465,0.699950864905031
"ETNPPL",0.0586253424114817,5.90952308875791,0.609260837217228,0.700297695744812
"LY6E",-0.204569790169341,10.9326898350187,0.609726801569054,0.700663539701644
"PRSS12",0.0578757003214139,5.91984561965168,0.609763410570177,0.700663539701644
"UNC45B",0.0569587019050421,6.09397271303187,0.609823177887959,0.700679275409495
"CRISP3",0.0592981771476183,6.0015158554209,0.610603937874229,0.701364402355837
"FZD1",0.112690553685497,6.39398067617245,0.611684733344845,0.702196963210029
"HPRT1",0.0729791773194109,11.1943359130881,0.612790264407004,0.70323832939192
"RFLNA",0.0581134552546216,5.95043773929757,0.613035856424371,0.703379977561683
"TENM1",0.0559962769566058,5.90739470693982,0.613125338778606,0.703379977561683
"FHIP1A",0.056303215576713,5.85823174895569,0.613796457080686,0.704021156895925
"DDX39A",-0.0717818305458329,12.8254530828944,0.615462788662932,0.705666321621371
"NDUFB7",0.133394735356825,12.5366751192058,0.6162327178526,0.706282852747181
"MAGEB18",0.0572563172804352,5.99558305265765,0.616596840030106,0.706646928649424
"POTED",0.0551412893282217,5.87789934370531,0.616939574873384,0.706933171690357
"EVX1",0.427584275054875,11.5827837125296,0.617820886990808,0.707736712325737
"TIA1",-0.164197983992074,9.05867296819901,0.617966583572689,0.707736712325737
"C20orf173",0.0579027007801785,5.84953138445301,0.618754106575982,0.708425239238691
"CIMIP1",0.165453996742633,6.55968038364095,0.619952171767081,0.709583248907486
"TXNDC2",0.0778991947167905,6.290863309154,0.62038219197852,0.709839974766713
"SYNDIG1L",-0.0585572433271946,6.11488551689539,0.62040984643603,0.709839974766713
"GPR180",-0.0550697058873285,7.12307052187993,0.620477150435781,0.709863575101735
"USP40",0.0635059026579686,7.76924907577986,0.620764338630825,0.710085299879472
"NDUFA1",0.110204029598971,14.2443089425335,0.621121275677073,0.71033331030959
"PRPS1L1",0.111715534338794,8.31918964964291,0.6215314688166,0.710642100425747
"CDCP1",0.314226128158152,6.5631782607828,0.622313865623368,0.711269297189252
"MOG",-0.0647849168166426,5.88934534610759,0.622462550719569,0.711341837590059
"HOTAIR",0.0641927037802784,5.88725538714701,0.622514585331922,0.711341837590059
"KRT77",-0.0642159137305993,5.84337143415577,0.623074402353098,0.711817571438245
"ARFIP1",0.087722970989477,11.2390088073977,0.623171306941532,0.711874801770212
"NPR3",-0.056146574580197,5.88794137880323,0.623615324160153,0.712221526721809
"LINC00314",0.0540570855595917,5.86695400084418,0.624973862871882,0.71338065384022
"PLPP6",0.0695688066784378,8.14651355444741,0.626311963706179,0.714595372597417
"SUPT16H",0.100931310691293,9.78644654143603,0.626351677848736,0.714595372597417
"KRTAP4-2",0.0814375234903887,6.17851054071834,0.627508735913946,0.715647478638342
"CDON",0.0637745040702951,5.96531057818223,0.627509148319457,0.715647478638342
"KLHL4",0.0564930432675009,6.01272873655777,0.628703184737812,0.716633041035275
"TAS2R42",0.0539783065131755,5.85420271223853,0.62922534385864,0.717013264603791
"TM4SF20",0.0618300700695193,5.8830298804195,0.629750857078611,0.717404225690608
"HLCS",-0.0768130668913075,8.26962424911181,0.629942866475957,0.717562063767983
"FGF22",0.0535114712155344,5.90253818499062,0.63088493726727,0.718419927065566
"CMC4",0.105086676614742,9.9833719832455,0.63116541210591,0.718547055335601
"GJA1",-0.0701700350528033,5.98390031501212,0.631995120133164,0.71925329544153
"ELF5",0.0539976510562598,5.89247537214544,0.632187211930522,0.719418072361522
"ADH1A",-0.0816131787522759,6.23144441334458,0.632430370857711,0.719640933782572
"ACIN1",0.134791460490059,9.32419891009917,0.632613880329022,0.719795891967961
"AKR1C6P",0.052969809570444,5.91324922374005,0.633070887856902,0.720261993156861
"SLC28A2",0.0551169801525979,5.94174801427558,0.634256723757025,0.721449233724521
"ZCCHC14",0.072689003645704,7.92209134485728,0.634708265543946,0.721788840706003
"MTNR1A",0.0678320217929114,6.01619291470948,0.634745131220548,0.721788840706003
"SIM2",0.0553372439099466,5.98175071201184,0.634920184723131,0.72193391919771
"KIF25",-0.0557961256881813,5.84307908861644,0.635845612967137,0.722878080436886
"TBC1D14",0.117343568987013,10.8698576370819,0.636061936325027,0.722889387939481
"FGF19",0.0606622531325613,5.91978874232313,0.636076950057812,0.722889387939481
"PI4K2B",0.0860140011660474,8.81134383842885,0.636958241800188,0.723439950806367
"IFITM2",0.130162312537996,14.4482558624755,0.637337073750568,0.723708072694589
"ZNF880",-0.0776336943983079,7.24848756027146,0.637584467924725,0.723920212051014
"DYNLT3",-0.145922517130887,8.78464735041729,0.637977578503037,0.724262894650736
"CXorf58",-0.0517536204504346,5.88025711762294,0.638016175673061,0.724262894650736
"IFNL3",0.0541750666527622,5.88880887097174,0.638233467544493,0.724455483983927
"TMIE",0.0551638048519337,6.26400768622791,0.638352582048569,0.724520145340324
"RASGRF2",-0.0524164296872516,5.9783250216624,0.638559697421648,0.724607572535046
"GRIN2A",0.0548748370394718,5.86648025023468,0.642425960248818,0.727910445795263
"FREM3",-0.0546870613933634,5.85377752209769,0.642622224714539,0.72807858105183
"NOL4",-0.0532327237289733,5.906162939938,0.643166044593717,0.728477635077177
"SAA4",-0.0515489972337602,5.89901705987203,0.643966118728407,0.729120462783007
"IMPG2",0.0641796484828973,6.02271519113591,0.644078028750136,0.729143823828221
"MAS1",0.0539129088158367,5.79053594577458,0.644089829649416,0.729143823828221
"WHAMMP3",-0.0549809146767792,5.88702526191005,0.644286352304325,0.729312009366891
"MYL4",0.0728457527135198,6.29629877630503,0.645526003605615,0.730334731649619
"FAM50A",0.0713240159074987,11.4208565491693,0.645846943751233,0.73058913422856
"CTSA",0.198455399317893,12.8261614425575,0.646813804175789,0.731574024535579
"LINC01547",-0.0683794299848021,6.34027747212788,0.647263972774097,0.731919882366605
"AFAP1-AS1",0.0571223555592512,6.05161805002048,0.648389144300922,0.732701895268867
"BDNF",0.0531111179849834,5.84556825915891,0.648652614714948,0.732945164171553
"KCTD3",-0.097370053444983,9.74632821341252,0.65018739373749,0.734256618262356
"TTLL6",0.0502803101315305,5.98262544071643,0.650199492250076,0.734256618262356
"TAS2R13",0.0548132706763406,6.0644346159351,0.652417540293443,0.736105493937435
"TRIM55",-0.0606899997409174,5.94427287301431,0.652669267878712,0.736280263029408
"TTTY15",-0.0495322705202585,5.83826856364633,0.653006153193364,0.736551032987071
"NRCAM",0.0522037120765751,6.00621321444703,0.653876350604415,0.737259159252072
"NECAB1",0.0545066617975031,5.85872326686743,0.654211929393041,0.737528170660443
"MYPN",0.0496159775489118,5.91830359651986,0.654907536785773,0.738202921689745
"GARIN1B",0.0502364775724402,6.08340584849724,0.655118610957754,0.73833139435642
"ATP6AP1L",0.0521889115692037,7.17575662814749,0.656027942781591,0.739118650257822
"KRT33A",0.0552946578031082,6.16339537064319,0.656235830953011,0.739244658779866
"WDR72",-0.0490420567135951,5.87890133575452,0.656415036307424,0.739244658779866
"ADAM18",0.0549762508164962,5.95318041129599,0.657258032743893,0.740084418922636
"SLC25A48",0.0538195630800756,5.9202932907433,0.658536143623638,0.741249180092391
"SNAI2",-0.128584703432229,6.61864867745116,0.659026103782053,0.741705009662255
"TP53INP2",0.0996695565201869,7.05076084888469,0.659570055196283,0.742194974381449
"AKAP9",-0.0740121032463993,11.235310611682,0.659630922291881,0.742206796849285
"GABRB1",0.054350581989955,5.93127304261931,0.65968622522892,0.742214109142666
"ID3",-0.194138824393556,10.4649109057495,0.660580182747226,0.742896599054255
"MTBP",-0.0609021290983095,6.16808330825753,0.660585922475716,0.742896599054255
"C14orf39",0.0529086110805869,5.86326728743867,0.66063992871579,0.742902398396165
"REXO5",0.157077782819259,6.61486895862766,0.661578287720639,0.743737625639819
"PLA2G12B",0.049317873213165,5.91882079264382,0.661914820427585,0.744060949742236
"SLC9B1",0.0485942964550771,5.99622548703892,0.662185502155399,0.744255200412335
"TP63",-0.0484028311709331,5.83230347351606,0.662274690455524,0.744300435445434
"RABGAP1L",-0.101018502354458,11.4919770792375,0.662718225127655,0.744688840530617
"SQSTM1",0.155951837920436,13.0768039565924,0.663757170960438,0.745635917858349
"SLC47A1",0.134999885469882,6.79049398276501,0.664564024254665,0.746376905757695
"GRIA4",-0.0518821075094228,6.19621176394419,0.665113706151457,0.746883943229075
"YWHAG",-0.170092644391969,8.10275644336987,0.665649891902866,0.747420588003625
"SLC22A9",0.0479723134822066,5.83613377953573,0.66585230253498,0.747420588003625
"CABP7",-0.136728887553525,6.62560570160955,0.665860863583234,0.747420588003625
"CNTN2",0.0490148460920272,5.9049957419296,0.665910557521266,0.747420588003625
"DSEL",0.0562021235284557,6.052242058109,0.665935623845945,0.747420588003625
"EML6",0.0490302360135338,5.92796605918173,0.666355677703422,0.747726492032292
"MUC12",0.0568771963396221,5.99461480523671,0.667854956533074,0.749298279524528
"CFAP100",-0.0476495874225011,5.90694038193443,0.668433135185798,0.749836329564477
"STAC",-0.0478044314864264,6.06196378415932,0.668874924554769,0.75023957404002
"GRIN1",0.0559199871731283,5.98314541997156,0.668891266728606,0.75023957404002
"LSM3",0.0528137973083715,11.4958184232405,0.669165015745709,0.750442570875836
"BMP1",0.0981715006986782,6.89508093759465,0.669170943164598,0.750442570875836
"NOX3",0.0478823233941495,5.81674646384122,0.669542179580252,0.750748172753556
"TMSB10",0.169370489644758,15.2286282874889,0.669740651094635,0.750859994238644
"GLT8D2",0.0532340055895258,6.10761598128243,0.669966250991093,0.750915366103505
"FAT4",-0.0586094039639142,6.01077207660575,0.670230528380122,0.751132341606846
"OPCML",-0.113005349081946,6.14898796037171,0.670577002756525,0.751465261065599
"KCND2",0.0481520146969837,5.89414917229049,0.672196078221868,0.75289129161866
"TNKS",0.122375257963439,6.68918421791623,0.672999508157326,0.753569173910809
"DMRTA1",0.0546339177801226,5.98340682327698,0.673193674601072,0.753731090578893
"ADA",0.169681651692916,10.8084911191903,0.673313843367607,0.753758794330188
"OR1F1",0.0558718009568159,6.06795575033663,0.673479438446917,0.753799751288863
"BRSK2",0.0526650040583518,5.90414291440647,0.675536482220776,0.755418430580641
"SLITRK3",-0.0481014879722148,5.85779739943287,0.675594823403952,0.755418430580641
"MIER3",0.0546970539889966,6.54438157342186,0.676725985254087,0.756516376341088
"NEBL",-0.052423407674313,5.93190610264118,0.676783121726352,0.756524639119027
"GABRP",0.115766866572641,7.26033400364904,0.677087499737301,0.756753633865281
"KRT15",0.173363937645715,8.17790503005329,0.677362693533807,0.756949948068347
"ZNF562",0.0624537807371859,9.4640857033983,0.677751617163,0.757273278511123
"SSX8P",0.0462896618447069,5.8810977459012,0.678198128703935,0.757716510529639
"ALKBH1",0.0596270285417724,7.49416516522417,0.678447488082889,0.757883751929233
"TLL1",-0.0575387830288601,5.90956119114709,0.678586470772783,0.757883993109641
"KICS2",0.116894414680162,6.45961164858979,0.679927012335728,0.758867606311591
"PRDM14",0.0576151238672529,5.92486275600611,0.68066936208379,0.759619623114512
"LINC00479",0.0467776290921358,5.93364116007456,0.681036221156095,0.759826780965585
"SLFNL1",-0.0468531656126038,6.03800805421371,0.681294678889621,0.760003629175777
"PIK3AP1",0.0995857479643654,10.2732562004902,0.681513807204307,0.760120273300349
"RSC1A1",-0.0564865816584564,8.83067369918217,0.681549187711965,0.760120273300349
"SESN3",-0.0597546880521971,7.6023062025349,0.682408805810741,0.760911585803193
"CDX4",0.0465540619784594,5.9468294918462,0.682674354699799,0.76115187582658
"AKAP5",-0.0674883822285472,6.14863176905008,0.68302800778432,0.761378724795422
"CYP4X1",0.0488935894466782,6.16104113342194,0.6849458647508,0.762810623159221
"CLEC3A",0.0453753081148136,5.92114545721634,0.685394919472536,0.763233941227087
"EID3",-0.134299479508405,7.23221857238465,0.685655527280712,0.763412347820856
"HBQ1",-0.130039580825466,8.56163946461012,0.685759952566837,0.763472138170235
"CCER1",-0.0443780763501021,5.81930810347708,0.686326747563367,0.763918885692189
"ASTN1",0.0508756867655001,6.08684207890837,0.686361629017496,0.763918885692189
"IFT81",0.0492698587293322,6.21394115533018,0.687565066170524,0.764810527086113
"LMAN2",0.0805889544889859,12.5771159180448,0.687973680980049,0.76515955898488
"CFAP47",0.052413392352077,5.91386510972931,0.688042811552412,0.765174045929732
"GJB3",0.0460981039490202,5.83989767668357,0.688517908016792,0.76553446009061
"GADD45GIP1",-0.0674796981815757,11.6290657797354,0.689237229093822,0.766278220634465
"RPL36",0.157649091273817,14.2668248602256,0.689946223439324,0.76695432834334
"CCNA1",-0.0447098669793985,5.85704163497181,0.690360754202104,0.767246883214382
"IGSF3",0.0495181685303917,5.91921987603104,0.690696275200926,0.767563679448716
"KIAA0408",0.046296391943948,5.84799834494572,0.691240482586858,0.767872689104013
"GHR",-0.0559596376698078,6.11575517499737,0.691323556970751,0.767872689104013
"LINC00589",0.0499343815928613,5.96588261491993,0.694509221529648,0.770674661876897
"MRPL27",0.0474394102874312,11.3219500675895,0.695108830982318,0.771283751756829
"TIGD4",-0.0543548939195537,5.97419514214119,0.6964961206819,0.772597593240725
"BPESC1",0.0443911532096277,5.93754479308292,0.696661306277296,0.772724465455847
"ATP6V1C2",-0.111000181377513,6.73312928431121,0.696873472725918,0.772892300189509
"TFAP2D",0.0479281557908696,5.92918567050615,0.697324942229301,0.773115192952734
"COMMD1",-0.0549457873945299,11.6862778678379,0.697892004935057,0.773535202784251
"CFHR4",0.0429065839001923,5.88798555299012,0.697931500163227,0.773535202784251
"HOXA6",-0.0464766326669015,6.08568683773888,0.698271152897111,0.773720050510693
"GALNT10",0.0784433902995267,6.80354318073777,0.698904352283199,0.774308835836154
"GRID1",0.0458641007201151,5.86419564411386,0.6994376711167,0.774786809115214
"TEAD2",0.0465794593596893,5.95224693570482,0.700031680189559,0.775242761236579
"ABCD2",0.0498671498846612,6.01740284319144,0.700083833660954,0.775242761236579
"PURG",0.0459426705178532,5.85302201618078,0.700104161153549,0.775242761236579
"MYOZ2",0.0440212317207186,5.94982196819044,0.700780442738815,0.775765684464398
"MYH6",0.0421748323254011,5.88596392621585,0.700978032521744,0.775927936428465
"ARHGEF15",-0.153317559736477,9.23904724392311,0.70185219935563,0.776553922029603
"ZNF385B",-0.0423216846153686,5.89440340356283,0.702138862204475,0.776704089060638
"ICMT",-0.0628520663896263,8.93156340396441,0.702192128375029,0.776706515988613
"ZC2HC1C",-0.0438642832644602,5.926423278973,0.702922646905197,0.777344939945771
"SCFD1",0.0605624523033163,11.696860213536,0.703331295316558,0.77757068473206
"SH2D1B",-0.12935941208624,6.83270257488899,0.704037820199042,0.778238637126547
"LIMCH1",-0.0518485210025945,6.02023294221203,0.704600189721599,0.778652489613815
"TTPA",0.050474715675481,5.99645734011101,0.704668215054901,0.778652489613815
"CTXN2",-0.0468809748692513,5.87264192816125,0.704890598855285,0.778841632330077
"SBSPON",-0.0415509434139217,5.86382803290593,0.705054288432134,0.778909314141791
"DNAJC8",-0.0703992581430083,10.5702346923744,0.706977525797002,0.78058038422541
"PDZRN4",0.0414990286401685,5.82373878560156,0.707698504905602,0.781206275865892
"PLAAT2",-0.0636997316157158,6.13699523074183,0.708128451246566,0.781460701313407
"TVP23B",-0.0757174324631019,9.64514851213622,0.708134529510788,0.781460701313407
"KRTAP15-1",0.0418136045591693,5.90453012052266,0.708617633535807,0.781937089741152
"LTBP4",0.175673709777155,8.33768834515137,0.709358631224752,0.782527641351083
"SLC16A12",0.0531324823353648,5.93150125481714,0.711185072523011,0.78420117335629
"SSH1",-0.0406850975136223,7.04144365949584,0.711702220590053,0.784549313352652
"NDUFS4",0.04390943726703,12.3637454336954,0.711707149330167,0.784549313352652
"RPP25L",0.204569169200384,12.373524209826,0.712712965157382,0.785367383466751
"LGALS14",-0.218894798925629,6.59865764194463,0.712810757100971,0.785367383466751
"BTBD19",-0.0759355134283244,6.22389095403593,0.713194161042918,0.785619064257619
"SMTN",0.0989506283549823,7.45662895857814,0.713352963087744,0.785737079933252
"SLC2A3",0.14052897783984,9.65130430660067,0.714884417276518,0.787309886156947
"STAU1",-0.0412089272436548,11.5089252800988,0.715033610115949,0.787384340000111
"SPINK6",-0.0419160888325871,6.00634918035756,0.715674577594328,0.787710405698619
"ASB11",0.044279272167239,5.85374354425558,0.715819867714863,0.787710405698619
"NRXN1",0.048148493543799,5.85397772225105,0.715877307834706,0.787710405698619
"GBP6",-0.160242518872468,12.3220155707921,0.716701195451155,0.788507428224707
"DTX3",0.042091019465577,6.15225207220498,0.716953263388583,0.788674519321053
"OTOR",0.0427618835525673,5.79551933644689,0.717474367565276,0.789133592386832
"C9",0.0417154524216,5.85660196090537,0.717964751314234,0.789577216110064
"MYOF",-0.0906330552034821,8.32562649985195,0.718295549154748,0.789762418125291
"PRDM16",0.0401245653384761,5.88227325118651,0.718403671459061,0.789762418125291
"CRYGB",0.0394166540260502,5.79657421345417,0.718675882448271,0.789940938152161
"PRND",-0.0401416553663276,5.81426640068487,0.718923826578068,0.790156360092452
"CYB561",0.0466874699638101,9.44891686997685,0.719242159949782,0.790449108868065
"CA3",0.0455978287847659,5.89059023257753,0.719380930956424,0.790544490063249
"NPHP3",-0.0770409761988066,9.4114006962286,0.720057955969769,0.791002701125993
"GBP7",0.0396835182457422,5.84461446743351,0.720198759811011,0.791100233962142
"ANKRD30BL",0.0422114989412013,5.88117161217884,0.720471842687412,0.79120836105946
"ZNF599",-0.0421467914045265,5.91660861545671,0.720505299336695,0.79120836105946
"TBC1D32",0.0520980263313511,6.03563320462707,0.721943309855375,0.79250136107121
"LRTM2",-0.0395369089011193,5.92136387050611,0.722236698056131,0.792708985568536
"PRSS58",0.0392430227893866,5.89770958815673,0.722514160637309,0.792956293207201
"DNAAF6",-0.0414169619965339,5.89543712927805,0.723809905023652,0.794091836358368
"CTSH",-0.0808576702434731,15.0875508376595,0.726497456508892,0.796580628593167
"FAM184A",0.0393562410578346,6.22523446872945,0.727324089556778,0.797199621908431
"ZNF423",0.0382555393585669,6.14340571566822,0.727434149862826,0.797205343454195
"ZNF223",0.0552300464846162,7.90994944427124,0.728013994702059,0.79774417156002
"RSF1",-0.0584201681790349,10.2065805417069,0.728987752631359,0.798677742382948
"CPNE4",-0.0414693365058937,5.86711192982018,0.729153189907431,0.798801448790679
"IRS1",0.0651439464865021,6.42329814952614,0.731094885650329,0.800179274629018
"NEK11",-0.0426734927342768,6.24878703983235,0.731601873710369,0.80056132503866
"DNAH6",-0.0432544697222025,5.85437464060265,0.732206925969222,0.80095430141588
"CTRB1",-0.0390488567324617,5.82731915919861,0.732624213948758,0.801218829694571
"AP1G1",0.0706591543010656,8.83282729986515,0.732803438606475,0.801357208192082
"SGIP1",-0.039336962498425,6.02517859639912,0.733743721901486,0.802154735294214
"CYP4F30P",0.0462571492411448,5.86003524802125,0.734229479689764,0.80262808561831
"RWDD2B",-0.133323836692546,7.64929278092143,0.735709130588698,0.804072185267188
"KCNJ3",0.0389243245012912,5.90531794863564,0.73590191607301,0.804225089080076
"TMPRSS12",0.0369761200132103,5.96472077127279,0.736466934013596,0.804784733238396
"SHISAL1",0.0393671081252739,5.91021648237467,0.737201276838941,0.805297875173583
"PRR15L",-0.0378019434680581,5.93911808232598,0.73730452779908,0.805352816114947
"MORC1",0.0505799539667583,6.08006525931243,0.738483956614847,0.80635828216065
"SLCO1B1",-0.0375496095627131,5.90699248240799,0.739423317724929,0.806913735358834
"TACC2",-0.0363066529177014,5.89847387136282,0.740100760242225,0.807340825319838
"KRT26",-0.0378319805313555,5.84487624790141,0.74051259580556,0.807638809309449
"TACR1",0.037402235261886,5.93873982144175,0.741096471208547,0.808166262321633
"GALNT17",0.0671053810852332,6.34764883625279,0.741965543710974,0.808933399437701
"HEY2",0.0504632771070652,6.12780826091772,0.742437333417126,0.809215721823812
"MCHR1",0.0387551462721722,5.87088528399762,0.744171551574713,0.810465395717973
"UTY",0.0421678295713695,5.93585298090296,0.744209679088627,0.810465395717973
"SYTL5",-0.0450752060446052,5.87669799698162,0.744223385797047,0.810465395717973
"DENND2A",0.0405690608875356,6.44006385486726,0.744344480610167,0.810488078088173
"PCDHB17P",0.0408976087218545,5.96162999570275,0.74435080133203,0.810488078088173
"LINC00113",0.0364180334964978,5.85146040919373,0.745014542955911,0.810894650724193
"LRRC31",0.043347466467787,6.07156814034854,0.745075358081843,0.810894650724193
"LRRC52-AS1",0.0366628471589399,5.93919309364122,0.745097438796678,0.810894650724193
"RAB3B",-0.0381012283152091,5.91115152179766,0.746057389874437,0.811667435769188
"PGCKA1",0.0364499477967947,6.10741773507357,0.746074374317299,0.811667435769188
"PRPH2",0.0359455431476887,6.00170090746248,0.746166801809969,0.81170992288455
"GALR1",0.0509355891634168,6.06209060291568,0.746469450822727,0.811748831470292
"LRRC55",-0.0365152668082733,5.90650908758739,0.747052882761871,0.812092940746428
"SLC44A5",0.0368938156720578,5.86860370684738,0.748105006581812,0.813004211811933
"CYLC2",-0.0352115348072,5.8887174737522,0.748224235154717,0.813075681903032
"CCNYL1",0.0620400493184535,8.46877999022485,0.749835439269561,0.814166882955646
"SLC2A12",0.0399942938775022,5.90962374061788,0.750072495482396,0.814327706403218
"HIPK4",0.0381057007531312,5.97630162513973,0.750204796974155,0.81441320239724
"PKIG",-0.0692951774101936,7.12805859435708,0.752837533707247,0.816863100215455
"AQP12A",0.0406849293798487,5.91627890342056,0.753261968195081,0.817265321560305
"KLF17",0.037279430330663,5.93435496622872,0.75372220127873,0.817589674539724
"STUM",0.0344134069359174,5.9841326186367,0.754322064126523,0.81812365933791
"EFHC1",0.0363681591307969,6.01946565790789,0.755000841577441,0.818684691530105
"CCNO",-0.0447133794444967,5.97472942627759,0.755931834443802,0.819460498839642
"GNA14",-0.0361689816050111,5.97975327806214,0.756178557482563,0.81966952973591
"CENPBD1P",0.0819458371308148,8.91469514514467,0.756441179045951,0.819855295583556
"DCLK3",-0.0364006459516152,5.92578415621765,0.756511662475279,0.819855295583556
"ESF1",-0.0356213220648124,9.17688321610284,0.757451217145628,0.820581144774948
"TRMT9B",0.0341260744877956,5.92184870148742,0.757631551375935,0.820718044969387
"NIPA2",-0.106839412584985,8.83375893924666,0.757730829644451,0.820767126583533
"GPR75",-0.0364334045935626,6.25664563383426,0.758861875171789,0.821524159852831
"GPR101",-0.0341531767366793,5.81300355279899,0.759325821895409,0.821850907364983
"ODF2L",0.0408111118196929,6.67274939665964,0.760223202138334,0.822412466789002
"CYLC1",-0.0358280772687233,5.87613607266141,0.760607862720227,0.822594536783474
"CAV3",0.0354014380454253,5.78827974924564,0.76183413178674,0.823686440794308
"DTX3L",0.0504010237366107,9.44159942372601,0.762162285376494,0.823982656999056
"TMEM213",-0.0338646543684589,5.91428047979769,0.762258374503773,0.824027961291825
"PIP4P1",0.0823891295416897,11.2716962719086,0.763207001383617,0.824818936685762
"RBM43",0.0781011757498713,7.33765114060215,0.763927068341494,0.825421162013317
"MATCAP2",0.0366022611282124,5.94980374636529,0.764005616111828,0.825447386319173
"CASP3",0.0618863832580867,11.6757477767375,0.765099232713678,0.826368919759295
"LGALS1",-0.0818274304446875,15.1798586389171,0.765130244550936,0.826368919759295
"FLJ36000",-0.0377384695384636,5.86026627428804,0.765342870649315,0.826433730558497
"EPHA8",0.0338010018939855,6.00212258711517,0.765353278615589,0.826433730558497
"GPR26",0.0381132410045499,5.95446580865311,0.766123348530733,0.827030372264012
"SLC26A4",0.0378487156596513,5.93184075886863,0.766188198041694,0.827041671929738
"CCNJL",-0.0479451426654574,6.41558559276743,0.76664970754105,0.827363663942967
"PIP4K2A",0.138793525563531,11.4822178807736,0.766934073572986,0.82755309996438
"GRHL2",0.0326622499765215,5.89270990002824,0.767304026181601,0.827717380491544
"GARIN2",0.0325007381126782,5.87694816493442,0.767551717416328,0.827925847114513
"GUCY1B2",0.0360609398745207,6.10754512575383,0.767709868968777,0.828037708317529
"LPA",0.0373708133874764,6.162283861359,0.771609692746242,0.831039721111508
"KRT73",0.0337936151825975,5.85599437014041,0.77236783574771,0.831646137500083
"EDDM3B",0.0323638701954316,5.92510769133508,0.772591487260739,0.831828059345934
"CNTNAP5",-0.0324449706312739,5.80461149650786,0.773603681851124,0.832740996148917
"GATAD1",-0.0420436736503053,10.2222215448228,0.774308944897378,0.83306990958437
"RIPOR1",-0.0691435204149612,12.4944546163442,0.774653632547514,0.833325790429031
"DACT1",-0.249381623887903,7.28485997184799,0.774943736752129,0.833426145965111
"CDHR3",0.0314963165177243,6.02838511220084,0.775548588985534,0.83389019664112
"SLITRK2",0.0316115000708522,5.86354138264694,0.776519612035009,0.834816220827684
"CALHM6",-0.0753875685094707,12.7007407501762,0.77675427743888,0.83495045598604
"TAAR9",0.0313516459746142,5.86492049815688,0.776882502194513,0.835029266617722
"NOX1",-0.0313301021902515,5.83559585193921,0.777058030447906,0.835096542559781
"SETD5",0.0335387600303008,6.15410311189989,0.77811029854376,0.83597176439313
"CACNA2D1",-0.0345202396780378,5.94413025910882,0.77814546323999,0.83597176439313
"SPAM1",-0.0307984457356467,5.85832560228038,0.778631652935162,0.836318255373821
"SPTY2D1",-0.059827324748614,8.12785288875627,0.780293546519585,0.837866571734085
"AKAP3",-0.0304656366627445,5.99472728525626,0.781122069629878,0.838460222680066
"TMEFF2",0.0310447831337231,5.95941739087848,0.782404618259085,0.839362968008195
"CTDSPL2",0.0764713531938596,9.19826699638363,0.783338193640031,0.840245961974721
"LANCL3",-0.0391136719434708,6.05501460654893,0.78344458599517,0.840264597717842
"LRRC14",-0.0476470304379314,8.60521758771601,0.7836522218278,0.840404977755954
"LINC00905",0.0372296014474166,6.00570171235681,0.784636154754451,0.841222886253486
"EGFEM1P",-0.0334263356305074,5.91069571143923,0.78609086443606,0.842544919750765
"MT1H",-0.126092881747819,12.7167429180762,0.786920211711525,0.843314958756174
"ANKRD42",0.0354103754595924,6.41265832337541,0.787704175548936,0.843943928603363
"SKINT1L",0.0312099751949661,5.89624715231304,0.788832402533664,0.844768902030277
"NAP1L2",-0.0321602511595927,5.89109953095991,0.788991779006411,0.844880085560449
"PSMC4",-0.0299602093542461,11.185651842415,0.789511286223837,0.845376866921926
"ARHGAP44",0.0437787805756234,6.05859564748013,0.789821559997067,0.845649555367178
"ELOVL6",0.0433703888620626,6.53110147004667,0.791374238780768,0.84701382387064
"IFT43",-0.0417917007726825,9.42834648647127,0.791806622496789,0.847249494920451
"MECOM",-0.0317098648695915,5.85373242422439,0.791831267469907,0.847249494920451
"MEN1",0.0316334299290467,5.94345705512913,0.792354164962245,0.847525822249671
"TLL2",-0.029472850348881,5.93279346061877,0.792755748562937,0.84789573276216
"TMEM87A",0.0484168699992978,12.382912035905,0.793658481238262,0.848711552845033
"SLFN5",0.0513837745391216,8.13483196082841,0.793805784342348,0.848780030111681
"HTN1",0.0288044968511563,5.84040871941584,0.7941055675257,0.848981193035561
"SERPINA11",-0.0290885895472191,5.90934705253192,0.794476811874088,0.849258688056592
"STC1",0.0300099915299233,6.00618041070769,0.796423473340169,0.850980691530758
"LIMD1",-0.0485298923868556,7.25694013914566,0.796897702101165,0.851424720689522
"C7orf33",0.031767680892644,5.87894839030962,0.797114309970875,0.851479555105504
"TBCK",0.0346092633838868,8.78646528488132,0.797320349094034,0.851639827856585
"WNK3",0.0355607200550564,5.94630627278511,0.797493087457734,0.851764511135418
"PCDH15",0.0294632747536384,6.02308927426704,0.800181920093515,0.854036538759363
"GNGT2",-0.0379479905647602,9.00079913087749,0.800292247158085,0.854094350510888
"H2BC21",0.0764857336795609,9.32887917062077,0.800591747710995,0.854354031239128
"DCDC2",0.0278338709474455,6.06970855120484,0.801650150312715,0.855243457450422
"GNPNAT1",0.0272142500585393,7.07851095689796,0.803299612533142,0.856582562572151
"IGF2BP1",0.0278665579988723,6.3552858464758,0.803356981420278,0.856583676185906
"AQP7P2",0.0286635101102106,5.96776908519753,0.803923110843999,0.857067134224714
"BCDIN3D",-0.0301057917411117,8.59119786872823,0.8042542783815,0.857280789144709
"MYH1",0.0280344989736556,5.84930471518673,0.804281443344061,0.857280789144709
"POU2F1",0.0421322355105126,9.96705504507991,0.805480390282871,0.858366321590772
"USP29",0.027213596369178,5.90189790153377,0.806056035009509,0.858919575422128
"GABRQ",0.0300787675113189,6.03616239484728,0.80694736144065,0.859508017424668
"CFAP157",0.033062459433124,6.02436228021413,0.807084430255962,0.859593564303987
"CYP8B1",-0.028662550093811,5.88781200799982,0.807140721874075,0.859593564303987
"ZNF777",-0.0505049772934701,9.37121731752011,0.807482404287644,0.859837025935198
"TPT1",0.0553359669971045,16.3673589215493,0.808091111360598,0.860364717276111
"COG5",-0.0277789636729002,9.48273075465677,0.808863249315719,0.861005970154228
"SYN2",-0.0296118790644227,5.91805620327467,0.809911883705967,0.861700008912855
"NUP62CL",-0.0280900993043147,6.32114303663334,0.812696273041817,0.86407657173593
"CAPN11",0.025812074366104,5.85008487180052,0.812910563248271,0.864145956876778
"RIOX1",0.0640032584410586,9.88723291686857,0.812949513745138,0.864145956876778
"DEGS1",-0.030502753072104,11.3693993032151,0.813657023724683,0.864656279561524
"USP2",-0.0258074655359288,5.88712288276245,0.814653244423574,0.865654453688772
"CDK2",-0.0352600813564622,6.88442209761385,0.815413545732219,0.866220257299217
"SRARP",0.0299147625129985,6.06822111140497,0.81662335222271,0.867143851294972
"NDUFA6",0.0408126071074587,13.5680796819317,0.816625081420738,0.867143851294972
"MTA3",-0.0301826515516433,7.00328225565121,0.817801582089368,0.868022537663822
"PGRMC1",0.0314265751204046,8.34754035638386,0.817852113505056,0.868022537663822
"CAPZA1",-0.118397812545672,10.106413499296,0.81802905567917,0.868149747297196
"BOC",-0.0264823772994458,6.0484705928284,0.818812989699166,0.868599973770619
"FLJ37201",-0.0308349983840614,5.89552448491009,0.8189041245239,0.868599973770619
"RPUSD2",0.0409705614500301,9.66008471844188,0.818910206728244,0.868599973770619
"PKD1L1-AS1",0.0255135407611759,5.83919818820572,0.819375123324094,0.868971888111075
"GDAP1",0.0330320615012069,6.61043453467913,0.820099641586223,0.869558345481648
"RIPK1",0.0320600482919397,9.49092089049977,0.821153203596432,0.870554055091986
"SPOCK1",-0.175028234619144,7.6740306184297,0.821514719752244,0.870809181516025
"CASQ2",0.0250976922298998,5.81062249185081,0.821518327738282,0.870809181516025
"B4GALNT2",0.0302595708899923,6.03909280786179,0.822091816986721,0.87130617832142
"SLC66A1LP",-0.0288133897559094,5.86944462809204,0.823154062414972,0.872249650307057
"PHEX",0.0255231288927572,5.92042607172043,0.823658639266861,0.872669076183603
"CFHR2",-0.0246309361880187,5.89283713177841,0.824521037887183,0.873150612366011
"NAIP",-0.0740852078387988,10.1566205423528,0.825126503892735,0.873609292063541
"DNAH5",0.0274263570515569,5.92276748060118,0.825667351151044,0.873999378875554
"SYT10",0.0243730923460047,6.03632409028407,0.82706886004084,0.875117457976838
"SMPD4",0.0356265305800985,12.1699873670069,0.827179737525222,0.875173886759675
"SALL1",-0.0341487342184742,5.96956368581391,0.827512174887049,0.875464706482243
"DISP3",0.0247121231733318,5.86829091806822,0.827666363553973,0.875566921044019
"SLC2A10",-0.0401383139535125,6.97579464041602,0.827819658082662,0.875668175566608
"ZBTB37",-0.0837264743429615,7.48543719360396,0.829049906432718,0.876786576983921
"ZIC3",-0.0232512866592625,5.91958188200209,0.830547583983054,0.878126227559391
"ZG16",0.0234574324879869,5.96921400189465,0.830726164909692,0.878253980948668
"KRTAP13-3",-0.0248437741402074,5.85023427468112,0.831118053413683,0.878362985150471
"RNF182",-0.0327514006483293,5.98326321011615,0.834891056161831,0.881309306733471
"MUC17",-0.0233427480725289,5.8258690443906,0.835358541154002,0.881558024694335
"EGR1",-0.208791805487761,13.9527516903272,0.835673333133988,0.881829034853017
"RANBP3L",0.0272515803328635,5.91684017757891,0.835740453310061,0.88183867438697
"DBNDD1",0.0238602552434453,5.95767583030695,0.835995388352041,0.88186445470618
"LPAL2",-0.0225018414028741,5.89978275899845,0.835996833475737,0.88186445470618
"PRDM6",-0.040267050780861,6.53180371179692,0.837082596516028,0.882857030008157
"CPLX4",0.0228921205288256,5.86499476375851,0.837222033175946,0.882857030008157
"NPTX2",-0.0266497505610266,5.93279907295408,0.837319688431651,0.882892451062092
"PPFIA2",-0.024341945468464,5.95445170067849,0.838489103351402,0.883637068100343
"SLC5A8",-0.0229118056958003,5.8495838340675,0.838822635619779,0.883840163005775
"LAMA3",0.0264901689341037,5.8407505419359,0.84004981387815,0.884852948481646
"SEMA3D",0.0230701066119159,5.9460347512052,0.840522138002303,0.885226074233397
"LORICRIN",-0.0235336354835323,5.94051380028547,0.840920141831696,0.885375783590575
"STH",0.0241262824804062,5.91662228510026,0.840955628219744,0.885375783590575
"TAB3",0.0329449262566753,7.48434240160564,0.841221925418951,0.8855948388323
"FAM185A",0.03326701479339,7.62418651263169,0.841308333250293,0.885624498655116
"PDE4A",-0.0422623087633489,12.0148765119819,0.841382841235615,0.885641628565284
"UNC93A",0.0237993938215398,5.95253011844588,0.841796110589419,0.885779505584658
"HTR4",0.0221444893158271,5.86566585337117,0.841805049593311,0.885779505584658
"ANO9",0.0293462066963217,6.56260738632748,0.842162380581464,0.886094194263381
"RBM46",0.024026854067989,5.78587220909587,0.842257464152955,0.886132930808588
"ANGPTL7",-0.0223292355470427,5.85433324166106,0.84266376492645,0.886437748979833
"KIF1B",-0.0319033087230146,8.08537272918513,0.844494986395509,0.888056959832865
"INSL6",0.0236534374840667,5.82898504469733,0.844903520426971,0.888363712572828
"TOMM40L",-0.0387974258021803,10.6718442093038,0.846083663640682,0.889358609113042
"ZFPM2",-0.0297019070885374,6.01157676129579,0.846793783234921,0.889884381019346
"DKK2",-0.0220268875480422,5.99278586481014,0.846817909134139,0.889884381019346
"TENT5D",0.0211223081832127,5.85331525644575,0.847002796304543,0.890017171712809
"CAGE1",-0.0236671142144023,5.8868845350479,0.8471273871174,0.890086589973844
"MCTS1",-0.0249081622173773,12.4028076237045,0.847558628355934,0.890416663445499
"POPDC3",-0.0298430366271389,5.97529752205606,0.847862920533722,0.890573058543809
"FOS",-0.0798041842594709,16.2164216586628,0.847976104940022,0.890573058543809
"AXIN2",0.021431216440854,6.14040643503844,0.84948202139474,0.89182124681563
"PCDHGA12",-0.0227707023914656,6.4964364090998,0.8496829827667,0.891909083511594
"ZNF528",0.0580655509609745,7.06760129751931,0.850721236614168,0.892875677462268
"PIGA",-0.0233185528699303,9.16579682833088,0.851069546476878,0.893056348776675
"INSM2",-0.0210796247456968,5.84748124540699,0.851580523583932,0.893530881928001
"ZNF785",-0.0254213418648609,7.62846962655673,0.851663540189531,0.893556337992576
"STX6",0.0815121346908118,10.3823534563942,0.852038028324417,0.893825918104279
"PPFIBP2",-0.081286724305404,10.0495828680241,0.852638430035612,0.894332384576977
"FGF14",-0.0224857651583658,5.84749326249335,0.853029030311048,0.894618680985478
"WDFY4",0.0398159691414167,13.3683335293179,0.853097144857299,0.894628422216922
"TEX44",0.0209681381989822,5.90384418802095,0.853551481486965,0.895043158688117
"ELOVL4",0.0207778905272749,6.00283070324691,0.853917955027938,0.89530398207962
"LINC03040",0.0212881766306329,5.89046592785378,0.854338467535759,0.895559650832908
"NUP107",-0.04726864714898,10.5582495283204,0.854649541587309,0.895781981864155
"FHDC1",-0.0199174360832815,6.03912711887136,0.85535708713299,0.896318513134329
"VKORC1L1",-0.0221961100224425,8.82529096748649,0.856360635535224,0.897046253603083
"IRX2-DT",0.0249585010280149,6.0952974651745,0.857211704241047,0.897705247080143
"PPFIBP1",0.0414045758134667,7.53056692984467,0.857428446281154,0.897870399438393
"LINC00608",-0.0200841131307749,5.8436671932029,0.858239789737587,0.898410705006142
"ATP5ME",-0.0923657265598299,13.4258699294588,0.85835865197812,0.898473286481055
"ZIC1",0.0194370488437964,5.8675121877328,0.858519336793875,0.898540310173974
"LRGUK",0.0193409904272049,5.94883731314461,0.858540850022226,0.898540310173974
"MCCC2",-0.0206553681511579,7.60863629586903,0.858693293207269,0.898638012874769
"PLA2G12A",-0.023885385439695,7.52734990869308,0.858838164283363,0.898727778326663
"DHODH",-0.0453673241390783,9.16289878678584,0.859020634176493,0.89879342424057
"SYT14P1",-0.0193960766817155,5.88560819288241,0.859078196657083,0.89879342424057
"ZNF787",0.105898439077542,9.25279439202136,0.859895522901224,0.899201532878854
"MAP2",-0.0214785821281808,5.91760478775678,0.860426889455822,0.899585599810542
"ADGRF1",-0.02441488084761,5.87288137547686,0.860869878757644,0.899914230429784
"IGFL2",-0.0224073107236012,5.87862263285288,0.860957297440517,0.899914230429784
"TNMD",-0.0194622530891098,5.86588280030093,0.86101970401796,0.899914230429784
"KCNK3",-0.0301713484086957,6.22072288642662,0.861115942046695,0.899934802545776
"CERS3",-0.0235270986092815,5.81628772661402,0.862573805974908,0.901086855424262
"APOBEC2",-0.0209232146909073,5.92604559501501,0.864569484347296,0.902675595081263
"LY6H",-0.0194237180733403,5.89589613063947,0.8648290309046,0.902884595455286
"PLEK",0.0448374275265306,11.978299050727,0.864936680969768,0.902934997541752
"PUS10",-0.0230919840683611,7.17005093392692,0.865990385802962,0.903724819000305
"GALK2",0.0271333141060178,10.2158329958706,0.867159613267325,0.904572563177822
"PGK2",0.0186682696538924,5.82983092985462,0.869186262944601,0.905859232775959
"C11orf87",0.0180916723710915,5.86882008297217,0.869226971587295,0.905859232775959
"SEMA3E",0.0179259418017678,5.8657656773789,0.869590915346425,0.906085179224069
"DLX5",-0.0189739159497693,5.88869411992743,0.869730135190951,0.906085179224069
"POLR2L",0.0640136342218377,13.0312228384604,0.869741678479284,0.906085179224069
"DPY19L2P2",0.0193517841081893,5.90001987987589,0.87067416810007,0.906746062347865
"SYNRG",-0.0229398201016149,9.01736882762882,0.870791198521108,0.906805844091277
"SPATS2",0.0291183730730188,6.55425827323693,0.871427764604359,0.907344477892859
"LPCAT1",-0.0395919578053328,8.56445846822286,0.872202988338038,0.907882997018433
"CLCA3P",0.0196598748292896,5.89984562062211,0.873073490524363,0.908446220512299
"FRMPD1",-0.0211953998505609,5.91774637889559,0.873084078001603,0.908446220512299
"ACTR3",-0.0566570426436014,11.6004472078872,0.873876882153307,0.908725381663306
"CCNQ",-0.0619858281312637,12.157115894682,0.874089854288481,0.908851837954153
"PTPN2",0.0325912741802902,7.98796462017037,0.876156343991049,0.910383951368323
"TSR3",0.0767882159067618,10.4770206520065,0.876223235099838,0.910383951368323
"MED14",-0.0178588227828112,8.94873974095104,0.877155494585026,0.911180529742331
"CATSPERD",-0.0176848641179951,5.91844680811912,0.877458875264492,0.91131561667844
"SFT2D2",-0.0300426265867375,9.71921280508846,0.877680367077609,0.911483407710753
"MAP1A",-0.0255392109568255,6.23319731543746,0.878569280637665,0.91209513413459
"RAD21L1",0.0184838975792625,5.91361051466428,0.878878042508784,0.91229112487022
"GNAQ",-0.0569965777839472,8.1567921191112,0.879312703439866,0.912680015964611
"SMIM3",-0.0507050968124233,11.8348170935712,0.879799185222498,0.912944741679518
"GABRG2",0.0183910301142766,5.90400089720327,0.879932320285172,0.913011579920646
"PHF6",-0.0357903630959486,8.44183156199701,0.880283225036973,0.91329172071704
"ZNF101",0.0669540469417993,9.88851840786587,0.880528574879241,0.913443285590962
"TGM3",0.0216462817008542,6.06414206880761,0.880714968081705,0.913464983676174
"BOLL",0.0163326899590739,5.89740273785401,0.881163363522123,0.913727835295544
"NPHS1",-0.019007888725994,6.05851465966588,0.881971082112832,0.914440701988816
"SH3RF2",0.0172891972992414,5.99036654336895,0.882086494221451,0.914498016505545
"FGFR1OP2",0.0466840046114015,9.43805442146708,0.882165972200097,0.914518071248744
"GDF3",0.0204818424713566,5.93015063744476,0.882489938419976,0.914706944062402
"RBFOX3",-0.018606118364745,5.95989525433284,0.882567382850106,0.914706944062402
"PLA2G10",0.0168593216630569,5.91249987259174,0.882622317033171,0.914706944062402
"RDH10",0.0487612352722404,7.20097760240785,0.882648895588884,0.914706944062402
"PMEL",-0.0167418672598669,6.39570764460294,0.883257581759792,0.915213006977102
"STPG1",-0.0179780660890829,6.40535349522238,0.883673840674883,0.915581943656058
"SGCZ",-0.0159058298379569,5.85123767924895,0.885387687311637,0.917029641332163
"ARG1",-0.033416509146424,6.48488129906623,0.885432880939077,0.917029641332163
"CHGB",0.0173650899813173,5.98411926013164,0.886629311566596,0.91789370798535
"GEN1",0.02906436506769,6.51124877079486,0.887276275678182,0.918375934153256
"TWIST1",-0.0163023847420574,5.92427283639818,0.889243725322976,0.920224453913434
"PBLD",0.0244438541088521,7.75212251836018,0.890244478305177,0.920864918603938
"C6orf58",0.0166627211746283,5.84807927286442,0.891315864944015,0.921785134835864
"NUP62",-0.0210335611801186,14.1083270447299,0.891357982173607,0.921785134835864
"RBM28",-0.0149955687552873,9.83576858356569,0.891690911122824,0.922066728520834
"SLC52A3",0.0148038320376857,5.98864427834212,0.891754805115019,0.922070103086022
"ADARB1",-0.0184339990980605,6.2267371230038,0.892307924652702,0.922391171704614
"SSX3",0.0148677239435699,6.05210661928689,0.892432620112838,0.922394677631918
"PRRC2B",0.0591470506145479,8.1614132179994,0.893154414715681,0.923015244563474
"SERPINB6",0.0313160808847438,11.2669253310225,0.893394382626435,0.923137774900314
"ABCA5",0.0174492068049024,7.45166145136584,0.893739337308162,0.92343147236786
"DNAH3",-0.0145317823099273,5.90188364178196,0.893863640627413,0.92346025269795
"ELL",0.0188152701745228,8.49310980198493,0.894017035031594,0.92353016361639
"ZBTB12",-0.0161270611863224,5.93039892901754,0.895253432988055,0.924367859928192
"CLDN18",0.0238280090385218,6.12355653181476,0.895733772532069,0.924738253524384
"RNF128",-0.0149351798572351,5.88458472349764,0.896275466052458,0.92516234778103
"PEAR1",-0.0140507532761341,5.97253132086824,0.897091729648819,0.925825938144629
"POM121L9P",0.0147542320405988,5.90049357736608,0.897640604835685,0.926203834611649
"KCTD4",0.0147829686648315,5.93268032157294,0.898221886038214,0.926615007656299
"FUT8-AS1",0.0165999604606109,6.39883161950748,0.899007824171832,0.927237096643284
"LIX1L",-0.0326546320715372,8.46652597938851,0.899489169724776,0.927607736704034
"FDXACB1",0.013923704738735,6.08990501915049,0.900384939417347,0.928468548864864
"BLM",-0.0310738586765085,8.0834377431108,0.901431343420707,0.929220389972633
"YIPF4",-0.0134544643440202,8.4956675726012,0.901515555937691,0.929220389972633
"HOXA13",0.0141025826899806,5.8618153255738,0.903432244944808,0.93085349465587
"SYT5",0.0139429627522066,5.91257947105225,0.903643031414692,0.931007602584827
"SLC35G3",-0.0145301377882668,5.91165834221747,0.904318780305621,0.931577593367736
"HCG22",-0.0138080011019564,5.83095394415513,0.904404446343748,0.93160273774016
"CDC23",0.0276135977006884,9.98572192598015,0.904552689595262,0.93169233344834
"GRIK1",0.0138389624011053,5.81581905813885,0.905129151501262,0.932096704769176
"LINC00689",0.0130121243768029,5.88747648143558,0.90533149549972,0.932178834364234
"SSTR3",-0.0742704882538439,10.1593631319556,0.905937715408815,0.932594870435474
"LGR5",-0.0128458154499072,5.92782453730062,0.906618280843991,0.933187872424732
"XG",0.0132370807707119,6.02296742327666,0.907091047755017,0.933611305783588
"KCNH5",0.0126694200928244,5.89241742827128,0.907516112084219,0.93398558791208
"PATJ",0.0163107430672413,6.05963195132961,0.908420583504995,0.934789920423842
"KLK7",-0.0139778024947704,5.93267685331818,0.909127530780293,0.935448629445285
"MAST4",-0.0127396091534178,5.85236634049582,0.90999300238137,0.936074213129492
"PDCD2L",-0.0139265087250365,8.94780988841091,0.910741053165571,0.936480725932523
"WNT6",0.0425102195927973,15.2402146963542,0.911147759957269,0.936708925399186
"PLXNA4",-0.0121426917486842,5.80990841444741,0.911847389992008,0.937238112124794
"CA1",-0.0182709741170588,6.38496534867827,0.912090828411238,0.937361624441013
"CIMAP1C",-0.0121257146310988,5.90481499563324,0.912591550628423,0.937559434030741
"NDUFAF1",0.0142525625087384,10.8318297971933,0.913089947608661,0.937944743210572
"ZBTB6",0.0172777228619143,6.57743389680133,0.913666100606943,0.938473190465379
"FGD4",0.0213762103192889,11.2433237078733,0.91409356915934,0.938785453793574
"RPE",-0.017217682827198,8.43827449824763,0.914198630733258,0.93882995314953
"ACP1",-0.0176384870939452,6.16672994376516,0.915124462123748,0.93933671841104
"VTCN1",0.0140115875424436,6.06440324723977,0.915258443939281,0.939347443341112
"TBX19",-0.0433446898278113,9.26906044376413,0.915656463184311,0.939502327088585
"HOXB7",0.0663579869452652,8.15646031093152,0.915755804692601,0.939505863425843
"UBE2L3",-0.031359280576394,11.6273907779857,0.916917420179061,0.940288612682614
"MAVS",0.0163566281248148,12.5524530488712,0.918952938619066,0.942064075446715
"FSD1",-0.0137285189748498,6.44253965833149,0.918958479698318,0.942064075446715
"MYORG",-0.0110191213428719,5.87177445649803,0.919133277578158,0.942179757711555
"ARL6",0.0124082113022574,6.15924390754818,0.919707313000291,0.942704644881608
"MYH7",0.0110202005702281,5.86553281121603,0.920361488149241,0.943311208386574
"AFG2A",0.0110826549628792,6.60415057252352,0.920640837552943,0.943470745114903
"KCNN3",-0.0113382422294227,6.02337743420643,0.922476698182951,0.944893218803131
"EPGN",0.0122387275339615,5.87315172329495,0.922489166566203,0.944893218803131
"DLL3",0.0106082434675255,5.90774522230696,0.922525941135513,0.944893218803131
"PLCZ1",0.0124066891479417,5.87616337653581,0.923214125080647,0.945279769354776
"SLC30A8",0.010745711941256,5.95628593496837,0.923444205075529,0.945451694546159
"TAAR1",0.0103695727859331,5.84217408142088,0.923795644727341,0.94568417912045
"PKD1L1",-0.011495848486268,5.88275030197858,0.923873076578726,0.945699787885122
"BARHL2",0.0119614007148583,5.95214961663935,0.924133459498393,0.945902655273359
"EEF1AKMT3",-0.0249363158570221,7.45753681570945,0.925281879110833,0.946757682021346
"CCDC62",-0.011234230931894,5.89093235344313,0.925657296059599,0.946825138449986
"SDCCAG8",0.0194197681065931,9.37109598969645,0.925768367749427,0.946875064680428
"LOC650226",-0.0135346669085605,6.00430422858215,0.926383319385176,0.947304749260372
"ARHGEF28",0.00991180070672906,5.92692710843927,0.927257634710279,0.947952010531993
"KIF6",0.0103996029439115,5.93693746782476,0.927788701985991,0.948367427060287
"KDELR3",0.0170359831895773,6.88074538586454,0.928562235164191,0.948966767850079
"GREM2",0.0105407273107049,5.99134266770447,0.9290029303786,0.949353350705399
"ATP13A2",-0.0231560532253751,9.85252916457379,0.930718788865305,0.950659637387572
"ATXN3L",0.00948780012700511,5.91547321052845,0.931253093036379,0.950886064112881
"CORO1C",-0.0273445367287107,11.1952078791662,0.932042662819499,0.95156450162184
"PLOD3",-0.0160480372409483,12.5285728678245,0.934354600951408,0.953412826843063
"TXNDC16",-0.0166388012361701,7.68350731181682,0.935184018747894,0.953939134557514
"CAPZA2",-0.0165584817484653,11.2044750141265,0.935471399509307,0.954168279258051
"CLDN8",-0.00934720988090144,5.84461358226603,0.936407199258248,0.954994681217774
"SV2A",0.00903384244220613,5.93269434041498,0.936750547488026,0.955280783624884
"PRB1",0.00866467666012599,5.86788863759093,0.937073271189403,0.955417692963827
"ERG",0.00906596126423585,6.01457016292297,0.937277735925068,0.955562097469225
"MDFIC",-0.0173339737620639,9.57460791189812,0.938401917584871,0.956420785627723
"LSS",0.0106446582007584,6.6068483340025,0.938483928699918,0.956420785627723
"NUSAP1",-0.0269966709877562,7.64722340110652,0.938497329295273,0.956420785627723
"FAM217A",-0.0087557151513693,5.82699309403155,0.939462035999956,0.957186510721572
"KRTAP1-3",-0.025132128894052,11.7530909460855,0.939930893547661,0.957496753236843
"L2HGDH",0.00933386489761255,6.50732956974903,0.940938295208692,0.958215061644099
"SLC25A51",0.0157860804820452,8.02155990050977,0.941616512576169,0.958601877812062
"CYP2C8",-0.00808318685520324,5.84696797284016,0.941646071319989,0.958601877812062
"DPYSL3",-0.00870142486852756,5.94663144037852,0.942132252389495,0.958904249386926
"RGS6",0.00833659424427216,5.96696837082349,0.942817575610948,0.959164906981707
"YTHDF3",-0.0112995507943769,8.93677126966902,0.94447201972282,0.960514275507868
"CER1",-0.00830411434324168,5.88619193065018,0.945605904682664,0.961345985588204
"TMEM134",-0.0079691288113555,11.037853271509,0.946629007232831,0.962193152118493
"SLC36A2",0.00742093330418516,5.85819953568121,0.946814919285655,0.962228561825259
"SSX1",-0.00728087897896925,5.84454048248852,0.946853657792938,0.962228561825259
"MTUS2",-0.00692702328741729,5.8697284074703,0.949787294139795,0.964305120569278
"UQCR10",0.00973429130823766,14.162636891873,0.949848152691201,0.964305120569278
"SLC31A1",-0.0174713952860549,9.53830770567453,0.950937393160402,0.965024414465728
"ANKRD1",0.00707192158762569,5.88759483076966,0.951279440808764,0.965242709889224
"CPA1",-0.00660849980547275,5.95036299352154,0.951870453300057,0.96564911305365
"CSN1S2AP",0.00650728548433044,5.90956256563373,0.952444052338786,0.966102124189172
"TMEM61",0.0136146019553797,6.3184411598934,0.95280013752057,0.966334410897821
"LOC100129034",-0.00865028212415758,8.63794532070657,0.95303379120466,0.966375385262621
"BAIAP2L1",0.00640374436055789,6.00015101285089,0.953094713542481,0.966375385262621
"NHLRC2",0.0114361910321151,7.60937095019419,0.953519934944023,0.966735720734906
"LHFPL1",0.00644075089814132,5.90403598320799,0.955440725728256,0.968237659550564
"SLC35F1",-0.00693983595189356,6.01078201221671,0.955820447457307,0.968557926767772
"ROS1",-0.00603057809195595,5.8929810926649,0.95592100668072,0.96858367494008
"ADPRS",0.0144876005008771,10.0626138507516,0.956164302464191,0.96858367494008
"POU3F2",0.00699481303237413,5.9427255574139,0.956382208332706,0.96873988439615
"EYS",-0.00637301606555833,5.89963934318129,0.956579503702652,0.968810674767576
"ILDR1",-0.0341749684289726,16.4734435341132,0.956914484847494,0.968996773604329
"C1QTNF9B",0.00608581426613718,5.9147844525822,0.956931989674418,0.968996773604329
"SPAG11B",0.00613049736309126,5.9012387061996,0.957018118065296,0.968996773604329
"CNTNAP4",-0.00579068944809104,5.82699674145585,0.958875727046428,0.970425371459512
"GPR4",-0.0070628854934568,6.10525890135977,0.960220117638154,0.971591985964141
"UBE3D",-0.00567010044467426,6.67467217748129,0.960884899256394,0.972005956358337
"SLC5A7",0.00545753271611145,5.84463010145579,0.961107613874685,0.972166584090869
"ARHGEF5",0.0157553549729481,6.75047998993394,0.963645931334854,0.974280502841408
"XRCC2",0.00518057621387064,5.93779694102508,0.964580905869278,0.974836949525517
"FAXC",0.00500590482707938,5.9593241391027,0.965005974511738,0.975201731701409
"GPRC5D",0.00773355575986949,6.03874042215866,0.96528310376616,0.975401199083756
"TLCD5",-0.0330639271197382,6.97497578294289,0.965331631207891,0.975401199083756
"SRCIN1",0.00477687995189751,6.05975986902717,0.966272480987649,0.976222141158584
"KCNQ4",-0.0112843721151913,6.2487257394949,0.966417006807302,0.976289041965878
"SLC6A3",0.00435040134513851,5.81166869762173,0.968212471686588,0.977273197677681
"FOXH1",-0.0145489912507948,7.38697313450464,0.968418227820594,0.977351145311274
"APOBEC1",0.0044049712384628,5.86591067643793,0.969033432443677,0.977893567877707
"TESPA1",-0.00489678130298481,6.48250119562813,0.970203452071718,0.978698202381712
"BCL2L10",0.0043129850389171,6.04532162807241,0.970872999138037,0.979002325623911
"DYNC1I2",-0.00532183732191954,10.7941294794444,0.97129240157589,0.979182075882285
"ELP1",-0.00945061171918334,9.71308884235664,0.971486040173346,0.979277503742046
"SUZ12",0.00654605621033486,9.21200518660108,0.972003762716557,0.979734439514409
"LRRN4",0.00412612695194585,5.95147144780861,0.972123932722818,0.979790626870476
"RAI1",0.0148937584474323,10.6245061285455,0.97352714799961,0.980800222032923
"SPATA31E1",0.00367968524202477,5.96348851305477,0.974277926310851,0.981120831983865
"GNA11",0.00678383134817982,7.97466804726623,0.974282404301705,0.981120831983865
"GREB1L",0.00342712987257118,5.93300941224961,0.974823182016785,0.981470437081183
"PARD3B",0.00348453470372658,5.94277135536984,0.975467166992887,0.981728851540456
"SERF1A",0.00363513283467287,7.70842612564758,0.975540099140869,0.981737283465745
"IGSF11",0.00324954309146878,5.87732882948301,0.976492208554949,0.982500397466336
"TMX2",-0.00525933936041541,10.792539392652,0.976897172978989,0.982842829231573
"LURAP1L",-0.00347466960644076,5.92058755228616,0.977396064461816,0.983198962835511
"KLRF1",-0.00782669854916924,7.26736218876822,0.978388264014836,0.983757270686786
"POC1A",0.00395235566814727,7.16078447583059,0.978514574136177,0.983819228048591
"CDH17",0.00279558150728515,5.92616451174517,0.9796413110994,0.984626598321305
"MIAT",-0.00776107528248578,7.22776017936439,0.98183860636725,0.986574266642427
"S100PBP",-0.00382930616484274,10.3153145272319,0.982356145641354,0.986898682977521
"FBXW10B",-0.00196199980626931,5.96382088505143,0.986351815792664,0.990193307450976
"STAG1",-0.00383307932234932,7.33087047589712,0.986527331770572,0.990238773781721
"SERINC3",-0.00175814578768435,11.2520636368899,0.988618709560672,0.991945195948981
"EMC7",-0.00254686173835699,12.7479366229956,0.99084575381437,0.993589754978831
"DLX2",-0.00125684927204708,5.83511581005854,0.991054479779306,0.993664533168272
"GRPEL2",0.00191404191819972,8.39610723142842,0.991116340322825,0.993664533168272
"BBS9",-0.00154678889514878,8.82172437521082,0.991527269328422,0.993998598050052
"MST1",0.00136373927384815,9.87927072833953,0.991580269004297,0.993998598050052
"DBF4B",0.000780289207517939,6.25006890881498,0.994574545718141,0.996277808673527
"ZNRF3",-0.0007952876564586,6.15249978447911,0.994782245387573,0.996420232355543
"GLIS3-AS1",0.000701622939840939,5.97023460596168,0.99513150929223,0.996639492234204
"MAGEA2B",-0.000811124037050035,6.02178294982532,0.995133371822914,0.996639492234204
"SOX7",-0.000655810494226938,5.89286628916758,0.995197746519504,0.996639492234204
"SLC26A7",-0.000626653402346207,5.96927883912998,0.995584196920828,0.996895211138527
"PTPRJ",-0.00103651770091428,9.0728951717893,0.995843916972343,0.996920735004134
"CIP2A",-0.00050861841260806,5.97588702327958,0.996730693257475,0.997615451278492
"FAHD2A",0.000754544612127368,9.6191072406581,0.996802378647997,0.997615451278492
"GABRG1",-0.000679308820307669,6.00943801977742,0.996828274436347,0.997615451278492
"AGAP1",-0.000721112622931899,10.221808457152,0.998013752637426,0.99847333399842
"SEPTIN3",-0.000272225813261063,5.93465042922162,0.998098944455,0.998492879046944
"MIR1915HG",0.000219356644112512,6.10841440896141,0.998744355725248,0.999072825223283
"LINC00598",-0.000152476198467253,5.89479308319035,0.998941478366763,0.999204288542603
"UBA6",-0.000139655138336822,7.83356195369435,0.999518015304519,0.999583742799443
