"Symbol","t","logFC","P.Value","adj.P.Val"
"MEGF9",41.4928642373305,4.21656027069838,2.61220905903559e-06,0.000619138595376413
"C11orf21",38.956115926507,4.01712561659966,3.33971974926743e-06,0.000692219829048894
"CD244",33.9844067625514,3.52906900831872,5.68248027801415e-06,0.000867385107932377
"VCAN",33.3246608522301,4.07398937297665,6.13292609376934e-06,0.000881951457120519
"S100A9",28.2461351445083,3.96168091876249,1.16659047241238e-05,0.00115906594383699
"CSF3R",28.0700669353776,2.92810514884317,1.1952878737321e-05,0.00116525243485371
"FGR",27.8567298153899,3.22808118444423,1.23125766750166e-05,0.00119267303231625
"CD48",27.0209624068459,3.40596462058869,1.38596851235236e-05,0.0012414779680682
"CYP1B1",26.8034542139911,3.69046700750386,1.43017726368712e-05,0.00124705642320198
"RAB27A",26.4188654169707,3.08672431784004,1.51276667872297e-05,0.0012703077582104
"TMEM154",26.1922743540817,3.19425030107397,1.56423680407637e-05,0.0012703077582104
"F5",26.0363568912286,2.84764366377125,1.60093421557039e-05,0.0012703077582104
"CLEC4E",25.3441574050142,2.66709361182774,1.77753150445961e-05,0.0013186682497474
"LTB4R",25.2939726013698,2.89304473882849,1.79126413445343e-05,0.00132111581199182
"SLCO3A1",24.9725555432624,2.74301573677025,1.88244817640544e-05,0.0013579435281744
"CD36",24.7880912559074,3.11148207969392,1.93741593444108e-05,0.00135924231222978
"MSRB1",24.7644277952821,3.05457995773724,1.94461230642855e-05,0.00135924231222978
"TKT",24.6869303000465,3.04553585205163,1.96841636408477e-05,0.00135924231222978
"TPPP3",24.6649728397615,3.77772214112557,1.97522718965532e-05,0.00135924231222978
"CD44",24.1391697599938,2.65777560664943,2.14752901837155e-05,0.00141383642040669
"FCAR",23.9734421943059,2.59221114965435,2.20571646657124e-05,0.00143045552997069
"RAB3D",23.8652224209866,2.47101850262026,2.24478280155458e-05,0.00144655325618822
"SLC2A6",23.7270318852573,3.17849239970408,2.29593934667653e-05,0.00146708594891835
"LIMD2",22.9667340027737,3.00005632883007,2.60513384325365e-05,0.00158475501952806
"FYN",22.8722048440135,2.53946359566872,2.64714157176035e-05,0.0015894275440743
"LILRA3",22.8692694885742,3.05794375580726,2.64845956623598e-05,0.0015894275440743
"ECE1",22.4760906234028,3.06836601891779,2.83269678135886e-05,0.00164426155156128
"SLC22A15",22.4485108707281,2.72031213609768,2.84621502702856e-05,0.00164582654490686
"P2RX1",22.4034744091362,3.48156745942469,2.86846416921706e-05,0.00164735045711405
"LCK",22.3775973969188,3.45706236585986,2.88134680163294e-05,0.00164735045711405
"PSTPIP1",22.1190211640043,2.33425654322747,3.01415034291676e-05,0.00166893957348994
"PLP2",21.8259806663436,3.33515706366904,3.17407632444421e-05,0.00169053696626155
"ADGRE1",21.6871447340657,2.29065194514198,3.25356032156984e-05,0.00169053696626155
"CLEC12A",21.6819789883093,3.22507103917129,3.25656563401767e-05,0.00169053696626155
"DPEP2",21.6698660228058,2.39915496655839,3.26362634836295e-05,0.00169053696626155
"VIPR1",21.5487590599886,2.88823462123095,3.33528717568329e-05,0.00169053696626155
"RNF24",21.5374947027957,2.23733828304282,3.34205236267915e-05,0.00169053696626155
"MYO1G",21.4891514696636,2.77937272489055,3.37128274037042e-05,0.00169053696626155
"BCL11A",21.4843380524767,2.35421375760254,3.37421066296836e-05,0.00169053696626155
"ZBTB16",21.4577988023471,2.24570688411396,3.39041145916473e-05,0.00169053696626155
"RAB11FIP1",21.3553379769909,2.56414395476378,3.45388139719721e-05,0.00170271061487569
"CRISPLD2",21.3243455264733,2.46912220313086,3.47337293303942e-05,0.00170396953437624
"LILRA1",21.198707889726,2.34545898842529,3.55381585873707e-05,0.00172672305366369
"KSR1",20.8677624586017,2.75471885321891,3.77718285113681e-05,0.00176165672977226
"RAB37",20.8534150460267,3.3345639037502,3.78725918747452e-05,0.00176165672977226
"CKAP4",20.8417875418615,3.15998636356396,3.79545004994617e-05,0.00176165672977226
"CCND3",20.8292079257814,2.39869150942324,3.80433665697868e-05,0.00176165672977226
"ITGAL",20.6341056592193,2.54132135784193,3.9455638870881e-05,0.00178809273861894
"TNFRSF10B",20.1733197258772,2.19866362489774,4.3061501680352e-05,0.00182953079529745
"CD79B",20.105227971837,2.33743613980717,4.36288649437059e-05,0.00182953079529745
"APOL3",19.9987784783203,2.13822598469649,4.45347570012074e-05,0.00185557420403935
"LILRA2",19.756006937568,3.06865264647964,4.66906787019303e-05,0.00189433933980213
"CCDC69",19.5945343165028,3.46738887605549,4.81974152450051e-05,0.00194672792471706
"VNN1",19.0395269791906,2.52534040723431,5.38643759945047e-05,0.00200383318517556
"IRF1",18.937970985458,2.18253790259072,5.49901680470003e-05,0.00200402164506413
"MTARC1",18.9181450080476,3.97376262394926,5.5213379095336e-05,0.00200402164506413
"MAP3K7CL",18.8112541879238,2.24400482521438,5.64365828986727e-05,0.00201558346676719
"SYNGR1",18.7978640855553,2.2133760859299,5.65921975479741e-05,0.00201558346676719
"XYLT1",18.7800853531859,2.05293940695017,5.67996475785106e-05,0.00201824542143455
"ICAM3",18.3532407587018,3.6521735691329,6.20793956977917e-05,0.00207040230213162
"PELI3",18.3263443073203,1.88175569529644,6.24322933054532e-05,0.00207758154660846
"PRELID1",18.2606096216489,1.91548278617028,6.33054164513972e-05,0.00208924981101982
"LILRB3",18.2062890161337,1.97275997383137,6.40385114937342e-05,0.00209644887784227
"TNFSF10",18.1627022564058,2.34475855357983,6.46344561908215e-05,0.00209644887784227
"KCTD15",18.0809364609111,2.45307195456211,6.57712858237777e-05,0.00210589232151935
"LILRB2",18.01052749309,2.1255888045074,6.67703686739405e-05,0.0021096968598992
"BPI",17.9756708307549,2.08834422781723,6.72720159012676e-05,0.0021096968598992
"VNN2",17.9409114018615,3.88725432361805,6.77769779894713e-05,0.00211653445844739
"FLT3",17.7478752377762,2.90325279376638,7.06694284262767e-05,0.00215378891283931
"CCNY",17.5853381902256,2.33605647902064,7.32257828350988e-05,0.00220518357496274
"IL27RA",17.5533411841321,2.8581597238443,7.37426096688056e-05,0.00221245399672463
"CD300LB",17.4386834997015,2.65704678026654,7.56325666416544e-05,0.0022319615100813
"EIF4EBP2",17.3602175269822,2.0169355804053,7.69610389539284e-05,0.00225081438540643
"SLC16A6",17.3331165173112,2.25033787986925,7.74266610304117e-05,0.00225763613216071
"PTPRE",17.3276372481585,2.26297511014163,7.75212290374889e-05,0.00225763613216071
"RASGRP4",17.2446765542048,1.92829963781774,7.89709191008717e-05,0.00226227390713583
"DAPP1",17.235372816385,2.0795499564102,7.9135608126391e-05,0.00226227390713583
"PCSK5",17.2272809830847,2.79914753889929,7.92791949433197e-05,0.00226227390713583
"TLR8",17.2184962892234,2.09041618928394,7.94354462395144e-05,0.00226227390713583
"GRK6",17.1626056571243,2.48549832068114,8.04386531373548e-05,0.00227783561691632
"SULT1A1",17.1324118354053,2.35371877055814,8.09872250316871e-05,0.00228507183354712
"AGTPBP1",17.0257791757506,2.13125922801536,8.29624809063289e-05,0.0023150337791256
"CDA",17.0108457001456,4.3818278394773,8.32439072288411e-05,0.00231863249292347
"PTX3",16.6473670684645,2.32608097506778,9.04783082755826e-05,0.00242679737611122
"POU2AF1",16.6363205990531,1.72950561681553,9.07102647582953e-05,0.00242822522767906
"IKBKE",16.4434506986336,1.80611539668854,9.48829681124388e-05,0.00247085647098282
"SELL",16.3885360777748,4.17328965901099,9.61148206792494e-05,0.00249439282063144
"RASSF2",16.3639988758636,2.10052610398443,9.66717190194059e-05,0.00250457155510583
"CD1D",16.1779633794269,2.09116439648444,0.000101028302907132,0.0025522233066639
"STK26",16.1353115605091,2.02635587836902,0.00010206158807375,0.00256554153954642
"TREM1",16.0895068786049,1.94468266015146,0.000103186045787821,0.00258526092972187
"PADI4",16.0336362518382,2.8817464742481,0.00010457871226391,0.00259874682370839
"WARS1",15.9946629715518,2.1737102946626,0.000105564148944873,0.00260458067554097
"FRY",15.9772175536154,3.61334583703649,0.000106009024050865,0.00260458067554097
"GDPD5",15.9475250375357,1.70976383633135,0.000106771627708898,0.00260815596673567
"CALCOCO2",15.8673902091155,1.7507670615781,0.000108864343685668,0.00263170378133674
"IMPDH1",15.7090740957358,1.92047565647706,0.000113152044152946,0.00267217975189168
"HK3",15.595702282409,2.41006229319558,0.00011635309150922,0.00270979757377062
"ASGR2",15.5774978838112,3.59898681273064,0.000116877613623628,0.00271314448371105
"ABCC6",15.5721588559641,1.76510402867472,0.000117032008240035,0.00271314448371105
"H3C1",15.3871164717498,1.67379064683481,0.000122544626361996,0.0027899082001695
"CEACAM19",15.321034481259,2.08621048943575,0.000124591858408206,0.00280762812032829
"TTC9",15.2679997654394,1.77794420116389,0.000126265954440653,0.00281456334962822
"S100A10",15.2181117338438,1.56952370132042,0.000127866519903452,0.00283468518176632
"NAAA",15.1101815575978,1.78237749877815,0.000131417162048781,0.00288469032275595
"ST3GAL4",15.1092028425064,1.6770401491508,0.000131449920677924,0.00288469032275595
"PTK2B",15.0616647347658,2.253281129534,0.000133053460294501,0.00289481691582085
"TSPO",15.051958814933,1.99223904335596,0.000133383863909105,0.00289785971761382
"UNC119",14.5867967432686,1.62892117416537,0.000150498526106775,0.00313180162716482
"CLEC4A",14.5806730576216,2.2051754945503,0.000150741635394835,0.00313180162716482
"BST1",14.429186154797,3.82823135807038,0.00015691533529157,0.00321423230081273
"STK38",14.4189872391205,2.10322920741398,0.00015734226014513,0.00321423230081273
"GLIPR2",14.4145468056215,3.04553676126454,0.000157528590406619,0.00321423230081273
"SIRPD",14.3439080132362,2.80969034757863,0.000160530253160557,0.00325079106533388
"LTA4H",14.2406778614573,2.40752575998045,0.000165046833800285,0.00330008468508641
"DENND10",14.1811835786615,1.88456603169517,0.000167722221660969,0.00331882495705834
"NOTCH2",14.1688048213625,1.82160838911917,0.0001682856886778,0.00331882495705834
"IL6R",14.0953990401839,1.57160917041555,0.000171676188570595,0.00334147582902408
"PTGIR",14.0736193392056,1.86243141822386,0.000172698579800955,0.00334147582902408
"BCL6",14.0585062010983,1.45401542514673,0.000173412509741104,0.00335102598239226
"ADORA2B",14.0501839784682,1.44761762454359,0.000173807221328948,0.00335439114463279
"SMAD3",14.0432940219437,1.44135271332742,0.000174134853982273,0.00335645482808923
"PF4",14.0171560565591,3.76230134673059,0.000175384825073871,0.00335925997446276
"STK35",13.9711433773061,1.54608351698163,0.000177612665146131,0.00336603301510559
"TMEM164",13.8676110739234,1.9962205096749,0.00018275650037662,0.00342052372838523
"LINC01003",13.829803756867,1.41405599635794,0.000184681297640373,0.00343457529535069
"FAM111A",13.6657913971029,1.3926484312947,0.00019333119567372,0.00353812373502519
"PGD",13.658188313146,2.42307402796301,0.000193744349810357,0.00354030846725277
"CERK",13.6376712057073,1.89808901279674,0.000194864784965299,0.00354030846725277
"FGD3",13.6241297542347,1.99814426582279,0.000195608726451951,0.00354144941890628
"UPK3A",13.5763964229497,1.4900105547579,0.000198259624244649,0.00356943532912823
"ADGRE5",13.5519106737842,1.38705170286544,0.000199636907211766,0.00358344678186357
"MYD88",13.5391644153204,2.10782250883005,0.000200358603601421,0.00358344678186357
"PTPRC",13.5101347554958,1.53548388772871,0.000202014498500021,0.00359241938250952
"ADGRE2",13.4997919652889,1.82384327902992,0.000202608603141202,0.00359338218713332
"ABTB1",13.4878296746069,1.81870641212996,0.000203298464373364,0.00359338218713332
"CAST",13.3954820894103,1.79642794992639,0.00020872431076583,0.00366122182021539
"CLASRP",13.3842428965366,1.49578564071986,0.000209396975996351,0.00366878941353976
"CFP",13.3390133005764,4.15738908962471,0.000212131553177523,0.00369965213385753
"RAC3",13.2498848275149,1.56699219921585,0.000217652345756484,0.00375664770836115
"CES1",13.2141866587404,1.97310200091954,0.000219913933930675,0.00376147700130116
"ABRAXAS1",13.1825910837195,1.36196105465548,0.000221940194838004,0.00377606896610887
"CASP5",13.1612031224823,1.43979194510349,0.000223325102412391,0.00378631901615122
"WAS",13.1056920908385,1.4282700174373,0.000226970332587621,0.00383529424221394
"C19orf38",13.0654908551094,3.72917001934974,0.000229656793017756,0.003869217204219
"BRICD5",13.0175000030626,1.49237979390635,0.000232916117355527,0.00390108845015732
"IL16",13.0083622403391,1.51276453306917,0.00023354325937185,0.00390728920630044
"C5",12.9887708849951,1.43109457284814,0.000234894989125544,0.00391268674109669
"KIAA0232",12.9474707606389,1.39468978020199,0.000237776765962479,0.00393706670911697
"OSBPL8",12.8243556359844,1.41958934831368,0.000246633862987706,0.00400589419415948
"SCO2",12.8211971406488,1.89797799271041,0.000246866474357141,0.00400589419415948
"SP3",12.819679528574,2.09539284998398,0.000246978338445488,0.00400589419415948
"RPS9",12.7931233362485,1.3564747168077,0.000248946116291926,0.00401153084282279
"SASH3",12.7758905523724,1.54149575204461,0.000250233543670325,0.00401153084282279
"RIN3",12.7661382333211,1.66379940299559,0.000250965812045673,0.00401153084282279
"CARS2",12.7028106066375,2.32661137387749,0.000255786677396962,0.00404052848873681
"CSGALNACT2",12.6641460906065,1.65421186427378,0.000258787071321565,0.00406189949681936
"SPINT1",12.6407761061557,1.80194326406564,0.000260621962991343,0.00406390010483973
"LRRC36",12.6295130299641,1.73869733863547,0.000261512094449736,0.00406653980817135
"LINC00324",12.6208482965563,1.58687978082165,0.00026219946620662,0.00407306382233941
"ADCY9",12.6168969273163,1.28260491856297,0.000262513678016132,0.00407378368905034
"TNFRSF1B",12.5680206777858,1.52197072320136,0.000266439535243896,0.0041095460973521
"VCPKMT",12.5497759521493,1.50181518746826,0.000267923803916563,0.0041103971376862
"PTPN22",12.5422440572877,1.54570190556119,0.000268539564334818,0.00411147654758308
"TCEANC2",12.5294048744747,1.51332433314067,0.000269593302174064,0.00411147654758308
"TALDO1",12.5202285973464,2.02608749874098,0.000270349588873164,0.00411147654758308
"APOL6",12.4934996178379,1.49919237467589,0.000272567703643159,0.00412094604267
"TFCP2",12.4905257281155,1.33426188668361,0.000272815898230372,0.00412094604267
"GTPBP6",12.490448867683,1.33132439325584,0.000272822316587679,0.00412094604267
"RDH5",12.4539154758033,1.28571579510314,0.000275894601642861,0.00414605247211919
"SNX15",12.4384337655133,1.45167436149177,0.000277209591015577,0.00416170134270967
"TYK2",12.4060997959146,1.50450133919621,0.000279981364950946,0.0041950311312059
"TCIRG1",12.3378620335354,1.47899469226631,0.000285945637579505,0.00422239228108633
"SDR16C5",12.2987653766267,1.35452533607628,0.000289434523276733,0.00424100035161351
"SLC7A7",12.2700932356712,1.47763957563265,0.000292027043120469,0.00425062808407002
"MAP4K2",12.2645560507828,1.51526978108134,0.000292531054179466,0.00425062808407002
"BCLAF1",12.2622822046697,2.12972238305744,0.000292738341539395,0.00425062808407002
"LINC01001",12.257280474576,1.61764221265254,0.000293194953984051,0.00425062808407002
"AGO1",12.2223577782015,1.35434607471763,0.000296408028452198,0.00427277089734694
"FHL3",12.2048567052907,1.56658647181066,0.000298034786312318,0.00428809179776512
"ELAVL1",12.1322371097172,1.34993806524428,0.000304905419381091,0.00437748516232381
"FAS",12.1008340174312,1.34554009844984,0.000307937812941539,0.00440556750631696
"IRAK3",12.0977426037131,1.96528488383384,0.000308238365987421,0.00440572281009088
"GAS7",12.0133745335585,1.84181453126084,0.000316584288410224,0.0044662466216537
"WFIKKN1",11.9531695267435,1.28513845530489,0.000322713221688267,0.00452751169320587
"HSH2D",11.8934418724973,2.92321632470425,0.000328940878548068,0.00454189340448531
"NHEJ1",11.8188793818972,1.29286398820395,0.000336927761470525,0.0046287239353602
"BANK1",11.7629215676429,1.25058939928416,0.000343081535992757,0.00466689087600881
"PPM1F",11.7229601611827,1.64282123118093,0.000347562340669988,0.00471557330760418
"PIDD1",11.6968019443251,1.33262411256382,0.000350535080505213,0.004733870971267
"MNDA",11.6504305045592,2.85680673120872,0.00035588349686884,0.00478116273885276
"PSMB8",11.6010317970029,1.34455994210946,0.000361693790967897,0.00483785327444132
"KCTD18",11.5962743935954,1.36046393540805,0.000362259598562772,0.00484116342262095
"PRKCD",11.5561885875188,1.76547356626926,0.000367071299343456,0.00487122192008315
"TLE4",11.5213976793494,1.32615700001661,0.000371312348313896,0.00490609747450716
"H3-3A",11.5029479581468,1.1895800873056,0.000373586247895157,0.00493146158881043
"SAFB2",11.46965569695,1.21264141797101,0.00037773368981322,0.00495649176417553
"KLHL8",11.4568059951655,1.70506697020739,0.00037934984856101,0.00496484724347318
"CD33",11.409519618963,1.16882901889932,0.000385372184639335,0.0049897584631213
"HRH2",11.3391561468508,1.50639921246942,0.000394556551531597,0.00505511039232732
"PITPNC1",11.326554728424,1.1672316467443,0.000396230158974815,0.00507149070364753
"DIS3",11.3068146012868,1.41731440885163,0.000398869742146718,0.00508041125508148
"TXNIP",11.2811926059421,1.56732488670241,0.000402328691705598,0.00511223832988518
"RNF213",11.2770591163178,1.31493102372766,0.000402890216267666,0.00511223832988518
"ABHD2",11.268563052542,1.19152724609627,0.000404047464967906,0.00511299914963079
"NDUFA10",11.1704380930953,1.50812221311639,0.000417718961900512,0.00519858426561619
"JCHAIN",11.1604183541272,1.26771587743739,0.000419147299982508,0.00520443953042888
"DUSP22",11.1599368130691,1.47505486255116,0.000419216098420265,0.00520443953042888
"CTRL",11.1223647298382,1.89829970616232,0.00042462785760437,0.00523619429390657
"MYCL",11.1133999414657,2.77392668497527,0.000425931994761407,0.00523619429390657
"KLF10",11.1053694174834,2.70023892257791,0.00042710447386128,0.00523822970845351
"TRMT10A",11.0929470642222,1.22784687240725,0.000428926128602783,0.0052437445926485
"NOA1",11.0928980016087,1.30223495997685,0.000428933342533847,0.0052437445926485
"ACTN1",11.0873030253297,1.40197628377489,0.000429756996376685,0.0052495938963025
"EREG",11.0800502018776,1.60256662278501,0.000430827650823599,0.0052542316870291
"SLMAP",11.0358833880234,1.23114620786161,0.000437419961501945,0.00528324266501045
"UBE2D1",10.9947601235484,1.29776038104168,0.000443671680426507,0.00530789425419488
"CLEC7A",10.9825310080412,1.58779932950987,0.000445552303533673,0.00531031303459255
"MIEF1",10.9770253211377,1.18930944813669,0.000446402232574162,0.00531116830846729
"PDPK1",10.9752820461024,1.16506590352854,0.000446671769235249,0.00531116830846729
"ZZEF1",10.9432023512008,1.14673755110653,0.000451668271308734,0.00534120935589043
"ITGAE",10.9318334292182,1.78422852310477,0.000453455758256504,0.00535102694899918
"SEPTIN9",10.8772609959011,1.63032714280973,0.000462160034183516,0.00541348036607865
"STMP1",10.8571180543402,1.4098811023785,0.000465425500465138,0.00543639862601675
"BORCS8",10.8513843413799,1.38733156670456,0.000466360285706552,0.00543776798263752
"UPP1",10.8266416261848,1.56422653277875,0.000470421171000228,0.00547373004481368
"MXD1",10.8094069951823,2.31223943835532,0.000473275919586132,0.00547532183640291
"ACAP3",10.8084311547365,1.36786892295462,0.000473438204554828,0.00547532183640291
"SH3BGRL3",10.8045385000713,1.8449840944495,0.000474086255952563,0.00547581196627214
"PDE3B",10.776285804655,1.39703948755534,0.000478823143591491,0.00550411365664354
"S100A8",10.7362852607829,3.69586787384553,0.000485631265863974,0.0055444526802537
"TMEM80",10.7172605639253,1.25168290913707,0.000488911707346414,0.00555707716391948
"MARK3",10.7044278772435,1.21277724031345,0.000491140097763286,0.00556576647301346
"FES",10.6288153256833,1.61371605994185,0.000504530975407723,0.00565107392730337
"BCL2A1",10.6276035158657,1.53786311196238,0.000504749273794826,0.00565107392730337
"HDAC4",10.6244030797719,1.51121993035107,0.000505326375659777,0.00565107392730337
"PTEN",10.5949363326198,2.08139224906086,0.000510678729674272,0.0056980206316114
"MUSTN1",10.5827382348895,1.7606318102646,0.000512915110543139,0.00571094659585717
"MS4A1",10.5760602896165,1.33736431370806,0.000514144616621619,0.00571990587387094
"SMNDC1",10.5710804784457,1.15056837938924,0.000515063868290034,0.00572594393929447
"NOTCH4",10.5547007378202,1.21503187016677,0.000518102013578008,0.00575131052736814
"LMNB1",10.5304761166429,1.42230257234079,0.000522636387220234,0.00578475558722366
"C2CD3",10.5227069264996,1.11652847735747,0.000524101115134331,0.00579255935300847
"RPL34",10.4975687331669,1.12070142033629,0.000528875690807124,0.00582414301650597
"IKBKG",10.4393023833708,1.06104542261693,0.000540152997937208,0.00587815386395207
"NUP210",10.4339968867147,1.31887081118426,0.000541194715320592,0.00587815386395207
"DHX33",10.4304266067651,1.20044160049233,0.000541897140798317,0.00587815386395207
"AHNAK",10.4195743537552,1.73836925422278,0.000544039240083185,0.00588878915529187
"RIPOR2",10.4164118365097,4.12901490710727,0.000544665470322375,0.0058913744471285
"TBCC",10.4005611482953,1.28527231654521,0.000547817762885674,0.00589611644583534
"PROK2",10.3847674192687,3.30110113691591,0.000550981418577042,0.00591617072531436
"BACH1",10.3837021382303,1.07872876093586,0.000551195626196878,0.00591617072531436
"MTMR9",10.3766102501762,1.06428360414101,0.000552624322701324,0.00591617072531436
"RGS19",10.3532600384617,1.79244401707413,0.000557361134050329,0.00595429007362712
"MYH9",10.346385135236,1.44177385552873,0.000558765425069892,0.00596119592096242
"CTSS",10.2949165892324,2.80708008144316,0.000569420140755604,0.00602207336621086
"FAM117A",10.2888532776295,2.10294387502449,0.00057069197311484,0.00602408370716434
"BAZ1A",10.2847169410882,1.07230923917244,0.000571561641138811,0.00602795384080378
"HNRNPA3",10.2745645379686,1.16205679369993,0.000573703216849149,0.00603013390554661
"CNTRL",10.2720309295835,1.25898971975773,0.000574239224430945,0.00603013390554661
"EHD1",10.2523802585602,1.60519466481087,0.000578417802212647,0.00606213124343545
"MPEG1",10.2511675267632,1.46857885660187,0.000578676922844472,0.00606213124343545
"PRRG4",10.2360995556213,1.52941962520763,0.000581908568237143,0.00606378649212819
"FAM53B",10.2288500037012,1.08912659669921,0.000583471415463123,0.00606378649212819
"SPIDR",10.2184393637655,1.17349835372772,0.000585724902260479,0.00606791846973934
"SFTPD",10.1837429513816,1.04082787375872,0.000593314165481669,0.00610409544727659
"ZBTB22",10.1803655765516,1.07670415209401,0.00059405944926107,0.00610409544727659
"STAT6",10.1796749259926,1.36406760359158,0.000594211998710943,0.00610409544727659
"FCN1",10.1793838230152,5.00016644595342,0.000594276311576913,0.00610409544727659
"EIF2S2",10.1763154016169,1.16759040155139,0.000594954741294918,0.00610531154224907
"MAPK1",10.1501774010684,1.238863241968,0.00060077324386992,0.00614842496148973
"ASPHD2",10.1214714022106,1.68625371795973,0.000607245483304358,0.0061946999344591
"SEMA3C",10.1198586464128,1.37953338104221,0.00060761168179614,0.0061946999344591
"RC3H1",10.1121398272038,1.21435080698316,0.000609368168197712,0.0061946999344591
"ADAMTSL4",10.1080794638221,1.08199914804096,0.000610294684293782,0.00619908461192937
"YPEL2",10.1013660120466,1.38221137570714,0.000611830457360363,0.00620728325252595
"MAST3",10.0499862072962,1.7915477040108,0.000623745309634517,0.00629382317497288
"ANPEP",10.0205577151279,3.05234526860714,0.000630700240316946,0.00634809940037579
"PSTPIP2",10.0133811347748,2.10754280735084,0.0006324109637166,0.0063519635825985
"ANAPC1P2",10.0127288724539,1.47368586603703,0.00063256673424201,0.0063519635825985
"GAPDH",10.0116874755699,1.08842799338156,0.000632815535511689,0.0063519635825985
"ALDH3A2",10.0058286685699,1.08117988827393,0.000634217548213308,0.00635806227635332
"ACVR1B",9.99542571051916,1.05611373073336,0.000636716542953719,0.00636632819542417
"ZNF862",9.98437174001561,1.33279214670842,0.000639385405491917,0.00636969787317645
"SLC35E2B",9.96890867129316,1.15922603914575,0.00064314226695763,0.00638009406730012
"TMOD4",9.96427030142737,1.4804325005032,0.000644274559740531,0.00638009406730012
"MIR22HG",9.96381375136576,2.46100670397137,0.000644386144619476,0.00638009406730012
"CCDC126",9.93040720205565,1.0926786380593,0.000652616863244724,0.00643644439443953
"NFATC2IP",9.91267889740843,1.27232465547116,0.000657038066692153,0.00646743224352515
"RBBP4",9.89834659390874,1.50651482235,0.000660639704323644,0.00647689368474192
"RCBTB2",9.89701784511917,1.19079713883169,0.000660974858930092,0.00647689368474192
"RNF207",9.89532190874408,1.15120321468915,0.000661402938743043,0.00647689368474192
"ACAA1",9.88664791300917,1.4057212940305,0.000663597803499764,0.0064900291933276
"TNFRSF10C",9.85622555710311,1.89156686283859,0.000671368066292128,0.00652879320679851
"S100A4",9.84989302807192,2.50975757372579,0.000672999727506068,0.00653574703442675
"BTBD9",9.8414957276454,1.45423311483653,0.000675171043843453,0.00655264916067085
"DICER1",9.83466797717333,1.40013475127802,0.000676942963207293,0.0065536579871493
"ARLN",9.83199469400809,1.06982564908906,0.000677638306903841,0.0065536579871493
"CASP8",9.83154202450993,1.35041321384975,0.000677756138310164,0.0065536579871493
"ADGRB1",9.81874528059074,1.0566117489034,0.000681097776800622,0.00656409061443844
"NUP50",9.80068925294476,1.11971330788368,0.000685847828011401,0.0065847880351814
"NUP214",9.79753960289203,1.16549047839584,0.000686680644729303,0.0065847880351814
"ANXA6",9.77215595730512,2.3336640576723,0.00069343875064624,0.0066159451190891
"NELFCD",9.73783988981264,1.09855856171395,0.000702707489266827,0.00668759417820395
"TREML2",9.72504404357931,1.27053994041282,0.000706203165405602,0.00669833357823874
"KMO",9.72107413373778,1.02970208949189,0.000707292106067969,0.00670186813026895
"TMEM105",9.69467774264639,1.23772470535727,0.000714586122962857,0.0067415792543543
"PPBP",9.67472828371094,3.06764385280116,0.000720161025243956,0.00676062276043832
"CLK3",9.67131314737269,1.28610378060855,0.00072112082185861,0.00676545679137924
"PSME1",9.66074707926056,1.21884426312521,0.000724100453889601,0.00678174882972291
"RAB11FIP4",9.64577298456177,2.79026983837439,0.000728349505769467,0.0068048248401672
"ENC1",9.60913181325897,1.3285487485096,0.000738878733562891,0.00686011463981956
"CES2",9.59638120015053,1.37150280785298,0.000742587240406066,0.00689015803273139
"ILF3",9.59099206801378,1.0671229904313,0.000744161644720484,0.00689015803273139
"EIF4E3",9.59040836960864,2.46755576328095,0.000744332418695618,0.00689015803273139
"C1RL",9.58928282015411,1.3285196558889,0.000744661861309009,0.00689015803273139
"JMJD7-PLA2G4B",9.57710325946206,1.09769436325554,0.000748238415975638,0.00690905272019278
"PGS1",9.55808176933418,1.66244088223842,0.00075386708922771,0.00692342932111148
"KYNU",9.55646524338307,1.53693459269808,0.000754347868561396,0.00692342932111148
"RAB4A",9.55217347660492,0.99449725952542,0.000755626161903079,0.00692385621955408
"ADCY10P1",9.5450527491687,1.09274998247242,0.000757753021009211,0.00693375929212279
"GNMT",9.54016806907598,1.38805532903838,0.000759216323843235,0.00694297164943351
"MFNG",9.52987440958766,1.28202156475594,0.000762311551264524,0.00694946975347108
"CSTA",9.52964030581943,3.23480534365962,0.000762382127403573,0.00694946975347108
"OXER1",9.52415034036416,1.20159698341341,0.000764039546804554,0.00694946975347108
"TIRAP",9.51144674776702,1.00900544661896,0.000767892023802033,0.00696441756178942
"CDC42",9.51138372072227,1.35525370587707,0.000767911197635277,0.00696441756178942
"RPS6KA1",9.5021708694076,1.02818517429365,0.000770720328543635,0.00696441756178942
"SECTM1",9.49488327803046,1.57216514081851,0.000772951503633403,0.00698043139385795
"CAVIN3",9.48770703612043,1.07782108176073,0.000775156465348189,0.00698261722207181
"NINJ2",9.48732186871647,1.08500307101607,0.000775275033009614,0.00698261722207181
"PSMB9",9.47807705273287,1.39838625165963,0.00077812770157115,0.00698822721368803
"BEGAIN",9.47568045796679,1.4357588084929,0.000778869353445634,0.00698822721368803
"DENND1C",9.4707632189164,1.38276465670136,0.000780393807717533,0.00699520555840563
"TAF1",9.470168862191,0.976795299160527,0.000780578323601727,0.00699520555840563
"NUMB",9.46740522745982,1.35648342772616,0.000781436998973805,0.00699520555840563
"RSL24D1",9.46042776293844,1.11845509598414,0.000783610180177806,0.0070018470153608
"SLC39A3",9.4559091576166,1.13455871007691,0.000785021553934405,0.0070077617799178
"RXRA",9.42821915216156,2.05888098141377,0.000793740038229211,0.00703449796118289
"ZNF511",9.41125039447046,1.04915019853455,0.000799142535167206,0.00705962285209736
"G6PD",9.39860324361182,2.5283619007338,0.000803198972192444,0.00707478136167701
"SRSF9",9.38541620643859,0.956252475523107,0.000807455953089426,0.0070936319344506
"TMEM102",9.37848231122902,0.97083252360235,0.000809705609125658,0.00709777111284266
"TMEM131L",9.37835485918737,1.99761300539693,0.000809747033191874,0.00709777111284266
"METTL9",9.36715212415198,1.96194960251389,0.000813398458808079,0.0071223201975967
"NFIL3",9.35156539460887,1.34604289789182,0.000818513029817021,0.0071334934999755
"NLRC5",9.34825483251774,2.46197803868407,0.000819604503712438,0.00713864719883207
"SELENOO",9.33591966332544,1.09014372369825,0.000823687353264531,0.00714211564249612
"PPCDC",9.33438032102823,0.977261034819483,0.000824198642331713,0.00714211564249612
"PROSER3",9.32969252449655,1.29591115564575,0.000825758122816967,0.00714533460576444
"ARRB1",9.3276178595828,1.03248424723963,0.000826449472089667,0.00714533460576444
"TIAM1",9.32111878046952,0.986346530663603,0.000828619864063097,0.00715478236722755
"PRPF38A",9.30718991451144,1.30117871803395,0.000833295450365057,0.00717596670959897
"EIF3L",9.30498828912906,1.45442297461151,0.000834037490906487,0.00717638708770631
"FYB1",9.28317996554258,1.12331912951562,0.000841432500480363,0.00722558185618598
"RFX1",9.27313091723098,1.09871090488599,0.000844867552029459,0.00724281044603383
"TBL1X",9.26442901324531,1.91984011976984,0.000847856246557005,0.00725665519142915
"PLCL2",9.23768861245287,1.05872285030352,0.000857123175850975,0.00728626565586452
"LINC00265",9.22210770638089,1.87630696567174,0.000862581012172754,0.00730313468701956
"TRIAP1",9.20202468641663,0.957503096912459,0.000869679965863193,0.00732747530240855
"RNF112",9.1944728019185,1.23646526011508,0.000872368242005372,0.00733924675401872
"ZNF281",9.18436281089815,1.71897576136669,0.000875983375582914,0.00734639802425736
"PPP1CB",9.17167394346087,1.14848635552263,0.000880547133965867,0.00736598504584868
"PDSS1",9.16656463633423,1.35400352694688,0.000882393147456646,0.00737736942634452
"RAMAC",9.16272589803721,0.999512370886527,0.000883783273917789,0.00737985880296858
"ING1",9.16137452487957,1.97188904082311,0.000884273297740893,0.00737985880296858
"HIPK2",9.16007051789777,1.45890334419934,0.000884746467154488,0.00737985880296858
"TLR5",9.13362107654754,0.938019627434823,0.00089441234172775,0.00743720583358351
"STAT1",9.13039933060064,0.97334112710481,0.000895598694368771,0.00743720583358351
"HDHD5",9.09582004222748,1.05963762157871,0.000908456262960096,0.00749298340376277
"THOC2",9.09176897034616,1.05163199542595,0.000909977581685624,0.00749449161116811
"ZNF414",9.09047080696023,1.2300883143145,0.000910465758991671,0.00749449161116811
"BPTF",9.08986658597129,0.968387637303835,0.000910693088995178,0.00749449161116811
"LILRA4",9.06993406277622,1.59798270047281,0.000918232254157408,0.00752396342738462
"LINC00482",9.05872800431709,1.66928693196984,0.000922504937914733,0.00753976183015467
"ADD1",9.05837695333034,1.13263599456149,0.000922639187658985,0.00753976183015467
"IGBP1",9.05330803342366,1.55398770194053,0.000924580372773328,0.00754751385353557
"PECAM1",9.03635007670786,0.922758832328141,0.000931111672631921,0.00757642927629013
"SATB1",9.02702986235348,1.17527316583073,0.000934725811207019,0.00758959430690675
"ZNF213",9.0188995638755,1.0596887538605,0.000937892818472156,0.00760217189740542
"TNFSF13B",9.01886533639902,1.19782378972421,0.000937906179394893,0.00760217189740542
"MLYCD",9.01792235401949,1.16141663991654,0.000938274372135058,0.00760217189740542
"TLE3",9.01186143516629,1.68863966064193,0.000940645196340186,0.0076152333657821
"SLTM",9.00571904538541,1.08452721348048,0.00094305551077675,0.00762871713185788
"EVI5",8.99685200536559,0.964029720278797,0.000946548587444607,0.00765058431412709
"AQP9",8.9880774007057,3.11229746046019,0.000950021136588862,0.00767282073565768
"RAF1",8.97862883502546,1.15001393614871,0.000953778175639355,0.00768094589130823
"MIDN",8.96142171483403,1.46805772460518,0.000960667938685262,0.0077056107655725
"C9orf72",8.95102699471949,1.56442376712511,0.000964860063018728,0.00771844848531824
"IL15",8.94720169459418,1.48063495274168,0.000966408518335079,0.00771844848531824
"GCH1",8.94648134071087,1.29940047983161,0.000966700459033098,0.00771844848531824
"RYBP",8.92189503596494,1.24768368847278,0.000976730865745085,0.00774279819948599
"TGFB1",8.91471118840617,0.907685968933886,0.000979686094458813,0.00775476082779891
"PIWIL4",8.91345251118932,0.99329937679632,0.000980205024583405,0.00775476082779891
"BRD4",8.91011417259048,1.14499580031906,0.000981583021667077,0.00775476082779891
"LILRB1",8.90181582947632,1.12952688893113,0.000985018877776555,0.00777199789278421
"IL11RA",8.90114328003327,1.4366243419232,0.000985297996928456,0.00777199789278421
"TCL1A",8.89442619009244,2.29941535255743,0.000988091114776216,0.00778421417695443
"INTS6",8.89300342197664,1.4459242240845,0.000988683999507246,0.00778421417695443
"GMDS",8.88240545852686,1.29493035963677,0.000993114275821385,0.00780977269378313
"OAZ1",8.8755594339591,1.02471088500687,0.000995989279194025,0.00781579203198283
"AHCYL2",8.85992077897535,0.974993567436186,0.00100259576629939,0.00785271727194256
"TMEM250",8.85663646698813,0.910349411960275,0.00100399014091341,0.00785271727194256
"YBX3",8.85283867005151,0.968523466701837,0.00100560553219991,0.00785271727194256
"WDR97",8.84998777810394,0.901722945669759,0.001006820286004,0.00785271727194256
"PPP6R1",8.84677319067084,0.953070373298346,0.00100819220270341,0.00785832606916914
"E2F2",8.8457166016296,0.918141582577812,0.00100864364065085,0.00785832606916914
"SSBP4",8.81852678865201,0.922842084847906,0.00102034786478712,0.00790496705434665
"EHMT2",8.81422503444457,1.09386508392901,0.00102221508444197,0.00791022997495831
"CCR2",8.81336800724729,3.39564625392063,0.00102258759407996,0.00791022997495831
"MAP2K3",8.79977288874638,2.03709697279147,0.00102851943761237,0.00794762998527239
"AZU1",8.79869806740598,1.18503061817778,0.00102899023152297,0.00794762998527239
"TMEM167A",8.79191842852816,1.12989062096346,0.00103196604847966,0.00795848867407642
"BORCS7",8.79027254920915,0.919847736059029,0.00103269009820474,0.00796003599264958
"FPR1",8.78250869194968,1.79424662216858,0.00103611409412292,0.00797834083211208
"KXD1",8.77745840000567,1.06294492053836,0.00103834895391445,0.00798141640410438
"FAM225A",8.77600308858618,1.37426462389303,0.00103899407388878,0.00798141640410438
"TRIM22",8.75193258836049,1.46309488924706,0.00104973698293153,0.00805063037641081
"MIIP",8.74642036162712,1.56781735585548,0.00105221658904567,0.00805172072681076
"OPN1LW",8.74448069472605,1.22607741890666,0.0010530908588807,0.00805198882949107
"RPUSD1",8.73719008336153,0.912187157343147,0.0010563850732186,0.00807295166842467
"STK11",8.70527671887992,1.12625355667203,0.00107095688813731,0.00813542075663945
"RPS13",8.69778306126214,0.914040585495007,0.0010744147608542,0.00814135509868991
"KRTAP8-1",8.69236465196901,2.13178180512043,0.00107692369652116,0.00815226699250023
"DUS2",8.69235773049672,1.91013797623417,0.00107692690609764,0.00815226699250023
"BCL2L11",8.68963430815871,1.04035939541013,0.00107819071749151,0.00815371677355091
"GTPBP2",8.68633278137667,1.12923830496454,0.00107972527776844,0.0081572091526589
"CFLAR",8.67026513102769,0.906436038938242,0.00108723252650366,0.00820577283526933
"GGT1",8.66751497681897,1.17483464378048,0.00108852398243006,0.00820737368606662
"NCOA6",8.66492168645802,0.882201762838519,0.00108974352664642,0.00820842969452144
"RBM15",8.66188514013806,1.11440424449484,0.00109117368399931,0.00820950192492183
"CNN2",8.63200677427556,1.37116616220765,0.00110537125950749,0.00828053702476058
"PABPN1",8.63100708498439,1.08569739617309,0.0011058502562657,0.00828053702476058
"MAN1B1-DT",8.61688636593352,1.2635880406673,0.00111264383011115,0.00831911866682908
"MAP3K11",8.59954565206927,1.08214939839334,0.00112105782231709,0.00836147491995996
"GUCA1B",8.59812057708394,0.895924107791872,0.00112175280921664,0.00836244762548775
"PGLS",8.59654260925457,1.14605909761591,0.00112252298563265,0.00836244762548775
"OTUB1",8.58933797575327,0.913938943078871,0.00112604780978413,0.00836416850292001
"CHN2",8.58575975007568,1.04398942083375,0.0011278035577705,0.00837073523990914
"SFT2D3",8.57685559464027,1.0780211243803,0.00113218742781152,0.0083950786943723
"POLR2A",8.5664155385732,0.876651509197811,0.00113735454190325,0.00842517675268613
"CYSLTR2",8.56359425226097,1.02692968967042,0.00113875592276609,0.00842734796760425
"CD302",8.56069505890383,0.904904125556657,0.00114019824197347,0.00843096792764632
"TUG1",8.55196464653924,0.971535657653745,0.00114455529306892,0.00845212315835968
"SNX19",8.54274627382946,1.11637005918526,0.00114917839326065,0.00847560863467891
"CHP1P2",8.53983376683518,1.42075027324497,0.00115064387437078,0.00848230346167274
"PPP4R1",8.53742433276434,0.971233005950223,0.00115185798421987,0.00848713964341847
"NREP",8.5190038777493,0.952660830585207,0.00116119292933003,0.00852378308285305
"EEF1A1",8.5179577026563,1.03291610105922,0.00116172592169305,0.00852378308285305
"IL23A",8.51786821092829,1.2217073461101,0.00116177152897391,0.00852378308285305
"IRAK4",8.51766424802574,1.06332979865623,0.00116187548203277,0.00852378308285305
"PTMA",8.50957607528067,1.07972324495302,0.00116600710406155,0.00854903282929009
"SLC25A20",8.50754159008726,1.48577787122562,0.00116704924315768,0.00854903282929009
"DYSF",8.50684918609451,2.10392928118985,0.00116740418274463,0.00854903282929009
"NUDT16L2P",8.50479335405161,1.34621531239846,0.00116845883395825,0.00855017092232145
"TACC3",8.50164637921796,1.85553039602818,0.0011700755451461,0.00855094132175964
"SPTSSA",8.50054051406594,1.07701536654588,0.00117064432801183,0.00855098892430542
"TES",8.48641339626605,1.7509166948635,0.00117794074608031,0.00858688487331544
"LILRP2",8.47393598157629,1.74055779974576,0.00118443226115517,0.00860750743161822
"MCAT",8.46362595343534,1.22835645134616,0.00118982980215526,0.00862268099938331
"SPAST",8.44704259723755,1.41832923204609,0.00119857597385262,0.00865935553935899
"TNFAIP3",8.42930150313699,1.00976945601346,0.0012080215352862,0.0087031800480011
"EIF2B1",8.42492724909295,0.878968811016794,0.00121036466343519,0.0087031800480011
"APOL2",8.4206529094648,0.882390800342366,0.00121265973855762,0.00871125215094206
"CFAP410",8.41963762344257,1.14534619894074,0.00121320568488265,0.00871125215094206
"RWDD3",8.41657334157261,0.927493436095152,0.0012148552870565,0.00871898027633568
"RPL7A",8.40790412933291,1.07504608555361,0.00121953735124945,0.00873216543061765
"YPEL3",8.39884922464283,1.40183858917065,0.00122445172696664,0.00875068696602847
"LST1",8.37330158754711,1.96591249605644,0.00123845071710541,0.00880933512897059
"BAHCC1",8.37196388405912,1.28785171699888,0.00123918919460458,0.00881046716762342
"FGL2",8.36899918255927,1.95385102132432,0.00124082780863309,0.00881172620772983
"ELF4",8.36218843161697,1.24836382475134,0.00124460239075599,0.00882009000867523
"DTD2",8.34605818725505,0.924595490753257,0.00125359908667394,0.00886319614604246
"ZNHIT2",8.34183911903964,1.06734220700963,0.00125596562799753,0.00886400077308209
"JARID2",8.33793532748984,0.9970516938215,0.00125816028009975,0.00886659014817283
"HACD4",8.33628132987292,1.24980826322338,0.00125909157171186,0.00886904336386937
"ZNF143",8.32768621878939,0.932699466656571,0.00126394492859128,0.00889499050162712
"SLC25A6",8.31969380386447,1.34055268010296,0.00126847887200628,0.00890629117519457
"TADA2B",8.31763296377016,1.25030058823578,0.00126965122790726,0.00891040880203675
"GABPB1-IT1",8.31255039647487,2.06254755002482,0.00127254833111609,0.00892250577206708
"ING4",8.28886125354771,1.01733348039444,0.00128616036981945,0.00896011310316731
"TARDBP",8.28343199202112,1.3123606082942,0.00128930556746184,0.0089696976532295
"SSNA1",8.28032972278378,0.897309739966376,0.00129110702439815,0.00897812328625837
"MAPK14",8.27786506446884,1.54345519543766,0.00129254046016615,0.00898398323501226
"RPS3",8.27219963452381,0.905391847159708,0.00129584296794688,0.00899460513762492
"LARGE2",8.26130332109002,1.04252349503402,0.00130222424723988,0.00902653890247221
"DOCK8",8.25533172264278,1.01463535124125,0.0013057380221119,0.00903853611300765
"KIFC2",8.24898391991716,1.3421785851225,0.00130948610657309,0.00904834200788876
"AKT2",8.22782398336282,1.0352872230518,0.00132207715179694,0.00910192364170567
"RARG",8.22420260301014,1.09521531668855,0.00132424709652501,0.00910755449479013
"C17orf50",8.19503692010781,0.893855048296964,0.00134188584037364,0.00917186510579878
"SETDB1",8.18737357181861,1.18356085138916,0.00134656887488852,0.00917781642089141
"PLSCR3",8.1859334906067,1.111777056736,0.00134745116970079,0.00917781642089141
"TTC17",8.18090236422235,1.184864217582,0.00135053924186207,0.00918149342433542
"C14orf93",8.17881271930213,1.40815665162955,0.00135182443982899,0.00918586387576898
"GAS5",8.17789371568651,0.943992658188181,0.00135239013794363,0.00918586387576898
"PCNX3",8.1607476579876,0.87124821895595,0.00136299870501586,0.00921555939730773
"SYCP2",8.16021533210009,0.962904329769078,0.00136332971830902,0.00921555939730773
"PPP1CA",8.15871430309357,0.861247197032989,0.00136426363369114,0.00921555939730773
"IPO9",8.1585779295691,0.887178508814097,0.0013643485224726,0.00921555939730773
"RMND5A",8.15812027684862,0.872154247836647,0.00136463344678017,0.00921555939730773
"NAGS",8.15602990044862,0.964316319247263,0.0013659358098157,0.00921555939730773
"RPL32",8.15084877153461,0.852937646867284,0.00136917047021918,0.00922158747169766
"FAM120A",8.14188782140235,1.07039619934271,0.0013747874576335,0.00924304494062345
"DMAP1",8.13248561786802,0.863199686610701,0.00138071188785183,0.00926945267744942
"SPRY3",8.12695765635326,1.07011005701106,0.00138420994426273,0.00927768392787464
"RNF7",8.12398121309821,0.981968662970476,0.00138609798347619,0.00928449561569805
"MTHFS",8.09789102575718,1.46394018328506,0.00140278557807205,0.0093650408565934
"SMAD2",8.09616195727947,0.979645095737322,0.00140390031745103,0.00936837035006371
"PRICKLE3",8.09310007042217,1.09976109966493,0.00140587703630463,0.00937744647724594
"PTAFR",8.07642069637487,0.973583298084515,0.00141670605259796,0.00941685537695686
"RMDN2",8.07282532829632,1.4418607993051,0.00141905390805206,0.00942812225148787
"CHPF2",8.06791788188991,0.835627908566915,0.0014222663964752,0.0094399226549378
"IRF4",8.04427073886828,1.08302685706727,0.00143787359298737,0.00951574482252044
"ECHDC1",8.04301991918959,1.14936061929472,0.0014387050551952,0.00951710590665883
"TIMM17B",8.04169142496474,0.994512935002379,0.00143958880523292,0.00951881154347056
"CHI3L2",8.02879586182922,0.990180134129998,0.00144820246291593,0.0095632926860727
"BCR",8.0201735301459,1.83009048855932,0.00145399756701624,0.009581674451417
"GPHB5",8.01996765938841,0.85848102902999,0.00145413628576213,0.009581674451417
"TSC22D3",8.01294916490868,0.865331777292729,0.00145887531137421,0.00959626978173832
"ASB7",8.00922147658142,1.04650952600621,0.00146140012987751,0.0096087216494497
"CIMAP1D",8.00392265366927,1.17121940008347,0.00146499846057764,0.00962405900149666
"ATP11A",8.00213823079691,1.22787055164039,0.00146621270796272,0.00962787688372069
"STN1",8.00098146188232,1.08799112388886,0.00146700052393418,0.00962889251963361
"ARHGDIB",7.9944297081611,0.888112928467369,0.0014714725350413,0.00963744802450822
"CORO1B",7.98738432014893,1.46905800824351,0.00147630041759419,0.00965659215086986
"TAPBPL",7.97679833515617,0.949784450028892,0.00148359160283543,0.009675154843877
"CMTM1",7.97217351970141,0.985836484231137,0.00148679103521323,0.0096830454980036
"ILKAP",7.96659060087691,0.954304071799291,0.00149066471884123,0.00968527050806976
"LOC100132287",7.92863013494744,1.4322744000532,0.00151733889437399,0.0098110926469556
"GDI2",7.92242799412153,0.821092075767674,0.00152175326577124,0.0098281712045035
"DCLRE1C",7.91159168515331,0.969509214547703,0.0015295043940317,0.00984371681101741
"LRPPRC",7.89431986225406,0.812911371768315,0.0015419605430786,0.009915490883357
"SMC1A",7.88865832010983,1.57951605957102,0.00154607097778499,0.00992932746205831
"FGF7P3",7.88156525157533,0.997235053465738,0.00155123998305294,0.00995831897942979
"RPAP3",7.87509770283543,0.808070848127779,0.00155597188526761,0.00998106115872217
"RPF1",7.87262986736759,1.2828911668095,0.00155778217554751,0.00998346031425475
"PPARGC1B",7.86461705665659,1.40872556041518,0.00156367808471011,0.00999720481159207
"CENPB",7.85946591743246,1.05920792407402,0.00156748299891101,0.0100118779703648
"DEFB4A",7.84839624316039,1.10822098635315,0.00157569868764792,0.0100390555683911
"CXCL5",7.83074960203993,0.956322977226738,0.0015889066621445,0.0101062703964423
"HNRNPDL",7.82572813395966,1.39073682590695,0.00159269020721256,0.0101176410489927
"CSAD",7.82413439227031,1.57919432758829,0.00159389339066551,0.0101200202050598
"RHOF",7.81511255175102,1.26797664068384,0.00160072570309277,0.0101280473076072
"ZFPL1",7.81174872592455,1.00478658705708,0.00160328246970796,0.0101364278633127
"U2AF2",7.81075560356523,0.96634393235996,0.00160403828953781,0.0101364278633127
"CAVIN2",7.81039567120774,1.01976715847197,0.00160431232686702,0.0101364278633127
"PADI2",7.79572550001689,1.4054467726385,0.00161553126625851,0.010181930997621
"ATG2A",7.79283206782177,1.21036482137755,0.00161775550443954,0.0101846835040019
"ARHGAP1",7.79014541475973,0.847835562179831,0.00161982419625536,0.0101871836254849
"APLP2",7.78941934783405,0.976776897650903,0.00162038382364861,0.0101871836254849
"CDYL",7.76960323079252,0.937636360097146,0.00163575060767302,0.0102240512201868
"SLFN12",7.76504181296154,0.815386895156175,0.00163931345617613,0.0102305560131579
"SSR2",7.76494211152058,0.791738698040943,0.00163939143898381,0.0102305560131579
"RBM3",7.76317118147503,1.11317395148157,0.0016407773640154,0.0102350049843914
"LIME1",7.75063149867822,1.04861225155846,0.00165063265923705,0.0102796156763624
"SOX4",7.73883742648163,2.39691057196674,0.00165996917849366,0.0102983210773314
"RNF31",7.73748890912005,0.943688174681574,0.00166104087910775,0.0102983210773314
"IGLL1",7.73743333881101,1.40978571107398,0.00166108506067161,0.0102983210773314
"AZGP1",7.73385661944757,0.996250445694924,0.00166393183106768,0.0103024539529533
"CALM2",7.73384303273117,0.891061256672082,0.00166394265651534,0.0103024539529533
"DDX28",7.73234425044333,1.24483691623055,0.00166513737436947,0.0103024539529533
"JAK3",7.70853418517005,0.981977060395797,0.00168426075379933,0.0103869576414356
"LYN",7.69696503311526,0.789975388827244,0.00169365118208321,0.0104364048529665
"MALT1",7.6944310430466,0.906549212118796,0.00169571664467975,0.0104382922969714
"MLST8",7.69238174285055,1.03143048696878,0.00169738932472451,0.0104382922969714
"F11R",7.68771549745361,1.24077673076273,0.0017012056635365,0.0104448670694643
"CD46",7.68256896527971,1.04576857175903,0.00170542718236574,0.010455296499675
"ITIH4",7.68229252904814,1.1869074947386,0.00170565430140016,0.010455296499675
"CMTM5",7.66627598409416,1.06868416920909,0.00171887785050679,0.0105193941048319
"SCLT1",7.63017874375043,1.74263625124348,0.00174915055097342,0.0106191942431951
"GNL3L",7.61589605205523,0.907102343649453,0.00176131134321338,0.0106674722849817
"CHRNB3",7.61177188186078,0.824141084444172,0.00176484233662376,0.010684602808668
"NOSIP",7.60745038478935,0.863779240913861,0.00176855171550281,0.0106900375553922
"CUTC",7.60457463249145,1.04641711170334,0.00177102549986879,0.0107007373071135
"ERAP2",7.59778471235533,0.849003758477319,0.0017768834139613,0.0107233503807633
"CNOT6",7.59595735575265,1.05905734523299,0.00177846405068374,0.0107286320042833
"MVP",7.58601316891508,0.967745747498979,0.00178709630773212,0.0107599973560769
"ANKLE1",7.57403425386677,0.877509178756647,0.00179756407766226,0.0107967434806823
"ZNF417",7.57077273740828,0.780582611338814,0.00180042733461711,0.0108096718929558
"ERP44",7.56518503856497,1.29500086397058,0.00180534590583329,0.0108221129428115
"PMAIP1",7.5630209262615,0.980274138799332,0.00180725534850609,0.0108292905201263
"KDM6B",7.56193723200882,1.76787879424911,0.00180821245774517,0.0108307581951117
"ITGB2",7.55893703148149,1.00302882740219,0.00181086549469103,0.0108338483254371
"LY75",7.55196232883194,0.79902504222679,0.00181705183985499,0.0108568535787815
"PROSER2",7.55058088391813,1.43926251240736,0.00181828025152265,0.0108568535787815
"CD55",7.54639284800034,1.4763177706763,0.00182201065548367,0.0108663286465081
"RPL18",7.52946889347875,0.887386324780538,0.00183718247497651,0.010926817004084
"CRCP",7.52247205967208,0.829435179405491,0.00184350075333898,0.0109461332647577
"TMT1A",7.52188840252779,0.871821476536682,0.00184402902579624,0.0109461332647577
"PWWP2A",7.51033387529093,2.04501257410945,0.0018545259228542,0.0109741751886251
"SAPCD2",7.49403635572787,1.76367652884858,0.0018694581371146,0.0110236073091623
"TUT7",7.49104585947384,1.01070271982204,0.0018722142993684,0.0110250267354397
"TRAPPC1",7.48691756142893,1.06988008885043,0.00187602740220225,0.011032724181242
"ANXA11",7.47514052160977,0.813296595097696,0.00188695838958095,0.0110786180237059
"C1orf159",7.47163125780423,0.913428298724493,0.00189023083622073,0.0110843057740055
"C1QTNF12",7.46263566424935,0.845526206502017,0.0018986516187434,0.0111184804843472
"HNRNPD",7.45775711084322,0.789289659955079,0.00190323791954528,0.0111367611698517
"GMPPA",7.45498330986678,1.01686498202568,0.00190585168896252,0.0111434803866751
"CLINT1",7.45251216681046,0.783473161771272,0.0019081840171375,0.0111485449606712
"SLC22A5",7.43672816198482,0.936286359612633,0.00192316527653706,0.0111973573987655
"DACH1",7.42972283226736,1.33765169045155,0.00192986110737515,0.0112277458764198
"CSNK1G1",7.42628984247717,0.788362711957367,0.00193315299357573,0.0112317239639322
"TBL1Y",7.42616510128243,1.67091381109764,0.00193327273883988,0.0112317239639322
"SFXN5",7.42111257609803,0.862883289954687,0.00193813065879097,0.0112371677693073
"HMGCR",7.406496871911,1.23999622112896,0.00195226900302484,0.0112933081011798
"GPCPD1",7.40324706911268,1.11459078828063,0.0019554300476227,0.011303083154881
"C7",7.40290331207903,0.767827996356242,0.00195576478750876,0.011303083154881
"SEMA4A",7.40237997745727,2.02261181959318,0.00195627453105831,0.011303083154881
"ZDHHC20",7.3984208073008,1.70814203217988,0.0019601362298682,0.0113129987794443
"SPECC1",7.39647735562912,0.756993753079568,0.00196203529832694,0.011319663435871
"NPLOC4",7.39212776242549,1.74884139721653,0.00196629384215067,0.0113270442240256
"CKLF",7.38746349064187,0.795609960785,0.00197087323519452,0.0113451578385985
"RBM38",7.38513101349679,0.896928461700537,0.00197316823271259,0.0113451578385985
"ALOX15",7.37986877740499,0.764773203050449,0.00197835810977665,0.0113621110775994
"MAPK8IP3",7.37657473713307,0.805573998233654,0.00198161548019709,0.0113748543038421
"ACTR3B",7.36826517464762,0.871827255909441,0.00198986216903401,0.0113894707815842
"TADA3",7.36211352666091,0.996449649877726,0.0019959947280208,0.0114043075307519
"DHRS7B",7.35653106104918,0.783607780756782,0.00200158018856528,0.0114307290678561
"SLURP2",7.34771159918978,1.60167623417227,0.00201044397882331,0.0114598320951818
"KDM1B",7.34509555981949,1.10624935365646,0.0020130825321789,0.0114705729297028
"OSGIN2",7.34347576540552,0.886307386443645,0.0020147184216062,0.0114755946650888
"FCHSD1",7.33449385539635,0.96902415232657,0.00202381958394502,0.0115097534305384
"MYLIP",7.33382473019497,0.764670423908589,0.00202449963352776,0.0115097534305384
"CHST4",7.327725495642,0.79305148630424,0.00203071154097139,0.0115332736561707
"MTRF1L",7.32626748558397,1.27450064993917,0.0020321999874509,0.0115332736561707
"MMP28",7.32522101486164,0.980396883734586,0.00203326913838314,0.0115332736561707
"CHMP3",7.32405990322563,0.883338575359442,0.0020344562320377,0.0115332736561707
"CCM2",7.32381799932517,0.769818507065169,0.00203470365725316,0.0115332736561707
"RGS2",7.31837314444162,1.84944508591665,0.00204028268200594,0.0115500258243839
"SMURF2P1-LRRC37BP1",7.3157570572159,0.866232509238861,0.00204296998623036,0.0115500258243839
"STYXL1",7.3085159585153,1.20268361455661,0.00205043114904229,0.0115609529667308
"SLC26A6",7.29205652887503,1.83561865032977,0.002067517001746,0.0116153670345597
"WAC",7.28689376501426,1.07317844845227,0.00207291262742245,0.011632051895938
"NMI",7.28026510685945,1.04146463231626,0.00207986591284475,0.0116466775998222
"ERN2",7.27779694940968,0.829004626840618,0.00208246233770748,0.0116546918346781
"EIF3H",7.25848977702618,0.94779234099082,0.00210291230959079,0.0117318746897494
"ENTPD1",7.25763000015388,1.17558020126843,0.00210382875978667,0.0117326834539185
"FOXO4",7.23777963789432,1.51924835555328,0.00212512606673072,0.0118211109081349
"CEP19",7.23317146060171,1.32197431670906,0.0021301083533393,0.0118401636833275
"FNBP1",7.21963251699644,1.05167066950388,0.00214483052106124,0.0118772098747283
"KLHL42",7.21726368821608,1.00673504946067,0.00214741933373951,0.0118772098747283
"FGFBP3",7.20626845517862,1.51564239107545,0.00215948653769742,0.0119311758563793
"KCNE1",7.20596661942516,1.44212091011256,0.00215981898557419,0.0119311758563793
"PIAS1",7.20465899239471,0.869332746554704,0.00216125996552195,0.0119348008553587
"ADK",7.19599348991162,0.754514006679668,0.00217083938717118,0.0119638116349041
"CTRC",7.19503118252402,0.890242140197979,0.00217190643254097,0.0119638116349041
"ANAPC5",7.19500394526849,0.771358393233971,0.00217193664378047,0.0119638116349041
"CDC34",7.18958071646345,0.809738226068243,0.00217796242549966,0.0119697440954972
"BTBD2",7.18583080634074,1.08689524608478,0.00218214110461172,0.0119805061079188
"RPL3L",7.18188742048623,0.759709362142534,0.00218654611654278,0.011991546442548
"MBNL3",7.17633905927808,0.82997154697962,0.00219276268462546,0.0120092730042577
"SMDT1",7.17596668510598,1.06121609844173,0.00219318068968883,0.0120092730042577
"ELANE",7.17550589653945,1.4719047976927,0.00219369808034112,0.0120092730042577
"EIF3E",7.1704581941096,1.34644556104619,0.00219937575625493,0.0120171525401026
"MCTP1",7.16949248779389,0.844457914948394,0.00220046406317544,0.0120171525401026
"TBXAS1",7.16316195564369,0.782696150403137,0.00220761485197103,0.0120421114306942
"LRP8",7.15753476784767,0.755383503747988,0.00221399537823809,0.0120639346872966
"CTDNEP1",7.15644333415617,0.829100567593121,0.0022152355749728,0.0120659342624672
"PSMG3-AS1",7.14781271339066,0.820420840850767,0.0022250729672271,0.0121026143367631
"PSD4",7.14114654572028,1.56160508670387,0.00223270834127093,0.0121181400621157
"SERPINB2",7.12272315591511,0.814097805446072,0.0022539800165938,0.0121987644456792
"CHURC1",7.1195857117017,0.806077941607813,0.0022576275236728,0.0122046517492128
"PABPC1",7.11902695952701,1.24244835703198,0.00225827788152846,0.0122046517492128
"THUMPD1",7.11597674933889,0.835200769695087,0.00226183226374409,0.0122151793561861
"VAMP1",7.11293229048453,0.824454341723483,0.00226538686574946,0.0122265459985527
"ZNG1B",7.10860750695345,0.841715473525364,0.00227044824976121,0.0122284145629097
"IL1R2",7.09929098238683,1.30736736618372,0.00228139930861419,0.0122685716709352
"SLC30A1",7.09074830247745,1.0472624851575,0.00229149838517985,0.0123141722409241
"NIFK",7.08099904852323,0.729343010298447,0.00230309169878944,0.0123415851145841
"TMEM242",7.07057501849409,1.06353777908485,0.00231556799940274,0.0123866191118245
"WDTC1",7.06903885924091,0.799002292048364,0.00231741367491813,0.0123877775634991
"ATMIN",7.06346116794544,0.966725786142022,0.00232413055578959,0.0124018868394555
"ZC3H6",7.06261135184141,1.05284710927927,0.00232515605693519,0.0124030071251737
"WASHC1",7.05972970800709,0.841070367304194,0.00232863761162819,0.0124172232810805
"C16orf54",7.04484816854659,1.0257682478254,0.00234672049164563,0.0124901170407968
"LCOR",7.04209843161984,0.911415034216101,0.00235008079190496,0.0124971567401201
"SLC25A3",7.04155073695524,0.919273631144836,0.00235075081142417,0.0124971567401201
"AIMP1",7.03672203109237,0.867719794324907,0.00235666824643792,0.0125184109995906
"TIGD1",7.03172721831735,1.01197903160825,0.00236280868717305,0.0125365957632612
"THOC5",7.03125600001932,1.21531775440099,0.00236338900928919,0.0125365957632612
"ARPC1A",7.01632234286622,0.776613144518609,0.00238187223560729,0.012599482768388
"SLC12A4",7.00702151949535,0.808859574810099,0.00239347437430035,0.0126261214745897
"VCF1",7.00016691743665,0.87419797673445,0.0024020698924734,0.0126447486759209
"ARFRP1",6.99947060594303,0.740018715960584,0.00240294519130524,0.0126449794011661
"KLHDC4",6.99698177274372,0.843787196941631,0.00240607701522001,0.0126531623025228
"PGPEP1",6.99625204958468,1.05948677628932,0.00240699622180421,0.0126531623025228
"KLHL36",6.99211957566946,0.881394472959667,0.00241220997577039,0.0126734791418105
"MTDH",6.98915317746445,1.17886124330882,0.00241596117947342,0.0126783773697142
"SLC31A2",6.96897209757954,0.812015040501411,0.00244167435815,0.0127692515951668
"DOT1L",6.9660325683899,0.812011816819001,0.00244544793224909,0.0127801966163725
"ALOX5",6.96139557603817,1.04909160387428,0.00245141530691719,0.0128005143965538
"CREB3L3",6.95351287888311,0.773021168139091,0.0024616010835107,0.012838144471204
"TP53INP1",6.95285096348584,0.721335235384457,0.00246245877556606,0.0128382149670239
"SNX21",6.95056697693228,1.45218784767192,0.00246542114938734,0.0128492545715842
"ZNF408",6.93362642236506,0.893374619409005,0.00248753182832882,0.0129167794304986
"ERAP1",6.93084412551098,0.72649495834651,0.0024911867232548,0.012919709094806
"FBL",6.9304671383316,0.774787620094841,0.00249168245496226,0.012919709094806
"WWP2",6.91537766008061,1.30151550399145,0.00251162564373737,0.0129965303810677
"DUSP9",6.90966851362969,0.732694458107996,0.00251922276481755,0.0130116115977194
"NFATC3",6.89901334766532,0.803016738596244,0.00253347785106702,0.0130518736988575
"ADAM10",6.8958152346627,0.861642797110856,0.0025377759622459,0.0130695891750205
"ABCD1",6.88323144112166,0.844348259302095,0.00255477596516214,0.0130994716379588
"RIPK2",6.87304955549185,0.855112034167935,0.00256863451568789,0.0131551920837731
"CERT1",6.87270645057179,0.771851129856667,0.00256910313577104,0.0131551920837731
"ZG16B",6.87075402233522,1.72918624467458,0.00257177182197252,0.0131644247285621
"CWC22",6.86374406983261,0.699703929384748,0.00258138176274356,0.01319488882311
"STT3B",6.86230348647761,0.702588579632607,0.00258336216658648,0.0131971017230256
"MAP3K20",6.86067894185181,1.98646244665311,0.00258559772550999,0.0132040867056937
"SMC5",6.85260868395547,1.04267521488056,0.00259673892301033,0.013225453965553
"RBM4",6.84642746011303,0.831564292985168,0.00260531251129238,0.013254922380821
"KCNMB1",6.84177374634871,1.21035463520679,0.00261179053920734,0.01327543800811
"EIF1AX",6.83867278328978,0.72946876902556,0.00261611820090079,0.0132926577950528
"HOOK3",6.83285418201976,0.748029277729024,0.00262426256473413,0.0133210230589041
"SMIM11",6.82836241948438,0.795779857756851,0.00263057123141179,0.0133313168729102
"LRR1",6.82769327790467,0.748256363416652,0.0026315126461196,0.0133313168729102
"ZBTB44",6.82766669368592,0.827665845297376,0.00263155005605447,0.0133313168729102
"CARD8",6.82383783107225,0.834397591928515,0.00263694500979847,0.0133441937409908
"WDR83",6.78747353819978,0.846991501712847,0.00268887242536914,0.0135181394528972
"SRF",6.77506292239417,1.14432502904069,0.00270688397084537,0.0135615915230844
"SDR39U1",6.76543207767139,0.755876899459109,0.00272096430894083,0.0136075058238646
"GSTZ1",6.75717553891897,0.981840655616811,0.00273310769588291,0.0136509564173845
"DHX57",6.75647520980062,0.810802517578611,0.00273414079743248,0.0136509564173845
"MASTL",6.73889376839865,0.87076359958107,0.00276023555493972,0.0137586569385524
"BIN3-IT1",6.73817911682782,0.992550195301862,0.0027613027659062,0.0137594667312915
"IL1RN",6.72866884525382,0.840940155774829,0.0027755535138835,0.0138053208634761
"C1QTNF2",6.71894200342218,0.7988939501335,0.00279022312597777,0.0138626962756844
"FAM156A",6.71067900561158,1.1049622681165,0.00280276052745898,0.0139022772673177
"ARVCF",6.70926707657231,0.691211299412058,0.00280490981338218,0.0139084018395553
"CD93",6.70625392417596,1.11617374578433,0.00280950336523168,0.0139221007424058
"RPS10",6.70380462237029,0.691879658984211,0.00281324419246178,0.0139360969638302
"MIOX",6.69953607728098,0.806729751245976,0.00281977830983897,0.0139498057734935
"RBBP6",6.69910603382446,0.938153625646826,0.00282043764466564,0.0139498057734935
"RCOR1",6.69334854170182,1.19005910037492,0.00282928334213164,0.0139788501823722
"VPS33B",6.68919152499031,0.725906156813261,0.0028356914640928,0.0139871352575342
"SOX9",6.68693178379659,1.2441937758192,0.00283918243950606,0.0139871352575342
"CNPPD1",6.68023734858644,0.782888154569358,0.00284955566109113,0.0140253175395267
"DNAJC21",6.67853155699017,0.936656009478073,0.0028522063335231,0.014033113529673
"NBN",6.67276236734117,0.760477996854533,0.00286119387633463,0.0140727802300443
"HLA-F-AS1",6.66655150536007,0.754410070389707,0.00287090870922326,0.0140931003509596
"SLC7A1",6.65850721131166,0.689918298709291,0.00288355212261409,0.0141324720208557
"KLHL5",6.65746540025138,1.0188039269349,0.00288519460068192,0.0141328926373163
"EEF2",6.65433687735461,1.53718019398715,0.00289013387285291,0.0141328926373163
"NOL10",6.65385077305212,0.767033128237486,0.00289090226756545,0.0141328926373163
"PAPOLA",6.6535170651529,1.14964822023484,0.00289142991268282,0.0141328926373163
"FLT3LG",6.65234600314316,1.08716928864209,0.00289328249110202,0.0141328926373163
"ADORA2A",6.64908089826988,1.00348984646806,0.00289845553715311,0.014150790307873
"MRPS34",6.64226585897681,0.741989943907947,0.00290928984201367,0.0141773037034744
"SPDYE2",6.63971320238454,0.879385848145883,0.00291336086760632,0.0141871252240016
"METAP2",6.62918934463165,0.724192659222814,0.00293021917515605,0.0142334870254001
"TPMT",6.62736740193593,0.706733542944027,0.00293315002111103,0.0142424474843731
"KLK14",6.61661359832868,0.842571326341486,0.00295052311616816,0.0143039705293865
"STK38L",6.61564440533221,0.714936938710967,0.00295209512659083,0.0143070308110878
"SARS1",6.61023349224495,0.728247232712822,0.00296089058980542,0.0143268291726888
"PSMD12",6.6003904222082,0.697541457080707,0.00297697387911956,0.0143817721580846
"ARL15",6.59385283187117,0.692445511244722,0.00298771589888343,0.0144016729059439
"ADD3",6.59312614567317,2.31078393797192,0.00298891288942035,0.0144016729059439
"GP6",6.57984817690189,0.697578140508403,0.00301088910820688,0.0144674886437947
"PAQR6",6.57405661808692,1.09299550336173,0.00302053727519526,0.0145001044448136
"SPATA32",6.56687516724715,0.740898324656838,0.00303255406711884,0.0145211216161031
"TMEM127",6.55618314563656,0.86040208166258,0.00305055496148501,0.0145889433503975
"LINC00623",6.55272731400203,1.1572727853756,0.00305640139912784,0.0146077160521484
"ZP3",6.53640657806423,1.35615153737993,0.00308420028779399,0.0146990028131529
"KCNH6",6.53460473006629,0.819365285394159,0.00308728849482202,0.0147091113500167
"VPS26B",6.53022695200245,1.21695310209149,0.00309480757373691,0.0147323020448679
"LRRK2",6.51882267417864,2.82502865631344,0.00311450173041833,0.0148062964414511
"MYEOV",6.51762879934392,0.802585387588491,0.00311657239971572,0.0148068831786556
"GPD1",6.50170894231944,0.755453466279447,0.00314434745427092,0.0148882143117877
"GTF2I",6.50124911608786,1.02290806669089,0.00314515424504636,0.0148882143117877
"PPP5C",6.49990339620166,0.891993773005327,0.00314751685773553,0.0148934151749975
"PTBP1",6.4925885916472,0.914336443730125,0.00316039756845548,0.0149238703920088
"MEI1",6.48442977025449,1.46767038068345,0.00317484154704641,0.0149662107857384
"ZNF277",6.48394939879958,1.39293016215336,0.00317569451641095,0.0149662107857384
"CDK5RAP1",6.47897145348189,0.966162896686358,0.00318455029526973,0.0149940064676353
"LYNX1-SLURP2",6.47808796008955,0.674524274538636,0.00318612522340036,0.0149967788293013
"ADA2",6.47478288624916,1.36122104049425,0.00319202544735508,0.0150199019193614
"TNFRSF13C",6.47329175084928,0.707829256157697,0.00319469184970948,0.0150231520254737
"DNAJA2",6.47188460477192,0.751681920709141,0.00319721059239633,0.0150295430240535
"ULK1",6.47116585230702,1.60237106226987,0.00319849808226895,0.0150295430240535
"RTN4RL2",6.47087698843439,0.766311557653336,0.00319901570021443,0.0150295430240535
"CIAPIN1",6.46812800780332,0.740804195115843,0.00320394681422595,0.0150480615042459
"PRG3",6.46340505856123,0.666677719358797,0.00321244080312635,0.0150693398315686
"PRPF3",6.46082914857191,0.680966491146007,0.00321708518896616,0.0150771745928497
"IRAG2",6.45152851634055,0.728054282086371,0.00323392359045936,0.0151073525931971
"HYAL3",6.45123783729658,1.05595959978947,0.00323445160727577,0.0151073525931971
"C16orf87",6.44742673991819,0.736657927413612,0.00324138431860667,0.0151304397536434
"GDPD3",6.44519687364254,0.930657436889409,0.00324544915968837,0.0151447655171957
"GML",6.44116834630819,0.732161511722295,0.00325280879260619,0.0151681561345985
"BCL7B",6.43921642470627,0.861297744376695,0.00325638214163031,0.0151771558718706
"VPS51",6.42612687154726,0.856818799510321,0.00328047083304188,0.0152566973788688
"CEBPB",6.42203166745658,0.685023318572689,0.00328805246272222,0.0152826105907945
"ZBTB14",6.41783521930294,0.712013272302132,0.00329584402475981,0.0153028804871431
"TRDMT1",6.41046719912428,0.861487324417013,0.00330957958077588,0.015335797155527
"ALS2CL",6.39526620066567,1.21921626459522,0.0033381418752363,0.0154290304490778
"HCG26",6.39299642013856,1.36745139948491,0.00334243285228616,0.0154356369637119
"SMIM12",6.38918896651187,0.6556162517738,0.003349646100005,0.0154508395174025
"DDX60L",6.38503798342863,0.966049730169559,0.00335753211370973,0.015482519219314
"FITM1",6.37013571973402,0.692689936963473,0.00338603317918895,0.0155761623076544
"CA5A",6.36380680202251,1.14198323277272,0.00339822791034659,0.0156176650295011
"MBTPS1",6.35693026836821,0.69964537052963,0.00341153942028056,0.0156650638597907
"NTHL1",6.35014848798668,0.999786671256391,0.00342473070996463,0.0157114041137684
"DEF8",6.34541170246342,1.27772679372208,0.00343398168431968,0.0157260257908006
"COIL",6.34498308698356,0.669966645530907,0.00343482029669396,0.0157260257908006
"CDC14A",6.34199566521219,0.764986778351355,0.00344067240797552,0.0157260257908006
"SGF29",6.33240801132671,0.929574248379394,0.0034595372765526,0.0157853714076844
"ARAP1",6.33015539428054,0.912168347262,0.00346398811033752,0.0157950792825655
"MICB",6.32893551549753,0.65051297643994,0.00346640136288782,0.0157950792825655
"PDCD6IP",6.32802222235774,0.76424811351245,0.0034682094661544,0.0157950792825655
"UCN",6.32660764569919,0.803505242451514,0.00347101229368319,0.0157950792825655
"POP5",6.32540254531919,0.652791774189142,0.00347340227628177,0.0158012269870455
"SLC17A7",6.32135838622209,0.706267737153543,0.00348143762817884,0.0158283119430027
"SIGLEC9",6.32033994117748,0.881268094464164,0.00348346480080797,0.0158290264213809
"ARB2A",6.31971106361396,0.905596509555017,0.00348471728424402,0.0158290264213809
"FAM117B",6.31450721670245,1.29524089482089,0.00349510274743919,0.0158619882372591
"XAB2",6.31369864241614,0.692136568808841,0.00349671987440829,0.0158645930340099
"TMEM69",6.31106764470577,1.23606119006955,0.00350198820462646,0.0158742881120594
"DSTYK",6.30894994785123,0.914034923888607,0.00350623582596466,0.0158830733601248
"ATXN7L3",6.30134280925446,1.27185400431766,0.00352154665014422,0.0159249721841788
"TNFRSF10A",6.29583596694116,0.803785919272677,0.00353268181489945,0.0159529587670297
"RALGAPA2",6.29517101412852,1.45527946752243,0.00353402933233318,0.0159529587670297
"POC1B",6.29220076315124,0.859628944057578,0.00354005626672596,0.0159703818912026
"SLC22A17",6.28809304891576,0.859945876288726,0.00354841217571772,0.0159799385159358
"SPA17",6.28525586881744,0.685501194969576,0.00355419780173821,0.0160012552305609
"DCST2",6.28117768864972,0.744884940118403,0.00356253453593623,0.0160292974031119
"VWA8",6.28046697087175,0.692465771064697,0.00356398987786266,0.0160311026508534
"VPS33A",6.27177220580528,0.661467637063312,0.00358185383240571,0.0160924174544243
"ZNF174",6.25824454049108,0.653518333956897,0.00360986787552366,0.0161705068191351
"TCERG1",6.25275175211929,0.682086858090663,0.00362131998852673,0.0162090980696297
"TMEM179B",6.25257924502821,0.698668221481579,0.00362168038141778,0.0162090980696297
"SAP25",6.25177642646274,0.798062931647514,0.00362335817166007,0.0162118361502225
"ATPSCKMT",6.23384490149392,0.96991754064371,0.00366108437080708,0.0163277921147314
"LPXN",6.22689690971961,0.647486441705364,0.00367583266012542,0.0163739926032422
"MICAL2",6.225528822267,0.661014318798046,0.00367874530250899,0.0163739926032422
"DGKA",6.22464417828985,0.964105876340085,0.00368063021755635,0.0163739926032422
"CHCHD5",6.22420379812752,0.959884795217225,0.00368156898250266,0.0163739926032422
"HDAC5",6.22380861698399,0.650095317679515,0.00368241164789855,0.0163739926032422
"XCR1",6.2235855456029,0.790588500943132,0.00368288741988802,0.0163739926032422
"MXI1",6.22180986627736,0.883963341831607,0.00368667734120003,0.0163842749868411
"LGALS7B",6.21923318873748,0.637961876592855,0.00369218544689011,0.0163943813945415
"PDS5B",6.21627872973203,0.686044615978748,0.00369851364671788,0.0164081083836889
"TOGARAM2",6.21466557330976,0.695947873554626,0.00370197454674749,0.0164186727637608
"RPL9",6.2003754104361,0.647194028428071,0.0037328083543982,0.0165100742428418
"PCGF5",6.19469156864417,0.765724307770329,0.00374516050232564,0.0165303578170616
"PRKCSH",6.19223831395366,0.928111240726863,0.00375050752434777,0.0165422617257195
"KIAA2013",6.18983121562073,0.743410705438056,0.00375576311517064,0.0165462472350855
"SP2",6.18021973520868,0.821046534421062,0.00377683946065514,0.0166006284733073
"RNPS1",6.1790987063219,0.884778419132885,0.00377930719066758,0.0166042819110877
"TP53",6.17521874243949,0.942062674471016,0.00378786357778476,0.0166181511684187
"EMILIN2",6.16897002649603,0.65669673896197,0.0038016940779492,0.0166482563796873
"MRPS27",6.1688742612769,0.813836455161873,0.00380190652332022,0.0166482563796873
"CLCF1",6.16737316351646,1.22365998168783,0.00380523847284357,0.0166567413537408
"CIR1",6.1649324741927,1.02089552048102,0.00381066371430138,0.016672201889268
"CRLS1",6.16426210300469,0.715998471822101,0.0038121555088095,0.0166739318314567
"NECTIN1",6.16300142784169,0.697307946598308,0.00381496287652906,0.0166814132910448
"GPSM3",6.16188879664669,1.13701492497317,0.00381744269036712,0.0166874585901417
"EEF1D",6.16091786663689,1.24670395803591,0.0038196083099877,0.0166875191072998
"MRTFA",6.15772102869385,1.67385175851808,0.0038267494579531,0.0167041348325346
"DET1",6.14859451779889,0.671859589085066,0.00384722733922278,0.0167790746701749
"AIRE",6.14685029859079,0.684756937299219,0.00385115637514223,0.0167912242961269
"SDHAF3",6.14353971199236,0.79407837299262,0.00385862745670589,0.0168095119912871
"LYRM7",6.13635151139647,0.652397875346296,0.00387491097004566,0.0168582344055229
"YPEL5",6.13615635018842,1.06639705430103,0.00387535425313703,0.0168582344055229
"ARSD",6.1354912011626,1.13082062558557,0.00387686552246974,0.016859985949591
"DMXL2",6.12351884220762,1.04262821552662,0.00390419250645059,0.0169545858475444
"COPA",6.11535773099663,0.934607009993756,0.00392295671139753,0.0170025613321644
"DDX39B",6.11512529551449,0.7971515503373,0.00392349276134091,0.0170025613321644
"IQCF2",6.11482562675259,0.658697224339929,0.00392418400025625,0.0170025613321644
"RPL23AP7",6.11296744870412,0.625521105132215,0.00392847357507822,0.0170162990970634
"ARFGAP1",6.10537062458609,0.812438263851118,0.00394607106530336,0.0170730721937791
"OSER1",6.10349791392345,1.00248769470732,0.00395042400937755,0.0170870444637695
"RAP2C",6.09634168306312,1.05571213337695,0.00396711272786666,0.0171247891334019
"MTOR",6.09396757408283,0.650892818271184,0.00397266850202622,0.0171393879656212
"AGO2",6.0933675233223,0.682338957146979,0.00397407423223734,0.0171405901655886
"DBNL",6.09197689829494,0.747433595633153,0.00397733439106314,0.0171457591144047
"RIC1",6.09189457338434,0.88292839624508,0.00397752749576669,0.0171457591144047
"POLR3H",6.08367966759574,0.894101400325543,0.00399685506536506,0.0171949566715903
"UTP11",6.08291892522814,0.673113960369862,0.0039986507576872,0.0171978169465235
"HNRNPUL1",6.07882649802412,0.891791499292275,0.00400832782697592,0.0172150944910053
"PYCARD",6.0748118813781,0.984276508221398,0.00401784901341212,0.0172413791749355
"TNFSF8",6.06987018938481,0.736643933981951,0.00402960724982692,0.0172869582666764
"ISG20L2",6.0660484394458,0.934828971404967,0.00403872984400257,0.0173021115300232
"RASA4",6.06232501411443,1.02275479415278,0.00404764226871344,0.0173301080018564
"GK",6.05890001070014,0.720215769635003,0.00405586183611214,0.0173506460769602
"MLLT10",6.04616182084635,0.641775274132926,0.00408661325487171,0.0174176941975773
"CCT5",6.04554542680086,0.635155624891879,0.0040881085870578,0.0174176941975773
"GBP5",6.04525995400866,0.82507381244048,0.0040888013544701,0.0174176941975773
"PACSIN2",6.04482395967995,0.641900665028485,0.00408985967777148,0.0174176941975773
"PPP6C",6.03632736054616,0.786447345490655,0.00411055180584674,0.0174960178738643
"OLFM1",6.03139543492067,1.42102205004176,0.00412262201609749,0.0175298404059383
"TRMT12",6.0311968940447,0.834689209364256,0.00412310883298536,0.0175298404059383
"SZRD1",6.03060867205122,0.892284599383661,0.00412455155407005,0.0175310732348511
"TMEM216",6.01659778691584,0.617540730619086,0.00415910070178134,0.0176434040370127
"PMPCB",6.01422284530612,0.617759379396832,0.00416499237366227,0.017649440640157
"CD101",6.01415297400777,2.14502699768085,0.0041651658638561,0.017649440640157
"UQCRFS1",6.01007148343995,0.838917918655056,0.0041753156864631,0.0176629209901894
"IDH3G",6.00799721591551,0.793829038727128,0.00418048565908144,0.0176703582824117
"FBXL12",5.99497919517462,0.654561575797954,0.00421311321090118,0.0177585991439537
"DPH3",5.9922890019265,0.725763741911855,0.00421989487656469,0.0177724068908324
"TMEM191A",5.98740345390086,1.08720821218171,0.00423224525821527,0.0178194866796616
"SPG21",5.98289309264365,0.897606748067996,0.00424368680962285,0.0178380290217646
"LCE3B",5.98192093533083,0.650121366237615,0.00424615790446262,0.017843484225219
"CAPN10",5.9786754648449,0.616721039420026,0.00425442032800735,0.0178656086067878
"NEK4",5.9732269915017,0.715288285729499,0.00426833588468039,0.0178971194194153
"KCTD2",5.97158199079257,0.844622720422968,0.00427254829754097,0.0179049089305602
"LOC652276",5.96575209291481,0.652612676764254,0.00428751849095252,0.0179478616048461
"RTN1",5.95789671464582,1.22375595994074,0.00430779227222964,0.0179980507901287
"LETM2",5.95047160275223,0.644434331507649,0.00432706443175664,0.018050709156923
"ASCL2",5.94940130655982,0.622817011376707,0.00432985119055702,0.018050709156923
"SAMHD1",5.94795912823435,1.05670573923337,0.00433360973162115,0.0180612597419826
"ARRDC1-AS1",5.94362147009493,0.659271068965861,0.00434493862846801,0.0180886467729925
"SLC25A52",5.93937920779674,0.615107234232098,0.0043560537354986,0.0181299576380577
"UBE2N",5.93702578137991,0.980055186387418,0.00436223505169199,0.0181457523703861
"TGFBI",5.93444090952581,0.642309227884319,0.00436903673760708,0.0181641089954971
"NSDHL",5.93379686250253,0.776542431666593,0.00437073348213836,0.018165635676927
"U2SURP",5.93317440685763,1.54725643118806,0.00437237411661435,0.018165635676927
"INS",5.92671120502452,0.632530090165923,0.00438945444849437,0.0182120862075004
"FAR2",5.92523617076293,0.840661800428222,0.00439336405709728,0.0182143961403144
"MARF1",5.91911923577097,0.656543160272837,0.0044096230330418,0.0182579763371902
"ADAM8",5.91794579425132,1.55007971378206,0.00441275055162678,0.0182623433531414
"GCLM",5.91664299490979,0.968689562583812,0.00441622604736406,0.018270393288442
"GAPT",5.91506291239877,1.89449755214103,0.00442044578726059,0.0182798837913695
"BAX",5.91488395324954,0.827714356731572,0.00442092402581912,0.0182798837913695
"C1orf162",5.91315877686335,1.54964439566894,0.0044255375473023,0.0182890149509167
"EWSR1",5.90805478428111,1.10353965494661,0.00443922162348922,0.0183304596009273
"HDAC1",5.90672313484412,1.1327529138708,0.00444280042761377,0.0183304690458899
"DOCK2",5.90559310481727,1.26644230457571,0.00444584017167227,0.0183380356199598
"PREX1",5.89706089339136,0.733570008743051,0.00446887454073683,0.0183931377579231
"TMEM39B",5.89005750379841,0.740651402028227,0.00448789163289531,0.0184315030929171
"MSLNL",5.8844915267762,0.615385542990892,0.00450307677781512,0.0184733287468023
"CHAD",5.88107548017431,0.64554670414632,0.00451242784771466,0.0185022924529643
"ZFP36L2",5.8794858290233,0.665252637250234,0.00451678751556088,0.018515176424973
"CDHR2",5.87580216551963,0.928193325816692,0.0045269100590288,0.0185516702176529
"TRPC4AP",5.86676464962703,1.06461204248848,0.00455186351201006,0.0186255907422523
"ZNF839",5.86034358686788,1.00266394154041,0.00456969580251013,0.0186867259383098
"PCNT",5.8592023125097,0.771830771515155,0.00457287430908115,0.0186892313179785
"PCBP1",5.85838030667334,0.73112838242047,0.00457516532568375,0.0186892313179785
"PRKCE",5.85375141878953,0.682658424311702,0.00458809297995855,0.0187077157096781
"SLC35C2",5.85043783383869,1.16599743528049,0.00459737489737008,0.0187077157096781
"ZBTB7A",5.84895126918684,0.895664118225958,0.00460154654170975,0.018716319819824
"RFC3",5.8470210680894,0.865146742669604,0.00460697009924353,0.0187333693233411
"KAT2B",5.84376670490551,0.653374033743356,0.00461613219975944,0.0187505711789374
"NECAB3",5.84266665605098,1.07411492827612,0.00461923427779635,0.0187581615211554
"MTSS2",5.83982858088816,0.627884474474818,0.00462724937284946,0.0187677323854877
"RBMS1",5.83964745755207,0.877563307880426,0.00462776147064564,0.0187677323854877
"DNAH1",5.83653473713336,0.949223360730446,0.00463657312750596,0.0187895544754602
"ALDOA",5.82733467206224,1.33045347370963,0.00466273836114711,0.0188592885628525
"BTF3",5.82414647663706,0.99110197692986,0.00467184812569714,0.0188730596411668
"VAV1",5.82353806009593,0.623355550260062,0.00467358907210903,0.0188730596411668
"TRIM37",5.82285182621678,0.653334729893109,0.00467555364789145,0.0188759808540306
"PANX2",5.82218483227014,0.651473829585595,0.00467746411860754,0.0188776315248658
"NEK8",5.81934960502247,0.832266715486829,0.00468559580730607,0.0188926895275091
"MTMR12",5.8182989530606,0.801611047602671,0.00468861359733089,0.0188986047146059
"LEPR",5.81492924642823,0.613237499468778,0.0046983085922862,0.0189253194333044
"ERLIN2",5.81469806506099,0.798137904615143,0.00469897463046801,0.0189253194333044
"TRPV5",5.81287185099587,0.740455156542888,0.00470424008329641,0.0189364963437723
"CLN3",5.80823224115382,0.988414078160131,0.00471765003909052,0.0189718203803209
"CREBBP",5.79782045199077,1.02859555281156,0.00474791536879751,0.0190618524098924
"UPK3B",5.79510857684389,0.775332022693217,0.00475583758922562,0.0190835826007766
"RSRP1",5.7920024875697,1.02196477446068,0.00476493145797253,0.0191099888219531
"MFSD14B",5.78758699519117,1.07429264883344,0.00477789585829616,0.019146835365736
"TNFRSF10D",5.7862571795536,1.39228753039311,0.00478180886779744,0.0191535125070613
"RASD2",5.78603622920785,0.835366017642507,0.00478245940126377,0.0191535125070613
"ZMYND19",5.78573706829111,0.813557293853179,0.00478334038018271,0.0191535125070613
"NSUN4",5.78352539651765,0.786588470463819,0.0047898595931003,0.019167357690683
"DYRK1A",5.782717940762,0.705228005980798,0.00479224241070808,0.0191689696428323
"MCCD1",5.78092158197834,0.678612615554626,0.00479754874292074,0.0191851489041122
"SLC8A3",5.77841882321429,0.804558174167313,0.00480495381497924,0.0191945725290791
"TRAK1",5.77157540799246,0.943183116060667,0.00482527390156502,0.0192637081283322
"MED1",5.76770407660591,0.625752949528851,0.0048368159123044,0.0192965100719636
"PF4V1",5.763700197989,0.903122793170297,0.00484878891158462,0.019337219409338
"RNF141",5.75522825948283,0.644953813431672,0.00487424360501298,0.0194195098629726
"HCLS1",5.75487509101169,0.893547222626721,0.00487530830200087,0.0194195098629726
"TOR1AIP1",5.75093503891972,0.616444300022744,0.00488720583146899,0.0194516164053861
"RNF122",5.748000215562,1.06499030956543,0.00489609118974973,0.0194716932044231
"PPP1CC",5.7357401239039,0.892950135244621,0.00493342532592141,0.0195462677089882
"GNRH1",5.73465647837071,0.670742297132414,0.00493674206168297,0.0195462677089882
"CDK5R2",5.73425309214762,0.844071619919168,0.00493797741569784,0.0195462677089882
"NUDT16L1",5.7295350511014,0.863724427702929,0.00495245454281272,0.0195933737479438
"PTP4A2",5.72637021059481,1.41342814377608,0.00496219504375807,0.0196217010466648
"MON1B",5.7245784363636,0.900629359777118,0.0049677200919397,0.0196282377651907
"LEAP2",5.71871601927651,1.09483159561287,0.0049858502658187,0.0196794214488894
"FBP1",5.71009919479366,1.09781989350519,0.00501264695893378,0.0197454020378074
"KLHL15",5.70283916394211,1.07984721818306,0.0050353621066093,0.0198028929188813
"TSC1",5.70204569811019,0.652578414452676,0.00503785237779376,0.019807564364397
"DDX56",5.70127058042375,1.12870955942112,0.0050402865288299,0.0198120128018726
"HMBOX1",5.69512223046851,0.835814749065162,0.00505964599212939,0.0198623683720795
"DEPDC5",5.69346774081474,0.663512007289288,0.00506487115728596,0.0198677567929177
"MLC1",5.69345249900791,1.91366777587791,0.00506491932444384,0.0198677567929177
"ARRDC5",5.68915610024781,0.739773699068913,0.00507851932847357,0.0198852013252899
"MAP10",5.68604441430189,0.966628353156079,0.00508839728432832,0.0199034807117951
"MIS18BP1",5.68429363703642,1.17245568180001,0.00509396547886736,0.0199200377995924
"HYCC2",5.68195757992752,0.749409419929718,0.00510140679737523,0.019937038429878
"NCR3",5.68128343470791,0.713503700239078,0.00510355672064145,0.019937038429878
"SMAGP",5.67831911026394,0.676120374123709,0.00511302352963187,0.0199483996507546
"SAMTOR",5.67096637286054,0.630236637926311,0.00513659860717434,0.0200095777709804
"ZNF418",5.66822778184213,0.757269958870156,0.00514541355444454,0.0200336531838179
"SNAPC4",5.66674605956324,1.0463189735631,0.00515019067295118,0.0200417450534474
"WDR3",5.65862476618148,0.855954712185903,0.00517647120178669,0.0201020907569982
"UBTD1",5.65829836908316,1.05722618975922,0.00517753087159139,0.0201020907569982
"HDAC3",5.6576897310508,0.971975039371317,0.00517950756887044,0.0201037028816278
"TRIM41",5.63689407156446,1.42817654712846,0.00524760826268872,0.0202861277221581
"KDM7A-DT",5.63089440184313,1.03114319598119,0.00526746032585872,0.0203318620902689
"SEMA4D",5.62879143544103,1.81541604186835,0.00527444062452879,0.0203433155003383
"P2RX5",5.62193133884808,0.682834431582598,0.00529729039978741,0.0203952385822701
"TBC1D3B",5.61968546482176,0.890617530642765,0.00530479748019098,0.0204086415579925
"PRKAG2",5.61535667519524,0.94858341405755,0.00531930392124772,0.020443763971275
"SON",5.61013974246039,1.71281294889208,0.00533685161871234,0.0204904921528344
"MTERF4",5.60495496948557,0.877576757728315,0.0053543618006697,0.0205473465214698
"GBF1",5.59462921407085,0.586272335045852,0.0053894454391457,0.0206558584989657
"HK2",5.59196122760267,0.947108039486481,0.00539855637285665,0.0206752065772863
"RNASE3",5.59082910851138,2.22746899990548,0.00540242818633082,0.0206809875853829
"NRF1",5.58964010709705,0.636235794378679,0.00540649821616061,0.0206847861311624
"PSMA4",5.5876501859736,0.730186168235148,0.00541331829397433,0.0207056701747389
"LRRN3",5.58619146663475,0.587144379036952,0.0054183245055236,0.0207196075132016
"TAP2",5.57791345107849,0.736539285702485,0.00544684218553054,0.0207920622383405
"MRPL52",5.57667465052804,1.04954889701373,0.00545112571666797,0.0208031919445637
"GNB2",5.57014750117975,0.940608723372305,0.00547376392406029,0.0208791075387783
"LAT2",5.56667520057244,1.00278907898039,0.00548585410370796,0.0209094910298723
"TP53TG3",5.55647088351318,0.657742458783535,0.00552157513852215,0.0210245655249487
"JTB",5.55397660675609,0.76232786604709,0.00553035004970757,0.0210474383273155
"PITX3",5.55255367322033,0.654931532217588,0.00553536364324923,0.0210612485080146
"GALNT4",5.55029482298104,0.870847536680908,0.00554333401483828,0.0210810261809604
"TCF25",5.54978522553615,0.851937834879735,0.00554513408553789,0.021082599793215
"TMPRSS13",5.5419267576234,0.668152700527911,0.00557298413708876,0.0211620331477767
"SUB1",5.54027679779954,0.566627227364517,0.00557885336411124,0.0211790319424373
"ADI1",5.53238588346501,0.715379197977421,0.00560702826884435,0.0212541590011428
"ZNF513",5.52415955985324,0.761339268365042,0.00563658739506593,0.0213286471070739
"POLR2J4",5.52379589051656,1.01212058839983,0.00563789856460003,0.0213286471070739
"CGB2",5.52273224969924,0.569718600002559,0.00564173555804424,0.0213378548537023
"TCF7L2",5.52159915343114,0.602846618106502,0.00564582664090958,0.0213480187854184
"RAD17",5.51286927082896,0.857187435021036,0.00567746886987602,0.0214250487774378
"CDKN2A-AS1",5.51058978042773,0.674000030198493,0.00568576697762092,0.0214404027264218
"ATP11B",5.50648732910726,0.685285057551004,0.00570073889540175,0.0214759858817995
"SYT2",5.49882799455,0.575946215435898,0.00572882169518328,0.0215599901856836
"DNM1L",5.49096856105289,0.717085026333831,0.00575781525772735,0.0216476772409191
"GCNA",5.48997029290735,0.968751634380065,0.00576151078857443,0.0216562175167177
"PPIA",5.48885802344581,0.966338698029736,0.00576563178244336,0.0216663523961944
"OGDH",5.48547272455684,1.29068659376828,0.00577819675149473,0.0216852585666585
"PPP1R3F",5.48533359871948,0.766374839128209,0.00577871385492743,0.0216852585666585
"DPM3",5.48350972612081,0.792217383654401,0.00578549809822544,0.02170346696542
"STAG3L1",5.47205131666644,0.740302557148877,0.00582834466946397,0.0218050346207154
"AQP10",5.46603958598106,0.560673789768998,0.0058509804876367,0.0218467250812617
"KIF21B",5.45556879696048,0.718825777571874,0.0058906646055738,0.0219571635592074
"ATF1",5.45375439068764,0.779892656456027,0.00589757478151246,0.0219721502394026
"WWC3",5.45296879111715,0.804474909942458,0.00590056983368898,0.0219779245727999
"NSMF",5.45098595040954,1.4326848276912,0.00590813761902174,0.0219953382888819
"BTBD7",5.44870462666249,0.84877648212449,0.00591685937656109,0.0220116431993006
"SMARCA4",5.44755408513417,1.16271403346594,0.00592126403173256,0.0220130613811616
"ANO6",5.44646820554223,0.574907438127952,0.00592542483827823,0.0220130613811616
"PPP1R35",5.44641972066389,0.622501381873609,0.00592561070347685,0.0220130613811616
"VAPA",5.44633763628901,0.996769218924583,0.00592592538759045,0.0220130613811616
"JAG1",5.44375278533934,0.82340716886482,0.00593584536380283,0.0220367763525967
"MAPKAPK5-AS1",5.44188777750904,1.11044525371619,0.00594301545443671,0.0220549973233464
"GLIDR",5.42860276710513,0.806621116623094,0.00599439944717579,0.0221969385908569
"DPP8",5.42493988946222,1.39800618620317,0.00600866274571032,0.0222281058226131
"PRKRIP1",5.42304885972055,0.664817182968543,0.00601604277314961,0.0222427260824541
"ENKD1",5.42293572213347,0.788799488263779,0.00601648466275602,0.0222427260824541
"OSBPL7",5.41684436849751,0.581725825909517,0.00604033511895459,0.0222694343003785
"TSPAN16",5.41639242119028,1.08481966449002,0.00604210932852946,0.0222705765070955
"SF3A1",5.41310098301184,0.784493098707025,0.00605504986783782,0.0223020582199268
"RAB28",5.41080367004854,0.557240117163935,0.00606410211982647,0.0223213472944415
"USP21",5.40453969612398,0.938388004065502,0.00608886911653672,0.0223670341846112
"RPL36A",5.4018358821096,0.677186951250378,0.00609959808084748,0.0223774224646092
"XRCC3",5.39873398048837,0.573410376861767,0.00611193532666889,0.0224068164246207
"TAF8",5.39847693402357,0.846408476714551,0.00611295905745341,0.0224068164246207
"CACNA1A",5.39057728033422,0.549149738088837,0.00614452377533875,0.0225116640750064
"LMBRD2",5.38926426384386,0.622941700942915,0.0061497896044788,0.022525529938563
"KIF9",5.38829596517838,0.665494040220915,0.00615367650254835,0.022534339573984
"UBE2G2",5.38571682275973,0.794195241276319,0.00616404431340867,0.022566871911006
"ZNF700",5.38463705217676,0.77056693052749,0.00616839122272129,0.0225773510746439
"PYGL",5.38338302393857,0.657872539805876,0.00617344438294739,0.0225904095707084
"NT5DC3",5.37969434462615,0.869564707647424,0.00618833759234698,0.0226306392657782
"PSMA2",5.37535417557002,0.648238272143375,0.00620591780509383,0.0226710540427257
"ZXDC",5.37496464439316,0.955940734868318,0.00620749863284099,0.0226713830951599
"ARFGEF1",5.36164638937032,0.721963242797312,0.00626184681255591,0.0228260226091444
"UBAP1L",5.3580076958675,0.921375357331751,0.00627679691653312,0.0228531308371165
"ABHD17B",5.35724192076735,0.639757919386394,0.00627994879957098,0.0228557634422079
"MYH14",5.35625953968798,0.817406513704393,0.00628399506757947,0.0228574496502628
"TSNAX",5.34859364499386,0.78752103112373,0.00631567991889768,0.0229452604411362
"CCDC97",5.34774712065353,0.59233252658926,0.00631919081497854,0.022952532580414
"MAPK1IP1L",5.34655090408754,0.733294573007669,0.00632415612260344,0.0229531335092426
"AZI2",5.34588971759828,1.03268499950401,0.00632690266114842,0.0229531335092426
"ANP32A-IT1",5.33988669887546,0.652929882279478,0.00635190610082025,0.0230218751146984
"FKBP5",5.33772535708731,1.12746108335098,0.00636093811386195,0.0230357378116205
"WDFY2",5.33752175230077,0.668003544921576,0.00636178976912193,0.0230357378116205
"XYLT2",5.32914922140677,0.745716762405115,0.00639693273483041,0.0231519640721801
"LCE1A",5.32791529030894,0.874469619693948,0.0064021321956633,0.0231597589038172
"TAP1",5.32373253267274,0.693006290181726,0.00641979590447648,0.023191013906184
"TTC21B",5.32352702391313,0.558625187123603,0.00642066530613558,0.023191013906184
"POU3F4",5.32352351769949,0.543027670136644,0.00642068014037344,0.023191013906184
"GPR62",5.32104372334425,0.605173769924763,0.00643118231253412,0.0232151484949012
"THAP7",5.31996809767959,0.590001191433384,0.00643574425351494,0.0232261031341849
"KAT7",5.31689900386824,0.810702518075458,0.00644878275571515,0.0232621176823805
"AP5M1",5.3157222645584,0.667916842411218,0.00645379052850112,0.0232745248565612
"RASL11A",5.31501245146062,0.722566803799406,0.00645681354351865,0.0232745248565612
"RMC1",5.31237855375583,0.698212153535057,0.00646804623296037,0.0233013446782178
"ATXN1L",5.31053814900941,0.729195238442768,0.0064759091881068,0.023321247201688
"HDAC7",5.30947084208273,0.920612774298835,0.00648047453473936,0.023329228271101
"ZNF530",5.30930286338821,0.572385996566988,0.00648119341434783,0.023329228271101
"BCAS3",5.3069036485351,1.06254921556196,0.00649147176334034,0.0233441245156963
"ANKRD11",5.30606682516596,0.752810366422075,0.00649506146245491,0.0233501652493026
"TTC5",5.3050810830647,0.846173166174309,0.00649929310233416,0.0233501652493026
"LPIN3",5.30253122630688,0.680591182906542,0.0065102549651634,0.0233697345318126
"TOLLIP",5.30044999539132,0.945755204590837,0.00651921903492814,0.0233843803409965
"AGFG1",5.29950063203539,0.565686844855005,0.00652331307211078,0.0233922530536809
"SLED1",5.2986662681523,1.81104277018522,0.00652691379254645,0.0233969650785101
"ZMYM4",5.29777079340562,0.764848611004232,0.00653078095464724,0.0233969650785101
"KHDRBS1",5.29501929642313,0.659499107454811,0.00654268108124566,0.0234115207920567
"ADPRHL1",5.2946961532439,0.698771479267363,0.00654408041077282,0.0234115207920567
"GBA2",5.29025200091469,1.58757236277803,0.00656336257234953,0.0234199009855213
"ZNF397",5.28882236137112,0.658765271568536,0.00656958027990902,0.02343109214279
"TFF2",5.28702754187715,0.698532044327164,0.00657739645179174,0.0234422012030943
"BIK",5.28584828997662,0.753011319307058,0.00658253813526401,0.0234498102509007
"RHOT2",5.27982557247087,1.28325992534059,0.00660887503403744,0.0235160906686105
"BTF3P11",5.27735949653366,1.10174354938,0.00661969633152268,0.0235435785336288
"LTBR",5.27674697855786,0.660934051178535,0.00662238747156546,0.0235476428963216
"TAF1C",5.27424806241753,1.05981377600803,0.00663338056213575,0.0235757073122133
"TRIM10",5.2728733895159,0.99377405438673,0.00663943749908728,0.0235917209079718
"TOMM40",5.27101646268046,0.583078743065599,0.00664763007791791,0.0235987764297329
"SBF1",5.26725694777247,1.21448476947394,0.00666425472623934,0.0236395368485514
"LANCL2",5.2591850866374,0.717696333815307,0.006700121449118,0.023746317175061
"CNIH1",5.25858536770094,0.62302462961271,0.00670279570325047,0.0237502602644532
"SUGP2",5.25616258266939,0.579310384926723,0.00671361268527906,0.0237830472205274
"NME6",5.24874065385005,0.598334941532296,0.00674688293848375,0.0238726174790719
"DHX16",5.24842208132899,0.553620363043172,0.00674831552752038,0.0238726174790719
"RNF10",5.24781158781102,0.551074174986499,0.0067510618999599,0.0238767789243233
"SRSF3",5.24253334953145,0.708144922462434,0.00677486394222934,0.0239386921081375
"C19orf73",5.23708309063728,0.624571875093082,0.0067995499035233,0.024003610708631
"ZNF646",5.23554549419835,0.688856613698007,0.00680653412814984,0.0240167590026352
"NUP188",5.23461980380023,0.780062329073583,0.00681074313856086,0.0240169508078881
"LINC00304",5.23249289713354,0.630116139607587,0.00682042605424572,0.0240193170484662
"C5orf22",5.22671746166389,0.546399969314392,0.0068468045603222,0.0240732656527507
"MIGA2",5.22418997606583,0.788694461947979,0.00685838788668946,0.0240994369179236
"LRRC59",5.22223112223164,0.58135491596799,0.0068673817524798,0.0241143250269482
"CSNK2B",5.22163995657437,0.690879797621798,0.0068700988688503,0.0241182972293341
"ATG12",5.21915574635323,0.55455304744583,0.00688153123127614,0.0241472835637396
"STAT5A",5.20612870260833,0.704603751854277,0.00694186552635774,0.0243004678249618
"ASB10",5.20593607390177,0.547533824179518,0.00694276253941734,0.0243004678249618
"DPH2",5.20402100030253,0.710686265014893,0.00695168819343212,0.0243149204336973
"LARP1B",5.19872335778855,0.686841320368477,0.00697645256686466,0.024374518510608
"DGCR8",5.19733660031295,0.643638819418024,0.00698295297647682,0.0243850169612536
"MAPKAPK2",5.19276529701877,0.895406749043273,0.00700443360305477,0.0244238152298845
"WDR33",5.19223914048922,0.528280190713004,0.00700691122093545,0.0244238152298845
"PNKD",5.19153316577522,1.35698279471963,0.00701023727410404,0.0244298094556769
"GPR142",5.1891350874656,0.65618969755326,0.00702154979783592,0.0244580232078536
"CAT",5.18789318885089,0.848186009543588,0.00702741704531307,0.0244667001690863
"RMDN1",5.18758642683881,1.27599747707806,0.00702886724347304,0.0244667001690863
"CHPT1",5.18214676122701,0.939036615645088,0.0070546440116491,0.0245451901462273
"NDEL1",5.17546371731817,1.35066379279912,0.00708647170926161,0.0246390173192617
"KIAA0319L",5.17087157506934,0.760342606675374,0.00710844373063366,0.0246984720711621
"RAD54L2",5.1687191707261,0.691575341920893,0.00711877110363625,0.0247287051037232
"LPCAT4",5.16746260120857,0.74343731424624,0.00712480871392518,0.0247383769226882
"ADIPOR2",5.16548129023135,0.605067777328907,0.00713434135471905,0.0247526865358935
"EPCIP-AS1",5.16525306573849,0.553930833766388,0.00713544041118865,0.0247526865358935
"KIF27",5.16361801766107,0.597289636027069,0.00714332035916072,0.0247623550475307
"SOWAHA",5.16128142881332,0.67444909612264,0.00715459984851093,0.0247852288146137
"UNKL",5.15985181323252,0.675319590312131,0.00716151185091844,0.0247978761905209
"MECP2",5.15884660249235,0.718798000679444,0.00716637681706474,0.0248090732150969
"KRTAP2-4",5.15239513711926,1.1434672244434,0.00719769696888605,0.0248680248769127
"HAUS1",5.15189607645093,0.565147097797055,0.00720012676573235,0.024869299989384
"VIM",5.15120652048507,1.16686053606433,0.0072034856904273,0.0248734131671428
"CENPT",5.14910879478759,0.718941557667326,0.00721371583309855,0.0248936215996739
"KAT6B",5.14798877527423,0.625584018076031,0.00721918521696886,0.0249003509074201
"DHRS13",5.14447148208674,1.06951125050414,0.00723639429000583,0.0249266329246679
"AKAP13",5.14275410264073,0.805677352179898,0.00724481519901634,0.0249443399471679
"OPRK1",5.14199476755297,0.570266767962954,0.00724854231481973,0.0249515236586189
"EPHB4",5.14063872673658,0.902296131150071,0.00725520414908998,0.0249631549093576
"TOP1P2",5.13717094952727,0.862265481821263,0.00727227451624027,0.0250049176674162
"SRRT",5.13644021896873,1.02925117430738,0.00727587786788453,0.0250060001389351
"LINC01002",5.1341184102621,1.70229381889304,0.0072873416267043,0.0250390935400157
"SMCR5",5.13361725188508,0.745164409184694,0.00728981896512623,0.0250390935400157
"CLK4",5.12604078913508,0.837510864804599,0.00732739725675177,0.0251262812808751
"GRB2",5.11725740714799,0.539221848448522,0.0073712595052613,0.0252254983249356
"MDM1",5.11630952867309,0.99976300738477,0.00737601222258772,0.0252360841127366
"GPIHBP1",5.11317781173458,0.571710942876016,0.00739174157053754,0.0252785261535271
"H2AZ1",5.11233081042046,0.539291368610071,0.00739600277991081,0.0252874123823929
"SNX20",5.11066346516183,0.6215131018629,0.00740439989131475,0.0252994184488804
"SLC29A2",5.11047098482362,0.633353915889521,0.00740537001639019,0.0252994184488804
"MAP2K7",5.10815448271938,0.537207748337001,0.0074170577112094,0.0253252388127689
"PLGLB1",5.10487158468603,0.930204978718082,0.00743366003086999,0.0253648422143753
"OPRD1",5.10240867463098,0.688730426716755,0.00744614541659743,0.0253775246932461
"HIGD2A",5.10216362811115,0.900942969187116,0.00744738905220657,0.0253775246932461
"STXBP5",5.10168899687148,0.712601106070077,0.00744979857763712,0.0253795402391844
"RPL21",5.10110395280178,0.681223881604248,0.00745276994305115,0.0253795402391844
"ZGRF1",5.09559561792027,0.56097770928451,0.00748081744837834,0.0254639528314577
"FAM8A1",5.09261426852708,1.09360126898097,0.00749605194789886,0.0255033463140147
"RBM48",5.09093247515922,0.662813076054682,0.00750466258120006,0.025511350057503
"COX6B2",5.08818834519396,0.674027797204264,0.00751873833309497,0.0255515185819764
"IRAG1",5.08788588255009,1.64358068631917,0.00752029176571058,0.0255515185819764
"KARS1",5.08589864195075,0.520340424054502,0.0075305079218944,0.0255748022501496
"SPDYE3",5.08146286620507,0.517356810082804,0.00755337313028647,0.0256410041440617
"NAA38",5.07823197941796,1.05679122124508,0.00757008104993442,0.025680524784163
"DNPEP",5.07713166924674,1.18090780742314,0.00757578143468986,0.0256941311460222
"SLC10A2",5.0756528700512,0.712983939007411,0.00758345095030114,0.0257086763379803
"IGF2R",5.0712337042954,1.65413355626065,0.00760642691051404,0.0257690951307601
"IL1RL2",5.0703623152971,0.524483499026412,0.00761096746931778,0.0257732338618091
"PGAM5",5.06926505162268,0.558421896830573,0.00761668972285149,0.0257868693911677
"POC5",5.06770535041226,0.52164211641266,0.00762483267583861,0.0258086924847882
"PPP1R18",5.05612036206199,0.56281172282274,0.00768565121032999,0.025945257182397
"SPACDR",5.0542179310491,0.530181059735185,0.00769569528810559,0.025973398566691
"ABCB7",5.05090968174961,0.573578052046173,0.00771319986384184,0.0260036230390837
"ADRM1",5.0468437473163,0.652165676647421,0.00773478038104131,0.0260532757552328
"SYT15",5.04545689418096,0.645933622048999,0.00774215821691348,0.0260557110243379
"INGX",5.04541963837931,0.563814712225152,0.00774235653070641,0.0260557110243379
"ENDOV",5.04484198865396,0.885459422562368,0.00774543217481569,0.0260569427085654
"VDR",5.04470734977316,1.53304077063124,0.00774614926258707,0.0260569427085654
"USP7",5.04226806649348,0.977867294875138,0.00775915500438035,0.0260881046936956
"UBALD1",5.03856608254911,0.717864153660835,0.00777894435853276,0.026137644584612
"VTA1",5.03786232912327,1.08977615805346,0.00778271334118707,0.026137644584612
"WIPF2",5.03266511649907,0.513400863191864,0.00781061663177818,0.0262100303918982
"WDR5",5.02696219023173,0.702529039318284,0.0078413762295447,0.0262784004841927
"PMM1",5.0266459016173,0.888510524977922,0.0078430865201046,0.0262784004841927
"PEX5",5.02557726438179,0.802358239103542,0.00784886842208315,0.0262919803883349
"CCL27",5.02395484108878,0.523853418611044,0.00785765659046391,0.0263031494564056
"NLRC3",5.02320210312386,0.567939676563512,0.00786173803460777,0.0263061192585951
"LMX1A",5.02202880953394,0.567585667936167,0.00786810496721819,0.0263158434883339
"QRSL1",5.02100868103829,0.596351467835489,0.00787364587692219,0.0263189848408542
"RNF220",5.02090008694798,0.71183379212314,0.00787423599591575,0.0263189848408542
"ITGAM",5.01873888768262,0.797207648290652,0.00788599160263683,0.0263325915890994
"PHF20L1",5.018560220311,0.963617816459905,0.00788696440612491,0.0263325915890994
"SLC5A10",5.01808801261956,0.579750675598414,0.00788953617817965,0.0263353964437568
"TMEM8B",5.0136251446834,0.611845839607147,0.00791389298400476,0.0263993166266164
"DVL1",5.00775969668484,1.09432332050554,0.00794604484355215,0.0264891385315084
"CMTM6",5.00512950002976,0.846423406123124,0.00796051440332084,0.0265245901625618
"CPNE7",5.00359449239116,0.671372538050484,0.00796897389037694,0.0265423028744749
"GUCD1",5.00204186446745,0.586247488421182,0.00797754168811779,0.0265533933011371
"STARD7",4.9987522157482,0.665939846167293,0.00799573212013291,0.0265906612908334
"GPR25",4.99542207384863,0.701152093027441,0.00801419823619626,0.0266357323372327
"HUS1B",4.99081409948104,0.570074851318728,0.00803983634375919,0.0266658717393484
"ARL2BP",4.99057991065326,0.539704905780952,0.00804114201713912,0.0266658717393484
"UTP25",4.98693349180041,0.745495372163819,0.00806150544380856,0.0267101034399653
"DVL3",4.97712576278653,0.896870937001767,0.00811659091303936,0.0268341553490223
"UBE2L6",4.97560489698809,0.52577821323095,0.00812517414166597,0.0268566938375258
"RPL13",4.97213770127038,0.613922163593596,0.00814478335829616,0.0268981249322406
"MRPL20",4.96974318267721,0.536041472300375,0.00815835973445893,0.0269371113420867
"CAMLG",4.96889115543158,0.690143279409061,0.00816319721862114,0.0269411665184241
"TM9SF4",4.9681822171642,1.01707566419127,0.00816722497567103,0.0269411665184241
"MAPKAPK3",4.96532073056056,1.51043080349878,0.00818350695994331,0.0269732929880403
"ARMC7",4.96072655993434,0.797977003154221,0.00820973120759264,0.0270304378014871
"RHO",4.96020028697259,0.78432619095637,0.00821274182054848,0.0270344973175111
"NKX3-1",4.95312376836578,0.65307546500357,0.00825335555579799,0.0271505583587661
"RPSA",4.95093076567073,0.684891601244066,0.00826599157457199,0.0271716981095342
"WASF1",4.94985729273919,0.760639519519371,0.00827218552894868,0.0271745942423615
"DPH7",4.94937728964662,1.20125866721801,0.00827495699213414,0.0271745942423615
"PDE4C",4.94874897179993,0.610763911965012,0.00827858651973749,0.0271806441692936
"SEZ6",4.94317712898461,0.748428357926131,0.008310858132079,0.0272689386133026
"PRR14",4.94080389236256,0.673828247753017,0.00832465046293491,0.0272939092786433
"NETO2",4.93656018275702,1.09987305703166,0.00834938317488089,0.0273606279120797
"H6PD",4.93567314990034,0.650202052163892,0.00835456424054316,0.0273710066717321
"COG7",4.93385654284115,0.858015765393013,0.00836518713962962,0.0273997531381115
"RBPJL",4.93278786258992,0.501840547910626,0.0083714441419829,0.0274085947279389
"CINP",4.9301382393037,0.642328329885857,0.00838698211387303,0.0274476488030516
"ABCC1",4.92584773311383,0.501324255712301,0.00841221751550038,0.0275092473383284
"RFPL1",4.9244980862144,0.510798485974638,0.00842017492132667,0.0275207436500185
"PIGY",4.92385224018212,1.17371816236702,0.00842398603485406,0.0275272839746585
"ENO1",4.92202263441802,0.809559024054378,0.00843479393855598,0.0275507616446648
"TAF10",4.92066472013538,0.730368513017833,0.00844282642542719,0.0275651576380199
"PTGDR2",4.92026098264052,0.704076731376214,0.00844521646411716,0.0275670427100867
"SKIC2",4.91641141810377,1.0872136225139,0.00846804669322944,0.0276237782305091
"HGSNAT",4.91324926937952,0.77063098587934,0.00848685666016485,0.027663428986239
"SCAF8",4.91266438187949,0.566055722106097,0.00849034145120688,0.027663428986239
"DLG1",4.91205322347024,0.996665175579742,0.00849398463678507,0.027663428986239
"OSTM1",4.9042886984169,0.747831373141325,0.00854043682876536,0.0277705715826093
"OXLD1",4.9020689477886,0.984982504932803,0.00855377385265913,0.0277901714913993
"NUFIP2",4.90096216857228,0.778367547185375,0.00856043328362861,0.0278028937576421
"C9orf85",4.900810543331,0.636025124141503,0.00856134609856904,0.0278028937576421
"CNKSR1",4.89923767644576,0.540503395307236,0.00857082210815375,0.0278277247269006
"TAPBP",4.89733172222918,0.951285629192261,0.00858232206478796,0.0278531698594313
"ATP6V1A",4.89459949223413,0.804188658251406,0.00859884047311025,0.0278948732753969
"ZKSCAN1",4.88922452427262,0.641282982533947,0.00863144993048645,0.0279725980092193
"HPS1",4.8888409625519,0.658407264839508,0.00863378274470287,0.0279725980092193
"ANKRD2",4.88873559776564,0.530356832644342,0.0086344237061415,0.0279725980092193
"CROCCP2",4.88830786474783,0.557981330332356,0.00863702631546582,0.0279725980092193
"APOBEC3F",4.88702775165843,0.512545995464327,0.00864482110307281,0.027986669370098
"INTS15",4.88630060200124,0.67656712930829,0.0086492526520866,0.027986669370098
"PPIP5K2",4.88242828144529,0.550495720100111,0.00867289903177857,0.0280190624339079
"ASL",4.87887331951021,0.616392311929695,0.00869467712494418,0.0280445288183356
"CAPRIN1",4.87657628279261,0.673310736217997,0.00870878461278619,0.0280718941058186
"CALCRL",4.8744394553813,0.532282373980396,0.00872193330720446,0.0280928934609821
"PAX4",4.87135249259835,0.720760526546209,0.00874097145024563,0.0281339034529811
"PAG1",4.86945647692277,0.632365552163143,0.00875268989904265,0.0281550269756564
"ATG14",4.86534673960194,0.57934109987228,0.00877815644075259,0.0282117927199842
"SLIT1",4.86212668131757,0.579467268361651,0.00879817331585862,0.0282582090364473
"GRAP",4.85773651408793,0.605504521041635,0.00882555397840214,0.0283070230580359
"ARFGAP2",4.85700547558482,1.1638841970169,0.00883012344735153,0.0283070230580359
"AICDA",4.85637120930007,0.565889805830031,0.00883409037125,0.0283137716261265
"PURB",4.85089485892746,0.587174190943434,0.00886843220224845,0.0284058797244723
"ARF3",4.84742251384956,0.737648425246106,0.00889029164797977,0.0284519266377265
"CLEC1B",4.84532122017116,0.924561286621605,0.00890355192317521,0.0284823764509147
"LRRC37A3",4.84312876507259,0.61448718122531,0.00891741326897431,0.0285147226649624
"MINK1",4.84163173011489,0.847110101109158,0.00892689312758586,0.0285330371341584
"PLEKHN1",4.84094223252472,0.69308129933631,0.00893126346305528,0.0285348849799878
"MYO15A",4.83995731486553,0.656770120625809,0.00893751083847265,0.028540267609843
"TTC31",4.83979536996807,1.23162433824797,0.00893853857349305,0.028540267609843
"BTN3A2",4.83888607904333,0.820089052960886,0.0089443118018484,0.0285527065244564
"SMARCB1",4.83477380314368,0.722047138243509,0.00897047828782529,0.0285930349907158
"RPS25",4.82592183867506,0.74926023465313,0.00902712182518011,0.028720600150071
"IL15RA",4.82335198669258,0.699404573409736,0.00904364810455663,0.028760685751679
"ORAI1",4.8197163122536,0.65036590955977,0.00906709174086816,0.0288064577795759
"SH3BGRL",4.81967373310299,0.623902563524885,0.00906736674058586,0.0288064577795759
"SELENOF",4.81387216836926,0.634913567291547,0.00910493199435106,0.0288831841892873
"RPL29",4.81352908171245,0.864762341323889,0.00910715944052227,0.0288831841892873
"NAA10",4.81239538629028,0.583169436105163,0.00911452455208296,0.0288959119007875
"PSMA6",4.81159505107,0.646890606434559,0.00911972835665964,0.0289063836698791
"NANOS3",4.80599535390563,0.555842137765729,0.00915623954946618,0.0289918990356614
"TSEN15",4.80502938827848,0.498147498243975,0.00916255590490469,0.0289998231429325
"PIK3R2",4.80165955844713,0.537530260641339,0.00918463263743297,0.0290434517662184
"LRRC28",4.8011770588871,0.634576548182956,0.00918779895103082,0.0290434517662184
"PTDSS1",4.80017750458874,0.913539399866001,0.00919436258636063,0.029052122628999
"RECK",4.79980992127223,0.625380228957634,0.0091967777863785,0.0290537176101463
"RRS1",4.79891050539984,0.877714049250364,0.00920269065425392,0.029056425735357
"RPL36AL",4.79822687456483,0.645786156162756,0.00920718803384306,0.029056425735357
"SIAE",4.79306626072811,0.66742814928728,0.00924122482068373,0.029133612577313
"SLC4A8",4.79138243818729,0.531320343881654,0.00925236372255449,0.0291566405910917
"MAP2K4",4.78051854789795,0.569299179656878,0.00932462687246774,0.0293054196066314
"HECTD4",4.77944680419872,0.593124064240671,0.00933179308918422,0.0293218820868417
"NELFB",4.77734121958555,0.725339151055279,0.00934589169630189,0.0293601158680767
"ZBTB1",4.77637344866147,0.712998829958096,0.00935238044323579,0.0293640431044286
"BPNT2",4.7762908814849,0.720703204208895,0.0093529342975968,0.0293640431044286
"PPA1",4.77310862168251,0.9868271906183,0.00937431123005811,0.029386179917911
"FGD6",4.77265314398635,0.703224044648194,0.00937737579837072,0.029386179917911
"PFKP",4.77233206826852,0.808994889882001,0.00937953681210263,0.0293868965468597
"ING5",4.7630574421796,0.835712712656113,0.00944222357327436,0.0295406986427395
"ARF1",4.76105714305595,1.05935709138322,0.00945581054084535,0.0295649602601102
"CASTOR3P",4.75998804127195,0.594295856359407,0.00946308217597491,0.0295816143334484
"LMO2",4.75934138541716,1.07720431525741,0.00946748380624525,0.0295839524571358
"POFUT1",4.75930659114486,0.757590767696095,0.00946772071336665,0.0295839524571358
"SEPTIN10",4.75798645549409,0.65761442436587,0.00947671460151311,0.0296059728142587
"DNTTIP2",4.75527313280373,0.520193130635351,0.00949523286443278,0.0296577328819662
"ACAN",4.74973105337319,0.504634549406865,0.00953319478600908,0.0297579692745538
"RBM10",4.74836987851533,0.636586344262854,0.00954254685528616,0.0297749389772655
"HPCA",4.74662065466036,1.29482018809218,0.00955458151049799,0.0297941512429062
"KRT23",4.73331142158316,1.07256210853473,0.00964675881259837,0.0300261784735972
"RABAC1",4.73158625615669,0.533347768601538,0.00965878636630195,0.0300451673263899
"DTX4",4.72135981626159,0.518662601564787,0.00973046062823427,0.0301940104538231
"RASSF1",4.71960297094435,1.0562518929209,0.00974283916334151,0.0302134355623
"TRMT44",4.71878051058982,0.824246876830421,0.00974864073541598,0.0302134355623
"UBE2D2",4.71400015942152,0.622694815076284,0.00978244461383505,0.030303951431288
"IL1F10",4.71380546611562,0.530640092839192,0.00978382440344714,0.030303951431288
"ASH2L",4.71279719186053,0.56210232748367,0.00979097383707847,0.0303137479874368
"ZNHIT1",4.71220519615685,0.684673247645081,0.009795174510825,0.0303205808997815
"CCT6A",4.68660001735106,0.681098663772488,0.00997898799652858,0.0307518641238514
"ZDHHC11",4.68567029152108,0.522385697222168,0.00998574115332379,0.030760208924397
"NIPSNAP3A",4.68477622224074,0.733311335001846,0.00999224057812892,0.0307714341635041
"EDC3",4.68243795407549,0.649284381368207,0.0100092630172496,0.0308077053159952
"PPARGC1A",4.67399148000706,1.04958183507022,0.0100710484243169,0.0309665395141553
"ING3",4.67348529783653,0.56963886538203,0.0100747658783451,0.0309689709563942
"ANXA2",4.66862302945649,0.88594906439875,0.0101105603307202,0.0310503637943441
"NOTCH1",4.66520357406172,0.670686894912113,0.0101358262490128,0.0311016014123405
"PPHLN1",4.6649815208962,0.723692118637591,0.0101374696344669,0.0311016014123405
"KIF3B",4.6644086427844,1.17801704362343,0.010141710929894,0.0311083380035958
"MAGEE1",4.66083912348111,0.637844212687509,0.0101681866600375,0.0311638380118328
"PARK7",4.66024985474581,0.663762748719934,0.0101725654743751,0.031165265055257
"AHCTF1",4.65703084045638,0.978520808591649,0.0101965264058051,0.0312231338838672
"USP15",4.65592596669101,1.53183266843737,0.0102047664756821,0.0312261747610008
"WASHC2C",4.65519465437874,0.789673996737158,0.0102102250205214,0.031236592659845
"TMPRSS6",4.65363853435356,0.935746897755387,0.0102218518257291,0.031265873404201
"MICALL1",4.65307075821642,0.936597929529245,0.0102260980806,0.0312725718097256
"NKX2-3",4.65264187709107,0.474198095341225,0.0102293070017667,0.0312760958751243
"BNIP1",4.65157823133964,0.747736806935787,0.010237270584226,0.0312878639559706
"CES4A",4.64867182052424,0.951772047518585,0.0102590696754402,0.0313230137771723
"SCGB2B2",4.64826319930747,0.749573695058343,0.0102621390162894,0.0313260959774646
"TYW5",4.64404669634473,0.569385126597661,0.0102938766273386,0.0313934321921632
"DCAF10",4.64370982627755,0.49681107107253,0.0102964174107845,0.0313934321921632
"IFI35",4.64368782709984,0.730414870746792,0.0102965833623428,0.0313934321921632
"ERCC4",4.64180475278566,0.496427836904739,0.0103108005021826,0.03142417916577
"TFF1",4.6408171162626,0.606710525728081,0.0103182666960064,0.0314343349184426
"KCNG1",4.63835506362834,0.567599775364089,0.0103369077084997,0.0314659112151447
"PTGES3",4.63626863803261,0.548077283302291,0.0103527368971925,0.0314845608904074
"RPGRIP1",4.6336642969609,1.41832334089469,0.0103725368990309,0.0315050012303698
"LFNG",4.63179769364833,0.876934708248028,0.0103867565357293,0.0315293000789163
"IRF3",4.62607086259671,0.770232256601011,0.0104305317387493,0.0316369219551055
"RPS6KA5",4.62448789417724,0.6951481211806,0.0104426714399138,0.0316484378384867
"EXOC6",4.6244830084973,0.480600055469687,0.0104427089346074,0.0316484378384867
"CRAT",4.62422069444629,0.849060352732993,0.0104447222803888,0.0316484378384867
"ZNF195",4.62377205033074,0.497735848212982,0.0104481668677466,0.0316525342081057
"PDE12",4.62082857954294,0.505581318340277,0.0104708005693194,0.0316897594883262
"ARID4A",4.61855667582941,0.489287187545424,0.0104883111899123,0.0317046783097171
"UBQLN2",4.60902406284431,0.765702499279987,0.010562173981426,0.0318709408550647
"THAP1",4.60331613327671,0.556846085514028,0.0106067052155669,0.031986272638973
"SLC16A13",4.60001906825905,0.478328285821361,0.0106325320807297,0.0320462167998144
"RPRD1B",4.59943455021079,0.66794089113752,0.0106371187799489,0.0320462167998144
"XPO4",4.59900059678713,0.639634617049173,0.0106405255628931,0.032050131265692
"SYNGR3",4.59338128132113,0.540149298264151,0.0106847608075112,0.032151531927311
"FSCN3",4.59272996236975,0.776392650628945,0.0106899024797554,0.0321606403386985
"PRPF39",4.58631995522322,0.533477967298081,0.0107406659586353,0.032268677972921
"MUC2",4.58163497310678,0.927662516537863,0.0107779542596834,0.0323503461967529
"NDUFB2-AS1",4.5770847192953,0.763849804014456,0.0108143214430735,0.032445097752271
"LY86",4.57562678109816,0.475886716335424,0.0108260054192382,0.0324673418291805
"TRIM33",4.5744835414632,0.764657813574046,0.010835178155272,0.0324884442794513
"GABRA3",4.57365675191994,0.498370862665159,0.0108418177714668,0.0324955389571278
"AGPS",4.57267228346308,0.802846392229842,0.010849730114519,0.0325128464200206
"PLEKHJ1",4.56850624709277,0.628873753876439,0.0108832912953715,0.0326005700256075
"INE1",4.56565375284198,0.69066681170985,0.0109063437164014,0.0326424567505498
"CHMP2A",4.56544826599668,0.667076095947512,0.0109080066548063,0.0326424567505498
"MIER1",4.56494720618357,0.922300190617343,0.0109120628652819,0.0326481707761571
"ZNF395",4.56164975013124,0.575228707531911,0.0109388025496742,0.0327024393897081
"TWF2",4.56102566542094,0.542514653247931,0.0109438723537878,0.0327111656360858
"ANKRD50",4.55792189487132,1.15901746647772,0.0109691286762309,0.0327544686644647
"TTI1",4.55728291947964,0.797988551458718,0.0109743370281467,0.0327571575120816
"AKAP17A",4.55675431753913,0.860913253862646,0.0109786479934992,0.0327635947184332
"CCDC82",4.55322929490066,0.626029115422168,0.0110074488341973,0.0328302180565743
"CLP1",4.549042742557,0.989662921145238,0.0110417743638412,0.032913230992806
"REPIN1",4.54468090003824,0.685864212552394,0.011077675962896,0.0329879177684985
"DIP2A",4.54324720291579,0.464087791442501,0.011089507539156,0.033010223263943
"PSMD10",4.54247422206572,0.463801296630101,0.0110958929483399,0.0330227671151375
"FAM193A",4.53940394054389,0.599577727370762,0.0111213000919808,0.0330789618225786
"SYPL1",4.53709446172295,0.798854964010046,0.0111404581840016,0.0330980778100048
"KDM3B",4.53702017972093,0.605379216451399,0.0111410750515284,0.0330980778100048
"CROCC",4.5367525107629,0.7246946780461,0.0111432982271174,0.0330980778100048
"DUSP4",4.53486673354911,0.722952405484617,0.0111589762390793,0.0331162779258097
"TRPV6",4.53069246513553,0.490185143338393,0.0111937760591373,0.0331939433779408
"PGC",4.53056030103249,0.507971042072222,0.0111948800358666,0.0331939433779408
"USP49",4.52995363233947,0.520276824095536,0.0111999492877133,0.0332025007344141
"CRNN",4.52873088997507,0.549395645938302,0.0112101748803922,0.0332146933486429
"RPS20",4.52737189608028,0.523018412000454,0.0112215532726682,0.0332341542688878
"AKTIP",4.52588086380041,0.491392898464408,0.0112340533703894,0.0332470633275112
"ATOSB",4.52293550794034,0.592350873432229,0.0112587957120071,0.0332861129837099
"PPP2R3C",4.51782937426046,0.623803384887353,0.0113018470927017,0.0333847205653172
"MID1IP1",4.51641955822891,1.46764005854544,0.0113137689980612,0.033409669693692
"RICTOR",4.51355809044785,0.730958370443222,0.0113380137264287,0.0334682672266163
"POLH",4.51302342223947,0.460166615321362,0.0113425508943062,0.0334686678309291
"ACR",4.50748871306437,0.564614999684334,0.0113896483561542,0.033562056229489
"MCRS1",4.50603708032493,1.02838944365005,0.0114020403976563,0.0335855569179851
"INTS3",4.49945847233988,0.937300759885196,0.0114584057757917,0.0336980830694744
"EIF4G3",4.49656715051335,0.500942180823317,0.0114832858922171,0.0337539560765296
"SNRK",4.49605729034264,1.45773683710281,0.0114876801122599,0.0337539560765296
"CFAP298",4.49559423911125,0.595383664219791,0.0114916726850144,0.0337539560765296
"RNF25",4.49426997864832,0.521788384870674,0.0115031002047359,0.0337552488963337
"MLKL",4.49416103122468,1.28529730324351,0.0115040409672342,0.0337552488963337
"TRIM72",4.49261179341546,0.737595590862754,0.0115174288023483,0.0337642058521542
"EIF3D",4.48961371309272,0.695256075648386,0.0115433908307339,0.0338054857989218
"FOXD2",4.48014389259595,0.644665132495583,0.0116258646102195,0.033989382928566
"DNAJC27",4.4759193112341,0.93153159402816,0.0116628883526025,0.0340505290970202
"MED13",4.47564263360664,0.628446057446672,0.0116653181287165,0.0340510860079695
"EDRF1",4.4687992696656,0.53756281854638,0.0117256130059612,0.0341680633444448
"TLR6",4.46851749604909,0.750949430092,0.0117281037539342,0.0341687743083969
"RALY",4.46705411215248,0.783305248774936,0.0117410497527787,0.0341999395978276
"IL10RB",4.46276253645125,0.953747769493074,0.0117791161347628,0.0342850833641624
"PRH2",4.46245975086484,0.756220834563875,0.0117818075204064,0.0342850833641624
"NCSTN",4.45924309553318,0.671756591013286,0.0118104458397572,0.034342879604403
"CSNK1G3",4.45714751725893,0.832030020385016,0.011829148649485,0.0343795417109674
"RPL14",4.4558225975053,0.900161116395661,0.0118409920193796,0.034405389115538
"FAM210B",4.45364526253972,0.568019035115624,0.0118604864393478,0.0344422909623068
"HCAR2",4.45327035379823,0.588946562830874,0.0118638470661095,0.0344454727341339
"TOX4",4.4482559709043,0.568302377258458,0.0119089068711038,0.0345192739943385
"KIF1A",4.44474159595103,0.599814155387976,0.0119406116275528,0.0345648737956369
"DCUN1D2",4.44454216938408,0.961064464474068,0.0119424138225582,0.0345648737956369
"ORM1",4.44419342155321,0.85873201934432,0.0119455662124276,0.0345648737956369
"IQGAP3",4.44415846887814,0.656664996204773,0.0119458822113274,0.0345648737956369
"RBAK",4.43618295333135,0.52538927713925,0.0120182537418433,0.034731481158587
"INO80",4.43393771226053,1.40395944680874,0.012038723714191,0.0347805680557402
"RFXANK",4.43327710622122,0.616286590092902,0.0120447545681708,0.0347913822360382
"NUDT2",4.42990052575698,0.623771507436242,0.0120756377817683,0.0348673437222578
"PIN1P1",4.42605283914602,0.830193762657969,0.0121109474178248,0.034956936880873
"DGLUCY",4.42235983450861,0.452687317892212,0.0121449557831197,0.0350190240252235
"CIRBP",4.42168356166424,0.469076199108425,0.0121511960666165,0.0350190240252235
"JADE3",4.4188971305449,0.542972996015673,0.0121769489474656,0.0350733029532306
"PDCD4-AS1",4.41621795657123,0.709571339131618,0.012201773177693,0.0351314968736
"RNASEH1",4.41583770213058,0.468887099029235,0.0122053014614793,0.0351350037149681
"ARMC6",4.40980655976741,0.747588003835895,0.0122614292066248,0.0352632026048316
"GBP4",4.40846699502537,0.598040685999198,0.0122739382114097,0.0352756628006361
"PREPL",4.40512444687672,0.449804543290092,0.0123052190593821,0.0353380972241177
"SLC35A1",4.39966876014804,1.54584582861002,0.0123564840558621,0.0354494264330411
"SIPA1L3",4.39621574364997,0.476392813372196,0.0123890649943361,0.0355094045295635
"FTSJ1",4.39348613536869,1.04545580616158,0.012414894182293,0.0355633284468473
"NFYB",4.39315433102001,0.472717452456359,0.0124180383763524,0.035565636088054
"AIF1",4.38334272543667,0.466823576464856,0.0125114528887519,0.0357994685855388
"IL10RA",4.38167738148801,1.43662413096342,0.0125273930440305,0.0358383358565868
"TRIM27",4.37191727169384,0.854283989710228,0.012621311864195,0.0360282456701945
"ZHX3",4.37157985787185,0.942889839968747,0.0126245739858276,0.0360282456701945
"ZBTB18",4.36819898248396,0.582859984750361,0.0126573169995295,0.0361138120589269
"SMARCC1",4.3659422736478,0.706340771520587,0.012679230182537,0.0361315875301241
"CTAGE15",4.36564006346575,0.666069724846708,0.012682168216452,0.0361315875301241
"SNRPB2",4.36300348391261,0.867527124748127,0.0127078357173287,0.0361843785038635
"RPUSD3",4.36269299182694,0.560594010214053,0.0127108625596131,0.0361862219780226
"NARS1",4.36175991417572,0.788659129225551,0.0127199639737837,0.0361985801110223
"CECR2",4.35651761678854,0.841508924934671,0.0127712458698969,0.0363105453709838
"IRF2",4.35543037063311,0.466526024642372,0.012781913120454,0.0363272911111688
"EIF4G2",4.35508142616535,0.710006282088248,0.0127853389996254,0.0363302383233003
"PHKG1",4.3515519709143,0.545943564972219,0.0128200534244216,0.0364220759347289
"CCNL1",4.35086012241693,0.767638084698699,0.0128268716160782,0.0364346401825396
"ZDHHC17",4.35037710392632,0.725223911390356,0.0128316343934321,0.0364413624379675
"LY6D",4.3481336513111,0.484175011787081,0.0128537840331695,0.0364597877071613
"STAG3L4",4.34802032795904,0.629062796374647,0.0128549041087453,0.0364597877071613
"TMUB1",4.34615799084194,0.509067789670006,0.0128733282497053,0.0365015771676823
"FTH1",4.34604587392433,0.645252485592048,0.0128744384486749,0.0365015771676823
"ALPG",4.33965544569494,0.648185554713378,0.0129379102360168,0.036639437347728
"GAK",4.33368106223801,0.814755129122956,0.0129975940049738,0.0367618612195605
"SNAPIN",4.33333478123231,0.440674991931178,0.0130010635809357,0.0367618612195605
"L3HYPDH",4.33319124564256,0.463581911868706,0.0130025020712793,0.0367618612195605
"RESF1",4.32835633729754,0.78319609636773,0.0130510699139,0.0368448530688411
"TDRD10",4.32833966864698,0.495512214334298,0.0130512377355239,0.0368448530688411
"KDM2A",4.32617174959294,0.75102632010687,0.0130730869248841,0.0368859936834207
"MPPE1",4.32518949171989,0.691348175955511,0.0130830011575427,0.0369002747781731
"HCFC1",4.32254397226875,0.687212710433971,0.0131097486750424,0.0369620055339348
"KLF13",4.31989086257922,1.96521482195175,0.0131366396900385,0.0369966697048343
"DDX10",4.31866877577442,0.511766690333191,0.0131490488874299,0.0370179073454338
"KLHL2",4.31831000167076,0.624872639466449,0.0131526946211168,0.0370213177490179
"SEC13",4.31558413589483,0.595255463984698,0.0131804340384838,0.0370719513329503
"RNF135",4.31017439643404,0.747763311614083,0.0132356963403061,0.0371861204403057
"MFSD8",4.3083152031705,0.455153801131483,0.0132547535856266,0.037225908131156
"MST1P2",4.30489755099298,0.501353471469452,0.0132898724944183,0.0372969885394194
"ACOX3",4.30425263588766,0.483056375600669,0.0132965121456666,0.0373087374006084
"ADAMTS13",4.30340788440611,0.566052630254677,0.0133052152865607,0.0373202242338547
"IL18RAP",4.30314084639979,0.59407090748698,0.0133079679129533,0.0373202242338547
"YKT6",4.30101086688799,0.802918150989561,0.0133299485111472,0.0373749736278626
"ROM1",4.30018205447146,0.792620546307209,0.0133385134640558,0.0373920945182232
"AP1S1",4.29409369438748,0.506747755548059,0.0134016359372771,0.0375137270999651
"KCNAB3",4.28976428631853,0.727887853321476,0.0134467428650461,0.0376100741120246
"KLC2",4.28936676065267,0.556769440150529,0.0134508938121582,0.0376100741120246
"BET1L",4.2837442872751,0.969997947745043,0.0135097704325887,0.037729092029564
"ELK1",4.27981217405153,0.605350094560118,0.0135511321956431,0.0378000532473943
"SPACA3",4.27981047770155,0.469152671942699,0.0135511500726456,0.0378000532473943
"GON4L",4.27784105769234,0.747381236810939,0.013571924155769,0.0378510586027756
"CAPN15",4.27636977118774,0.481380175164176,0.013587469002651,0.0378767199738872
"ENDOG",4.27602756771688,0.524058905412346,0.0135910876444965,0.0378767199738872
"C6orf52",4.27520154279252,0.466739192626973,0.0135998272944638,0.0378941321902171
"TIMP1",4.2625512157397,0.908973377280752,0.0137345286962597,0.0382204414295916
"DUSP19",4.25864269066696,0.507696684613378,0.0137764740332292,0.0382992308661752
"CYB561A3",4.25850524711235,1.20858258116869,0.013777951871965,0.0382992308661752
"SRSF10",4.25823529251363,0.601556145030092,0.0137808550736392,0.0383003004312691
"TMEM181",4.25763657727243,0.72094434718813,0.0137872965512315,0.0383112015258778
"GSE1",4.25397483042173,1.00934817480674,0.0138267723017742,0.0383928342460074
"ANKRD33",4.25305097095777,0.542501567633219,0.0138367537054603,0.0384135360264038
"GALNT2",4.25209555364053,1.03519622511077,0.0138470852613403,0.0384217444960728
"CYP21A2",4.25106606544178,0.661324812928103,0.0138582282762941,0.0384292713243261
"AP1M2",4.25028226307212,0.700424883335254,0.0138667193251215,0.0384405883150652
"ELOVL5",4.24851578104904,0.808976484240237,0.0138858790529173,0.0384866864656034
"SLC25A47",4.23927289983963,0.431225065863412,0.013986655230106,0.0387377622909218
"SLC25A46",4.23815471906083,0.51681376574906,0.0139989069738567,0.0387434717485736
"TYW3",4.2317884746223,0.706171377393177,0.0140689096499886,0.038901814174005
"MRPS23",4.22991288613974,0.540431468591296,0.0140896144114034,0.0389307514477877
"ANKFY1",4.22967948917103,0.549933996886432,0.0140921934837312,0.0389308044506056
"TNFRSF9",4.22701488481256,0.520528060017509,0.0141216784069168,0.0389910103871443
"FOXJ1",4.22477819576674,0.741194857250808,0.0141464860729086,0.0390397190610143
"THBS1",4.22473003997166,1.96792616551194,0.0141470207617865,0.0390397190610143
"PRPSAP2",4.22126978634743,0.993365051388861,0.0141855052997852,0.0391175275791719
"N4BP2",4.22025710383319,0.491175322985433,0.014196792252686,0.0391351123050213
"KSR2",4.22023588738322,0.49357942963649,0.0141970288392164,0.0391351123050213
"H3C11",4.20858527774515,0.654542119491272,0.0143276713817687,0.0393952678311225
"GPR32",4.20637410390783,2.7184200698884,0.0143526304607736,0.0394353756183279
"PAX7",4.20489829920022,0.470284973688565,0.0143693182561994,0.039452715659917
"CXXC5",4.20263924808301,1.18924705967182,0.0143949082861369,0.0395072082419666
"PSMB10",4.19332918077765,1.0022242325629,0.0145009556638622,0.0397209926828851
"FBXL19",4.19117217604706,0.971779785097905,0.0145256602940866,0.0397665736257999
"LUC7L2",4.18736444268824,0.534589486366582,0.0145693957520725,0.0398495677337067
"RNF146",4.18433114764998,1.07857803423673,0.0146043503427959,0.0399178576587418
"GPR149",4.18388900176506,0.512262056423575,0.0146094539582591,0.0399246317694886
"GORASP1",4.18256504241376,1.19489202115389,0.0146247491349475,0.0399592498821922
"XRCC1",4.17680472733983,0.454047731753979,0.0146915221760132,0.0400984689972737
"ALG3",4.17390363017321,0.615971758370601,0.014725291355677,0.0401618061221548
"SREK1IP1",4.17076977393818,0.495624318491564,0.0147618756643374,0.0402327249288967
"ZFR",4.16375014584172,0.612156756844966,0.0148442226413558,0.0404209378567125
"FCER2",4.15398080157696,0.74227164268256,0.0149597550873965,0.0406564624641098
"GOLGA1",4.15394976337419,0.522606951692459,0.0149601238788242,0.0406564624641098
"ZNF678",4.15086827060992,0.493325487710616,0.0149967926362617,0.0407197326213653
"MXD4",4.14972993175251,0.989566031961765,0.0150103660394767,0.0407347692234763
"ASF1A",4.14748897484447,0.444486857701967,0.0150371304408959,0.040785567994497
"LSG1",4.13967405508413,0.519042010310623,0.0151309198646076,0.0409887832741276
"JMJD1C",4.13616076668174,0.715751797835706,0.0151733148594624,0.0410524412707178
"DPY19L1",4.13351792309152,0.499956624603269,0.0152053010290045,0.0411024205561856
"ITSN2",4.13020838794179,0.455054340658318,0.0152454713976442,0.0411779654180684
"CXCR5",4.12694644181587,0.422024474145075,0.015285190005803,0.0412670281569772
"ZNF687",4.12241604909851,0.937417088202445,0.0153405618110765,0.0413871321665516
"ERC2-IT1",4.12192923527057,1.0341300203943,0.0153465262394833,0.0413918549502225
"VAPB",4.12131215681242,0.7846861928757,0.0153540907034156,0.0414015977690681
"TG",4.11951769163438,0.449910640915711,0.0153761138521214,0.0414462849101492
"FUZ",4.11800197965831,0.934391986251774,0.0153947457245001,0.0414807300439147
"CNR2",4.11780889634389,0.454210669653465,0.0153971211619662,0.0414807300439147
"ZNF32",4.11289634925197,0.433978476208413,0.0154577081300527,0.0415851450985036
"CNOT2",4.11088346775968,1.01809100373882,0.0154826165765857,0.0416447882732076
"ZFX",4.10999621919882,0.73198478641989,0.0154936112862785,0.0416669921205524
"SARM1",4.10476142104654,0.471525075213143,0.0155586732615318,0.04179761578544
"PMPCA",4.10271089566878,0.424208857921161,0.0155842488651965,0.0418219969546334
"S100A11",4.10228631962568,0.571448558590168,0.0155895508376515,0.0418255280823762
"THAP7-AS1",4.1004651121913,0.63456332013144,0.015612318296464,0.0418603908061751
"RIF1",4.09967169326164,0.420545005711394,0.0156222496525653,0.0418796355924931
"PDE4B",4.09257879252652,0.845530760467703,0.0157113733462572,0.0420809897563645
"ATM",4.08737951470526,0.538162205143144,0.0157770944512689,0.0421832019013532
"ST6GALNAC2",4.08221521033735,1.91225752651818,0.0158427031922203,0.0423362906602155
"COL4A5",4.08043549321534,0.804818202147257,0.0158653896886904,0.0423745778689154
"TMEM116",4.07911325266049,0.682740189428773,0.0158822700792742,0.0423898847605479
"COL26A1",4.07770362560849,0.55066281591365,0.0159002900363067,0.0424230896266934
"TMEM185A",4.07723596336343,0.571064637529376,0.0159062738590415,0.0424316107434316
"APOA4",4.06345624223713,0.44147093506644,0.0160838173707852,0.0427701861470364
"ZC3H8",4.05994764742434,0.750030784757517,0.0161294059433461,0.0428765561179842
"RBM39",4.05968789198174,0.499203092550962,0.0161327872613899,0.0428765561179842
"TBK1",4.05954652378671,0.419941810137499,0.0161346278559059,0.0428765561179842
"HDAC9",4.05919513110576,0.518707564088105,0.0161392040412102,0.0428765561179842
"AHR",4.05802459101509,0.553971062044226,0.0161544593120217,0.0428909209925645
"SERGEF",4.05799441910667,0.505704629191447,0.0161548527633446,0.0428909209925645
"MPLKIP",4.05779735496418,0.672985989205017,0.0161574228278802,0.0428909209925645
"ANXA2R",4.05701808522541,0.697042020191309,0.0161675907288959,0.0428954500706645
"EPPK1",4.0551336511201,0.488755473431714,0.0161922108124296,0.0429183074415781
"DDX52",4.05477680084501,0.527487764874523,0.0161968781587931,0.0429207393341915
"KDM5D",4.05012873922403,0.542774746520508,0.0162578203976381,0.0430230111463888
"CACNA1F",4.05010716105177,0.535614126103531,0.0162581039622762,0.0430230111463888
"OXGR1",4.04245722254069,0.515702687415789,0.016359012028508,0.0432298618470113
"PAXBP1",4.04139773481996,0.782479748318998,0.0163730470688098,0.0432594336036238
"GPKOW",4.03238982057133,0.484811064603353,0.0164929651465474,0.0434856126818123
"TMEM276",4.0304244308348,0.67296533846423,0.0165192704399092,0.0435105793682258
"ALKBH5",4.02680060285218,0.831186521174583,0.016567905852721,0.043592510762661
"DHRS12",4.02544580362439,0.513996550037197,0.016586133075811,0.0436253738873977
"TFDP1",4.02406154271478,0.452845788921007,0.0166047817211718,0.0436593223401766
"TCAIM",4.02272722297499,0.412173263223344,0.0166227815661045,0.0436915420078322
"LINC00652",4.01888010948896,0.562660348613527,0.0166748109845397,0.0437904550946088
"RFC2",4.01859452484612,0.511346133634073,0.0166786811547992,0.0437930564575599
"EMB",4.01806940988663,0.438354124830895,0.0166858002135757,0.0438041860259036
"CALCOCO1",4.0172670505995,1.01434898816445,0.016696685010188,0.043825196001888
"SNHG5",4.01585456702498,1.05260531316968,0.016715867611747,0.0438604062524929
"ENSA",4.01200478122918,1.30268420369086,0.0167682860635702,0.0439542252292557
"IL37",4.01174320462536,0.472232081330156,0.0167718548793642,0.0439542252292557
"EXOSC9",4.00864305865671,0.454037362304166,0.0168142216744121,0.0440121657873424
"ACAD10",4.00825012203139,1.04666572050884,0.0168196008049219,0.0440186695992518
"BEST1",4.00648204158395,0.428761619144502,0.0168438308069078,0.044066915346887
"HLA-A",4.0037308454835,0.631582422352081,0.0168816175147442,0.0441505828313378
"POMT2",4.00104119926069,0.597591866541479,0.0169186579494985,0.0442101235290246
"ELK3",4.00040512726819,0.51203668460116,0.0169274319655573,0.0442243310957683
"CRBN",4.00020657086384,0.651444357627226,0.0169301719910286,0.0442243310957683
"ZNF792",3.99961541623296,0.754592004321216,0.0169383329418327,0.0442266213754977
"LRRC61",3.99948345639731,0.541879310379951,0.0169401553100848,0.0442266213754977
"ADAM22",3.99942880842115,1.09192227837031,0.0169409100692327,0.0442266213754977
"CAP1",3.99907313188765,0.618589091890766,0.0169458234148653,0.0442272322796072
"HENMT1",3.99879728735556,0.834648796757478,0.0169496351403466,0.0442295901191473
"SDAD1",3.99747332567145,0.56142446467459,0.0169679445795949,0.0442621785877323
"PCP4",3.99581273838855,0.448615770917982,0.0169909431137895,0.0443069723721726
"GFOD1",3.99344457691943,0.827316301263382,0.0170238065027439,0.0443698456373145
"BRD8",3.99257300176125,0.479820059865076,0.0170359208377444,0.0443710025861306
"CCDC120",3.99009302160481,0.443972415889941,0.0170704480071082,0.0444457067783087
"ARMC8",3.98230424366539,0.481061922811731,0.017179437334247,0.0446650374789843
"ASGR1",3.98145979481066,2.86155932381686,0.0171913042635966,0.0446650374789843
"KLHL18",3.9813486054901,0.969255071154684,0.017192867530377,0.0446650374789843
"DNAAF10",3.97916631177441,0.564771031658798,0.0172235842934015,0.0447371938401451
"NT5C3B",3.97525116302435,0.708531856386532,0.0172788581169012,0.0448430421583786
"SRPK3",3.97509689171481,0.447519262477993,0.0172810404945652,0.0448430421583786
"PPM1B",3.96802638122957,0.848524020869273,0.0173814208096699,0.045031796877932
"PRKCI",3.95925853717265,0.556851475540299,0.0175068782768622,0.0452796946997483
"NUP42",3.95839695392974,0.46096686595145,0.0175192654378796,0.0452963258720286
"TBKBP1",3.95634458123533,0.56253837934684,0.0175488154909452,0.0453650154659689
"AKT1S1",3.95586411069174,0.811406964156892,0.0175557419967402,0.0453752080704326
"EPB41",3.9514146376455,1.09266345455557,0.0176200431026014,0.0455001491844938
"TRPS1",3.94567448849919,0.73024625354377,0.0177034169135892,0.0456715122004858
"YY1",3.94543431571472,0.416631507947365,0.0177069157160697,0.0456727907411785
"NFKBIA",3.9425162778642,1.25520709114444,0.0177494920364578,0.0457554017568717
"PTPN4",3.94231301655307,0.581174377807844,0.0177524623708705,0.0457554017568717
"SEPTIN7P2",3.9404147858253,0.853014649094817,0.0177802309271492,0.0457717917943182
"TRIM69",3.9403339835328,0.806817720621215,0.0177814141189395,0.0457717917943182
"RAB43",3.9399118903941,0.774095131940079,0.0177875963941943,0.0457799570084458
"ZNF24",3.9372714766283,0.801661929026742,0.017826328710071,0.0458613120404406
"COTL1",3.93584328709456,1.42906193392343,0.0178473212988595,0.0458870773141259
"GPATCH1",3.93519618241423,0.602842232963885,0.0178568427470248,0.0459022823036066
"CACFD1",3.93503116886352,0.585843365836245,0.0178592717247791,0.0459022823036066
"IFNAR2",3.93464410996296,0.744407017787387,0.0178649707460554,0.0459091711906067
"UGGT2",3.93425692043137,0.47751355696582,0.0178706738873437,0.0459160683356517
"CHD8",3.93243003865823,0.417647220440986,0.0178976127661852,0.045977516038538
"EN2",3.93158524139639,0.805974294784985,0.017910086572687,0.0459778031649815
"DXO",3.93106808174961,0.958374062251374,0.0179177278429284,0.0459778031649815
"ERGIC1",3.9227699660006,0.807564065237751,0.0180408761066622,0.0462428256835554
"FUNDC2",3.92185803174619,0.460939924870402,0.0180544718864462,0.0462554596443859
"CYP11B1",3.9197095694281,0.613267678824083,0.0180865516410111,0.0463220406460924
"MAN2C1",3.91567736575238,1.11228604208649,0.0181469443737636,0.0464350455622354
"PCBP2",3.91478789272619,1.0174280970674,0.018160299288726,0.0464425991260043
"GTF2F2",3.9144569234199,0.457097748556433,0.0181652716257941,0.0464425991260043
"POMZP3",3.91411073649508,1.17519797230755,0.0181704743436641,0.0464425991260043
"NCF4",3.91400392436167,0.537918180610089,0.0181720799474876,0.0464425991260043
"ZNF185",3.91258860032242,1.38674805811776,0.0181933713215344,0.0464782111637654
"GAB1",3.91168025943789,0.399715002802162,0.0182070517730117,0.0464909543356071
"P2RY13",3.90702825966946,1.00583192342278,0.0182773100611787,0.0466299834608967
"HFE",3.90578703216031,0.421519796866157,0.0182961113439674,0.0466622943684481
"RPS6KC1",3.90429956849824,0.55032792726451,0.0183186731932788,0.0467041713199302
"NCAN",3.90305361145203,0.4123875009414,0.0183375977084194,0.0467367497820751
"FNTB",3.89887107257174,0.527023431645183,0.0184012979092348,0.0468707363703604
"PCSK7",3.89879254048743,0.465055990723708,0.0184024965062744,0.0468707363703604
"H1-7",3.89778981442752,0.909284139372286,0.018417808908452,0.0468861797589116
"MRPL42P5",3.89385093240743,0.576086536966263,0.0184781076463931,0.0469924851314959
"CRY2",3.89238946240982,0.453943245354252,0.0185005412453434,0.0470368227155011
"LINC00574",3.89171139403168,0.44989479056611,0.018510960767166,0.0470524304441017
"TAF9",3.88827659108668,0.560791307383205,0.01856385045427,0.0471317258278026
"ZCCHC10",3.88603804940345,0.428359009430517,0.0185984180159077,0.0471717626419377
"LPAR1",3.8858495587564,1.28976139363234,0.0186013322306484,0.0471717626419377
"TRIM39",3.88386116324303,0.616035807691082,0.0186321079721034,0.0472267118172239
"SUMO2",3.88308866681426,0.550709277958765,0.0186440809819001,0.0472486558194863
"NSUN2",3.87786145904688,0.659744728666162,0.0187253423323244,0.0474096493279339
"NEDD8",3.87779920477853,0.532833653421122,0.0187263126981128,0.0474096493279339
"CSPP1",3.87465747932531,0.838956140401431,0.0187753620411414,0.0474793769016216
"SNUPN",3.87450162821154,0.859349441054411,0.0187777992551262,0.0474793769016216
"IPO5",3.87444466129869,0.606982707069467,0.0187786902041247,0.0474793769016216
"AIM2",3.87109844622013,1.41269707696524,0.0188311137588632,0.0475562235212209
"ZDHHC3",3.86806012786897,0.705713388618929,0.0188788665550648,0.0476372660642816
"IL17A",3.8513102047301,0.516052698370015,0.0191447588126078,0.0481563830668442
"C1orf56",3.8507136503283,0.876598111930776,0.0191543116130414,0.0481724443544126
"MAP2K1",3.85002538010719,0.884859746265066,0.0191653402241536,0.0481922113308413
"LTB4R2",3.84859004897485,0.555849021970808,0.0191883641195091,0.0482182157186871
"TYMP",3.84728921544278,0.43125958280307,0.019209259362437,0.0482491936527585
"FCRL3",3.84675376832772,0.450046688960708,0.019217868196352,0.0482491936527585
"RNF41",3.84427768708805,0.682065348423079,0.0192577387521447,0.0482960974512598
"ASPDH",3.84380045141836,0.460640638152592,0.0192654347882957,0.0482965975000535
"PARP6",3.83852955320351,0.710184255340935,0.0193506817613725,0.0484659367962703
"PDE8A",3.83515403025643,0.597495692347454,0.0194055133363628,0.0485632790553571
"KANSL1L",3.83225707701,0.43054581997618,0.0194527204069139,0.0486493951567747
"METTL2A",3.82981268827699,0.435615384175235,0.0194926604026615,0.0487252431629973
"ANKRD13C",3.8293489300013,0.397241752921808,0.0195002491085509,0.0487362018805
"SMPD2",3.8281105017807,1.00618246010328,0.0195205315703102,0.0487788767862763
"AP2B1",3.8247073508156,1.24707555284412,0.0195763979657076,0.0488863481547589
"SLC66A2",3.82229341204829,0.692748055465739,0.019616142154141,0.0489775553899485
"LSM8",3.8218409811738,0.518148141094808,0.0196236019934737,0.0489881383973651
"TLK1",3.82137225238368,0.549665468172076,0.01963133416274,0.0489911895940722
"MAB21L2",3.82131596835125,1.01051530699114,0.0196322628731941,0.0489911895940722
"AKAP8L",3.81721031339477,1.02034897329326,0.0197001508707661,0.049130845267729
"CD300C",3.81447565455212,0.790099260427911,0.0197455260205962,0.0492058021339682
"CPSF1",3.81035838907432,1.27089725097015,0.0198140798772822,0.0493340744554203
"NUBP2",3.80845768920986,0.723056225720653,0.0198458238514359,0.0494050235934912
"NMT1",3.80684753270881,0.556864692431428,0.0198727633252691,0.0494639909411936
"BTN3A3",3.80655040333795,0.465155924811872,0.0198777393980825,0.0494682802759023
"SUSD2",3.80582499564503,0.423353745227672,0.0198898942200138,0.0494823491338456
"CEP44",3.80306954672344,0.481618227488121,0.0199361457403341,0.0495730713569329
"TOP1",3.80172039202396,0.478606767805555,0.0199588391648892,0.0496099887850302
"RLBP1",3.79876369161811,0.396168235107187,0.0200086811330162,0.0497127957312383
"ANGPT4",3.79744408772061,0.513004124092852,0.0200309744411025,0.0497600554231111
"SOD2",3.79508661004583,0.776293210451437,0.0200708760024093,0.0498184890231175
"UBE3B",3.79450527742345,0.824986412511955,0.0200807300679896,0.0498348144376609
"ZNG1E",3.79346211864323,1.03852216943072,0.0200984270723359,0.049862459855805
"HMGXB4",3.79252485679616,0.587356503685601,0.0201143435684258,0.0498938080229359
"GXYLT1",3.79145942581665,0.562024052235372,0.0201324550521828,0.0499061738278071
"RP9",3.79015169590116,0.618174416602697,0.0201547122681646,0.049952407776108
"CCDC146",3.78997773096627,0.414841105340606,0.0201576753367948,0.049952407776108
"RPP14",3.78897645806467,0.446136404774332,0.0201747397777061,0.0499784073203054
"RIPK3",3.78761089681894,0.989055053239558,0.0201980407296062,0.0500140819511189
"POU3F1",3.78613606107203,0.396119203508272,0.0202232426561625,0.0500659407968288
"CR1",3.78479238464087,0.499258655609825,0.0202462362933533,0.0501147072834175
"TLR4",3.78283910391331,0.528770861952642,0.020279717915105,0.0501812479747669
"SAMD10",3.78074220373129,1.12281944478862,0.0203157355460716,0.0502412964139398
"GPAT4",3.780657057573,0.674580687707568,0.0203171996939591,0.0502412964139398
"BRWD1",3.77590148931656,0.455693338138714,0.0203991770075212,0.0504163674245324
"PTP4A1",3.77519793882199,0.760374412431108,0.0204113387057239,0.050416702783279
"PRPSAP1",3.77304267547327,0.399544697689558,0.0204486493087828,0.0504842627740208
"ZNF684",3.76631276298711,0.384456038020145,0.0205656827834847,0.0506826938537085
"GPHN",3.76573498583712,0.405722001669592,0.0205757678684318,0.0506846276647452
"HBP1",3.76481468167832,0.466875449727039,0.0205918440425199,0.050697873433486
"OTUD3",3.76384719692337,0.440719888261981,0.0206087606784058,0.0507148919736561
"ZBTB2",3.75860094518384,0.495359908627056,0.0207007839525207,0.050888734167826
"HCCS",3.75830547608349,0.392857668476762,0.0207059813943837,0.050888734167826
"LZTR1",3.75668755128179,0.521036145570732,0.0207344693068035,0.0509418458341261
"PI4KB",3.75172027488846,0.73217047876419,0.0208222265794696,0.0510945147782636
"MAPK9",3.7491587121867,0.406833834830342,0.0208676564816427,0.0511780873686217
"GGT7",3.74876719812988,0.731955188247473,0.0208746105710382,0.0511786357511445
"LCE2C",3.74660169969159,0.507422666426829,0.0209131246242158,0.0512482757468698
"RIOX2",3.74604527512748,0.814593654545504,0.0209230346016812,0.0512532729402453
"PSMD6",3.74502705373564,0.894010278248491,0.0209411838534537,0.0512839813274273
"ZNF77",3.74384677476353,0.545806831537335,0.0209622453917705,0.0513272947863541
"SLC25A15",3.74227675870313,0.567576309222855,0.0209903011016417,0.0513663981326644
"PIK3CA",3.74048653574503,0.640124464486033,0.0210223469568918,0.0514184804138853
"UCHL5",3.73935916562443,0.483136137886535,0.0210425576152546,0.0514411213973304
"CYLD",3.73896247347205,0.462753404587606,0.0210496747751796,0.0514419819991854
"ZSCAN25",3.73450506598734,0.412017382720059,0.0211298456244875,0.0515881670022807
"HTR7P1",3.73133475862925,0.804349341916139,0.0211870901752963,0.0516864400683198
"ALOX12B",3.72997113869099,0.575012933388685,0.0212117696669319,0.0517300502076172
"CHCHD3",3.72674416023302,0.499145937815047,0.0212703109668907,0.0518353517598731
"CYB5R3",3.7241193174918,0.56138534480469,0.0213180720743913,0.05193100113845
"CBFA2T2",3.72345165614768,0.417611638643536,0.0213302412632115,0.051944004664679
"ADCY2",3.72306806126685,0.381387456850462,0.0213372366660554,0.0519441814176975
"RASL12",3.72296775440153,0.621829040558688,0.0213390663604049,0.0519441814176975
"GABPB1",3.72288584577362,0.671656992438572,0.0213405605929625,0.0519441814176975
"EPG5",3.72045752962774,0.500016247171297,0.0213849167626118,0.0520271659135818
"TCEA1",3.72014545749941,0.479869923675229,0.021390625174203,0.0520327299503006
"PSME2",3.71712285795577,0.825606944559195,0.0214460093284346,0.0521174352615586
"AMT",3.71601472827389,0.399771860135908,0.021466357140567,0.0521463723566147
"TXNDC11",3.71424572525083,0.40375150993554,0.0214988882129171,0.052187564555793
"ROBO4",3.71368137923289,0.402314922882258,0.0215092787137789,0.0522044543056416
"PDE4D",3.71229516562633,0.584193583616775,0.0215348267215522,0.0522581210756926
"FCMR",3.70772062185061,0.576371855125989,0.021619394971711,0.0523964555744672
"CANT1",3.70712520777425,1.04750921105019,0.0216304315435686,0.0524147736464516
"ANKAR",3.70601933888689,0.402058307214638,0.0216509478538469,0.0524389975394773
"UHRF2",3.70073927991842,0.44712705134936,0.0217492275180571,0.0526356225484742
"GTPBP1",3.69926598249396,0.610139285471747,0.0217767461214583,0.0526770725330266
"H3-4",3.69841577525303,0.770384450203548,0.0217926455305976,0.0527071490504656
"CLCNKA",3.69611279116652,0.396515546761416,0.0218357828747519,0.0527862956539861
"MAML1",3.6938023423239,0.626713456543689,0.0218791631533158,0.0528575557165411
"LGALS3",3.69264021598814,0.53769623798094,0.0219010220081476,0.0528851607970639
"PHF8",3.69191999647991,0.60739186953052,0.0219145820436254,0.0529095036862129
"KRT10",3.68883860803005,0.505709834305454,0.0219727113112814,0.0530077718308958
"UBXN1",3.68551955240135,0.642830244547194,0.0220355313775624,0.053100358293451
"TBC1D22A",3.68446544469746,0.378169850361697,0.0220555276843373,0.053123291894742
"LPCAT2",3.68383248359084,0.752616239016639,0.0220675453580897,0.0531281666614162
"NKIRAS2",3.68377715594145,1.02516605616822,0.0220685962064943,0.0531281666614162
"RBM8A",3.68362626769553,0.624250465699182,0.0220714623606353,0.0531281666614162
"ZNF282",3.68362295381875,0.758379659166205,0.0220715253134421,0.0531281666614162
"BAG6",3.68256648112609,0.938833500743575,0.0220916058315469,0.0531680869577726
"PLEKHA8",3.67903805142405,0.668279934353553,0.0221588303449663,0.0533045700547687
"ZFAND5",3.67858062547939,0.696681892944628,0.0221675633122219,0.0533171442119676
"MEAK7",3.6776164741838,0.451742862323684,0.0221859839878213,0.0533530114621736
"NHERF2",3.67688516953275,0.600477781004459,0.0221999682502593,0.0533637030972547
"NCBP3",3.67367474259896,0.489426440243796,0.0222614845083112,0.0534922825726651
"C22orf39",3.67126193330768,1.06038273907271,0.0223078520384511,0.0535698426971048
"SPTBN2",3.6680948697633,0.390631480308358,0.02236889035731,0.0536909855672302
"SUPT7L",3.66553835299044,0.398605247956622,0.0224183079906213,0.0538011090297252
"TENT4B",3.6653192363839,0.556577123961691,0.022422549623296,0.0538027981494297
"PGK1",3.66468171379079,0.460185259524412,0.0224348961883673,0.0538175570729557
"SCAPER",3.66463619694833,0.38960749919326,0.0224357780012191,0.0538175570729557
"CHRAC1",3.66403239107574,0.999753841020623,0.0224474796697745,0.0538371346503595
"RUFY2",3.66197336544383,0.372791836462547,0.0224874384062009,0.0539244659857306
"MBP",3.65750869735334,0.578092103529953,0.022574376200672,0.0540647422456408
"C1D",3.65279455185154,0.396164477264357,0.0226666101288183,0.0541577072802935
"IK",3.64931015531369,0.6528302971069,0.0227350743424045,0.0542537954920514
"SLC28A3",3.64929536363625,0.496247849060325,0.0227353655096557,0.0542537954920514
"SRSF1",3.64642149357228,0.401976766305303,0.0227920212826941,0.0543463561723443
"NAA16",3.64584145129617,0.545549441415011,0.0228034768338803,0.0543566262836444
"GET3",3.64467008413199,0.53593625640539,0.0228266318317691,0.0543862473597907
"USP16",3.63862900957143,0.672123778421919,0.0229464976208165,0.0546034010041273
"GEMIN2",3.63440435423976,0.489946216153859,0.0230307711987062,0.0547287187947126
"SLC4A9",3.63437552545902,0.377056919587589,0.0230313475504482,0.0547287187947126
"XPOT",3.63189070413938,0.59036185334534,0.0230810897566343,0.0547865167814726
"SLC12A2",3.63123148867162,0.375249790690929,0.0230943078325598,0.0547871400650494
"PTPN18",3.63115897249257,0.616178526863942,0.0230957624248443,0.0547871400650494
"CLASP1",3.62804602196112,0.615486083291477,0.0231583084172185,0.0549098151557622
"MAB21L3",3.62480996528665,0.559415015386239,0.0232235433657391,0.0550364530378043
"CCL24",3.62050986495217,0.504488992655378,0.0233105694529093,0.055210580943754
"MOSMO",3.62031178348162,0.386930704787606,0.023314587669367,0.0552114994200769
"PEX11B",3.61973295457121,0.40417447506704,0.0233263343655043,0.0552213627216817
"IGFALS",3.61597704967415,0.754087579751496,0.0234027289889792,0.055342668708505
"NUDT13",3.6111150659104,0.773054603305532,0.023502067109241,0.0555171538672472
"OXR1",3.6104384380983,0.896952165164182,0.0235159317377705,0.0555265676798186
"NCOR1",3.6061950480534,0.925061932812517,0.0236031060095324,0.0556779953766045
"CSNK1A1L",3.60549673144927,0.546950834931644,0.0236174890024928,0.0556807187119049
"MROH5",3.60054866565865,0.378342290705641,0.0237197041637352,0.0558316098053298
"AP3B1",3.60041864222834,0.418629000335064,0.0237223972776209,0.0558316098053298
"RPS7",3.60037532891243,0.714468747371256,0.0237232944872463,0.0558316098053298
"GCNT2",3.59840888798281,0.541517997726346,0.0237640710157813,0.0559123576685053
"SIPA1L1",3.59352928180988,1.15229203354261,0.0238656189319339,0.0560995115114553
"ATG7",3.59220813708046,0.476356249693785,0.0238932022536488,0.0561372466505994
"SLC14A2",3.59162543230694,0.570372183359941,0.0239053803075878,0.0561471851301614
"RIOK2",3.59082460088784,0.372945141295606,0.0239221291679225,0.0561778474962578
"SLC35G5",3.590605136485,0.607126757085843,0.0239267215755326,0.0561799570357728
"STAT3",3.58604099509924,0.401197485632275,0.0240224684878394,0.0563661936755985
"GRHPR",3.58521216249247,0.458665311624611,0.0240399050197288,0.0563820595525263
"ANKRD27",3.58513365603829,0.535887882146487,0.0240415573820704,0.0563820595525263
"ZBTB11",3.58410787277399,0.394687272182924,0.0240631600354842,0.0564132168675264
"TDRD7",3.58137840612297,0.47206336842119,0.0241207550597037,0.0565308125979309
"C1orf35",3.58114158430828,0.70148441481887,0.0241257600665061,0.0565338303684785
"CHKB",3.57679223112448,0.998098540103254,0.024217901183276,0.0566902070731623
"SHISA7",3.57047179463831,0.370851246758294,0.0243525522701482,0.0568986964087286
"SRP9",3.56988624855793,0.631770958208492,0.024365072118862,0.0569104618005919
"ARHGEF40",3.56876231141378,0.569384283443186,0.0243891251779964,0.0569436972271902
"SCT",3.56327900520035,0.393199578269366,0.0245068804439253,0.0571714431341027
"BPIFB3",3.56252827254597,0.368690426427013,0.0245230555376927,0.0572004031621519
"AP4E1",3.56183412342553,0.681741682721943,0.0245380228731736,0.0572265376253986
"CLHC1",3.56083067084523,0.374611726476595,0.0245596787913114,0.0572507043314322
"CEP152",3.56055108236264,0.860498171059175,0.0245657167800553,0.0572560031863725
"WDR82",3.55827208588432,0.364390780379189,0.0246150003041742,0.0573544411419345
"GAD1",3.5582492698562,0.440830385065702,0.0246154943012498,0.0573544411419345
"PRIMPOL",3.54958804206203,0.465290987188347,0.0248038818058265,0.0577314714574547
"TOMM34",3.54805048598013,0.397230136055786,0.0248375048213896,0.0577655258179681
"NUP37",3.54730496639954,0.438093824671449,0.0248538273560027,0.0577843299711387
"ZAN",3.54534106554289,0.446041843055473,0.0248968868407304,0.0578417132712843
"ACTB",3.54401701425993,0.761096722894076,0.024925967708974,0.0578915878005615
"LSM14B",3.53782268461921,1.1877453082599,0.0250625583786083,0.0581377955799078
"CASP10",3.53150198478505,0.627258629553504,0.0252028599947252,0.0583742148644198
"RPS6KB1",3.53057916507994,0.479590888491548,0.0252234225096642,0.0584129449561403
"RYK",3.52614377804648,0.455085045326833,0.0253225335170346,0.0586030471465538
"HDHD2",3.52604356826476,0.420386645287859,0.0253247781330321,0.0586030471465538
"PRPF8",3.52525110246963,0.53955520758244,0.0253425370961635,0.0586352204713911
"TMCO1",3.52399006584441,0.692269293252947,0.0253708273423782,0.0586917466113306
"UBA1",3.52370572720856,0.567468699266715,0.0253772114480186,0.0586975865705654
"DPP9",3.52235813372041,0.625107561141177,0.0254074944042803,0.0587408292642589
"MADCAM1",3.51563068732066,0.363630692839942,0.0255593208806156,0.0590111055036287
"ZFP90",3.51338633467351,0.58009845421368,0.0256102131531684,0.0590927206240913
"ZNF181",3.51186768011533,0.363316770580735,0.0256447184651157,0.0591454168058052
"CAMK2G",3.50803930505438,0.714097100331192,0.0257319499109737,0.0592926506433467
"ZNF75D",3.50063714442744,0.816205874689663,0.0259016202197613,0.0595572785458316
"PKN3",3.49513639932469,0.550464804110141,0.0260285735587092,0.0597768871460056
"KRTAP11-1",3.49112087459135,0.542502332064871,0.0261217189051124,0.0599274552887236
"OR2B2",3.49088758320856,0.50713835912467,0.0261271426393928,0.0599308575052619
"SGSM3",3.49043887552433,0.357867562382514,0.0261375783192512,0.0599457534427949
"ZNF473",3.48286599251335,0.598683494375398,0.0263144560938415,0.060265337738728
"POP1",3.48088942457377,0.404120646568316,0.0263608574220968,0.0603057959239717
"MLF2",3.48072165829541,0.599876236053436,0.026364800353698,0.0603057959239717
"RAB2A",3.47657667225164,0.627695389827233,0.0264624421701211,0.0604810370488731
"PHIP",3.47567787239484,0.445465677696471,0.0264836718148822,0.0605202547140604
"DDX50",3.47030383166109,0.508034525433821,0.0266110320172537,0.0607658520898491
"MAP3K21",3.46898460844606,0.354471554424346,0.0266424082585057,0.0608283658302588
"AGA",3.4673010425586,0.484191081630028,0.026682514190309,0.0608757376382705
"SLC25A13",3.46728631693137,0.729537050773406,0.026682865302447,0.0608757376382705
"SCNM1",3.46532328849658,0.803414065864651,0.0267297204347573,0.0609362297064591
"UBE2E3",3.45676387722838,1.12767885675379,0.026935175259406,0.0612851803328916
"ETV3L",3.4561970005158,0.366506587071456,0.0269488486853425,0.0613071190436333
"ACTG1",3.45545616861574,0.574387750892724,0.0269667305173238,0.0613386236475411
"SPG7",3.45146971235209,0.410643522005704,0.0270631972240756,0.0614936655287229
"PDK4",3.45103518142556,0.897381771214711,0.0270737371543973,0.0614992374375017
"UHMK1",3.44553254994366,0.439715868076601,0.0272076332391063,0.0617305353786517
"TSHZ3",3.44434099117751,0.673050728685918,0.0272367316027849,0.0617772131566223
"RPL35",3.441594400695,0.349843355291575,0.0273039461216352,0.061874297812223
"GGTLC1",3.43391948022538,1.03326399190846,0.0274928189130061,0.0622188675638388
"JMJD6",3.43111644940228,0.768346570155508,0.0275621874124195,0.0623294789841006
"BRCA1",3.4308652713389,0.448477405694602,0.0275684136769714,0.0623342900980347
"MBD6",3.42659510328756,0.369780040155749,0.0276745209149122,0.0625277245690068
"SERF2",3.42585554805225,0.366262930556276,0.0276929472183322,0.062560062581164
"UPF3A",3.42543872684485,0.521594947935286,0.0277033389293763,0.0625659473124515
"BCL3",3.42517973637765,0.818156386593022,0.0277097981279736,0.0625702464632847
"SLC25A43",3.41711693396654,0.447934852332092,0.0279117852985915,0.062890325617914
"MARCHF1",3.4156990281227,0.612077158265195,0.0279474876510447,0.0629461090055698
"IL9R",3.41117409559906,0.771518730659973,0.0280617886586774,0.0631213846947443
"CCDC186",3.4083463130766,0.493872786477237,0.0281335023160119,0.0632546279157168
"ENY2",3.40651358908531,0.537049916141348,0.0281800976450421,0.0633219451811171
"SPRING1",3.405347608824,0.349931076939996,0.0282097895266508,0.0633792996190435
"PSME3",3.40464511540471,0.439352832352514,0.0282276966483214,0.063400799088417
"DIPK2A",3.39863925041516,0.78306522945175,0.0283813455524031,0.0636988641028551
"PRELID3B",3.39719392284221,0.395491966481476,0.0284184703081681,0.0637633662506079
"CHMP1A",3.39562044772805,0.457164674774121,0.0284589525110008,0.0638353613255605
"XPNPEP1",3.39404533038921,0.955075346208467,0.0284995458392821,0.0638827956251733
"EBF4",3.39295098669445,0.653740113348693,0.0285277894914749,0.0639143521783074
"TRAF1",3.39269850065252,0.830160664139233,0.0285343105791737,0.0639195456308842
"IQSEC2",3.3914547781794,1.05104546435356,0.0285664587894618,0.0639470001796567
"COPB1",3.38680772313633,0.711540160413715,0.0286869602779558,0.0641625688308899
"SYTL3",3.38655901481528,1.69545525897586,0.0286934265267545,0.0641625688308899
"SPAG17",3.38626316897709,0.410171495166531,0.0287011205816126,0.0641677226368632
"FBXO38",3.38613496113133,0.683140766733635,0.0287044556433334,0.0641677226368632
"ADPGK",3.38594786171737,0.649021996385256,0.028709323476176,0.0641677226368632
"ZNF623",3.38582161406269,0.592320537132879,0.0287126086627994,0.0641677226368632
"CPNE9",3.38403949862636,0.353111429708083,0.0287590302828163,0.06424314520286
"DUT",3.38097735518545,0.441169907028581,0.0288390039055046,0.0643745151027321
"BHLHA15",3.37359343903107,0.371798337102991,0.0290329412502699,0.0647029558226999
"EAF1",3.37283158456575,0.506229873360095,0.0290530395371454,0.0647382601144187
"TEX261",3.37139093516821,0.373790523353498,0.0290910902655363,0.0647701589027643
"PAX5",3.37134300111955,0.371528019918172,0.0290923573297237,0.0647701589027643
"FAM83E",3.37099997586399,0.387829990411331,0.0291014266032738,0.0647701589027643
"SERAC1",3.3660129104889,0.346145256114008,0.0292336612338036,0.0650345422795328
"RPP40",3.36587529945437,0.936220806934536,0.0292373201976043,0.0650345422795328
"VPS37A",3.36513145773984,0.354890613375767,0.0292571077808818,0.0650500139081359
"LRRC23",3.36283674238834,0.689338422376244,0.0293182520946922,0.0651314170833309
"PLAC8",3.3624801018311,2.97849522821276,0.0293277686944171,0.0651404565948146
"SKIC8",3.35938383766732,0.889193508940864,0.0294105442411313,0.0652671175863307
"VMP1",3.35751905058605,0.656303958184288,0.0294605317221292,0.0653578235367592
"SEH1L",3.34929781620316,0.451195562911875,0.0296821199367498,0.0657546511286368
"ITGB4",3.34884993910987,0.357303342140508,0.0296942485324265,0.0657719387825725
"FOSL2",3.3485664329099,1.08281000256863,0.0297019289830449,0.0657793703180643
"OPA3",3.34279617465193,0.715678296131982,0.0298587658476028,0.0660882129253883
"CHMP4A",3.33684303667123,0.543924336782602,0.0300216076796909,0.0663922823307398
"DMD",3.33539919696909,0.369162814290097,0.0300612615259269,0.0664443089066663
"OTX1",3.33268925836483,0.421405185271264,0.030135856131238,0.0665663781464122
"PHOX2A",3.3324059063013,0.648843254993025,0.0301436684803671,0.0665734693943396
"MSRA",3.32552001474531,0.512890330896468,0.030334263558035,0.0668778602769784
"WNK4",3.32324955479065,0.475324592169265,0.030397421869419,0.0669685632029732
"BGN",3.32192296820577,0.419656244129002,0.0304343964753268,0.0670128447838342
"DCAF7",3.32001013138899,0.544060402306295,0.0304878052773188,0.0670854438009708
"PPP1R12A",3.31710252196053,0.55455496146229,0.0305692030729962,0.0672107041107599
"PARP11",3.30784024818935,0.419789422308183,0.0308302267010276,0.067696586634574
"NNT",3.30783915391686,0.439224596942017,0.0308302576953616,0.067696586634574
"BLVRB",3.30735513952452,0.48388511485981,0.0308439706231202,0.0677088224516803
"CACNB3",3.30363488679031,0.551343099371945,0.0309496139828876,0.0678736896614638
"PARGP1",3.30127185900828,0.428464227367685,0.0310169398960464,0.0679887030756808
"RHPN1-AS1",3.29909279470442,0.398069457040842,0.0310791787986684,0.0680956852283748
"OARD1",3.29178942428416,0.384297075111838,0.0312888646087494,0.0683974490397959
"WDR90",3.29068028211835,0.393242374794995,0.031320855873066,0.0684526207912535
"RTRAF",3.29050473719536,0.495239447762631,0.0313259227216124,0.0684526207912535
"ANAPC4",3.2904464064455,0.754887402380956,0.0313276065693796,0.0684526207912535
"RPP30",3.28921512126321,0.364549598329575,0.0313631754872205,0.0684964714390341
"NOL9",3.28237999742235,0.347901776716165,0.0315615009561059,0.0688055198595841
"PRMT2",3.27841450274176,0.523579132465351,0.0316772453332484,0.0690182732131864
"BLOC1S2",3.27613642054071,0.361304473702497,0.0317439657742645,0.0691245125452744
"SLC25A26",3.27371244534783,0.513020500009289,0.0318151425304758,0.0692393657131477
"RBMXL1",3.2705272953286,0.816240868732699,0.0319089585812429,0.0693839636979615
"CAMK2N2",3.2672725007737,0.439795628615606,0.0320051655848461,0.0695335083163343
"CUL2",3.26540717475691,0.690583572209859,0.0320604571983098,0.06963046399772
"TM7SF2",3.26530367743329,0.529804648293713,0.0320635283650732,0.06963046399772
"PC",3.26280962185003,0.374025236509556,0.0321376424165445,0.0697117766182869
"FCAMR",3.26114714647869,0.372946979501818,0.0321871579994328,0.0697893336418687
"SNTA1",3.25878046324436,0.546728346950105,0.0322578042447365,0.0698830293340447
"PARP16",3.25831499542584,0.820388664073865,0.0322717202629861,0.0699029086682086
"SRSF11",3.25813934641286,0.360170854687075,0.0322769734661858,0.0699043310273075
"HCG18",3.25692989839927,0.523480514441683,0.0323131724724204,0.0699582701957204
"ATP8B5P",3.25374205116421,0.385839705790669,0.0324088165218572,0.0701099973918071
"CACNG5",3.2516684047053,0.340429736587711,0.0324712119490569,0.0701950520712519
"BAG1",3.25009992093138,0.430595739571797,0.0325185019088082,0.0702699175528384
"TNFAIP8L1",3.24582293852794,0.448775329524211,0.0326478693584446,0.0705168011934705
"WDR4",3.24465742166762,0.654583207658204,0.0326832290175914,0.0705530939530915
"USP32",3.24244762208872,1.10548731945468,0.0327503951653044,0.0706479446346027
"LRRC40",3.24147781908191,0.507456955301332,0.0327799237251969,0.0706844973537199
"GPATCH8",3.24124915218709,0.723162249574441,0.0327868907764294,0.0706865657680661
"DPM1",3.24034104298708,0.57836169697681,0.0328145765106098,0.0707154275842137
"OSBP",3.2366725426584,0.383373665373749,0.0329267016752533,0.070887497038116
"LRRC37B",3.23329059615342,0.366760737299702,0.0330304714138078,0.0710807144843906
"MED8",3.23289726897496,0.545782863246052,0.03304256521108,0.0710966796448932
"H3-5",3.23101665386121,0.499797325987548,0.0331004619318195,0.0711910373439557
"ASNSD1",3.22734579346231,0.538968603867592,0.0332138203109394,0.0714197727557401
"PECR",3.22493544446037,0.427115240313646,0.0332885038026628,0.0715347697938244
"LMX1B",3.21796847593592,0.467149511018836,0.0335054943449012,0.0719197682423793
"TIAM2",3.21700179280916,0.449687702469733,0.0335357346169402,0.0719745204705654
"LACTB",3.21667709759148,0.852789229565266,0.0335458991571169,0.0719861767153144
"BTNL3",3.2135046350051,0.424208322632731,0.0336454051158314,0.0720878164273829
"ECI1",3.21310457559514,0.493421845432952,0.033657978020817,0.0721006894064374
"RFC1",3.21010418476137,0.497346142810699,0.0337524508326329,0.0722459215007292
"NDUFB10",3.20917687911166,0.836335208092514,0.0337817123189022,0.0722683932148034
"IP6K1",3.2090439554974,0.380678304249917,0.0337859092384193,0.0722683932148034
"WDR89",3.20275894984488,0.340599371662709,0.0339850588394647,0.0726415706016274
"RRP1B",3.1988193853565,0.57671977188185,0.0341105991071146,0.072807577715228
"PRIM2",3.19848091567992,0.443501685991538,0.0341214105764149,0.0728204339104853
"ABCB10",3.19759313291121,0.86310545437663,0.0341497876182767,0.0728707689208295
"CAPN5",3.18959771416195,0.437676653875501,0.0344066166920913,0.0732748671969366
"XRRA1",3.18760364778697,0.396274852407055,0.0344710262429594,0.0733812104007456
"PLEKHA6",3.18276099789802,0.345349684492846,0.0346280422841217,0.0736282874159027
"TAGAP",3.17846600127859,0.648428506082886,0.0347680106623536,0.0738254232148241
"MAT2B",3.17610663545559,0.564256371170606,0.0348451844186623,0.0739499811106638
"TRMO",3.17058682903024,0.525490348165835,0.0350265284484447,0.0743037305961707
"CPN1",3.1683889901592,0.413788301472743,0.0350990456470973,0.0744471807811792
"RHOXF2",3.16280307355537,0.338169454483392,0.0352841530067085,0.074787651418261
"BRD3",3.1613252151481,0.934513557394145,0.035333319745729,0.074860563763311
"DEFA6",3.1594544249434,0.325459577487665,0.0353956752316229,0.0749355120359283
"CCR10",3.15925516081753,0.689319641486396,0.0354023245943852,0.0749355120359283
"GATD1",3.1587133038918,0.473261501157702,0.0354204136160152,0.0749511131588089
"ANKRD24",3.15600157108264,0.322140613683133,0.0355111049532369,0.0750907792170227
"AGAP3",3.15418583671193,1.21546599435816,0.0355719840688318,0.0751881492312431
"EFNA4",3.1534905782974,0.330120433702978,0.0355953278325955,0.0752165826980842
"FOXA3",3.14675553580002,0.367115084722777,0.0358224020707648,0.0754866413595941
"TKTL2",3.1462317821381,0.371879024785349,0.0358401323069457,0.0754957388299774
"TMUB2",3.14360986752389,0.768088000857455,0.035929046196631,0.0756484749492405
"CRKL",3.1398254483866,0.810753131596542,0.0360578432139089,0.0759091472310529
"NSF",3.13902214509233,0.346464156771142,0.0360852526435957,0.0759353150966933
"PTH2",3.13703951714106,0.379605533519497,0.0361530072071966,0.0760463255334779
"TTC3",3.13678332975205,0.330613318365863,0.0361617731564442,0.0760519344199668
"CDC16",3.13612806202644,0.4232752860533,0.0361842058526938,0.0760698648891025
"TCF23",3.1345250902817,0.431484531440087,0.0362391520237137,0.0761566898879407
"DHX8",3.13084431004061,0.450242898341339,0.0363656944521055,0.0763669540496577
"DPYSL2",3.12939515033497,0.538268048346561,0.0364156587420329,0.0764507645153004
"CCDC43",3.12902373832497,0.445280735090437,0.0364284773891127,0.076456566951922
"HNRNPH3",3.12748254504085,0.782549500354092,0.0364817260494632,0.0765331903649547
"ATG5",3.12738454523114,0.453507897902658,0.0364851150806103,0.0765331903649547
"NEDD4",3.12663459184461,0.50407990548791,0.0365110623065892,0.0765664969054894
"PROCA1",3.12357805707087,0.477884818568359,0.0366170395359015,0.0767252600250744
"CEP120",3.12284830018318,0.486414190934472,0.0366423956592288,0.0767678128096917
"ADAD2",3.11825481212547,0.454221734061306,0.0368024781956032,0.0770607308823811
"CYP2F1",3.11409226958975,0.340104736618281,0.0369482565481337,0.0772914835741427
"PPP2R5D",3.11080027482734,0.520751348613398,0.0370640303658564,0.0774444169660914
"BCLAF3",3.11071044222293,0.522781354352171,0.0370671956270502,0.0774444169660914
"HIRIP3",3.10481086409905,0.328417069382009,0.0372757687426317,0.0778481036855181
"BCL7C",3.10392326041233,0.473784078815035,0.0373072688350609,0.0778963437285416
"NXF2",3.10255431568265,0.327418801611528,0.0373559128589251,0.0779726492943362
"ADRB3",3.10225059009729,0.334080289811466,0.0373667155824654,0.0779737939871204
"TRIL",3.09870646589177,0.45874507566132,0.0374930438949732,0.0781623319471902
"ZFP36L1",3.09650716368142,0.520343456011979,0.0375716903851995,0.0783007827366756
"PIP5K1P1",3.09404380918491,0.603862165387215,0.0376600107129232,0.0784156360708143
"SF1",3.09225324441057,0.593636725554968,0.0377243629209759,0.0785154114276997
"TYROBP",3.0797833304371,0.338877060489258,0.0381761444812137,0.0792585033113485
"POMK",3.07524727549871,0.36141424871925,0.0383420662864658,0.0795180886519259
"MTMR11",3.07479630740587,0.319167570367804,0.038358608450961,0.079541548584976
"PRKD2",3.07411484009016,1.06974758483808,0.0383836216406516,0.0795825654957096
"FAM43B",3.07114620476697,0.475272555391654,0.0384928098552944,0.0797437205120988
"NOXO1",3.06990663987607,0.351114220450038,0.0385385102248162,0.0798275215879876
"PPP2R1B",3.06965427524763,0.430083912911293,0.0385478222627247,0.0798359363981367
"NAA35",3.06908254591182,0.449067261076565,0.0385689284035504,0.0798578983201082
"TIMMDC1",3.06613053812049,0.325550863143859,0.038678122797251,0.08004039889789
"CTAGE1",3.06484883503284,0.348668107401393,0.0387256463354822,0.0801226668407431
"ALG1L1P",3.0635418929266,0.384084585974613,0.0387741766292223,0.0801846176471597
"PGM2",3.06236296705166,0.44921019623947,0.0388180148759386,0.0802581868095658
"ETFRF1",3.06230138081235,0.689016414381759,0.0388203065604396,0.0802581868095658
"HLA-E",3.06121771154633,1.09997350937546,0.0388606570744035,0.08033068815924
"PLA2G2D",3.06087141567135,0.49746879898667,0.0388735618563116,0.0803411421763469
"XPNPEP3",3.06079849410214,0.447752214112953,0.038876279936595,0.0803411421763469
"RECQL5",3.05915116971717,0.413878740804568,0.0389377421021171,0.0804462955969293
"PSEN1",3.05784877574593,0.838815730081598,0.038986415925697,0.0805241532064811
"BTNL8",3.05654280949481,0.683418182610393,0.0390352953084417,0.080593099518162
"LANCL1",3.05589961440699,0.46136956503282,0.0390593952104022,0.080618733160171
"CHMP2B",3.0555950836949,0.602410761428439,0.0390708118025863,0.0806226466612935
"FBXW4",3.05349788906639,0.793861475710201,0.0391495407364328,0.0807412822782304
"HAPSTR1",3.05092213291205,0.445944358331412,0.0392464909811137,0.0808973481757626
"TSHZ1",3.04844710150939,0.458724109051424,0.0393399167329328,0.0810350065927728
"FBXL17",3.04452514053824,0.87196403549476,0.0394884975361978,0.081236723227189
"P2RY4",3.0424539204403,0.513266580829665,0.039567231116425,0.0813709872641773
"CAAP1",3.04113899828976,0.373526600625735,0.0396173114409178,0.0814409397666232
"TEX28",3.03825488467339,0.405926848642852,0.039727418046521,0.0816231523441626
"RUSC1",3.03793433005873,0.443397997155507,0.0397396780888499,0.0816373124915885
"PSMC3",3.03777563167068,0.478568651968829,0.0397457493718775,0.0816387569486105
"TRAF3",3.03667835712603,0.433679390631765,0.0397877574327141,0.0816809145567922
"RPL3",3.03386912889642,0.583813950729828,0.039895544544082,0.0818690381090809
"PATL1",3.03080258089836,0.582512186671808,0.0400135976703101,0.0820448689996057
"PIGL",3.02981054851366,0.38651943696282,0.040051876070678,0.0820932616396679
"BRF2",3.02786710727793,0.404198812329043,0.0401269904647532,0.0821665909503119
"GIMAP8",3.0245306825997,0.640277902212698,0.0402563312213908,0.0823538182963291
"PHF3",3.02171297889437,0.371290694133239,0.0403659456252504,0.0824643790188817
"GSKIP",3.02121221360901,0.410126270891664,0.040385463174764,0.0824737644637855
"UBXN6",3.0189157111857,0.328414301754341,0.040475112824848,0.082623559173193
"OR10H1",3.01707599045992,0.551787396749672,0.0405470999404765,0.0827149960958776
"FAM78A",3.01553429331955,0.88920590458301,0.0406075416848265,0.0827716785877017
"IL2RG",3.0132976009525,0.341173493804396,0.0406954191623554,0.082906354269404
"GPALPP1",3.00737294298577,0.409691047657389,0.0409292771485996,0.0832935162419247
"COQ5",3.00667925045661,0.321966944590959,0.0409567618700067,0.0833302664338237
"PSMG2",3.00337844415133,0.509699879473453,0.0410878407046789,0.0835379520637376
"MON2",3.00210748355992,0.540589068713161,0.0411384436041222,0.0836123113378317
"HLX",3.0007322707415,0.703272469256552,0.0411932798910187,0.0837075628784892
"TANGO2",2.9950724333219,0.922720394148401,0.0414198717358836,0.0840669170371438
"KIF13B",2.99400655069873,0.514865739753038,0.041462708284832,0.0841201797753101
"GLO1",2.99295238196318,0.308479275966483,0.0415051253284047,0.0841923013111427
"TRAPPC6B",2.99188192087901,0.389057763035014,0.0415482501713333,0.084237540142066
"RABEPK",2.99165405707129,0.304854128250599,0.0415574367471038,0.0842432712358454
"LCORL",2.99153703088205,0.359983697229362,0.0415621557129503,0.0842432712358454
"ECH1",2.99042887743763,1.04354208760475,0.0416068721619963,0.0843226694882249
"G0S2",2.9894998230122,0.990148153382155,0.0416444051757847,0.0843874901949812
"TMEM94",2.98910200800093,0.763016351684661,0.0416604887403267,0.0844028415702323
"REG1B",2.98568971332807,0.320629397763577,0.0417987474490797,0.0846213193830677
"LTA",2.97939672859642,0.314824551316381,0.0420551429433983,0.0850046004629455
"MRS2",2.97839336899266,0.423156660564186,0.0420961935784246,0.0850536617431489
"DHTKD1",2.9770295696371,0.509506021567686,0.042152066497587,0.0851100142452605
"APLP1",2.97620375488094,0.428458590852573,0.0421859413248935,0.0851557997967853
"ARHGAP27P2",2.97493024708275,0.718603787665507,0.0422382432099539,0.0852387477092594
"FLJ42393",2.97370608683597,0.447075941181059,0.0422885902868722,0.0853177077583912
"ZNF672",2.97285329766763,0.348291574370941,0.042323705353813,0.0853659033184068
"ANKIB1",2.96912237678056,0.307792582594464,0.0424777359252516,0.0856054028258783
"SH2D5",2.96875075339032,0.535340540780027,0.0424931143917637,0.0856098121091544
"HEMK1",2.96636470776787,0.310714163571493,0.0425920093847553,0.0857226966983635
"AGAP4",2.96292571312675,0.585368644717951,0.0427350223627915,0.0858993153705172
"FH",2.95703086598839,0.520473801221501,0.0429814780466404,0.0863034483936238
"C19orf53",2.9566196120947,0.450912934674904,0.0429987342319712,0.0863135673509106
"CROCCP3",2.9559768810002,0.357094833093822,0.0430257194827573,0.0863135673509106
"FARSA",2.95589421033924,0.358432181374016,0.0430291918778239,0.0863135673509106
"H2AB2",2.95569412445194,0.333446466432209,0.043037597397551,0.0863135673509106
"ATXN7",2.95443444933519,0.786389157660932,0.0430905600998385,0.086362841064621
"MAK16",2.9526542667043,0.305966973378462,0.0431655379728842,0.0864561440131203
"ZNF57",2.95217228458338,0.424821775277866,0.0431858644814361,0.0864751180928892
"RPL7L1",2.94927589208045,0.493481920541479,0.0433082502749395,0.086673492588667
"RETREG3",2.94803142724742,0.751594557921628,0.0433609596341124,0.0867561471011158
"METTL25",2.94528088502024,0.818264278973194,0.0434777263867148,0.0869554527734295
"KCNK15",2.94401280860724,0.646406336992442,0.0435316834014064,0.0870175921620123
"DAAM2",2.93874322938676,0.394419381176926,0.0437567491367895,0.0873530179168349
"CTAGE11P",2.93818898058634,0.392197176402341,0.0437805005968259,0.0873771460730353
"CDC123",2.93224564358946,0.376794597973203,0.0440361462371875,0.0878022381236086
"STOML2",2.92704634942281,0.337886790708837,0.0442612250220697,0.0881630268677977
"SPRR1A",2.92638421804814,1.02298229188867,0.044289985629113,0.0881954990509418
"CCDC191",2.92632594923608,0.498456515716761,0.0442925176661628,0.0881954990509418
"PRSS22",2.92627055023783,0.329339959686788,0.0442949251545958,0.0881954990509418
"NAXD",2.922155700716,0.306911526123079,0.0444741750824139,0.0884944726747809
"LCE5A",2.92195911840329,0.618201746551621,0.0444827598172015,0.0884999753139717
"KCNJ12",2.91772988804922,0.328041099929994,0.0446679214594135,0.0887638507192945
"SLC6A6",2.91614626703229,0.754363823253836,0.0447374870740078,0.0888881726436679
"NIPSNAP2",2.91603970651276,0.441265063909013,0.0447421726451392,0.0888881726436679
"GABRA1",2.91516785905837,0.307384003670621,0.0447805302569623,0.0889527565501414
"PSPC1",2.91500269088738,0.514758041614331,0.0447878013032283,0.0889555808044269
"ALDH4A1",2.91250433862951,0.322838648344022,0.0448979529535141,0.0891175483525456
"CCNK",2.90920457885169,0.472913676424103,0.045043925544467,0.0893126492412326
"TPCN2",2.90867838669039,1.01072079673777,0.0450672542792491,0.0893472563001982
"GGT8P",2.90757721430708,0.902470647712475,0.0451161206118011,0.089405512077354
"CFL1",2.90735401410551,0.414257336022419,0.0451260330553504,0.089405512077354
"SMIM13",2.90320607128414,0.35443940810442,0.0453107107668633,0.0897129656740603
"RBMY1B",2.90091634863678,0.422074764532703,0.0454130348091784,0.0898853371791463
"CNFN",2.90086124911929,0.44879712491299,0.0454155004526933,0.0898853371791463
"VPS13B",2.89775331685611,0.558820868927334,0.045554831329335,0.0901493656286958
"ARHGAP33",2.89539246749958,0.443952093725519,0.0456610046909443,0.0903164632629321
"SPTLC1",2.89534760401421,0.331715114811341,0.0456630251202449,0.0903164632629321
"IGLON5",2.88899197856831,0.530037239646268,0.0459503122160988,0.0907548504133027
"SH3GLB2",2.88475191884479,0.901792821016103,0.0461431487978631,0.0910584030906677
"SLC39A5",2.88314655754766,0.323801122747391,0.0462164073237712,0.091185667174353
"CCR6",2.87793626931714,0.404253354501097,0.0464551117888447,0.0915337570180329
"RHOA",2.87772699789674,0.341344158466746,0.0464647294710685,0.0915337570180329
"CDADC1",2.87707141909466,0.50025902002277,0.0464948736093689,0.0915687694705106
"SMC6",2.87412037651458,0.319098015657133,0.0466308491052735,0.0917652630943322
"UBA52",2.87385909046503,0.619060065292111,0.0466429108230848,0.0917771235344125
"AK9",2.87211056482628,0.32592856824814,0.0467237218521188,0.0919123479403729
"METTL6",2.86951693138339,0.483679869348322,0.0468438929162366,0.0921129976041023
"REXO1",2.86729088792585,0.342488402666359,0.0469473208808133,0.092256732905467
"OR51G1",2.86416133803093,0.471030634544403,0.0470931803874209,0.0924955556414693
"PALM2AKAP2",2.85996722793099,0.536452472618149,0.0472894881703267,0.0927852581724072
"DCUN1D3",2.85831897244013,0.486515127011151,0.0473668976140829,0.0928926868502638
"APOL1",2.85704589907957,0.571203759045361,0.0474267882763566,0.0929826732121736
"HP1BP3",2.85649770228898,0.389410469833104,0.0474526050069578,0.0929926970640806
"DTX2",2.85641799853928,0.524096052962242,0.0474563599365025,0.0929926970640806
"ZNF596",2.85594687024774,0.292532527767091,0.0474785623966208,0.0930242175892566
"CDK2AP2",2.85410897006483,0.366818816903864,0.0475652917473985,0.093158139973527
"CD1B",2.84940929725301,0.963360119767069,0.0477879101549021,0.0934857907944109
"SUPT5H",2.84883392798274,0.68088211544571,0.0478152483832812,0.0935272408248155
"STRAP",2.84855817021566,0.875367459183129,0.0478283572824482,0.0935408510225658
"CRK",2.84723734466244,0.346711438995959,0.0478912046202719,0.0936396811346227
"SERPINB10",2.84549620798274,0.513395209494933,0.0479741987054249,0.0937778424051544
"MIER2",2.83862332047141,0.481186554445542,0.0483034516076426,0.0943002428817752
"MAP1LC3B",2.83782817852551,0.335871809082789,0.0483417138836149,0.0943386096165809
"HNRNPC",2.83571140779709,0.377156779313893,0.0484437457609208,0.0945013449887228
"SGSM2",2.83535631009857,0.868981922701476,0.048460886696367,0.0945226580580157
"LRRC42",2.83207366944768,0.335053134734717,0.0486196791440516,0.0947716073343677
"RNF144B",2.82953195192329,0.845876760619746,0.0487430482381464,0.0949678767724115
"ZNF16",2.82924253997429,0.532780126269367,0.048757118799603,0.0949786425905421
"MARCHF8",2.82783856472573,0.327184474412844,0.0488254443003088,0.0950995590316466
"ZIM2",2.82459236231721,0.319708016563651,0.0489838517903857,0.0953470392970928
"ZBTB21",2.82322381082322,0.327654832497807,0.0490508138656423,0.0954163184022368
"RUNX2",2.82275912314699,0.299467429303254,0.0490735749479663,0.0954483857026054
"GRIN2D",2.82223939343517,0.861131538418106,0.049099046681512,0.0954857163596464
"ATPAF1",2.82076648076387,0.310860768140657,0.0491713174184887,0.0955773766999458
"HAS3",2.81973225809509,0.360794512001543,0.0492221373790773,0.0956517078023265
"HLA-B",2.81816854491966,0.934911074092212,0.0492990921080195,0.0957767747545683
"ZNF577",2.8068420022763,0.357405872518004,0.0498607151273722,0.0966579675789773
"POU5F2",2.80575010272134,0.31216104555175,0.0499152501534778,0.0967401949051651
"CAPN8",2.80455509109481,0.325989655959421,0.0499750149008082,0.0968055058733272
"SIRT1",2.80429088678732,0.354594847042291,0.0499882395149954,0.0968158353715945
"KLHL7",2.8025956487271,0.535071119047721,0.0500731910128598,0.096859970608442
"EGLN2",2.8022595359869,0.587592971933353,0.0500900542406043,0.0968740338911798
"NTRK3",2.80195049201286,0.34371248974412,0.0501055652382968,0.0968740338911798
"ZNF438",2.80133442275022,0.472358023200535,0.0501365026361029,0.0969207998080402
"BIRC3",2.80094515802508,0.354024041654476,0.0501560619869635,0.0969462875823261
"WASL",2.80048018677318,0.319500866020495,0.0501794370239992,0.0969791432533969
"IFI30",2.79921305070267,0.44661717609161,0.0502432030222465,0.0970777069701848
"AVP",2.79675839923212,0.484474545633409,0.0503669973462415,0.0972551162571916
"S100A7",2.79455619495256,0.28467551273529,0.050478362935389,0.0973987258705259
"ZNF343",2.79433676613486,0.390093901172769,0.0504894751858996,0.097405041053807
"IL21",2.79416907571867,0.496166750373812,0.0504979692382965,0.0974090710522594
"GTF2B",2.7905892880925,0.293543705019448,0.0506796949297943,0.0977004744327317
"IMPDH2",2.79056053847375,0.311886730820468,0.050681157469741,0.0977004744327317
"SSX2",2.79028848363839,0.472394453245111,0.0506949997788035,0.097714772704188
"HNF1A",2.78614314881571,0.283456069962402,0.0509064630380362,0.0980953995448763
"ASB9",2.78005589951517,0.348242208271549,0.0512188542723469,0.0985935720631299
"YLPM1",2.77831572211769,0.429212288178521,0.0513085685854076,0.0987472426027434
"TMEM230",2.77780825420573,0.4515356379789,0.0513347654142005,0.0987851591065622
"ZDHHC6",2.77381022872112,0.630378080740368,0.0515416999355103,0.0991081265165305
"ITIH1",2.77364066440632,0.811045222058926,0.0515504979058938,0.0991125122822798
"STEEP1",2.77146751612983,0.661010967387437,0.0516634083467099,0.0993044886421593
"CARINH",2.76728308618614,0.622062550507377,0.0518816314785604,0.0996376118071067
"RCOR2",2.76635739684172,0.312597692142346,0.0519300522126483,0.0996784341852777
"NXF5",2.76312710079132,0.334131448724029,0.0520994344802893,0.0999320715091666
"RPS27",2.76308555312391,0.468571548296776,0.0521016172406748,0.0999320715091666
"ANO8",2.76287260853099,0.581272216230406,0.0521128062315328,0.0999409277640795
"IP6K3",2.76219761573771,0.413862047938273,0.0521482916426316,0.0999837644101288
"RBL2",2.761778576017,0.546576536846256,0.0521703353604664,0.0999882117406394
"NDUFA2",2.76153193242828,0.398095731303148,0.0521833151969953,0.100000486078113
"MORC2",2.76073524408176,0.607929930856402,0.0522252673183531,0.100065591798055
"FAM181B",2.75703830931171,0.671460020763366,0.0524204555749783,0.100404318436306
"SOX1",2.75691207071403,0.606969088299437,0.0524271356140623,0.100404467752003
"HSPG2",2.75406145132366,0.427167922770876,0.0525782430611862,0.100655830875443
"RPS12",2.75181494414293,0.426260774434271,0.0526976845582104,0.100846405783473
"OR2A7",2.74977940481315,0.315600046462406,0.0528061821386173,0.101021986494521
"DUSP13A",2.74734122874383,0.298831845653347,0.0529364832269347,0.101201513125735
"CUL1",2.74676832126567,0.717410220971378,0.0529671548225599,0.101247422139453
"RELA",2.74402811913478,0.697205405477099,0.0531141425330185,0.101464625002154
"LRP10",2.74345018465318,0.917281999883127,0.053145204190824,0.101511211421006
"CDK7",2.74185515914752,0.403463237871396,0.0532310400986059,0.101614296019956
"MTHFR",2.74145517566082,0.765652989353236,0.0532525903947697,0.101639733273551
"SIK1",2.7407228952658,0.829365744768224,0.0532920704728664,0.101702322468484
"PRORP",2.73761662786701,0.494671557157223,0.0534599203205911,0.101945889433925
"VWF",2.73403342965029,0.45049380511393,0.0536543057071258,0.102252466315034
"AMD1",2.73276549245923,0.463117398387808,0.0537232869661778,0.102358274640646
"CASS4",2.73173805752205,0.407163846835364,0.0537792594991026,0.102426421848761
"ZNF45",2.72800076910577,0.314192660607843,0.053983431836734,0.102738084266431
"CLGN",2.72715960717043,0.398536141947798,0.054029509609375,0.102787188158541
"CASZ1",2.7229130686788,0.74034828190793,0.0542628285881847,0.103149185018529
"GFI1B",2.72196501081998,0.555244155380994,0.0543150778055297,0.103214257561726
"LINC01126",2.71856258788411,0.705880012041404,0.054503073571654,0.103519763067031
"CTSE",2.71509583755413,0.293394338028642,0.0546954016499775,0.103794318479269
"UBE2V1",2.71325581264906,0.34921305648509,0.0547978026060154,0.103951920578555
"MAPKBP1",2.71037156962597,0.383753059843066,0.054958764744804,0.104203078698289
"FAM86C1P",2.70938542072623,0.351435252869491,0.0550139250797438,0.104291984335172
"PLAC9P1",2.70928812611223,0.525249460242338,0.0550193707470465,0.104291984335172
"NACC1",2.70811099090437,0.635002327544982,0.055085305690831,0.104403954255503
"RPL23AP32",2.70771457200342,0.944401002069083,0.0551075309752684,0.104432790940559
"COX4I2",2.70581585750978,0.286296552943775,0.05521412715716,0.104595969831351
"SYK",2.70182572436121,0.314960571274454,0.0554389192828927,0.104943376207895
"ETHE1",2.69659165943924,0.479371174104775,0.0557354034723939,0.10533877399049
"GPR3",2.69381785193675,0.284594964811006,0.0558932719075155,0.105553815866074
"COBL",2.69297178072894,0.304231760870217,0.0559415284165154,0.105631830662822
"CPT1A",2.69052268008373,1.08498046065851,0.056081488012651,0.10585667986799
"TXN2",2.68863214134214,0.44628457031898,0.0561898051471745,0.106034812840083
"GNG2",2.68792238889644,0.473293005092943,0.056230532575198,0.106085341695027
"CILK1",2.68578945951931,0.337233979101474,0.0563531317935014,0.106250734975895
"LEPROT",2.68177037330814,0.453109155761419,0.0565849893852059,0.106582179659427
"UBE2R2",2.68151495705076,0.870076238800971,0.0565997614741513,0.106596801547851
"GRB7",2.67150062000701,0.517228633441114,0.0571824840274237,0.107428192351953
"USP12",2.66960979216773,0.361169378328405,0.0572932879694269,0.107583198350296
"MTFR1",2.66740984785183,0.404241208250576,0.0574225196603043,0.107785939150075
"RUVBL1",2.66354705874958,0.542181129427749,0.0576502501870993,0.108160005532372
"DUX4L1",2.66335399969593,0.691954441783334,0.0576616593996676,0.108168066627624
"LIMS2",2.65792392447077,0.47686794171863,0.0579836344931136,0.108664832208413
"ZNF274",2.65747546277008,0.721440458445989,0.0580103188921178,0.108674664906544
"SLAMF1",2.65418623371987,0.482776650007949,0.0582064700701277,0.108985614428579
"CYBC1",2.6522212280904,0.739109198249824,0.0583240184086693,0.109141340218905
"THRSP",2.65093008383218,0.303974771986537,0.058401405404819,0.109228592598113
"SHD",2.64798551150217,0.554267076382786,0.0585783386035525,0.109415300108429
"EXOC5",2.64676716239069,0.332385914059789,0.058651728079318,0.109525476501752
"B4GALT6",2.64351207148614,0.299241285699626,0.0588483269448184,0.109852136513661
"DLD",2.64200233493886,0.382064524206592,0.0589397698459931,0.109982333719983
"ACTR8",2.63636524646276,0.325184740177702,0.0592826574196327,0.110473061394164
"GABARAPL2",2.63494047208682,0.388276501868582,0.0593696872495676,0.110581041480885
"SGTB",2.63268743167646,0.557076820509424,0.0595076120437166,0.110824364922954
"OR1D2",2.63202385685752,0.57666418039162,0.0595483048483598,0.110883520003065
"CNOT6L",2.63193171479794,0.461133987934428,0.0595539578764487,0.110883520003065
"DNAAF2",2.6273710546807,0.285441187177492,0.0598345370492391,0.11125609969982
"ENTPD7",2.62701732803681,0.358540418470278,0.0598563626817279,0.111269473617372
"MARCHF2",2.62356990468439,0.299276636821945,0.0600695581831959,0.111619389002587
"LINC00593",2.62303848639313,0.288984070117838,0.0601025001728372,0.111658786052835
"PAM",2.62127247739542,0.882219864412643,0.0602121230727625,0.11183122866494
"DDX17",2.62005832422139,0.604292273114894,0.0602876242444401,0.111948008487112
"ZNF804A",2.61596236439434,0.273449053479132,0.0605431366470958,0.112307596824966
"SPAG1",2.61588879998664,0.349770678384517,0.0605477371362372,0.112307596824966
"MALAT1",2.61518172567914,0.377010443876423,0.0605919759679707,0.112362244911706
"HACD1",2.61370873294935,0.406603331001779,0.0606842552646676,0.112451097120149
"ARSF",2.61280331444278,0.267731890580926,0.060741058034777,0.112509831776848
"TCEA3",2.61261401500564,0.470176777244415,0.0607529417774512,0.112509831776848
"FCRL4",2.61002508929955,0.27414720729621,0.0609157378711198,0.112756395027263
"RNASE7",2.60710337760971,0.273817391445803,0.0611000656581451,0.113015056984805
"RIMS4",2.60581588477603,0.434279727291447,0.0611814966784806,0.113115881844332
"PDLIM5",2.60311677450122,0.438599773421472,0.0613526164223321,0.113371882205447
"SLC35D2",2.60069207462382,0.715504529749129,0.0615068102792545,0.113601599553911
"C11orf40",2.59548272474697,0.263972938003489,0.0618396038230328,0.114133094046199
"ALMS1P1",2.59387375906537,0.395193657117806,0.0619428105603473,0.114295833899753
"CYBB",2.5908911707745,0.270286964860287,0.0621346542178896,0.11460810446885
"FLOT1",2.58871610875385,0.433520556252675,0.0622749891339658,0.114839097217091
"LMAN2L",2.58851869499595,0.647250142648893,0.0622877443529524,0.114848692546035
"TEKT4P2",2.5860171276183,0.278475954895076,0.0624496359714435,0.11510532830611
"C9orf163",2.5848546136207,1.11255044679378,0.0625250344677016,0.115202413882337
"FKBP1B",2.58263695773406,0.414720060520212,0.0626691588895158,0.115412032985197
"STAM",2.57979612521492,0.276359806580482,0.0628543433761304,0.11566902880738
"LTO1",2.57893780901655,0.758089782981037,0.0629104182430849,0.115744210094464
"KLHDC1",2.57875236877179,0.392845091393182,0.0629225408615599,0.115752510151518
"PDK3",2.57786677063949,0.412918743291737,0.0629804714303173,0.115845066462538
"ANKRD20A2P",2.57539253520844,0.310175511905482,0.0631426473768561,0.116047971667457
"PGLYRP1",2.57279763273696,0.525032256835203,0.0633132499809689,0.116254356612259
"CREB1",2.57240029436417,0.516249124563041,0.063339419985078,0.116280287196169
"DIDO1",2.56907964138425,0.408723921940394,0.0635586171841626,0.116598244889837
"SPACA9",2.5651807295741,0.329639209453773,0.0638171020081071,0.116951820050473
"SNX22",2.56501290633817,0.345364435363774,0.063828255287936,0.116951820050473
"TSR1",2.56346567147558,0.41844165479872,0.0639311880477545,0.117112202822242
"HSF2",2.5630878783524,0.289215283413628,0.0639563504966469,0.117144186240275
"HOXA5",2.55949767958255,0.679400220719888,0.0641960414714471,0.117484163501536
"PATZ1",2.55914640356679,0.459444633288846,0.0642195490874745,0.117498905500759
"ZMYM1",2.55889838083788,0.311992731551947,0.0642361528985081,0.117515146551246
"SDC1",2.55578585057652,0.378349403970519,0.0644449412168775,0.117838665412614
"MAP3K7",2.5545857137336,0.323832116432294,0.0645256549816342,0.11793127760614
"IL36B",2.5513889125881,0.781434563526809,0.0647412205433227,0.118183229146903
"PPM1J",2.54888136414412,0.28930540559293,0.0649108889496133,0.118450299873496
"USP32P2",2.54813804244948,0.61776100156327,0.0649612826770814,0.118517903850464
"OAS2",2.54728748183445,0.557314597832204,0.0650190019510133,0.118576445817365
"CCDC22",2.54452323514869,0.62351517977776,0.0652069924751491,0.118862272751057
"NUP85",2.54182090836163,0.391955099556426,0.0653913767901759,0.119176930696633
"INPP5A",2.54176373208803,0.856375142194537,0.0653952844991715,0.119176930696633
"MIB1",2.5402140020365,0.822692828548837,0.0655013031013811,0.119327242161692
"AKT3",2.5389948425899,0.479735123007893,0.0655848460061059,0.119436515155174
"AMER3",2.53835266167825,0.291126688208864,0.0656289007368654,0.119473823606206
"MPDU1",2.53719320485735,0.274629804529983,0.0657085277344729,0.119575839390435
"VPS4A",2.52971203965972,0.311739417129096,0.0662249845248722,0.120314127900401
"IL1RAP",2.52898386455627,0.376960734635464,0.0662755023491642,0.120377145554292
"DKFZP586I1420",2.52653746784376,0.684192989746677,0.0664455481058167,0.120585190404924
"E2F6",2.5248199697011,0.426318831925776,0.0665652287418762,0.120773562241285
"SRP68",2.52265067882629,0.64865722350359,0.0667167459546248,0.12099073127569
"SAYSD1",2.52138147417175,0.316499135036598,0.0668055791299388,0.121083225640888
"STOML1",2.52135321911043,0.347866980892848,0.0668075582820023,0.121083225640888
"EGFL8",2.52109059344102,0.265825930054969,0.0668259573651936,0.121102140086971
"RPLP0P2",2.51862688736702,0.62057492889784,0.0669988439841722,0.121372057094853
"UBN2",2.51348340029665,0.411031358047364,0.0673614387402301,0.121923442184818
"SLC15A4",2.51114960989471,0.491473564692051,0.067526704398971,0.122124642704192
"TLE5",2.51004354831287,0.626370216887967,0.067605191939013,0.12222298609231
"CWC15",2.5095186569692,0.268206631709556,0.0676424755463905,0.12225326514551
"IL36A",2.50946826154291,0.273979247708273,0.0676460564307907,0.12225326514551
"PGLYRP3",2.50125964911318,0.314155293896115,0.0682322409715472,0.123195526617035
"PTGES3L-AARSD1",2.49957578823974,0.323178673154866,0.0683532064643966,0.12338463666594
"VEZF1",2.49881980380979,0.435656912153897,0.068407595038353,0.123438859200673
"STARD3",2.49722575292931,0.439122142019765,0.0685224403242251,0.123631423947184
"TNFRSF14",2.49380058784757,0.519759160722941,0.0687699595232634,0.124004451556769
"DPH3P1",2.49278167526217,0.329484574412667,0.0688437889636301,0.124122862188368
"TTTY13",2.49030381666562,0.253438858217457,0.0690237119274454,0.124403011494737
"WFDC9",2.48942581894944,0.267931293685107,0.0690875947015099,0.12450339379317
"MYOG",2.48910137875996,0.788250487160964,0.069111217998896,0.124531208925025
"MRPL49",2.48846462017904,0.445804485726063,0.0691576089106526,0.124579550701041
"LINC01599",2.48839584811786,0.280411677657473,0.0691626214208894,0.124579550701041
"SKP1",2.4873431102266,0.336790475748075,0.0692394031397719,0.124703084195837
"ZSCAN21",2.4805030032081,0.491062188906349,0.0697406751737351,0.125457320563303
"GBP1",2.47915356783288,0.412361133034236,0.0698400580947363,0.125562607152535
"CTSK",2.47903577164651,0.757361659950162,0.0698487412224121,0.125562607152535
"PREB",2.47735897234596,0.274532310017698,0.0699724776213008,0.125740451336966
"RALBP1",2.47112542285544,0.601691300216937,0.070434678684752,0.126436566741939
"CLCN1",2.46671702756909,0.89020183769671,0.070763660878875,0.126884927982695
"PDCD10",2.46658698558652,0.484295393922663,0.0707733921164489,0.126884927982695
"TIMM8A",2.46654912006181,0.432628504125746,0.0707762259387957,0.126884927982695
"SENP5",2.46513890829447,0.356763148917416,0.0708818575231961,0.126984484534429
"MIRLET7BHG",2.46309623227008,0.371951801188692,0.07103518395328,0.127214210734984
"NEUROD2",2.45940129037999,0.863405818428338,0.0713134976312412,0.127607444637712
"CIROZ",2.45725794865362,0.346436565800581,0.0714755122124085,0.127777076493042
"SEC14L1",2.45554354687505,1.08015880576196,0.0716054066041697,0.127987105773328
"OR4C46",2.45548523774475,0.302807439046094,0.0716098292362734,0.127987105773328
"AP5S1",2.45366178796065,0.302876010850305,0.0717482921394438,0.128204444466768
"LTK",2.45334368839695,0.328496587606481,0.0717724782656114,0.128232595096736
"RPS4X",2.45294316486727,0.439705450847788,0.0718029446170621,0.128271958385561
"CUL9",2.4521910215127,0.382730299465299,0.0718601973849948,0.128335932066297
"PPP2R2A",2.45169997410857,0.396150730207663,0.0718976038409815,0.128380739604749
"CCDC116",2.45106416798316,0.289496585469328,0.0719460706617197,0.128452200354946
"RAPGEF2",2.45072882297612,0.473962668985332,0.0719716487072166,0.128482783605981
"JAK2",2.44891241221808,0.634815935146559,0.0721103741890252,0.128700219536052
"STAM2",2.44858202460953,0.358561875282292,0.0721356398787003,0.128723268124772
"MUC5B",2.44645723201923,0.302332711366057,0.0722983710195156,0.128944954434712
"CTAGE10P",2.44213386653176,0.621623984370228,0.0726307817123675,0.129428092845216
"BRI3BP",2.441883880441,0.713032262809464,0.0726500557763319,0.129428092845216
"ARSB",2.43456126264556,0.270590602182018,0.0732172359338085,0.13020202573449
"RTL10",2.43251184141272,0.501795708435321,0.0733768809185619,0.130440164232553
"GUK1",2.42947872915839,0.307246081040944,0.0736138834677679,0.13078503969367
"GUSBP3",2.42919551766151,0.250683324411862,0.0736360577654322,0.130809153895187
"APEH",2.42542883756633,0.449982686325595,0.0739317000205985,0.13127300571083
"EPB41L5",2.42523924328767,0.259168347074321,0.0739466168472949,0.131284164022141
"C15orf61",2.42461471225171,0.334761913744075,0.0739957777759317,0.131325450859653
"NGFR",2.42364139346268,0.503995093116779,0.0740724684979775,0.131398914797282
"FRS3",2.42244520796746,0.442242998703345,0.0741668438996867,0.1315062798212
"ZNF3",2.42214164690927,0.32133222922309,0.0741908157813601,0.131533449102696
"GIGYF1",2.42031808571583,0.619625019886147,0.0743350067134522,0.131727660463549
"MCM5",2.41978360553145,0.378457088777645,0.0743773292399749,0.131771950498781
"C18orf32",2.41784617629602,0.294450370832823,0.074530974265794,0.13199802685853
"UGT2B10",2.41542934039011,0.729488831036161,0.0747231460223848,0.132215195428555
"TUBB4B",2.41482805350814,0.359007655454391,0.0747710444194799,0.132261218939404
"FAM86C2P",2.41353103007064,0.285782173759753,0.0748744844072217,0.132375163783426
"FNBP4",2.41233581409776,0.401904296753976,0.0749699496502491,0.13248233723925
"CTAG1A",2.4067719865815,0.337293771752962,0.0754161798630272,0.133147116711971
"CFAP418",2.40271612822968,0.280894929173977,0.0757433772393149,0.133616202419151
"MIR124-1HG",2.40169069750121,0.357981342515653,0.075826357753236,0.133747071295664
"LRIG1",2.40095725487341,0.979346138659488,0.0758857734143937,0.133836349540311
"NR3C1",2.40065334860461,0.265564476036839,0.0759104081951012,0.133864272707688
"CDCP2",2.39887764493776,0.243891730970174,0.0760545299331347,0.134102874344709
"AMN",2.39653592960041,0.85675745810756,0.0762450681024572,0.134398442119371
"SPRR2G",2.39640033478626,0.261689585950571,0.0762561176884146,0.134398442119371
"HNRNPF",2.39558675095131,0.262276077165208,0.0763224547617935,0.134466159872261
"NPY4R",2.39354914602313,0.325455611018931,0.0764888834778799,0.134696959232468
"PCGF2",2.39094848628417,0.480961273383862,0.0767019027838619,0.134935569396077
"DDX3X",2.39023588023206,0.692968967928908,0.0767603900655595,0.13500312387152
"CRHR1",2.38756887964952,0.869478461197417,0.0769797359955925,0.13532630043012
"CERS4",2.3864806431161,0.609289273482941,0.0770694424093639,0.135407866030489
"ZNF790",2.3849302424394,0.307595951674619,0.0771974520355615,0.135553147807302
"RNF6",2.38430332272688,0.54367080208513,0.0772492827199032,0.13559638638092
"VPS4B",2.38361861872118,0.551771605962494,0.0773059360096295,0.135674749694071
"DDX42",2.3802645932528,0.528510551805576,0.0775841367444626,0.136089913680483
"GPR141",2.37970772193112,0.367164479409563,0.0776304368640828,0.136155424268132
"EDN1",2.3788086904897,0.254373680228051,0.0777052517016114,0.136248273735233
"TP53RK",2.37848573847179,0.265779614816077,0.0777321468835611,0.136257423876979
"NBPF22P",2.37694080279421,0.277945839935194,0.0778609545462515,0.136465298690722
"NUDT18",2.37609389673255,0.523736924672439,0.0779316676777206,0.136557760345982
"VN1R1",2.37369776832095,0.254819389479434,0.0781321306695445,0.136782945000856
"ATP1A3",2.37222016867304,0.794381287774847,0.0782560409004168,0.136948327260195
"PTGS2",2.37214179891273,1.04770420587006,0.0782626191621748,0.136948327260195
"EZR",2.37117958118462,0.248239022662023,0.078343437844528,0.137058208068513
"HERC4",2.36712923294587,0.301664814284016,0.0786846776522144,0.137591879698158
"UBQLN1",2.36611964634619,0.427808223336119,0.0787699978278721,0.137709406479627
"KIAA1143",2.36285036614471,0.462266029714757,0.0790470075555329,0.138082574190736
"WFDC12",2.36100789622115,0.261319342325308,0.0792036100110204,0.138308474112711
"BMP10",2.35946147526439,0.242300917648768,0.0793353217974462,0.138490768353485
"JPH2",2.35889657692574,0.248844808289812,0.0793834974006624,0.138558961146479
"DMRT1",2.35758820942734,0.341729997486025,0.0794952052152341,0.138706181839523
"TTTY6",2.35472558117115,0.245740787585921,0.0797402387218579,0.138989053651792
"FOXP3",2.35447840034613,0.303346479449414,0.0797614369802304,0.138989053651792
"ENKUR",2.35441360355321,0.385668033866725,0.079766995020571,0.138989053651792
"XPNPEP2",2.35044821384195,0.299265229370367,0.0801079711514315,0.139519242472626
"FBXL9P",2.35001341258879,0.24735409087552,0.0801454594975662,0.139568550101796
"SOCS4",2.3432466812433,0.264066086242295,0.0807314592993597,0.140380063231725
"CCL25",2.34105128017996,0.275574431975238,0.0809226254677507,0.140664223124192
"KRTAP1-1",2.34030628083011,0.244327781604028,0.0809876135764788,0.140712855851832
"PPEF1",2.33765463085597,0.313908924541624,0.0812194046079663,0.141028301804799
"ZNF81",2.33587130876784,0.258861390931988,0.0813757151702877,0.141225821785888
"TMSB4Y",2.32766805292703,0.259759710401069,0.0820991516251312,0.142302700924891
"SCN4A",2.32635684870791,0.254126688540231,0.0822154602072829,0.142455590615513
"CADM3",2.32528706320208,0.506537785279149,0.0823104924923377,0.142571522758938
"ABCC3",2.32065820829657,0.384175537662872,0.0827231255082896,0.143188401175742
"RPL13P5",2.31948788634786,0.585493723949228,0.0828278233151695,0.143353310228417
"ZNF676",2.31821660482356,0.241819895848039,0.082941723246079,0.143517775301669
"SCAND2P",2.31778271001886,0.328536378584152,0.0829806384898724,0.143568777036858
"DEFB118",2.3163885082217,0.348661168840296,0.0831058220632913,0.143769007159428
"MKRN2",2.31503938561107,0.47024764001952,0.0832271617921466,0.143880718032848
"APOBEC3G",2.3142622565558,0.630640812825836,0.0832971476796402,0.14395261612636
"HNRNPCL1",2.31268134880199,0.240694557725484,0.083439725311507,0.144141590384398
"PPP6R3",2.31262947528281,0.379236028236532,0.0834444083208995,0.144141590384398
"INAVA",2.31113717260651,0.275259341648509,0.0835792571752869,0.144317532088712
"ARID4B",2.31108230008235,0.382542571794377,0.083584220320711,0.144317532088712
"ATF7IP2",2.31000242221589,0.470678433302715,0.0836819617677079,0.144453493139989
"ADAMTSL1",2.3055209068669,0.296497031363691,0.0840889763413838,0.145024399206142
"ZFYVE16",2.30501706138443,0.267749061837949,0.0841348759703509,0.14505421083291
"RASL10B",2.3030197661756,0.33103966454078,0.0843171060898955,0.145302498517295
"TIAL1",2.30186021148762,0.275330566621973,0.0844231070315827,0.145468684765047
"BNIP3L",2.30070813542726,0.308044964923257,0.0845285737122638,0.145600922982909
"SNORA70",2.29683513797559,0.705259362288017,0.0848842215553414,0.146084741925876
"TNFSF14",2.29381928074848,0.669602156483974,0.0851623329674742,0.146493469038496
"EIF2S3",2.29199000156327,0.597880842876283,0.0853315245998988,0.146734715752517
"PLIN4",2.29180071755778,0.345914625889133,0.0853490533371232,0.146748264912489
"ABL1",2.29134052555796,0.373676648447065,0.0853916866289015,0.14680497063671
"VPS13D",2.28565856390747,0.298802765778604,0.085920066263336,0.147513249913391
"ARHGDIA",2.28484682215552,0.391803062960365,0.0859958534604336,0.147626700465772
"CASP9",2.28358635524647,0.506536180540819,0.0861136851004277,0.147795612572769
"BOD1L1",2.27864709660419,0.770624453305175,0.0865771811784783,0.14847569646753
"MMP24",2.27664422491049,0.240834073482721,0.0867659317829176,0.148636678627018
"CHRNA5",2.27649874487422,0.310880758823788,0.0867796599187944,0.148636678627018
"ALPL",2.27551641478941,0.51563538577111,0.0868724211474783,0.148745302951008
"OR2C1",2.27380761504314,0.240081433624831,0.0870340497421205,0.148959232399365
"SSTR2",2.27158336769591,0.232691193559932,0.0872449414506336,0.149265504509083
"C6orf15",2.26616439794042,0.277026541396646,0.0877611597889301,0.149979966071474
"VDAC2",2.26440219288142,0.373790542318259,0.0879297720315618,0.150217476191417
"PRKAR1B",2.25910900410251,0.259815157551537,0.088438439896908,0.150967762257512
"SUN5",2.25789157476606,0.34620549415072,0.0885559021641038,0.151134346326079
"MX2",2.25732974768247,0.614380891340603,0.088610168738488,0.15119302661
"RBBP9",2.255019327243,0.26925085487302,0.0888337255922655,0.151421575746153
"PI16",2.25010159055668,0.228696972148634,0.0893116877251847,0.152051468150716
"PSMC6",2.25008566015829,0.417063180382877,0.0893132407279293,0.152051468150716
"NRN1",2.24927629280144,0.545224411501312,0.0893921833944005,0.152151799111588
"FAAP24",2.24652423879907,0.353010357797857,0.0896611973759725,0.152558457114991
"ZNF517",2.24304011061806,0.247097528848141,0.0900030812905342,0.153105912781481
"TTL",2.24000129129375,0.246357645868986,0.0903024681949749,0.153557816776189
"CX3CL1",2.23993389260881,0.22977626236606,0.0903091210708992,0.153557816776189
"KIAA1328",2.23800414690178,0.266625959261411,0.0904998392537579,0.153796128659197
"HLA-DOB",2.22994782762609,0.276545191505481,0.0913009646869826,0.155001682402281
"APC",2.22929830164605,0.240220877061512,0.091365900891247,0.155077301423447
"KIDINS220",2.2236083834198,0.629022564883343,0.0919369758753562,0.155872634237728
"ZPR1",2.22170056912578,0.307644995518413,0.0921293537776178,0.156102489630683
"NUP155",2.22073918858617,0.273425367956523,0.0922264678361703,0.156171932173753
"NDUFB8",2.22030175868974,0.261806032690433,0.0922706930098972,0.15622743153936
"TAF1D",2.22021182858685,0.369465196035177,0.0922797881061332,0.15622743153936
"PCDHB7",2.21650820466061,0.378540363037687,0.0926552317366161,0.156793230694387
"RPS3A",2.21467736663976,2.7515032217082,0.0928414613913532,0.157073416936222
"KMT2E",2.21127802403282,0.541357658275866,0.0931883533167985,0.157555139215328
"IL36RN",2.20904526591833,0.250640426187889,0.0934169914398861,0.157836418822107
"NFKB1",2.20491959703739,0.386946478432496,0.0938411266320172,0.158429823914267
"LRRC20",2.20462658028512,0.246517852659038,0.0938713320796742,0.15844564020729
"C19orf47",2.2029509887883,0.40858520342473,0.0940442692338501,0.1586847050381
"FOXP1",2.20228288375804,0.691725581231559,0.0941133238291795,0.158748383850284
"ANKRD65",2.20059133277007,1.26186939330784,0.0942884153305848,0.15902608632001
"MFF",2.20035235033036,0.293009662478779,0.094313181738804,0.159050218217313
"UQCRC2",2.19875440185685,0.513210961924974,0.094478969310827,0.159276816902678
"SLC52A1",2.19704977882018,0.248333194121592,0.0946561850695846,0.159504849034708
"NSD1",2.19421954825999,0.555594292207375,0.0949512455001951,0.159948885862535
"RPL12",2.19386142692228,0.289396077076981,0.0949886542731716,0.159994180328541
"ZNF280D",2.19329544783644,0.454894864025382,0.0950478092493409,0.16004064250044
"G2E3",2.19265951430502,0.350644428445903,0.0951143250327304,0.160134911446669
"MDM2",2.19239945063446,0.54699140646831,0.0951415415640404,0.16016300244697
"SYCN",2.19214826204225,0.236547872058003,0.0951678375831607,0.160189537793548
"ZNF658",2.19190540114638,0.361347392312222,0.095193269558134,0.160202506754497
"PHF14",2.19181443080979,0.308262773770166,0.095202797777759,0.160202506754497
"PRSS8",2.19100226306082,0.689944577969663,0.0952879115331949,0.160267480490691
"CUL4B",2.19060864251203,0.469348997316792,0.095329192980572,0.16028373320603
"RIDA",2.18605158706735,0.276661160421593,0.0958085829527073,0.160876330964422
"GHITM",2.18068340998943,0.461536657330741,0.0963767713166552,0.161662684203496
"KMT2A",2.18052288097344,0.375479728547334,0.0963938203812008,0.161662684203496
"GBP2",2.17900642101216,0.598124520150644,0.096555043637428,0.161897365340464
"SHPRH",2.17835782752423,0.295602189189642,0.096624091434545,0.161990174202841
"ACTR1A",2.17828640951718,0.238428608033027,0.0966316978148457,0.161990174202841
"SPEF1",2.1765709151632,0.546213388574867,0.0968146084144512,0.162207399445519
"TIGD2",2.17377404385913,0.295784360030559,0.0971136505240241,0.16265466929178
"FAM131A",2.1720220684809,0.515910208926797,0.0973014990439521,0.162951348690719
"MECR",2.17033053388936,0.352762557034627,0.0974832531891334,0.1632018179767
"FBXW8",2.16813343942478,0.239320402986415,0.0977198971217557,0.163513357833608
"RPAIN",2.16567488506861,0.365602205241077,0.0979854649807973,0.163862211505164
"DLAT",2.16487826131531,0.22189996439942,0.0980716877901153,0.163967313528376
"USP27X",2.16444128285368,0.358131005134452,0.098119020343208,0.164012268939084
"RPS6",2.16434808571374,0.33176219031884,0.0981291185610679,0.164012268939084
"PRRT1",2.161167663499,0.455654375862358,0.0984744257603485,0.164491607712096
"PHC3",2.15961886544961,0.252780925813077,0.0986430750559152,0.164690293715047
"VPS8",2.15244762185539,0.622980900810414,0.0994281768933931,0.165728158066059
"HLA-G",2.14910353259806,0.769028902817407,0.0997966713840694,0.166287693481859
"SLC25A42",2.14875122988752,0.308860390117589,0.0998355813829425,0.166334303425919
"MOV10L1",2.14759035590779,0.246669253722205,0.0999639138742565,0.166483073968683
"C1orf116",2.14621066962144,0.321593133749421,0.10011667542752,0.166664098469029
"TM6SF2",2.14606120400976,1.03761044438785,0.10013324020284,0.166664098469029
"ATOSA",2.14401547017688,0.534415325774358,0.100360270061704,0.166952416002888
"CES3",2.14224531406411,0.247722136959373,0.100557181123054,0.167188543841632
"OGFOD3",2.14197415534109,0.365320179543425,0.100587382743377,0.167220476252872
"NOL7",2.14004249066751,0.252462540318952,0.100802824613412,0.167487092398204
"KIF23",2.13875121013782,0.483833106109319,0.100947130662269,0.167708538683831
"DRD5",2.13834556314361,0.258182035495856,0.100992511022033,0.167765604328027
"RETREG2",2.13785515819612,0.789086297885417,0.101047403798265,0.167820128531617
"TRMT1L",2.13435829748188,0.283979804030707,0.101439786680022,0.168416623998884
"APLNR",2.13176693678026,0.234655051104474,0.101731660366405,0.168753827536244
"TMOD2",2.12961834224627,0.449028425180127,0.101974374421919,0.169085677110123
"KLHL26",2.12254410556241,0.303938366737982,0.102778084600832,0.170211163084988
"SH2B3",2.11727950122904,0.310281659493953,0.103380784310745,0.170949637960297
"HTR1A",2.11718884498929,0.227384765918614,0.103391197207676,0.170949637960297
"MAD2L2",2.11287811788317,0.617774582286484,0.103887684395451,0.171693534480114
"CSNK1G2",2.10977890572146,0.600966034796998,0.104246276392481,0.172155214613623
"LINC00174",2.10768516389417,0.318688665379703,0.104489311175738,0.172481707274182
"SSTR1",2.10758729249947,0.216219059998083,0.104500687192551,0.172481707274182
"SPIN2B",2.10621631011271,0.27314130497204,0.10466018742627,0.172651277836937
"UBL5",2.10546161577497,0.299492791592206,0.104748104266915,0.172683920833739
"TLX1",2.10517936507193,0.256339589026179,0.104781005701085,0.172719437969011
"POU6F1",2.10275144595576,0.316665029029869,0.10506449909844,0.173055442682669
"PRKRA",2.10214559390052,0.303215610090103,0.10513537375811,0.173153429078767
"BIRC8",2.10039427303019,0.307057244588424,0.105340548598111,0.17343499654434
"AGPAT4-IT1",2.09826765209748,0.693154577458608,0.105590290508125,0.173789733554931
"GPR12",2.09534737634245,0.864227706084238,0.105934309728129,0.174280504364495
"MFSD5",2.09513171654105,0.360604241728736,0.105959764621219,0.174303526269281
"CLEC4C",2.09304043610372,0.243491953320405,0.106206956954052,0.174544650575765
"ATP6V0B",2.09235547541316,0.32296761025636,0.106288059603108,0.174654652668186
"CD1C",2.08977706867425,0.658928344667547,0.106593973244836,0.175062758650914
"UBE2A",2.08924922126147,0.281445858476807,0.106656719997569,0.175127985070506
"BAG5",2.0872134323145,0.36755079496063,0.10689910480613,0.17539341740119
"FAM131B",2.08671772230831,0.284545883561242,0.106958217571193,0.175442699059602
"EXOSC6",2.08587054338891,0.322653624217422,0.107059326621784,0.175500578526841
"UBE2G1",2.08395994155526,0.523889734170017,0.1072877429446,0.175803468882822
"ASAH2",2.07768768890295,0.230960588531223,0.108041416403343,0.176790817803103
"SPIB",2.07638112475581,0.396956705158203,0.108199151647877,0.176991792864463
"PABPC3",2.0754307478407,1.31816521738476,0.108314046672536,0.177141630475957
"DMAC1",2.07366498716622,0.370718059418379,0.108527876459003,0.177472252170809
"CCDC138",2.07094181813822,0.264006437859054,0.108858565022038,0.177955611830071
"SLBP",2.06976687824747,0.444083732411467,0.109001589111436,0.178112836274495
"SLC29A4",2.06703762657308,0.226548661954273,0.10933462276397,0.178575756778735
"BAGE",2.06654180464526,0.308292744348166,0.109395245862531,0.178640921193748
"KMT5A",2.06641738202826,0.258945478336433,0.109410464601775,0.178646590687545
"STX17",2.06616230555022,0.437283296020161,0.109441671593602,0.178678361953354
"ARHGAP19",2.06391381274453,0.5496791746492,0.109717187726819,0.179032080573977
"NDUFV3",2.06261759628058,0.316487940435387,0.109876367229915,0.179214906996198
"SORCS1",2.06191300495927,0.312684914144074,0.109963000651262,0.179313072108303
"HOOK2",2.05988314797705,0.448273863434893,0.110213006301902,0.179629128693529
"REV1",2.05880700242062,0.228937036310456,0.110345804282278,0.179807027914377
"GLRA3",2.05802836865953,0.242162670164548,0.11044199939267,0.179892000633064
"CANX",2.05745164715556,0.374349180744458,0.110513309450396,0.179983552165519
"RAB29",2.057197800228,0.265804931947275,0.110544713102078,0.179993160810926
"WDR77",2.05506266603748,0.257184432593668,0.110809244186624,0.18034963458799
"APLN",2.05219099589279,0.21555177271551,0.111166134033176,0.180804853736852
"VIPAS39",2.05214260797698,0.225847994576382,0.111172158554267,0.180804853736852
"PTGER3",2.04998685522418,0.515143758315125,0.11144092692433,0.18114510652685
"H3C3",2.04715997213028,0.353268875197433,0.111794458955433,0.181635131957607
"RUFY3",2.04681404867803,0.298632643899812,0.111837805555655,0.181654314524234
"DLX1",2.04611691077287,0.211383172410227,0.11192521827074,0.181776881616981
"TIMM8B",2.04594546608472,0.32087927867213,0.111946726953889,0.18177723102544
"C8A",2.04545762795908,0.429475679660641,0.112007953965399,0.181852990702017
"SMPD3",2.04408544282279,0.43371798261477,0.112180371308341,0.18209404278549
"FAR1",2.04004255235331,0.55404904992386,0.112690076242018,0.182727627045061
"TECTA",2.03742597703982,0.239700690351278,0.113021324221339,0.183224421571061
"RPL23",2.03497514998069,0.359771770109592,0.113332565622724,0.183665413772698
"MRPL3",2.03490367895123,0.20788091022956,0.113341656250445,0.183665413772698
"SYNGAP1",2.03406615074033,0.216442115978539,0.113448244201888,0.183779388349202
"TMC2",2.033810960604,0.239507328163721,0.113480742965216,0.183812454895624
"GPAM",2.03319867984739,0.221754094160022,0.113558759598497,0.183886869445915
"TNFRSF17",2.03076507889645,0.20811541731375,0.113869434716373,0.184304636352342
"TSPYL6",2.02684796998064,0.244441356173741,0.114371469171998,0.184999075001888
"PM20D2",2.02291887160954,0.220575145805134,0.114877496749627,0.185758316913165
"KIRREL3",2.02110468641772,0.213611758667391,0.115111978797403,0.186064040108142
"WHRN",2.01961457487511,0.383452491293679,0.115304969689605,0.186330674640263
"CETP",2.01894946023038,0.41751305239473,0.115391226831074,0.18641064134767
"LINC00957",2.01726477875791,1.0117595129146,0.115610027882521,0.186589150554623
"ATP5MG",2.01724846234913,0.42758876096224,0.115612149242255,0.186589150554623
"HYAL1",2.01573106824354,0.208972630796218,0.11580961934808,0.186828544716835
"IQCF6",2.01487058721456,0.279351092844671,0.115921765607165,0.186949969390644
"GTPBP8",2.01437700188321,0.320268607650097,0.11598614850104,0.187033967384564
"VARS2",2.01192369005616,0.248688080117554,0.116306742238991,0.187491301247675
"THRAP3",2.01097074370817,0.337136395811952,0.116431534663702,0.187632804828397
"TLR2",2.01005859004284,0.381965158774755,0.116551123388754,0.18772606275113
"MRPL23",2.00880841770459,0.524763265548537,0.116715248362288,0.187970506946276
"EDEM2",2.0013349208842,0.227191520746005,0.117701710420426,0.189358681061444
"LCN12",2.00050214436382,0.258285660970573,0.117812199996155,0.189496344531098
"CAMK2D",1.99793726786917,0.349192098244039,0.118153216076261,0.189924332532267
"SPAG9",1.99708842240457,0.210543354568492,0.118266314514922,0.190065952778499
"SLC41A3",1.99696143123428,0.206164759219405,0.118283244804977,0.190067796085063
"YBX2",1.99689233864376,0.300909234968227,0.118292457255729,0.190067796085063
"DAG1",1.99444802663558,0.7460486959785,0.118618877955895,0.190511764278514
"RHOU",1.99355829872812,0.329713202842599,0.11873794084256,0.190662718227606
"ALG1",1.99158292199549,0.280588088113577,0.119002754979206,0.191047598197378
"IFNGR2",1.9912717301171,0.228983225761463,0.119044531806653,0.191058494514562
"ARPC5",1.99125162576265,0.266456146305472,0.119047231326933,0.191058494514562
"IFNA21",1.99049178972627,0.215415360519036,0.11914930800014,0.19118196624458
"UBE2Z",1.99021456751122,0.244325718358192,0.119186574109607,0.191201415512543
"AGK",1.98909843288186,0.25954757368925,0.119336742339294,0.191385192718246
"R3HDML",1.98538989623933,0.203849523644731,0.119837196547178,0.192062818536145
"TXLNB",1.98359614594329,0.304398062520947,0.120080084509495,0.192391268986558
"IZUMO1R",1.98182468038339,0.217057220847698,0.120320486095894,0.192695235103871
"TMEM248",1.97762642969429,0.259201343433778,0.120892335767305,0.193468446001176
"PINX1",1.97569753370304,0.214191823634535,0.121156073848709,0.193829325803825
"MAN2A1",1.97553094508205,0.563859987049306,0.121178881148689,0.193834866904105
"CTRB2",1.97461859743396,0.850173092328655,0.121303872404686,0.193925782968726
"URB1",1.97451278058039,0.420745729804729,0.121318378430067,0.193925782968726
"SLC7A13",1.96476399130375,0.2085225608102,0.122663006464516,0.195766502498936
"CUX2",1.96111849414447,0.211043785583047,0.123170014586563,0.196451975021756
"ETF1",1.95929895685186,0.559231584738878,0.123423931313981,0.196815680761563
"OR4N4",1.95899036576835,0.280849506492221,0.12346705213535,0.196843162687325
"RBP5",1.95825017943888,0.213330497789404,0.123570549025161,0.196946228209458
"FOXN3-AS2",1.95636135453772,0.378026373475196,0.123835085987274,0.197313797984615
"MRPS22",1.95414516091959,0.282585770748168,0.124146263649134,0.197739461413493
"RAMP3",1.95385486637285,0.244002390717262,0.124187087575642,0.197783770850389
"LAMA5",1.95329938333519,0.322354342800781,0.124265245780965,0.19786680534362
"ZMIZ2",1.95062182732545,0.490173860118527,0.124642742856223,0.198408106910537
"CHD2",1.9470551437578,0.542793272830477,0.125147546042892,0.198980018841642
"OGFRL1",1.94670912430268,0.513305100261778,0.125196638166601,0.199013171550402
"STOX2",1.9462382564604,0.268806193843294,0.125263477239425,0.199080148481961
"LAT",1.94426144870167,0.396114671376675,0.125544508969536,0.19940270416801
"MT1F",1.94266387200591,0.338894745230276,0.125772131668822,0.199597472442809
"FAM210A",1.93913196311339,0.485529844531169,0.126276962093736,0.200189725791883
"SLC25A5",1.93738481677016,0.360437382452852,0.126527507944395,0.200565915894918
"RP1L1",1.93728594888098,0.300142254996434,0.126541702127775,0.200565915894918
"PPFIA1",1.93717717673979,0.229002686655935,0.126557320248083,0.200565915894918
"TPI1P2",1.93372402105134,0.238823280982763,0.12705424098121,0.201170317214185
"DDX6",1.93166852453993,0.414332375278925,0.127351046124031,0.201556323181836
"BMPR2",1.92899422423241,0.258438259514233,0.127738338563211,0.20212721390795
"HCN2",1.92661183048517,0.512560790617217,0.128084440833375,0.202611626398373
"SLC39A11",1.92637228163066,0.203771255654341,0.128119297920935,0.202624613434025
"IGFN1",1.92325593028276,0.238003560630575,0.128573707636097,0.203279857129615
"GM2A",1.9225770712398,0.716083628473584,0.128672928448406,0.203415581688499
"LSM4",1.91666759006339,0.301021448533034,0.129540185749376,0.204531472682362
"NAPB",1.91368902092515,0.378960927384926,0.12997972668971,0.205140274335525
"TMEM62",1.91242393637676,0.414501970501224,0.130166904279783,0.205350444013167
"OVCA2",1.91135178314984,0.469689407144942,0.130325766477218,0.205537100133313
"IPPK",1.90950718072442,0.246110241033739,0.130599578184814,0.205904870934548
"PRL",1.90806711014209,0.295925964478076,0.130813777216358,0.206139057020839
"CIB1",1.90706776244444,0.290338714452496,0.13096264722022,0.206327560232582
"NME9",1.90622356612314,0.201663895882068,0.131088548589169,0.206504521125345
"ACKR2",1.90242933319294,0.207675629835767,0.131656041366758,0.207334066180559
"LINC00896",1.90182619252785,0.199086577297259,0.131746497619782,0.207429626739508
"HSDL2",1.9013300412293,0.26661154906027,0.131820958830801,0.207506174920365
"SEL1L",1.90040777538928,0.281594182804423,0.131959492074825,0.207661419233645
"ASB5",1.89900058368784,0.226078706243604,0.132171171360048,0.207908478903973
"SERPINB4",1.89681061986313,0.196073551715504,0.132501336016725,0.208406279671357
"BAIAP3",1.89669672222733,0.344652436350927,0.132518532057738,0.208411772030412
"WNT3A",1.89576608006621,0.198411696087217,0.132659129596837,0.208589748026127
"CCL26",1.89447638548894,0.210950971271477,0.132854239645142,0.208874938129156
"BPNT1",1.89410255153075,0.618340516613663,0.132910853053954,0.208920749689358
"NDOR1",1.89225400617509,0.672112279932899,0.133191182698427,0.209306460157584
"ARNT2",1.89221224963649,0.208528545044424,0.133197522449047,0.209306460157584
"DNAAF8",1.89145747201165,0.195036956062943,0.133312174317633,0.209433528874917
"IL17C",1.8908490935041,0.20926706607262,0.133404666052144,0.209545358533464
"ACTR10",1.890141348882,0.301815035537758,0.133512352219982,0.209671195018742
"OAS1",1.88712442238849,0.768103254983108,0.133972450809449,0.210328587995261
"LOXL2",1.88694403212299,0.42931877476085,0.134000015913159,0.210350148844686
"DERL2",1.88652714386487,0.207313026948805,0.134063743425116,0.210428466302938
"SARNP",1.88333885786467,0.428493405678607,0.134552210376592,0.21104269960883
"CACNA1I",1.88109348150888,0.2075306908652,0.134897377417903,0.211453238071683
"MAP7D3",1.87830263026783,0.429075731011831,0.135327737798579,0.211981102181659
"B3GALT4",1.87827696881424,0.230961918594658,0.135331701807057,0.211981102181659
"FASTKD2",1.87647975143665,0.215921318424421,0.135609637644861,0.212293482016814
"SRA1",1.87644585606466,0.732022420285689,0.135614885441435,0.212293482016814
"TEKT4",1.87602917568043,0.194373685333669,0.135679415326482,0.212316360539087
"KLHL10",1.87599090549583,0.196009028849217,0.135685343771659,0.212316360539087
"RBM12B-AS1",1.8714772824222,0.212647559327035,0.136386525989861,0.2131722802933
"REEP3",1.87132024982868,0.319030974047152,0.136410991345396,0.213188609226264
"SEC61B",1.8700326387564,0.196504979317832,0.136611778141571,0.213436605915042
"C1orf226",1.86568566660907,0.202877804467964,0.137292004809588,0.214345222168588
"ILK",1.86482090419223,0.32067157876748,0.13742776271232,0.21451312894683
"ING2",1.86428536657425,0.258838492353042,0.137511908999704,0.214591123942607
"LRRC75B",1.86418635220422,0.548680236779848,0.137527472736846,0.214591123942607
"WASHC5",1.86414373727797,0.308302926640492,0.137534171821975,0.214591123942607
"ZNF131",1.85747196631986,0.295731644713542,0.138587350593946,0.215978214468972
"SNRPE",1.85572120020919,0.467139744156401,0.138865163977513,0.21629059952581
"LONRF1",1.8552671360645,0.20466517719232,0.138937313770043,0.216358659411716
"FXYD4",1.84955073924942,0.189507067094622,0.139849115396458,0.21762256696504
"NDUFA9",1.84926424943679,0.295083351513172,0.139894982393552,0.217649400740781
"NELL2",1.84845441023139,0.199898993603849,0.140024725619367,0.217806691952474
"ZDHHC19",1.84820607256734,0.250872234167467,0.140064537524511,0.217824060402164
"TREH",1.84610059812787,0.204994868197358,0.14040256598192,0.218260305251004
"IL1R1",1.84592274406893,0.884683195159992,0.140431160368298,0.218260305251004
"CTBP1-DT",1.84550001780057,0.33645698985857,0.140499149217494,0.218343660463892
"RNF186",1.84255622204606,0.189565449107344,0.140973600171796,0.21890203302151
"NKD2",1.83767051363943,1.14169480879393,0.141764854426929,0.219941631564533
"TENT4A",1.83751683646312,0.272573981139838,0.141789820577957,0.219941631564533
"RPL39",1.83589532735698,0.569333564785804,0.142053537948423,0.220282131634355
"SBNO1",1.8358289953587,0.285728168002888,0.142064337256252,0.220282131634355
"FGF9",1.83582386382335,0.192580099185873,0.142065172742619,0.220282131634355
"PMP2",1.83339952130812,0.187673471696177,0.142460483845113,0.2207375484785
"DNAJB6",1.83324118673595,0.466677863906662,0.142486343016002,0.220755124754214
"ISG20",1.83277165168532,0.836873318118953,0.142563057182268,0.220851479436481
"SHMT2",1.83064987915424,0.271805951624001,0.142910275579834,0.221321738392884
"VPS36",1.82873361255698,0.415176581013689,0.143224648182006,0.221718286802926
"PFN1",1.82683353441468,0.362498469705399,0.143537101724032,0.221998600937565
"OAT",1.82353915846785,0.469903870475781,0.144080580587243,0.222680637151503
"GP5",1.82343317551754,0.1871472999742,0.144098101572462,0.222685085734579
"RNF183",1.82322113237008,0.205836887317168,0.144133163208473,0.222716637479624
"SAR1A",1.82119423239228,0.623778065579085,0.144468778454448,0.223167210028974
"SMARCA2",1.8206673934327,0.553896656161578,0.14455615059465,0.223256823219604
"TRMT13",1.81887621697383,0.211804719842243,0.144853629401863,0.223670829113975
"MAN1A2",1.81724252435427,0.428541870051778,0.145125528433668,0.223999699220463
"RNF115",1.8156131224375,0.263897386252685,0.145397261005199,0.224328045588623
"ITGB3BP",1.80521756384494,0.34003170391971,0.147143856411253,0.226700817374363
"TFAP4",1.80300181657943,0.195961193282289,0.147519042369381,0.227232816403682
"TEX14",1.79904526518583,0.50543065523974,0.148191553658708,0.228176283086122
"NR5A2",1.79087610372001,0.239170026126591,0.14959054284804,0.230097398162535
"EGLN1",1.78971780708096,0.400243350210344,0.149790049029464,0.230301798569701
"DUSP2",1.78966503917443,1.1050803308295,0.149799144624637,0.230301798569701
"FASTKD1",1.78952701494391,0.182179302884783,0.149822938640713,0.230315096618616
"PDLIM4",1.78851376130256,0.540034653553823,0.149997737786541,0.23056050093569
"NLRP8",1.78791561566053,0.189357755924822,0.150101028220893,0.230668457323532
"KRTAP1-5",1.78696853339403,0.182115196414238,0.150264730665695,0.230807597612756
"TNFRSF19",1.78661013011294,0.195316425739432,0.150326730340621,0.230856196609125
"CAMKMT",1.7864420485492,0.1842310372752,0.150355815982838,0.230877549421143
"IFNB1",1.78249706186432,0.623172156025361,0.151040211449609,0.231788045986444
"RBMX2",1.78164373038474,0.583000600376043,0.15118869046833,0.231922292176959
"PHF2",1.77717799764998,0.424779439488248,0.151968280100464,0.232836349362064
"CCL11",1.77518732962537,0.186730698383774,0.152317180731408,0.23330052007278
"SLC17A4",1.77505366951966,0.719045776981037,0.152340637801038,0.233312831790351
"ALAD",1.7745061284565,0.326542818665207,0.152436770504876,0.233436552798122
"PDCD7",1.77429666948908,0.278370191537041,0.152473562743664,0.233469386045675
"CDKN1B",1.77331205069856,0.198209873568655,0.15264664210585,0.233645129587327
"SERPINA7",1.77242212227336,0.899147754074569,0.152803257481218,0.233856489863576
"SH3GL3",1.7717582225894,0.200917554686097,0.152920206878666,0.234011924553305
"TCOF1",1.77137752701185,0.222440980575848,0.152987311611547,0.234047750485235
"MAEA",1.77134479897321,0.452038850476981,0.152993082013036,0.234047750485235
"SMAD4",1.77073377428673,0.21308165268815,0.153100856817879,0.234147006283819
"TAS2R8",1.77046844207098,0.228058927001791,0.153147682400222,0.23419506826974
"PKD2L2",1.76843968660099,0.201016468474112,0.153506222248539,0.234601811672775
"THEM6",1.76755657770126,0.216924948249911,0.153662573626227,0.234769983896691
"ELAC1",1.76650189722489,0.208443602567971,0.15384952440405,0.235008393645721
"MS4A5",1.76491756646454,0.181346654803456,0.154130817385511,0.235343521164543
"FGF6",1.76419896702392,0.191178570684709,0.15425858372764,0.235491321153378
"ZBTB49",1.76319415874375,0.351993840238492,0.154437427658958,0.235717021260281
"NAP1L5",1.76258315756313,0.206100165374065,0.154546286976819,0.235859501489559
"RB1",1.75997047859166,0.410561930241899,0.155012702214992,0.236428961516958
"TCF7",1.75929124932618,0.287096265740498,0.155134204383646,0.236590551571048
"TLX2",1.7578534504528,0.240048033674667,0.155391737108085,0.236912033878672
"CD1A",1.75627586613893,1.30941524726652,0.155674833179721,0.237224735771263
"RBM5",1.75367903414814,0.440020812433863,0.156142032540847,0.237816988420518
"PRDM7",1.75359422996777,0.211008170927984,0.156157314989959,0.237816988420518
"SFTPA1",1.75178343936886,0.207294427218489,0.156484016505832,0.238219111413483
"MRPL2",1.75155376139149,0.367240873263926,0.156525506946569,0.238258423545532
"DUSP5P1",1.7507641064758,0.416519128186362,0.156668244656661,0.238427966050085
"PPAN",1.75051829118703,0.208077824202792,0.156712706476961,0.238471767070405
"TCP11",1.74948274882531,0.184431832713095,0.156900158004782,0.238685365903444
"YBX1",1.74913268152794,0.253218348313789,0.156963580487806,0.238757964798815
"GJD3",1.74721800028778,0.679187293659931,0.157310951830237,0.239201129980962
"OR8D1",1.74654577892955,0.200595492889242,0.157433104101139,0.239330936945878
"SLC10A4",1.7465199705587,0.233686645388306,0.157437795868621,0.239330936945878
"ADGRA1",1.74588868278756,0.186466548803978,0.157552605676545,0.239408251751312
"CYGB",1.74582465515646,0.257425003585848,0.15756425511434,0.239408251751312
"RAB25",1.74314730381027,0.759007782478703,0.158052205978804,0.240029753198088
"IFTAP",1.7428034792379,0.205132694774619,0.158114985094254,0.24010111765486
"NFX1",1.74176215758044,0.320157112403102,0.158305282780851,0.240342092495875
"RBM33",1.74127273658712,0.599599071014262,0.158394806967524,0.240454005226803
"TEAD3",1.73994358551449,0.400912636421341,0.15863820568975,0.240799464230933
"ANGEL2",1.73732068268169,0.319860003682617,0.15911969049502,0.24145933520366
"GEMIN5",1.73410072748549,0.275417868464156,0.159712904916904,0.242203231739808
"COL9A1",1.7340096012777,0.259251798783017,0.159729727379828,0.242203231739808
"TBC1D2",1.73396375624805,0.762546690937046,0.159738191369692,0.242203231739808
"WRN",1.73334536149751,0.374861600148618,0.159852407158294,0.242328090915404
"PLAAT1",1.72788249212108,0.182836198672061,0.160865166877218,0.243620539520886
"EXOC3L4",1.72680799317667,0.18226007494873,0.161065170001037,0.24380928586356
"TMX1",1.726782296719,0.208867656229518,0.161069956277695,0.24380928586356
"ZNF346",1.724755402342,0.420827866937617,0.161447966747938,0.244284218316848
"MARCKSL1",1.7198442395205,0.759430751231641,0.162367801419714,0.245492330108424
"HMGCLL1",1.71963117230422,1.02382862141208,0.162407833588957,0.245492330108424
"KTN1-AS1",1.71940561536934,0.217311688028598,0.162450223815068,0.245532001965767
"GOLGA6A",1.71761285669841,0.175334471632038,0.162787565544155,0.245944098628601
"SPATA46",1.71731031486118,0.183062241592971,0.162844567885982,0.246005780114236
"ZNF428",1.71473591922509,0.391613690705525,0.163330471703117,0.246545905179346
"EBP",1.71449398314108,0.396377560031339,0.163376214934153,0.246588475259885
"FOXI1",1.71416689220464,0.193201180924897,0.16343808014477,0.246641414103317
"ACADSB",1.704118146238,0.338764913711227,0.165350836494317,0.248975794198571
"CHIA",1.70400883702398,0.671983941478335,0.16537177327839,0.248982667856426
"PUM2",1.70380181320262,0.190892849037378,0.165411433746405,0.249017727619811
"ZC3HAV1",1.70274634934992,0.349556799929008,0.165613790348738,0.249273013026882
"RAPGEF1",1.70220278244515,0.585121227989296,0.165718106881005,0.249385870484623
"SPDL1",1.7020642822391,0.207822012633395,0.165744697736448,0.249385870484623
"RPP38-DT",1.69905660824078,0.199533533363082,0.166323261490449,0.250115986767724
"CXCL1",1.69897850174797,0.258607218077653,0.166338314713885,0.250115986767724
"CSNK1A1",1.69865124156778,0.443737812193602,0.16640140224488,0.250161380519982
"OR2T5",1.69603845867064,0.184563862372711,0.166905990400681,0.25082078083138
"WDR54",1.69582405780719,0.341504958093892,0.166947467952777,0.250858323547657
"HOXC8",1.69320984676542,0.37607892515538,0.167454086073764,0.251515871375896
"ZNF160",1.68904608215875,0.173867048452806,0.168264358816858,0.252587540113195
"H2AP",1.68630589006839,0.189075091861494,0.16879986379627,0.253244215973971
"KASH5",1.68629638780548,0.172805986272871,0.168801723916895,0.253244215973971
"SPATA3",1.68427302085821,0.226656481976074,0.169198302948221,0.253810874436439
"EVPL",1.68419908626329,0.547855715656668,0.169212812724294,0.253810874436439
"CHRM4",1.68179923999607,0.207855389143105,0.169684500579624,0.254392930285383
"UBE2V2",1.68039827000791,0.445406872849642,0.169960501808124,0.254712351796522
"RPL37A",1.68033878389032,0.358754497721751,0.169972231488768,0.254712351796522
"PTPN11",1.68020785390534,0.405613638850202,0.169998051731635,0.254712351796522
"ZZZ3",1.67557581862312,0.209178705007094,0.170914188209585,0.255782619001316
"CDH12",1.67527262760933,0.184870321839912,0.17097433551638,0.255847455921786
"GSC2",1.67286025849298,0.19990365903215,0.171453699705372,0.256438617733999
"PADI3",1.67268285686119,0.177431043038431,0.171489007256021,0.256466203397539
"USP47",1.67178493401242,0.276598207395112,0.171667834956463,0.25670840059173
"CRIP2",1.67057557396243,0.213367207830948,0.171908998342744,0.257027475404525
"PHPT1",1.66916518785911,0.279042271330014,0.172190700293304,0.257313173829278
"CCDC124",1.6672487195029,0.235492561060191,0.172574263853878,0.257734400931923
"SLC6A7",1.66672638791796,1.83638010226993,0.172678959757756,0.257840119783599
"CFAP161",1.66602875493704,0.185008830374604,0.172818897360937,0.25797308510651
"CFTR",1.66169476220441,1.03146194895035,0.173690928983872,0.259147615813472
"RABGAP1",1.66003668503812,0.530378695326311,0.174025770402894,0.259519897655149
"SLC12A3",1.65922168984569,0.210339439773587,0.174190604039195,0.259689315383597
"SEC23IP",1.65752445885517,0.230387814703772,0.174534398215306,0.26009986556182
"PGAM2",1.65673937829122,0.170315769579979,0.174693666910519,0.26026070595368
"ZNF582",1.65385403513521,0.214180402213833,0.17528032850812,0.260930230613889
"XAGE1A",1.65359498979718,0.314582287910642,0.175333100058758,0.26098324221333
"KAAG1",1.65154655425219,0.193955615507338,0.175750986692318,0.261451727048496
"NR2E1",1.65093046609546,0.19258041898901,0.175876875043696,0.261587825492863
"SNX1",1.64966722755361,0.264153952414477,0.176135295208899,0.261920951357871
"MGAT3",1.64909101007972,0.17202765137626,0.176253304206325,0.262045190181815
"ANKRD28",1.64894103306347,0.17069226737737,0.176284033028974,0.262065256530268
"RIOK1",1.64388847470586,0.266409502559091,0.177322546675986,0.263428864887017
"CPLANE2",1.64278964989896,0.202588289475482,0.177549250457089,0.263714132332397
"ARHGAP17",1.64074115150577,0.38237737738079,0.177972698172224,0.264214056404059
"PRAMEF2",1.64050152631019,0.577326527155748,0.178022300564243,0.264261898192387
"TMEM87B",1.6382278322754,0.401749777249523,0.17849367705884,0.264806539919115
"MRPL34",1.63784865569265,0.193475857181377,0.178572414224615,0.264897510293401
"TPRA1",1.63708427851238,0.560302964592949,0.178731250165264,0.265107271287753
"CHRNE",1.63380586162677,0.211670851834802,0.179414179503332,0.265964601022192
"NEPRO",1.63334310978659,0.268111815862604,0.179510795646468,0.266081888907552
"GOLGA3",1.6322550601163,0.438866156005858,0.179738180058489,0.266329446341659
"ANKRD23",1.6298209258425,0.167019425162834,0.180247966854139,0.266940410937554
"MAFK",1.62398405063474,0.209711965199393,0.181476573599921,0.268503837345955
"TGIF1",1.62249073786274,0.34978510125854,0.181792306983404,0.268882275428248
"SLC28A1",1.62242268344535,0.225553481534226,0.181806709510039,0.268882275428248
"HIF3A",1.62082962112648,0.169218612517529,0.182144194306503,0.269198144510525
"UBA5",1.62017551951851,0.270799551254242,0.182282953079467,0.269377043089353
"EPO",1.61657239068267,0.182935447270361,0.183049290664778,0.270299408916394
"IL22",1.61390080688378,0.261377650046224,0.183619673304231,0.270931210983869
"MAPK6",1.61307424845961,0.186133610454848,0.183796519029213,0.271101841332991
"FTHL17",1.60705503017076,0.609911348308298,0.185089728774451,0.272676992657352
"GPR65",1.6050171396262,0.20046812640809,0.185529710587102,0.273192858114703
"BICRAL",1.60373718371198,0.657582593083991,0.185806611174599,0.273494671190795
"PLXNB1",1.60358200987886,0.408358566751007,0.18584021012898,0.273517653696074
"PIM2",1.60191331289836,0.361019316790175,0.186201924470204,0.273996987648075
"MAFG",1.6005746056309,0.222524267385201,0.18649263897295,0.274265550091927
"CRYGC",1.60027842957605,0.497138398930154,0.186557020596659,0.27428066214559
"CCNG2",1.59907847800508,0.238247728350324,0.186818098467707,0.274609261705161
"ASCL3",1.59708931529404,0.173636060127711,0.187251726281618,0.275089282582191
"TBC1D29P",1.58930287529282,0.182264184404111,0.188959231920743,0.277356625716693
"GATB",1.58872421132276,0.356686510614149,0.189086773087653,0.277517047395968
"MEX3D",1.58798898391094,0.383372485653666,0.189248950892346,0.277701470973639
"C6orf141",1.58666211395885,0.162738439022087,0.189542000225004,0.277943760430225
"TAS2R9",1.58329386650902,0.190453949579313,0.190288022485185,0.278822646300674
"GLYAT",1.57985921829411,0.24621141705253,0.191051891815956,0.27969938108751
"NIPBL",1.57871686434239,0.457142117074766,0.191306657204561,0.279964553768954
"SLC67A1-AS",1.57808170354008,0.253152095270332,0.191448461884397,0.280118165127758
"TIMM23",1.57751996245577,0.295644529966943,0.191573965891682,0.280247871612226
"NPAP1",1.57695562178945,0.162070897891884,0.191700136631085,0.280405470605515
"POP7",1.57598977661477,0.341118606368302,0.191916272514203,0.280640641576539
"CREBRF",1.57405852716121,0.502335012953733,0.192349203699436,0.281171788411209
"TBC1D7",1.57365518996456,0.190667203209174,0.192439748157601,0.281243867958947
"NLRP6",1.57219774711925,0.20685517946862,0.192767295321485,0.281668430750302
"WDR47",1.56993863164964,0.181805159056308,0.19327615335436,0.282330586899731
"IQGAP2",1.5686386561753,0.265406695868995,0.193569598899761,0.282704932302656
"CCDC169",1.56697510168454,0.187454468500886,0.193945788808657,0.283217869617381
"DEFB103B",1.56692091207291,1.18979538790934,0.193958055764402,0.283217869617381
"SLC43A3",1.56525951659802,0.336253153913622,0.194334537522803,0.283631444016007
"ANKRD10",1.56514505199924,0.215408489713435,0.194360503692243,0.283642120732332
"SLC29A3",1.56384687678279,0.302887389138924,0.194655244704463,0.283941096854547
"KLK5",1.56374940066791,0.174256094879695,0.19467739458853,0.283941096854547
"HS3ST3B1",1.56323814104727,0.75819131435674,0.194793612852265,0.284083358674457
"AKAP6",1.56009884678087,0.205656961215285,0.195508804319914,0.284935112227815
"ARID3B",1.55840982880397,0.391872003040093,0.195894717853166,0.285442835020691
"CLCNKB",1.55173451651765,0.160948810404135,0.197427638490494,0.28712628154953
"NSUN5",1.54904668189904,0.179834991944418,0.198048366284828,0.287946420120426
"TEX38",1.54730829251217,0.177280114135186,0.198450901483455,0.28839381841953
"UBQLNL",1.54639136324044,0.178352492605584,0.198663562182739,0.288647697876669
"SH3D21",1.54614351866053,0.34885277303477,0.198721084381231,0.288686192015052
"CYBA",1.54568483293694,0.253567863422947,0.198827585965858,0.288775659189071
"OR13C4",1.5429318887897,0.160992310416192,0.199468025726948,0.289567557775432
"TMEM165",1.53786841376793,0.290897727993767,0.200651539057692,0.291063392406466
"PELP1",1.53583076705416,0.25673297188755,0.201129847443871,0.291618144716026
"STRN3",1.53459647968164,0.318599824758909,0.201420149256318,0.291955549932337
"ZNF564",1.53380266956223,0.223718932059923,0.201607079496927,0.292142969508267
"ZNF664",1.53011649526045,0.208048665907947,0.202477458518495,0.293235446964441
"SEC23B",1.53003828691975,0.477969178090695,0.2024959668609,0.293235446964441
"SMIM7",1.52656593808455,0.236668275764542,0.203319468024995,0.294119896292602
"BMS1",1.52533121639773,0.156511963989576,0.203613122826073,0.294471471286551
"TMEM39A",1.52522167399389,0.330423015490801,0.203639196408144,0.294471471286551
"LINC02249",1.52521847945155,0.168190975651482,0.203639956833289,0.294471471286551
"SERPINA12",1.52449172784792,0.177361865347073,0.203813027753711,0.294665702640786
"BCAM",1.52203342382284,0.233208449133724,0.204399576244431,0.295317191290643
"PRDM10-DT",1.52002873188184,0.27841916736109,0.204879175742098,0.295897673759337
"CMTM3",1.51858849378903,0.21459487426453,0.205224448704256,0.296368190665115
"RCBTB1",1.51755335528877,0.333492714592648,0.205472974387987,0.296670748551458
"TOR3A",1.51616789371199,0.239362144599523,0.205806091917514,0.297067107619737
"GJB4",1.51602038392408,0.16713882133367,0.205841591464922,0.297090151181412
"ZNF593",1.51169247204117,0.530172844215977,0.206885939893022,0.298399219830527
"APBB1",1.50685884117758,0.257605281675552,0.208058737974732,0.299863275883219
"CNGB1",1.50446099984925,0.170381535878181,0.208643055855896,0.30059147342331
"KREMEN1",1.50155473161744,0.746234947404848,0.209353520049253,0.301439657102268
"LINC00477",1.50102787113347,0.184227537882269,0.209482580546083,0.301543879313283
"ILF2",1.499208233665,0.199470712221065,0.209928947194274,0.302072043611555
"APH1A",1.49807046986958,0.34566110011998,0.210208540274821,0.302388524451332
"MICALL2",1.49553619628013,0.205676665116547,0.21083267821051,0.303126505295608
"FAM133B",1.49479361239478,0.292482760066828,0.211015919080226,0.303349097019764
"ZKSCAN2",1.49375547424147,0.158311711769311,0.211272363776428,0.303660344798404
"KMT2C",1.48702915271137,0.387268215031546,0.212941645230652,0.305799484482318
"ZNF264",1.48500582732149,0.172463945683001,0.213446402767094,0.306350782680442
"ETFBKMT",1.48489852987071,0.156920057985995,0.213473204194071,0.306360336829616
"SPPL3",1.48384117266177,0.388715916924526,0.213737500868198,0.306652822000335
"UGT3A1",1.47882391554863,0.168832448211534,0.214996161096583,0.308109839611462
"ZNF768",1.47814915835366,0.49704287715957,0.215166009316533,0.308324193883523
"ZSCAN30",1.47785973812135,0.156538288135084,0.215238903285267,0.308399589331293
"METTL5",1.47587169400611,0.190656067911791,0.215740295336399,0.308885182778756
"GARIN6",1.47571266383562,0.150968130631154,0.215780454594834,0.308913598181138
"LINC00471",1.47474251556704,0.157058317397461,0.216025606929543,0.309235450883329
"NUP98",1.47384185080206,0.2757350222065,0.216253454485667,0.30944510122488
"RAMP2",1.47318589100296,0.218810488442104,0.216419550981973,0.309590836811323
"ZNF761",1.472990914584,0.303643696830652,0.216468946220552,0.309607799691729
"PPP1R1B",1.47247335058794,0.647297200529287,0.216600121217746,0.309737155005123
"TMEM184A",1.47002862263771,0.155147177557534,0.21722082229623,0.31053563783346
"TRIB2",1.46995249511698,0.199184748697312,0.217240179570633,0.31053563783346
"SAC3D1",1.46423237782992,0.458976389450362,0.2186996781443,0.312357692075368
"KCNA10",1.46343518248991,0.156235744217141,0.218903872324659,0.312590618808771
"CPLX2",1.46299472669001,0.150862124577313,0.219016773886571,0.312722476506147
"ZNF620",1.46191042099959,0.174782746800123,0.21929496441779,0.313060904802943
"NCBP1",1.46166536170656,0.213709136300625,0.219357886678991,0.313121338522066
"AHCY",1.4554937901004,0.495740527794191,0.220948565756452,0.315007573640585
"CYP1A1",1.4553835294849,0.14810212691134,0.220977090614678,0.315018709605177
"BBX",1.45516428048864,0.192996209171161,0.221033822274703,0.315070050534603
"SEC23A",1.45331021431007,0.263680658012728,0.221514159954431,0.315625819619245
"GCM1",1.45204092582508,0.448553368361693,0.221843606659565,0.316017007313476
"YIF1B",1.45158669393694,0.163198287828299,0.221961623955971,0.316155509705198
"DOK3",1.44958667520537,0.510876338412011,0.222482019077163,0.316778068170162
"HARS1",1.44915595061439,0.268173716711666,0.222594252852137,0.316878535746074
"SPATS1",1.44490463991599,0.194860528557042,0.223705089528533,0.318281130278785
"IL5RA",1.4447434962471,0.167054362772789,0.223747305181929,0.318289887696884
"TNFRSF13B",1.44469385340029,0.15452115389937,0.223760312000151,0.318289887696884
"GABRD",1.44464149157593,0.147657047940923,0.223774032039393,0.318289887696884
"HIPK1",1.44279242998945,0.212974031842088,0.224259075003437,0.318799562051387
"COG8",1.44209885135365,0.287434621605027,0.224441287069321,0.318940674056273
"THAP6",1.44165248277036,0.193466100505997,0.224558632879498,0.319017999890836
"RND2",1.44135365077505,0.152544025220538,0.224637227402828,0.319070043368096
"WNT11",1.43947343048822,0.276485079810669,0.225132373169991,0.319624078712587
"LCN1",1.43889625675014,0.150170360940298,0.225284589471766,0.319780477570153
"UBQLN3",1.43828336145323,0.15961140785078,0.2254463401436,0.319920494625723
"EMG1",1.43729027584464,0.208156865669309,0.225708676393569,0.320173262810689
"SNX2",1.43434661456527,0.14728013713963,0.226488091395615,0.321009402977121
"CHAC1",1.43392922994201,0.508420603407299,0.226598824743831,0.321136420343321
"ABCB8",1.4324673715978,0.161971839302317,0.226987090170068,0.321656696543645
"CCDC77",1.43211191502185,0.367689246940387,0.227081599652614,0.32166354952254
"HOXB9",1.43210745585482,0.17119396417323,0.227082785516218,0.32166354952254
"C1QBP",1.43127893759216,0.157542160174184,0.227303228560354,0.321744927396301
"NAMPT",1.43030524789362,0.18682413391371,0.227562572628861,0.322052075613225
"CALM1",1.42992207775501,0.230795320110661,0.227664712363566,0.322166646098921
"PLXNC1",1.42843027671975,0.729918507503427,0.228062813945969,0.322579917642326
"ZNF746",1.42749704083904,0.536405100073409,0.228312213072216,0.322872618225986
"SPATA2L",1.42643908838503,0.370971285527216,0.228595273425437,0.323182757112025
"CENPQ",1.42508491529782,0.171520534306477,0.228958104112827,0.32362937610638
"KLHL40",1.4249424878928,0.182719294188403,0.228996299071591,0.32362937610638
"CKAP5",1.42453002484996,0.393819388875119,0.229106946009638,0.323755662043725
"DNAJC16",1.42391565186325,0.191097687104479,0.229271856768009,0.323958598692546
"ZBED1",1.4220903083452,0.320242157618237,0.229762521842566,0.324621742120192
"RBX1",1.42075572244748,0.160855584216252,0.230121935417957,0.325069143027707
"FBXO11",1.41999066891142,0.26026826721558,0.230328224431542,0.325330327589384
"FANCD2OS",1.41919643068734,0.145726650546006,0.230542579272494,0.325602855272668
"POTEE",1.41789641275365,0.149535886159463,0.230893869956836,0.32604616511617
"NCS1",1.41781151926805,0.153666427668,0.230916828545194,0.32604616511617
"PLEC",1.4158050858401,0.515264777067863,0.231460115717871,0.326686351725048
"GJB6",1.41112261688972,0.14835056993904,0.232732992654006,0.328239205442096
"ZDHHC22",1.40965133625487,0.14804735219996,0.23313439084455,0.328622468807481
"HMCN1",1.40877250274574,0.144270197184093,0.2333744870489,0.32877806382952
"FCN2",1.40680178704043,0.165675621731082,0.233913784776322,0.329329812359778
"PTK2",1.40537125431353,0.335582409418123,0.234306039748621,0.329723906032852
"CDK13",1.40008619801016,0.504439356027477,0.235760928617909,0.33137266196129
"TMEM35A",1.39948102928585,0.164181125993926,0.235928096949034,0.331546340639522
"OR2T8",1.39833534320477,0.150230290691992,0.236244899176259,0.331960863593509
"GRM7",1.39655017444522,0.169515110679993,0.236739376833629,0.332573543584022
"YTHDC2",1.39617129153138,0.211100743659919,0.236844457326922,0.33267254764558
"SPICE1",1.38983355354236,0.158479112879784,0.238609102960138,0.334818899964733
"UBXN2B",1.3879226187298,0.440849025028162,0.23914374220933,0.335383440752443
"TCP1",1.38604733109033,0.277689091741124,0.239669568880275,0.335993704900696
"USP42",1.38597684819586,0.346853869060565,0.239689354580987,0.335993704900696
"MRPS15",1.38552711906773,0.246649593561441,0.239815639219718,0.336139745737647
"ACBD7",1.38376548211754,0.330310899606889,0.240310948143754,0.336631379719848
"CSKMT",1.38270394952615,0.29399608713176,0.240609904623089,0.336942488904967
"PAK2",1.38261821921652,0.419333209264969,0.240634064764284,0.336945295731078
"CKAP2",1.38124222001763,0.394506278301493,0.241022173402159,0.337333444975154
"LGR4",1.37763154376539,0.196520531917686,0.242043549499194,0.338638298140179
"BCAN",1.3771923293182,0.149644089938256,0.242168086296139,0.338750207541546
"CFAP299",1.37631826175224,0.146969730563126,0.242416112802875,0.339034784210606
"CST9",1.37593470670654,0.158918969016569,0.242525030553423,0.339093561152565
"DOCK3",1.37306368214982,0.147284480524957,0.243341858215356,0.339954343169128
"VTN",1.37248963980364,0.224503426358388,0.243505505003594,0.340125526208882
"TRIM26",1.37004579362926,0.180507640184142,0.244203415121601,0.340970027283264
"PAX9",1.36865594324105,0.216835113908179,0.244601211773931,0.341431411533542
"ADAMTS7",1.36782851013109,0.453690958184994,0.244838341122241,0.341668332885579
"ZNF28",1.36582500342866,0.323931440287412,0.245413459464295,0.342345247801596
"HSF5",1.3652317544276,0.228846630935904,0.245584011936787,0.34252032772695
"NKAPL",1.36457251855153,0.147571413392959,0.245773672710775,0.342721989233951
"METTL21C",1.36282402069563,0.14078874348644,0.246277415154372,0.343361471366675
"CDH6",1.36200686241166,0.165662922113019,0.246513189134007,0.343595690619557
"IL13RA1",1.35879482291821,0.234113709124962,0.247442124005221,0.344606210794084
"IL36G",1.35715744950691,0.174248133903303,0.24791699136027,0.345204321974637
"RBFA",1.35685738727314,0.164297646189645,0.248004112430234,0.34529401646425
"CCL16",1.35645541164525,0.138758201965864,0.248120870831952,0.345424954559897
"TNFSF11",1.35463777198877,0.142261080913642,0.248649503952544,0.346034192543035
"ATP2A1",1.35366433126805,0.137739971977646,0.248933072203539,0.346325495693646
"GLDC",1.35361540292226,0.153223145325314,0.248947333714014,0.346325495693646
"IER2",1.35133622258552,0.570803583611058,0.249612558904522,0.347088579667182
"TRPM7",1.35090612048603,0.28457561333315,0.249738289771578,0.347231661258563
"CLEC5A",1.34859553182076,0.503441115702074,0.250414810585892,0.348013199249772
"IL5",1.34579338907534,0.13719438100689,0.251237681581042,0.348965445381723
"KCTD5",1.34506719285791,0.235566006687691,0.25145136960767,0.349181102549656
"TMEM186",1.34503167681265,0.177027840720312,0.251461825034444,0.349181102549656
"C7orf25",1.34477972099054,0.227789883591108,0.251536009612328,0.349227308201377
"GPI",1.34259464987997,0.244631533108475,0.252180276363488,0.349891218222419
"CTHRC1",1.34110506084266,0.725718584136825,0.252620412686119,0.350321922248859
"SUCO",1.3406666086497,0.312302403966532,0.25275010845754,0.350426077985438
"ULBP3",1.34005654368758,0.149721542530383,0.252930677043079,0.350548595322259
"SENP1",1.33966939636678,0.146117681130392,0.253045331786188,0.350643590506091
"ARHGDIG",1.33908246750212,0.150802212980734,0.253219250002303,0.350820657195502
"MRPS11",1.33798241267355,0.311572209729066,0.25354553429186,0.351176729099327
"ARF6",1.33751242365106,0.234595547477051,0.253685062617837,0.351337986730904
"BCOR",1.33669206992191,0.155571284272952,0.253928786809967,0.351611489557132
"CRTAC1",1.33339046817588,0.136013323609933,0.254912012361153,0.352683941410882
"UGT2B4",1.33145061218623,0.141327871177216,0.255491451378931,0.35326652347454
"RFTN2",1.32812187834602,0.144371312715741,0.25648876824168,0.354285303126201
"LDOC1",1.32755975602911,0.176045453192549,0.256657561754153,0.354486259118805
"NPAS1",1.32573497894591,0.145670383837785,0.257206255763868,0.355179582099056
"PLG",1.32385942366741,0.145008674065959,0.257771417743633,0.355863082883549
"MROH8",1.32301060177171,0.139239777555911,0.258027593834685,0.3561844101877
"A1BG-AS1",1.31772349130967,0.372446726489978,0.259628880857951,0.358037361270196
"MOB1A",1.31719074854982,0.163202610062186,0.259790769424918,0.358228127791654
"USPL1",1.315802692684,0.297230491143489,0.2602130327208,0.358745336018306
"F7",1.31429953997746,0.134675729730139,0.260671067374729,0.359279100293173
"PRG4",1.31153424255273,0.180262092069936,0.261515758408219,0.360312706456985
"UNC93B1",1.30894235993435,0.255402451304578,0.262309906793901,0.361275952048691
"SBNO2",1.30803346213314,0.313763422594616,0.262588949085953,0.361529308138618
"CFAP91",1.30710480509488,0.193467753214749,0.262874357096857,0.361823986128065
"POLR1F",1.30583981731055,0.280738063641514,0.263263618319849,0.362294191241359
"ZNF707",1.30356939465304,0.153106826488107,0.263963682637614,0.36299481739333
"HTR3A",1.30121777369495,0.14145678669401,0.264690697965275,0.363764335320432
"MGMT",1.29950638721706,0.168778656271214,0.265221008378888,0.364361435901186
"SNRPD1",1.2983056972852,0.292968559479182,0.2655936861155,0.364675765478921
"PPM1E",1.29536030826579,0.153489323388586,0.266510055763614,0.365636890216783
"RELB",1.29335862910716,0.254329673339638,0.267134573793173,0.366427581694468
"VCP",1.29252667988124,0.162816882633467,0.26739455809717,0.366751121892295
"CHEK2",1.29140579392843,0.191530665844254,0.267745224272425,0.367099654772362
"SPMIP2",1.28927239873896,0.142507666920466,0.268413886727294,0.367916934596547
"CACNA1C",1.28909502560986,0.96943874358845,0.268469553161575,0.367960072501914
"YME1L1",1.28530702570115,0.19857030663068,0.269661051619934,0.369360107451676
"BTBD6",1.28438210269444,0.200840233301517,0.269952760810974,0.369632322929233
"IL9",1.28429161702266,0.161915925283345,0.269981315301021,0.369632322929233
"ZNF200",1.28409018169746,0.319449975900258,0.270044892606184,0.369664316107596
"CHD6",1.28398655534098,0.327070156334701,0.270077604962618,0.369664316107596
"SNRPF",1.28267292602005,0.227764193723621,0.270492619594297,0.370165730116986
"B2M",1.27987744079606,0.414677700194983,0.271377855756301,0.370976578008254
"NOP56",1.27942462728623,0.138951933583789,0.271521510557484,0.371139594873109
"CD300A",1.27816790801056,0.316830648613701,0.271920590020472,0.37161829017176
"KIAA1586",1.27243666683512,0.280194925613386,0.273747794638304,0.373544769929056
"CLEC11A",1.27074324731343,0.327173085104291,0.274289951075521,0.374049639163963
"TMED9",1.27030924009471,0.535025837970596,0.274429067575581,0.374172248492867
"MRM1",1.26853343442456,0.183020854542148,0.274998994093581,0.37466671116309
"CFD",1.26846699334652,0.313530095450766,0.275020339846716,0.37466671116309
"TTTY12",1.26765299542062,0.166102569947221,0.27528198567937,0.374898221385499
"RAB7A",1.26745658191804,0.177975278765877,0.275345155458521,0.37495067372969
"GHSR",1.26654055974202,0.380546266243479,0.275639947983762,0.375150557449172
"WNT16",1.26219254186543,0.135927497196218,0.277043377612987,0.37675719276923
"CFHR5",1.26194246263399,0.129542400439435,0.27712430606956,0.376833552101741
"HSBP1",1.26045310961124,0.19954827014961,0.277606749647399,0.377388347960815
"KLHL12",1.2597922357408,0.174566415845413,0.277821084547316,0.377612213226882
"NUTM2D",1.25725488650769,0.132732815489777,0.278645480536436,0.378394541298162
"FOXN3",1.2570042887746,0.218463734992333,0.278727028537,0.378434038800877
"INPP5B",1.2562650517531,0.15118780404305,0.278967720439573,0.378696875162459
"CD79A",1.25474686914227,0.203793627139997,0.279462660513874,0.379267190888363
"SCGB1C1",1.24887762866393,0.138799034437104,0.28138403521619,0.381228365930318
"IGDCC4",1.24858856175944,0.165152854884171,0.281478992361393,0.381323046127923
"GAN",1.2474736221768,0.22038237207774,0.281845533149449,0.381717594455145
"TOMM7",1.24389655007962,0.276319812417212,0.283024604532704,0.382973412735418
"FAM86DP",1.24352063103534,0.185942476063684,0.283148789009452,0.383039208615526
"KLK13",1.24011187586045,0.157967503256203,0.284277254342525,0.384463182217974
"ANKRD40",1.2395062272268,0.229757598992262,0.284478204042615,0.384666535705529
"DARS2",1.23784753021951,0.183473496942527,0.285029243912265,0.38520130044954
"MAP3K5",1.2349298405913,0.188580493923128,0.286001016518613,0.386210571764791
"EFCAB3",1.23370554922974,0.132310705897764,0.286409725006384,0.386728145067663
"BMP3",1.23298282465656,0.146373376935123,0.286651256128619,0.387019913281609
"DNAJC19",1.23026506315518,0.376972519101458,0.287561262332359,0.387858218890434
"ELMO1",1.23006991668289,0.314522760146827,0.287626710599595,0.387858218890434
"ADAM30",1.23006247156105,0.126771587093012,0.287629207827874,0.387858218890434
"FLT4",1.22805595670383,0.127347724516331,0.288302984177656,0.388560065878571
"CCDC171",1.22734595547945,0.143364657638411,0.288541759193099,0.388812960642269
"PITPNM2",1.22673415380146,0.136599340436242,0.288747660805539,0.388987016168894
"SIRT3",1.2251265892669,0.227749159294769,0.289289354130329,0.389613221538615
"HID1",1.22428408808556,0.140443498934469,0.289573634563853,0.389906443125675
"ERICH4",1.22198681715915,0.145121071219589,0.290350143123773,0.390592213766152
"ELK4",1.22187506699139,0.419167461994169,0.29038796674024,0.390608543975373
"PHOSPHO1",1.22122267407436,0.129235528279787,0.290608873153383,0.390871118491772
"ATP5IF1",1.21916325018195,0.198108110556431,0.291307263817012,0.391642079254215
"IL22RA2",1.2190948687478,0.151895904842657,0.291330480671676,0.391642079254215
"KRTAP4-5",1.21907687909454,0.127794230515635,0.291336588808715,0.391642079254215
"CCDC25",1.21778595405469,0.262346676601616,0.291775222741986,0.392058454449561
"P4HA3",1.2172797254991,0.303598280301479,0.291947401854656,0.392255153936356
"RGS11",1.21490112046565,0.165571558926941,0.292757710424532,0.393239644951094
"SH3BP5",1.21005319237179,0.532743756193283,0.294415852952951,0.395257441005339
"CRYBB3",1.20703606521152,0.123338725887917,0.295452300347558,0.396299046012142
"PMS2",1.20679291095361,0.167048227561469,0.295535979501115,0.396376327388038
"ITGA2",1.19963913415497,0.129156188151094,0.29800795217473,0.399304399706898
"KLHL35",1.19409855323071,0.13875403882584,0.299935915394293,0.401409042322745
"PEA15",1.19406333297324,0.180440907622241,0.299948208637275,0.401409042322745
"GPANK1",1.1925719995456,0.189265312443505,0.300469178807376,0.402035480494684
"EXOG",1.1910542823993,0.150032479956715,0.30100024222695,0.402604369726249
"PHF12",1.19081555395386,0.148893800356955,0.301083856087544,0.402680791784308
"LYPD6B",1.19064852364033,0.120987547322205,0.30114237093546,0.402723634997052
"AMZ2P1",1.18561689632004,0.131910475643857,0.302910107667307,0.404945228323172
"WFIKKN2",1.18449256116136,0.121012421136377,0.303306448563107,0.405368175564438
"TRIP11",1.18239086259218,0.230700034343558,0.304048630235013,0.40614594366395
"GUF1",1.18166522857933,0.193967410536903,0.304305272912394,0.406381681634324
"ODF4",1.18096344686715,0.134376511103031,0.304553673240448,0.406677694498264
"REN",1.17852611835937,0.186127130201004,0.305417863076842,0.407581156692929
"FAM200A",1.17829910170881,0.170974403894208,0.305498472271694,0.407652958349383
"MEP1A",1.17806529583139,0.121593174711412,0.305581513076273,0.40767360336023
"IFNA6",1.17755368873745,0.125319417623404,0.305763294452407,0.407791649744121
"SAA3P",1.17725559934105,0.158789116683531,0.305869256725194,0.407886141498583
"FGF1",1.17395433896639,0.133290555155306,0.307045067359477,0.409359924218666
"IL13",1.1739493133273,0.125669036915768,0.307046860570905,0.409359924218666
"OR13D1",1.16901632180307,0.133207635896682,0.308811755925627,0.411172227641126
"ANO4",1.16888837269154,0.127689626002333,0.308857658966495,0.411197345492642
"BLOC1S6",1.16639026180403,0.162038800518666,0.309755162222566,0.412283958260178
"CYP46A1",1.16439557848281,0.121134284956514,0.310473548933117,0.413023244591921
"OTUD6B",1.16274477114768,0.246698134081004,0.311069266090774,0.413670986245933
"GBA3",1.1605903853681,0.139096050834566,0.311848312934301,0.414634476578497
"ADD2",1.15989508491721,0.131689946564557,0.312100128958585,0.414896744860329
"SALL4",1.15895912087443,0.133965926994049,0.312439405502949,0.415275168579694
"TNNT2",1.15670024158039,0.167702768297033,0.313259641967377,0.416219870263836
"SIX3",1.15607218077402,0.215966046814374,0.313488057775478,0.416486973237484
"MAP3K12",1.15467487789422,0.200446734440791,0.313996791800187,0.416980720371746
"MOBP",1.15170588086575,0.136526819913436,0.31508030698837,0.418054554936235
"TRAT1",1.15121784201383,0.397632570782083,0.315258746217271,0.418218336747405
"SLCO5A1",1.14699026443208,0.124889460758899,0.316808393217542,0.419871202096068
"SCUBE1",1.14601171624455,0.118949098797206,0.317168094401746,0.420238053638417
"ATG2B",1.13651794723015,0.156175571829252,0.320677605807532,0.424185877108893
"NOL4L",1.13572621908375,0.243385319880052,0.320971899601129,0.424464404272519
"GNG11",1.13055889145764,0.29891945367857,0.322898795419123,0.426567484427903
"MRPL32",1.12876878616773,0.146084100425727,0.323568814946146,0.427267043301293
"CHLSN",1.12851206983065,0.147963797873824,0.323665006637945,0.427345714179881
"TTTY7",1.12711531257078,0.1163158212814,0.324188834677469,0.427922025411856
"ALX4",1.12707085133998,0.161942952401521,0.324205521882918,0.427922025411856
"MOV10",1.12205872179182,0.244776689056044,0.326091761854425,0.430150361200632
"DYNC1H1",1.12165642728279,0.213006168155856,0.32624359694576,0.430247890038286
"ID2",1.12163795608672,0.24388505229993,0.326250569958017,0.430247890038286
"ZNRD2",1.11781482168094,0.278232366226931,0.327696787523085,0.431930381751697
"PSORS1C2",1.11765160708218,0.985776775619444,0.327758659505416,0.431974494649308
"HPX",1.11641712824577,0.163323281866836,0.328226978166035,0.432329454698516
"BDP1",1.11628660419282,0.187950193573101,0.328276530425902,0.432357276757349
"PLA1A",1.11584502932125,0.113603296977737,0.328444221254494,0.432503222516092
"PRDX6",1.11506520749424,0.124230753270683,0.328740555740323,0.432781022480854
"CSTF3",1.11484015183958,0.269588265700717,0.32882612318307,0.432818736486769
"MNX1",1.11163928860596,0.362763774625669,0.33004532555593,0.434122929515187
"HAS1",1.10823547734828,0.134383470865019,0.331346379427357,0.435682157521975
"TLX3",1.10336031529784,0.115330342362643,0.33321801976125,0.437614822498195
"CDH7",1.10277662460511,0.114573548436657,0.333442753791748,0.437872152634911
"RNF17",1.10246259545709,0.119333173931427,0.333563719405408,0.437917562561934
"SIX1",1.10205227534233,0.12473393051624,0.333721837250162,0.438087328519678
"LAMA1",1.09872968304764,0.114017779541458,0.335004731379233,0.439505862216647
"AARD",1.09857514400907,0.122037156615947,0.335064510304687,0.439524915040004
"IPO8",1.09554530161386,0.262295544683249,0.336238484820415,0.440934282758375
"MCF2L2",1.09536390127566,0.155483108551244,0.336308891009544,0.440988585486562
"LMNTD1",1.0948696099671,0.116190413841914,0.336500806547849,0.441164160860318
"MGA",1.09438426096156,0.194338619898704,0.336689347259523,0.441373294812759
"UNC13C",1.09364721583009,0.111790809937927,0.336975847049494,0.441672729632742
"BMI1",1.09163077698635,0.204442549754816,0.33776080063744,0.442510876644916
"CTSG",1.09146873911182,1.32901317704705,0.337823950512839,0.442555486208911
"NDUFC2",1.09072946275674,0.158947700121091,0.338112199881154,0.442894947096691
"ADGRG4",1.08552273107552,0.111793614303053,0.34014868916504,0.445179110569874
"SRSF6",1.08382353381823,0.392198462751594,0.340815698419873,0.445948294715513
"ITPA",1.08211025923918,0.199088075487877,0.341489435613296,0.446626361954507
"PHACTR2",1.0798668099163,0.238200988035124,0.342373488379407,0.447551659899778
"CCDC38",1.07936471407107,0.110715796685956,0.342571628006237,0.44777218037979
"PITPNA",1.07473684725207,0.176078792405214,0.344402796843475,0.449895012402987
"NUCB1",1.07385302154867,0.214540205645681,0.344753517546382,0.450242246675171
"HNRNPM",1.0738431720965,0.332668012584277,0.344757427836163,0.450242246675171
"ZNF276",1.07198373256215,0.270188791187144,0.345496354851283,0.45112978145259
"NKPD1",1.07152333184998,0.115446981386462,0.345679535501332,0.451232947595503
"PTRH2",1.07112545671026,0.110702626037665,0.3458379096371,0.451381988479319
"ADGRF4",1.07049274288686,0.12179620684353,0.346089896259987,0.451607556653893
"SLC9C1",1.07035738202417,0.121838206635114,0.346143827035388,0.451626228685156
"PENK",1.06990534469341,0.132440938946434,0.346323983742712,0.451822522497998
"KRTAP9-9",1.06838160951369,0.110946520992853,0.346931882777337,0.452576777601453
"BATF",1.06666689390164,0.159075621364692,0.347617125274187,0.453159715512587
"MRGPRX3",1.06615011747516,0.117204990295468,0.347823881059141,0.453351524095597
"IER5",1.06508984410361,1.46527484929439,0.348248430248128,0.453749325498075
"LINC00674",1.06466887131527,0.219309702835594,0.348417123474869,0.453930233342398
"IL4",1.06271903949739,0.115386173412486,0.34919942518234,0.454793599226944
"ZNF146",1.06197253688122,0.287107678254259,0.349499351618943,0.454896263690164
"BDH2",1.06072451239123,0.119053134201665,0.350001295037225,0.455369979889307
"AFF4",1.05819185967682,0.115015278869309,0.351021896869834,0.456502566067764
"GRN",1.05802326814309,0.289095727243059,0.351089930318799,0.456552001734784
"RPS19",1.05724401503333,0.251276922955694,0.351404544174526,0.45685666723276
"IL12B",1.05269851031779,0.109115309888445,0.353244785504688,0.458844097877972
"SLIRP",1.05181330803542,0.182449899390541,0.353604162440185,0.459154038796989
"SEPTIN7",1.05140990053269,0.184918076244762,0.353768047637796,0.459288412879939
"SOST",1.05122239951085,0.11259000420477,0.353844243514275,0.459348122523696
"KERA",1.04927865459782,0.121887825881892,0.354635001005689,0.460178250451751
"MEX3B",1.04695255743032,0.123650203243249,0.355583386935625,0.461212123540894
"ACP7",1.0407897754554,0.106050705843072,0.358107019652061,0.463776261617065
"SOX2",1.04078447952712,0.119880125184681,0.358109195171567,0.463776261617065
"TIMM17A",1.04000233564371,0.128438061634823,0.358430622293771,0.464087924359401
"EPC2",1.0383659063085,0.130053807804099,0.359103955961925,0.46470838685066
"TMEM229A",1.03706481698007,0.135291977849196,0.359640113179804,0.465283440343552
"SHOX2",1.03550334347841,0.105541585532225,0.360284511654533,0.465958572433212
"EEF1AKMT4-ECE2",1.03429886601322,0.121069274123002,0.360782284834548,0.466519242541195
"PINK1",1.03369178399618,0.168522546386322,0.361033404869952,0.466722360099675
"PPA2",1.0333094364616,0.155798208328037,0.361191643066234,0.466853859234344
"NUDT1",1.03309317399987,0.327553986028603,0.36128117266952,0.466929894956919
"CFAP97D1",1.03243178702223,0.206209912385072,0.361555100002648,0.467244218290302
"SSBP3",1.0281736121202,0.37914769285743,0.363323136056322,0.469090606430474
"MT2A",1.02759103376793,0.285489421306401,0.363565624294757,0.469323997476841
"VWDE",1.02608950513569,0.124056780942499,0.364191271787394,0.470011953610208
"MAGEA4",1.02318639866189,0.121052170125619,0.365403626914365,0.471392029861016
"WSCD2",1.02285901142212,0.119030553013278,0.365540569896563,0.471392029861016
"DIPK2B",1.02209530481361,0.113925092207795,0.365860197773517,0.471725467379369
"TMEM184C",1.02098901638724,0.137051863917521,0.36632364228555,0.472242939042014
"MIA2",1.02056651200232,0.150360896957713,0.366500774133169,0.472431240296425
"SCG2",1.01895020441539,0.1101903086835,0.367179098498772,0.47314520674202
"KCNK12",1.0181381211629,0.104951451190609,0.367520328458858,0.473384361412917
"ATRX",1.01805969267411,0.182912655973694,0.36755329822628,0.473386734368671
"ACO2",1.01782053853244,0.123755033979257,0.367653849975822,0.473476141115445
"PXMP4",1.01387698133952,0.332323125466475,0.369315414556128,0.475323102964391
"CHRNB1",1.01026483251899,0.11098217683408,0.370843152315491,0.477179343465097
"KHNYN",1.00985129628356,0.122444585854352,0.371018409766831,0.477337066583365
"IL31",1.00836646062298,0.104967473152482,0.371648286947618,0.478013121439393
"SKA2",1.00776091196308,0.169317806092864,0.371905434699965,0.478303412339709
"FAM13C",1.0058908864055,0.104204583864352,0.372700533634357,0.479142677942913
"GPR160",1.00554498122122,0.323275377110014,0.372847769507497,0.479272156087399
"PIP5K1A",1.00052910875525,0.164347677226743,0.374988542123061,0.481418635783061
"CCDC32",1.00051997860992,0.253272634082388,0.374992448677416,0.481418635783061
"ELF3",0.998967222739776,0.385269201660829,0.375657352093578,0.481987430240372
"MRPS33",0.99879108167415,0.184431411951568,0.37573284241221,0.482043619656225
"STRC",0.998360255415171,0.104373257822823,0.375917541396802,0.482199221454332
"NPIPB5",0.995947390804379,0.177431492358445,0.376953427613546,0.483283403064138
"ZNF439",0.995377791344512,0.101210778078175,0.37719833105187,0.48351586468618
"ISL1",0.991243611046906,0.148494758481393,0.378980024204203,0.4855541877083
"TMPRSS11E",0.99074433777904,0.131387290060531,0.379195690922874,0.485789576914756
"TTTY5",0.989335918948926,0.112023021952084,0.379804650632805,0.486405821206207
"VSTM2B",0.988731287202451,0.100909998503103,0.380066337586176,0.486549931403271
"CAPSL",0.988706329794229,0.126949018378876,0.380077142626964,0.486549931403271
"CHRNA7",0.985630106948905,0.191837889381312,0.381411012146478,0.487682753718147
"CCN6",0.982214829496606,0.105538429621742,0.382896670593286,0.489325165342188
"VMA12",0.982159565966597,0.108180426764643,0.382920751758113,0.489325165342188
"DNAJA3",0.981428665741599,0.138712936013451,0.383239366477435,0.489673134743933
"CNKSR2",0.980547617932494,0.11591801083493,0.383623739887431,0.490058785065775
"CEL",0.979740421230662,0.111550611302032,0.383976188298342,0.490467820564521
"PDE1C",0.978404229722691,0.103250871125901,0.384560231022801,0.491131339720755
"GCC2",0.977513091976422,0.12988152939531,0.384950171349022,0.491505516402982
"DOCK11",0.976731309912475,0.127062540525186,0.385292542663243,0.491838060241033
"CERCAM",0.976623026645648,0.133929668417618,0.385339984729873,0.491838060241033
"NKX3-2",0.975391709421429,0.101641320000379,0.385879817143051,0.492403109507595
"SYNJ2",0.973015592835908,0.114822588248272,0.38692340341344,0.493444957577493
"SMAD9",0.972559151137241,0.107742571627586,0.387124151366921,0.493659575212824
"DCANP1",0.972422392829045,0.3659692227684,0.387184316684589,0.493694822945419
"PDE6C",0.970268365587942,0.107246733376188,0.388133024999846,0.494614298994273
"DCUN1D1",0.968960020760612,0.20150658851513,0.388710246009852,0.495180700210974
"THOC1",0.968939353097428,0.15116366344614,0.388719370203513,0.495180700210974
"IL26",0.968891960839626,0.116600541698264,0.388740293254788,0.495180700210974
"MT1X",0.967090476172475,0.251321611760952,0.389536346306644,0.495862455397291
"PCYT1B",0.965756828234856,0.0987207927661353,0.390126574391754,0.49648911659831
"EDA2R",0.964277628440757,0.116782159043224,0.390782121035339,0.497198569121177
"ATP2B2",0.963916494126984,0.111977781336772,0.390942311446796,0.497289834572097
"AIFM2",0.963597213368809,0.229922077854497,0.391083983770081,0.497416176731237
"PCNX4",0.962900473874946,0.28164542792378,0.391393296951668,0.497726336653647
"MBL2",0.961991666713352,0.170245163544554,0.39179707294871,0.498114854155156
"MAEL",0.958615432335312,0.114711910149459,0.393300249500791,0.499775250201206
"ZNF600",0.958104974120061,0.101821283346768,0.393527948213803,0.500022811967208
"PRAC1",0.955372277224711,0.0972189927910087,0.39474884192693,0.501239073893692
"PRR30",0.952785621634475,0.10865577500738,0.395907482027362,0.502584389538575
"REXO6P",0.952030229234356,0.105808683011261,0.396246394413792,0.502972637195972
"SDF2",0.949450505753872,0.261486963030788,0.397405680723652,0.504191673683599
"SRP14",0.945188431508489,0.127769620103823,0.399327345972969,0.505996523709125
"PGLYRP4",0.945109613775675,0.12925356570355,0.39936295761115,0.505999488407096
"KIAA0319",0.944914291965706,0.099590899358774,0.399451220119739,0.506069156579556
"IL19",0.944372305921618,0.110944403563932,0.39969622136283,0.506337370636061
"RBM6",0.943289089511296,0.277721196014437,0.400186266613529,0.50691593725292
"GNL2",0.942388437468862,0.202497093259474,0.400594110267212,0.507348037053943
"KLRG1",0.942026427082193,0.142722568738394,0.400758139836875,0.507471805914961
"NDUFA5",0.941193131545004,0.200616611012784,0.401135929795515,0.507696007018158
"OR7A10",0.93895927534709,0.102065520017735,0.40215018732397,0.508852654033026
"ZNF624",0.938828456146785,0.166291070587051,0.402209651955785,0.508885556318101
"CCN4",0.938334047603503,0.106877590230279,0.402434455847652,0.509127627030287
"MT1L",0.937811650757696,0.177094578736911,0.402672101986592,0.509343535474682
"COL22A1",0.937557050406223,0.104496114347157,0.402787966766122,0.509447721106053
"MINDY3",0.934965661709284,0.15162256751259,0.403968882393349,0.510431934483055
"DNHD1",0.93246662152907,0.0991855316870378,0.405110498992429,0.511449482706032
"TNFSF13",0.932159989912317,0.246343563620717,0.405250763500693,0.511584096564998
"ATXN2",0.930793784053261,0.156946029238842,0.405876216761451,0.512203593436905
"LAMC3",0.929298826951142,0.153070844117296,0.406561550223548,0.512728091533271
"HAVCR1",0.928030446575727,0.110343178475053,0.407143782565312,0.513318011283457
"MAPDA",0.927985706854336,0.22437597406662,0.407164332595498,0.513318011283457
"THAP2",0.926662380683572,0.125123351411852,0.407772565273547,0.51382924622422
"PEX10",0.92404638584222,0.366800945573967,0.408977201100925,0.515219124779893
"PJA2",0.922838026704215,0.103092077556767,0.409534651257628,0.515750494892846
"SYNJ1",0.922161105361481,0.198096544934792,0.40984721445102,0.516058655188865
"TM4SF5",0.921584736128163,0.111056615803166,0.410113507167187,0.516351205977198
"CAMSAP1",0.920380925318529,0.139003421854657,0.410670159773407,0.516838115676429
"MPV17L",0.917919420743342,0.149492835921355,0.411810363968399,0.517801737513965
"GPAT2",0.917651506913363,0.428077006230337,0.411934626271398,0.517873590205493
"DDX31",0.917576862235068,0.0945423344550164,0.411969253174387,0.517873590205493
"KCTD10",0.916819291403806,0.112308850204187,0.412320821198794,0.518199045913039
"MYH10",0.916651609901606,0.647723311611031,0.412398671750266,0.518216777917196
"CYP7B1",0.914840490379748,0.12747658749725,0.413240320125038,0.519084726890359
"UGT1A6",0.914661113000543,0.0977970139903838,0.413323757452324,0.519146655379497
"ST8SIA3",0.91412673353233,0.10818966057816,0.413572407826076,0.519373177392153
"ABCB5",0.908249750473986,0.1204134542114,0.416315304751046,0.522300210745248
"NPM1",0.907926478410593,0.104726684670001,0.416466623407538,0.522446952798964
"SLC25A31",0.905343013076414,0.120535738625191,0.417677559144511,0.523462478039029
"CCDC15",0.905023694292983,0.225160027616902,0.417827436355601,0.523549448141714
"TSSK1B",0.904607644657042,0.109790082601519,0.418022783171323,0.523751069901918
"UBC",0.904211051695319,0.187413034761717,0.418209065632257,0.52394130242486
"C17orf78",0.903394248419015,0.0944039828892438,0.418592942437582,0.52433584289521
"CCDC54",0.90328019294566,0.0932587639438703,0.418646569039202,0.524359827207065
"SRRD",0.897640808934378,0.106815668944115,0.421305256500882,0.527299015790092
"CHST1",0.896991961393736,0.117334707821643,0.421612056679319,0.527596162098172
"VN1R4",0.895308874162575,0.0982182393200841,0.422408752533952,0.528462677569623
"WDR44",0.893868148595547,0.132528219089409,0.4230917202124,0.529186518709613
"CCDC197",0.892654882532284,0.0920571426463936,0.423667573863657,0.529645414165105
"A1CF",0.890250582930501,0.0921492624623599,0.424810652343227,0.530723829450886
"DISP2",0.889720091164474,0.117250192187748,0.425063208936025,0.530953698685754
"PDE7A",0.888246168075113,0.241618160685769,0.425765568120368,0.531700013136357
"SPDEF",0.887104163882209,0.159225596219902,0.426310421222445,0.53224931335284
"GNAZ",0.88605797513652,0.198676923659257,0.426810067259713,0.532785644166931
"ZFP37",0.885181824612646,0.0922700927816852,0.427228878148519,0.533264673250384
"LY6G6E",0.884446270863848,0.0916836289958256,0.427580744521326,0.533616277915668
"LYZL2",0.883155467139106,0.101390161053369,0.428198804729091,0.534299919783395
"DUSP8",0.880724072217284,0.275982843114391,0.429365005429853,0.535328068723423
"AK8",0.879518423987853,0.130683282495425,0.429944257360291,0.535906258989862
"EPHA6",0.879298466656287,0.101026292218751,0.430050005034409,0.535950215239145
"LONRF3",0.878786160764956,0.204258040536942,0.430296386664204,0.536125466851484
"PNMA5",0.877684880485245,0.246823257159834,0.430826415767963,0.536653954541664
"OR2V2",0.874540846552001,0.0980119028821407,0.432342549951188,0.538145809433431
"TMEM178A",0.872836107591529,0.0903357551474571,0.433166452320363,0.538950781877451
"EXOSC4",0.870843855768186,0.112688824351945,0.434130944127729,0.539945836498159
"RPS6KA6",0.86818980968071,0.091372261083777,0.43541856150899,0.541398535150742
"CLEC10A",0.86727232802138,0.459995407922251,0.435864407554681,0.541864294129942
"MICA",0.860905660480684,0.183731169690497,0.438968560280364,0.54501052042973
"HMGB3P1",0.858177607306331,0.161455994955712,0.44030417110044,0.546445718467072
"PON1",0.856798813164248,0.0952812305321389,0.440980465086243,0.546972588943119
"SLCO1B3",0.855145486627669,0.0902673841076716,0.44179253081683,0.5478294204583
"CC2D2A",0.853276807605919,0.0963905642751142,0.442711834854154,0.548717325547023
"CCDC177",0.853111320190527,0.0880019888506891,0.442793321904657,0.548773599505013
"MYO9B",0.852093301671737,0.213769693535831,0.4432948686309,0.549266879831277
"CCNH",0.849849424471807,0.141565620422993,0.444401986663588,0.550444926646977
"OR10G8",0.845199559958999,0.127193414848409,0.446703338919495,0.552943543731701
"FAM221A",0.843780980784149,0.113972217964026,0.447407350493094,0.553634742579249
"PPP1R16B",0.843453911682598,0.0873884147837277,0.447569795221158,0.553700597553353
"IL20",0.843197594665336,0.105018933873403,0.447697132943727,0.553813079372719
"ALAS1",0.84006189216389,0.218521183064684,0.449257310738654,0.555426809341798
"PAFAH1B1",0.839890692989483,0.180403806835054,0.449342617420287,0.5554534333784
"MLLT1",0.839080751570159,0.151002871859607,0.449746379331265,0.555730668378668
"ANKRD31",0.837826603645084,0.0949092292004303,0.450372157940796,0.556307649282295
"BTN1A1",0.837393233778249,0.0882169021872934,0.450588558112649,0.556529748377906
"ACOT9",0.836979861376415,0.127421447409135,0.450795050636225,0.556649166131513
"GRAMD4",0.836365764566658,0.0987740731405482,0.451101951829053,0.556937691460971
"PDE1A",0.835431656736884,0.101362417867757,0.451569103885198,0.55728992130186
"C5AR1",0.831285606629338,0.161218803182787,0.453647255675995,0.55953044844449
"HOXB1",0.83077187511989,0.0973365673171174,0.453905289901974,0.559715653382467
"CRYBG2",0.82991341028457,0.0950288351358095,0.454336737292104,0.560067528632433
"CCSER2",0.828762662176017,0.144334545477763,0.454915595527307,0.560735644089747
"LMF1",0.826430363866438,0.118580734977629,0.456090616105452,0.561956257776207
"GSS",0.825298821841452,0.130310563525963,0.456661564447531,0.562568576113248
"DRD1",0.823792542018255,0.0902488691107888,0.457422481580759,0.563232216005196
"HAPLN3",0.820208947819303,0.117980476931841,0.459236845796258,0.564871720387374
"FMO9P",0.819827243863985,0.0859764466910464,0.459430438767269,0.565031853804578
"LIN7C",0.81973251410924,0.204451854541948,0.459478493950632,0.565031853804578
"TRAM1L1",0.817544009646295,0.0841907063647696,0.460589807564041,0.565964967397364
"LINC00474",0.816763746881876,0.0922551457985687,0.460986538006736,0.566199585689423
"NOL8",0.814443713977972,0.0833559235812431,0.462167779009584,0.567421295162489
"CDR1",0.814040489223189,0.0880323343328696,0.462373324951064,0.567582010320105
"SLF2",0.813581338524277,0.102963660247568,0.46260746767753,0.56764997262002
"ALG14",0.811569517518741,0.172771679442847,0.463634498494348,0.568729820127858
"CD4",0.808342988224653,0.137160048238062,0.465285402150001,0.570282107986558
"CEACAM5",0.805145628491367,0.0854436112243301,0.466925957874079,0.572092701279286
"CSF3",0.804555429475467,0.085073889407088,0.467229285359255,0.572387866259348
"SAFB",0.804198147125639,0.300960651975752,0.46741298284765,0.572520670356561
"TMEM161B",0.802886617970245,0.102470657767048,0.468087796084399,0.573208728790687
"HAPLN1",0.799015910965164,0.0837481453700763,0.470083837217131,0.575328745887504
"MYO18B",0.798699951974397,0.0875061843332701,0.470247065264619,0.575460660856902
"FABP12",0.797754537842401,0.0882784192233411,0.470735742757029,0.575941204814875
"ATP6V0A4",0.796471669100166,0.0849330317155406,0.471399484857945,0.576567746961527
"RAMP2-AS1",0.795679144755268,0.0881833071229915,0.471809894607168,0.576837758436032
"SLITRK1",0.795585805060676,0.0851717904089955,0.471858249107509,0.576846864960717
"OTX2",0.794243720264081,0.0820603451188762,0.472553943424959,0.577329721369439
"KRT16P3",0.791086237956004,0.0900351280443202,0.47419384695704,0.578961145192893
"ALX1",0.790900474696679,0.103923761774337,0.474290465258001,0.579032623877633
"CYTH1",0.788079454725204,0.196894076987669,0.475759609670937,0.580639767584913
"WFDC8",0.786720044314754,0.0969460545007778,0.47646883544158,0.581365376235201
"CFHR1",0.786519551626723,0.0927294642524792,0.476573505261995,0.581446439472477
"LINC00635",0.78613036697736,0.0808749556430711,0.476776735274987,0.581584400187881
"TRIM65",0.785995165225039,0.105859750446757,0.476847352646717,0.581584400187881
"EIF5A",0.785936890613159,0.200613145375385,0.476877792631699,0.581584400187881
"EIF1AY",0.785600686262815,0.291609473253512,0.477053439894174,0.581751961663908
"CCDC144A",0.785290949612397,0.182146697931629,0.477215303861425,0.581902689314028
"RFX6",0.78453979733818,0.0937617478028067,0.477608022759807,0.582288184233698
"PRSS37",0.78404739695626,0.103662904684318,0.47786559680107,0.58255551071348
"KIR3DL3",0.782977378602021,0.206139745789238,0.478425694249396,0.583098089288733
"KLHL6",0.782600929076451,0.244122597361141,0.478622866671121,0.583288230403099
"GPR83",0.782459870240022,0.0825966506042675,0.478696765101334,0.583288230403099
"NRAP",0.782161413105352,0.0831951189411367,0.478853151136725,0.583371820423278
"OR52A1",0.780592676091535,0.0959386712792829,0.479675792323185,0.584013245508846
"PTPRN2",0.780404565522059,0.102542581300041,0.479774510514422,0.584086675944871
"TTLL2",0.778828045789144,0.0903904377408186,0.480602468402036,0.584829488545666
"SLC16A1",0.778803446272319,0.134451797494595,0.480615396360056,0.584829488545666
"ZFAND6",0.775337447540091,0.219136917908318,0.482439598853777,0.586502294557473
"TENM3-AS1",0.775159512895719,0.0834127773031777,0.482533392524411,0.586553259812265
"CDC42BPA",0.77494810495145,0.147558562177426,0.482644849091999,0.58664185302039
"PLA2G2E",0.77412999382568,0.0803003662410148,0.483076353509291,0.587072493540778
"SHISA2",0.773314245540543,0.0839811205695868,0.4835069080934,0.587454905990607
"C10orf62",0.772284638783117,0.0850695209976651,0.484050760395373,0.587833902746373
"ZSCAN4",0.772017341773691,0.084237155286517,0.484192027398468,0.587958507878945
"ARL14",0.770962291260976,0.0880907949439058,0.48474993390551,0.588452399460429
"GCOM1",0.770726995482164,0.193089146527091,0.484874424879031,0.588505207786137
"KRR1",0.769547302982198,0.104390373712406,0.485498951105722,0.589216187727701
"GOLGA6L6",0.769450353008806,0.0825787748065204,0.485550303690598,0.589218026527994
"ZNF776",0.769398154234153,0.213706290580014,0.485577954134361,0.589218026527994
"DEFB127",0.769118351679048,0.0803300711646723,0.485726190232249,0.5893038612726
"CYP2A7",0.768967109894963,0.0806125249677732,0.485806330838823,0.589337294082327
"PSD2",0.768241410347156,0.121827039402593,0.486191008893759,0.589632604725381
"HTR1D",0.768073178254712,0.0840609313432987,0.486280218610102,0.589670141078811
"RAG2",0.767648610393118,0.0823306603097624,0.486505413388564,0.589825759471722
"GTSF1L",0.763468699480762,0.081486369182196,0.488726753976472,0.591953508595823
"PSMA3",0.763142218420469,0.08329381796905,0.488900583477941,0.592068806619886
"ELMO2",0.762811311354172,0.20011442601656,0.489076817850399,0.592235070138456
"CCR4",0.761460334281198,0.105140841816194,0.489796825387157,0.593012508597077
"LAMP2",0.759695829909012,0.144130681168314,0.490738444306749,0.593904390493541
"ZEB2",0.758160931040633,0.134631065310039,0.491558659684393,0.594672189681032
"NTRK1",0.757392251819823,0.0945160912698507,0.491969817570721,0.595074921308799
"CRISPLD1",0.754935139249325,0.0997661678148386,0.493285858362077,0.596220468923002
"SRSF4",0.754136844154752,0.122246383393119,0.493714005450018,0.596567820982351
"LINC01587",0.753317556887268,0.0974300242484504,0.494153705163343,0.597004253902456
"LCN6",0.753170122398036,0.0783238063852229,0.494232862748306,0.597052456642802
"ZCCHC12",0.752654200290686,0.0778196178867659,0.494509937254253,0.59733972404787
"UBE2W",0.743349524626287,0.138853002163687,0.499527240410504,0.602300029506298
"RFX7",0.741484927202966,0.175639989292253,0.500537288631074,0.60327873557627
"GPATCH2",0.741353100781936,0.0890118379242508,0.500608756956601,0.603317059655756
"B4GALNT1",0.734900939126757,0.115795717346266,0.504116126437159,0.606966831672576
"LINC01565",0.733988719668147,0.075758556297702,0.5046134905818,0.607421399775844
"GSTM4",0.733759255965774,0.183282979058182,0.504738657638755,0.607523981430169
"KRT37",0.731982303197633,0.0861391494253945,0.50570873126522,0.608354562971165
"RREB1",0.731643045237557,0.131562725517784,0.505894097469504,0.608481290281257
"DMP1",0.728499485469589,0.0757174766390616,0.507614115611441,0.610237788553403
"ARPP19",0.728460743365851,0.231775397719387,0.507635340806753,0.610237788553403
"GPR22",0.724771336906259,0.0757078067055616,0.509659648368262,0.612138993238393
"RNF8",0.724050260912258,0.127672056638897,0.510055990488688,0.612518280428929
"IMPA1",0.723409531172678,0.128161399651388,0.510408362334268,0.612796271759654
"GIGYF2",0.722674561297059,0.157413836045811,0.510812784761037,0.613136608575048
"POLDIP2",0.721495143609393,0.0814360455129447,0.511462265299571,0.613674014254507
"KNDC1",0.718214329489455,0.08116550440189,0.513272163713696,0.615360115550483
"PTPRZ1",0.716655185417216,0.260101829152597,0.514133944461521,0.616101885381043
"SNRPD2",0.713421592910708,0.211476653503652,0.515924646888974,0.617896610680091
"EPHA7",0.713363839513015,0.0739902832152129,0.515956671424676,0.617896610680091
"HCN3",0.712117569957027,0.112507500921831,0.516648091044672,0.618529809384191
"PTPN7",0.710466801336006,0.0802158442467623,0.517564974033222,0.619383705154017
"PHGDH",0.709804510114903,0.117089024567809,0.517933165546318,0.619596647655269
"RAD23B",0.707250487262703,0.213775708238213,0.519354842116656,0.620890530532985
"SLC35F4",0.698727879366049,0.0804876486357047,0.524119584017064,0.625505032859727
"TRPM3",0.698108789191926,0.0738858561329677,0.524466938756527,0.625870464894009
"MFN2",0.693023483457348,0.186253630396763,0.527326509140961,0.628592377411486
"AP1S3",0.692861268360298,0.107432574901108,0.527417911978191,0.628625906998838
"HMGCS1",0.692570021750339,0.12888247890982,0.527582048641702,0.628749141583184
"OTC",0.691456983853765,0.0781015022813977,0.52820966012439,0.629340943332211
"HSPB9",0.691395832918914,0.0733368594959622,0.528244157130173,0.629340943332211
"DOHH",0.690681041258678,0.10217323761747,0.528647512765185,0.62972283027594
"ATL2",0.687944742814073,0.104520985362706,0.530193661068865,0.631218506148059
"RLIM",0.686433111912207,0.0705818649093446,0.531049209674804,0.631989700347009
"KPNB1",0.685000890274047,0.168162282885816,0.531860733037847,0.632806918169267
"UCP2",0.680192465784384,0.16659838935619,0.534591806941132,0.63536044075967
"HTR3D",0.678915953796827,0.0701401703852638,0.535318525230937,0.635925959358857
"DPF1",0.678410270254545,0.0711907269733313,0.535606606675789,0.636168796807669
"CPTP",0.677211936325435,0.338999639272764,0.536289725644391,0.636731528425318
"ATF7IP",0.676740355332816,0.209741909566884,0.536558724790111,0.637001177721156
"CDV3",0.676550735692132,0.132823124396195,0.536666914805136,0.637079887624425
"CLEC4F",0.675748875007768,0.277966883630746,0.537124599642699,0.637475316226754
"NLN",0.675746826101107,0.225961767754404,0.537125769471964,0.637475316226754
"CCDC112",0.673460481341813,0.0828056237284753,0.538432299490142,0.638577432008584
"IFT70A",0.672747277802034,0.0737309430954138,0.538840322920018,0.638911868935571
"TIMM21",0.672396927702853,0.101176055609115,0.539040838802087,0.639099795470659
"FOXA1",0.668804613843864,0.0687152161507726,0.541099895034501,0.641091243665059
"PRODH",0.668725646496361,0.108713345991285,0.541145220587547,0.641094999976273
"ARFGAP3",0.66664477383164,0.305646815644915,0.542340568497309,0.642260969140872
"MTERF1",0.662988478462516,0.074471274318334,0.544445443267662,0.644051516895971
"TRPT1",0.660577352704324,0.0920159959337416,0.545836649517223,0.645345857564949
"SIRT4",0.659845980143323,0.077531931517791,0.546259142925877,0.645744970510435
"TMSB4X",0.659135392653475,0.0946990963521037,0.546669850144112,0.646165469759299
"ADCY10",0.656433085776604,0.0686407658669224,0.548233722324321,0.6476154073641
"ZNF444",0.655950300484984,0.078097153296386,0.548513449492192,0.647855897784814
"PRTG",0.65405065456478,0.0757985502873802,0.549615082805439,0.649106638138163
"BMS1P20",0.652407274976525,0.109210569094356,0.550569354486151,0.649933135257808
"KRT35",0.652403898168703,0.083968595389454,0.550571316512779,0.649933135257808
"PPP1R36",0.651535698979893,0.0808991476291971,0.551075928712304,0.650276437294904
"OR2W3",0.650768444208402,0.0684306518100699,0.551522139571597,0.650550585480869
"GNG5",0.650391362830239,0.0787516843473837,0.551741530622218,0.650758895432192
"DHRS1",0.648792991155733,0.190397159498419,0.552672161960137,0.651502847770697
"CYP19A1",0.648652736834924,0.0797114062739476,0.552753875503289,0.651548669869325
"TDRD12",0.646224330506144,0.0735462358351331,0.554170024989363,0.652762585395263
"CXCL6",0.645017488387254,0.0669594420849179,0.554874746199798,0.653427089464743
"PASD1",0.644963944222998,0.0659999354408069,0.55490602711975,0.653427089464743
"PRPS1",0.644267502861248,0.165087637655993,0.555313005317125,0.653653265082262
"ART5",0.639901635268371,0.0744976633525744,0.557869001863636,0.656052565754886
"RS1",0.637036211486013,0.0654733070525509,0.559550984862025,0.657522127784089
"TAS2R14",0.635877203706356,0.129940902471921,0.560232307732307,0.658170176592733
"SALL2",0.631553610235851,0.0945640047502557,0.562778975001581,0.660294912191332
"L1CAM",0.631374637941422,0.0652418567666195,0.562884563841584,0.660367850567215
"MFSD4B",0.629192771080252,0.0832141382354147,0.564172899761501,0.661508678426314
"LINC00310",0.627659762003377,0.06786801073613,0.565079309630823,0.662074433040489
"KCNJ2",0.626294295906592,0.0862420122833906,0.565887496185351,0.662854984115487
"CLRN1",0.626239656613155,0.0677184050917237,0.565919852298493,0.662854984115487
"CAV2",0.621682266692547,0.122002848254327,0.568623077226662,0.665510645898886
"ACADL",0.618625253684685,0.0632285763051164,0.570441265740237,0.667174557361957
"DHX36",0.61362022539026,0.0889187047248386,0.573426553785306,0.669944766840819
"GUSBP1",0.612005859826089,0.0756806201798566,0.574391700734713,0.671020816160203
"PRSS54",0.609368574108112,0.0635484762554526,0.575970751649596,0.672163550365289
"TMPRSS3",0.60909892786286,0.0829193150338897,0.576132364159526,0.672279674222211
"RPE65",0.608580993983083,0.0632276042049741,0.576442873313576,0.672580433715946
"CMYA5",0.608447728255771,0.079157183649493,0.576522786291496,0.672580433715946
"TGFB3",0.607345796033747,0.099016249787172,0.577183846331411,0.673291089605043
"INSIG2",0.606683997403953,0.182948540388214,0.577581110056562,0.673660059954
"FLG",0.606276731259389,0.0649777982707197,0.577825674351181,0.673841948894469
"TMEM59L",0.606087221569425,0.0778669057925074,0.577939499014567,0.67392301035221
"RALYL",0.605970844841094,0.0674120342378864,0.578009405476367,0.673952851221696
"ZNF492",0.603420880384466,0.0744450915350757,0.579542566481946,0.675171085572042
"LSM5",0.602968838350602,0.0722647742151691,0.579814639090325,0.675347508235495
"SYAP1",0.602773023021818,0.106889644784312,0.579932521818201,0.675366704327376
"PFN2",0.602150655262127,0.0732076043248515,0.580307299424462,0.675751409620767
"NPAS4",0.600055179344308,0.0627898066575076,0.581570340465315,0.676911199892585
"ARHGEF25",0.599330707267756,0.0647640093620164,0.582007438927626,0.677316278788746
"PLPP5",0.5991725466162,0.0737697403787619,0.582102891633534,0.677375528040615
"SMIM20",0.598379780979181,0.0645613535762942,0.582581496283304,0.677812546630544
"DSPP",0.598234763114067,0.0613309642681616,0.58266907404739,0.677826916401187
"MDH1B",0.597308236960307,0.0638215144346817,0.583228818962889,0.678374292832705
"IL25",0.597101705499633,0.0737219353170702,0.583353640031639,0.678467586234412
"TRPV1",0.595434442261162,0.0727240305342148,0.584361929776405,0.679275111778505
"ADORA1",0.595087838177326,0.115544521473077,0.584571686012471,0.679416599226416
"TRPV3",0.593459731538652,0.0659710306940039,0.585557642601492,0.680302569036172
"UBR7",0.593288863992847,0.0697313887022745,0.585661181089261,0.680370883966503
"ENTPD2",0.59058562858228,0.097926070183017,0.587300835533668,0.681867857532143
"AGXT",0.589649312900543,0.0649279019671334,0.587869465055576,0.682376052162237
"COL6A5",0.588975537867752,0.0620750283085171,0.588278876374227,0.682681812430313
"YWHAZ",0.588709840096166,0.193299703611261,0.588440375987822,0.682765029222766
"LHFPL3-AS2",0.587522293177329,0.0606591674424642,0.589162561244381,0.68339441929712
"MRAP2",0.586881057233522,0.0620517598299876,0.589552759248119,0.683554247918383
"DHX58",0.586379438666617,0.148190736401433,0.589858116983235,0.683616030702446
"TP53I11",0.586010079110399,0.0838596904849997,0.590083029025578,0.683784113488341
"FAM83F",0.585394141903701,0.0851850776390165,0.590458213244376,0.684114620373341
"CCN3",0.581574687684547,0.217067360955995,0.592788233340079,0.686134671789019
"POU3F3",0.580130209642409,0.245217351554907,0.593670985089181,0.686928454945288
"ACVR2A",0.579017667589597,0.0875200609366063,0.594351467123749,0.68752545158728
"IFT88",0.577415774612634,0.18256043673326,0.595332149726381,0.688427783726097
"SPMIP3",0.57297561745173,0.0683689180797696,0.598055911000037,0.690812266025259
"CCDC170",0.572419377347975,0.0592507469862034,0.598397697232502,0.691049599780689
"OR1L4",0.571084588454386,0.0637826999233262,0.599218383512217,0.691629718917259
"ZPBP",0.570869000704859,0.0597281714282894,0.599351004322615,0.691677801922775
"PACRGL",0.56807234216607,0.171363206120825,0.601073108773829,0.693139205204154
"CELF1",0.566604965803868,0.171661459296747,0.601977949692431,0.693919552711475
"MYL3",0.56381850817471,0.0597629138435037,0.603698590888203,0.695375912309914
"RAB6B",0.563429141716556,0.076392005456077,0.603939275630035,0.695600462267614
"HYDIN",0.561810150582131,0.0601615957526774,0.6049407037832,0.696490137265115
"FBXO46",0.561343506178741,0.182434334106983,0.605229543733494,0.696654752717462
"ADAM20",0.561337448687512,0.072384575515997,0.605233293731049,0.696654752717462
"CA7",0.56073193014264,0.0592549335001883,0.605608225523969,0.696942103198526
"ZKSCAN8",0.559553641533899,0.095577915685834,0.606338235753061,0.697676620211285
"IL17B",0.555627060921502,0.0568578299164246,0.608774992773465,0.699950864905031
"ETNPPL",0.554845366050721,0.0586253424114817,0.609260837217228,0.700297695744812
"PRSS12",0.55403717053458,0.0578757003214139,0.609763410570177,0.700663539701644
"UNC45B",0.553941085887472,0.0569587019050421,0.609823177887959,0.700679275409495
"CRISP3",0.55268644726514,0.0592981771476183,0.610603937874229,0.701364402355837
"FZD1",0.550951338609912,0.112690553685497,0.611684733344845,0.702196963210029
"HPRT1",0.549178517379496,0.0729791773194109,0.612790264407004,0.70323832939192
"RFLNA",0.548784961158034,0.0581134552546216,0.613035856424371,0.703379977561683
"TENM1",0.548641592141048,0.0559962769566058,0.613125338778606,0.703379977561683
"FHIP1A",0.547566742307072,0.056303215576713,0.613796457080686,0.704021156895925
"NDUFB7",0.543671056592896,0.133394735356825,0.6162327178526,0.706282852747181
"MAGEB18",0.543089637807053,0.0572563172804352,0.616596840030106,0.706646928649424
"POTED",0.54254256548161,0.0551412893282217,0.616939574873384,0.706933171690357
"EVX1",0.541136687683937,0.427584275054875,0.617820886990808,0.707736712325737
"C20orf173",0.539649367695413,0.0579027007801785,0.618754106575982,0.708425239238691
"CIMIP1",0.537741992731031,0.165453996742633,0.619952171767081,0.709583248907486
"TXNDC2",0.537057938755262,0.0778991947167905,0.62038219197852,0.709839974766713
"USP40",0.536450286185761,0.0635059026579686,0.620764338630825,0.710085299879472
"NDUFA1",0.535882928737353,0.110204029598971,0.621121275677073,0.71033331030959
"PRPS1L1",0.535231168991201,0.111715534338794,0.6215314688166,0.710642100425747
"CDCP1",0.53398874841463,0.314226128158152,0.622313865623368,0.711269297189252
"HOTAIR",0.533670167625019,0.0641927037802784,0.622514585331922,0.711341837590059
"ARFIP1",0.532628266876101,0.087722970989477,0.623171306941532,0.711874801770212
"LINC00314",0.529771950907005,0.0540570855595917,0.624973862871882,0.71338065384022
"PLPP6",0.527654879151698,0.0695688066784378,0.626311963706179,0.714595372597417
"SUPT16H",0.527592087955804,0.100931310691293,0.626351677848736,0.714595372597417
"KRTAP4-2",0.52576375668953,0.0814375234903887,0.627508735913946,0.715647478638342
"CDON",0.525763105392645,0.0637745040702951,0.627509148319457,0.715647478638342
"KLHL4",0.523878502527236,0.0564930432675009,0.628703184737812,0.716633041035275
"TAS2R42",0.52305504089216,0.0539783065131755,0.62922534385864,0.717013264603791
"TM4SF20",0.522226709916043,0.0618300700695193,0.629750857078611,0.717404225690608
"FGF22",0.520440567591955,0.0535114712155344,0.63088493726727,0.718419927065566
"CMC4",0.519999129023196,0.105086676614742,0.63116541210591,0.718547055335601
"ELF5",0.518391926591404,0.0539976510562598,0.632187211930522,0.719418072361522
"ACIN1",0.517721279993233,0.134791460490059,0.632613880329022,0.719795891967961
"AKR1C6P",0.517003249169307,0.052969809570444,0.633070887856902,0.720261993156861
"SLC28A2",0.515141573499336,0.0551169801525979,0.634256723757025,0.721449233724521
"ZCCHC14",0.514433237985473,0.072689003645704,0.634708265543946,0.721788840706003
"MTNR1A",0.514375420053225,0.0678320217929114,0.634745131220548,0.721788840706003
"SIM2",0.514100904165029,0.0553372439099466,0.634920184723131,0.72193391919771
"TBC1D14",0.512311545344615,0.117343568987013,0.636061936325027,0.722889387939481
"FGF19",0.512288028617359,0.0606622531325613,0.636076950057812,0.722889387939481
"PI4K2B",0.510908202777545,0.0860140011660474,0.636958241800188,0.723439950806367
"IFITM2",0.510315423001506,0.130162312537996,0.637337073750568,0.723708072694589
"IFNL3",0.50891362500608,0.0541750666527622,0.638233467544493,0.724455483983927
"TMIE",0.508727440141335,0.0551638048519337,0.638352582048569,0.724520145340324
"GRIN2A",0.502372873074102,0.0548748370394718,0.642425960248818,0.727910445795263
"IMPG2",0.499802429025423,0.0641796484828973,0.644078028750136,0.729143823828221
"MAS1",0.499784082111374,0.0539129088158367,0.644089829649416,0.729143823828221
"MYL4",0.497552735450906,0.0728457527135198,0.645526003605615,0.730334731649619
"FAM50A",0.497054499183142,0.0713240159074987,0.645846943751233,0.73058913422856
"CTSA",0.495554398570437,0.198455399317893,0.646813804175789,0.731574024535579
"AFAP1-AS1",0.493113049261449,0.0571223555592512,0.648389144300922,0.732701895268867
"BDNF",0.492705081130248,0.0531111179849834,0.648652614714948,0.732945164171553
"TTLL6",0.490311786054936,0.0502803101315305,0.650199492250076,0.734256618262356
"TAS2R13",0.48688585585648,0.0548132706763406,0.652417540293443,0.736105493937435
"NRCAM",0.484636307775009,0.0522037120765751,0.653876350604415,0.737259159252072
"NECAB1",0.484119242197662,0.0545066617975031,0.654211929393041,0.737528170660443
"MYPN",0.483047926442729,0.0496159775489118,0.654907536785773,0.738202921689745
"GARIN1B",0.482722977808177,0.0502364775724402,0.655118610957754,0.73833139435642
"ATP6AP1L",0.481323751727672,0.0521889115692037,0.656027942781591,0.739118650257822
"KRT33A",0.481004022677813,0.0552946578031082,0.656235830953011,0.739244658779866
"ADAM18",0.479432737977238,0.0549762508164962,0.657258032743893,0.740084418922636
"SLC25A48",0.477470053935243,0.0538195630800756,0.658536143623638,0.741249180092391
"TP53INP2",0.475883961672796,0.0996695565201869,0.659570055196283,0.742194974381449
"GABRB1",0.475705837638941,0.054350581989955,0.65968622522892,0.742214109142666
"C14orf39",0.474244196350021,0.0529086110805869,0.66063992871579,0.742902398396165
"REXO5",0.472807245557168,0.157077782819259,0.661578287720639,0.743737625639819
"PLA2G12B",0.472292180728246,0.049317873213165,0.661914820427585,0.744060949742236
"SLC9B1",0.471878009141036,0.0485942964550771,0.662185502155399,0.744255200412335
"SQSTM1",0.469475086778511,0.155951837920436,0.663757170960438,0.745635917858349
"SLC47A1",0.468242741789363,0.134999885469882,0.664564024254665,0.746376905757695
"SLC22A9",0.466276844653691,0.0479723134822066,0.66585230253498,0.747420588003625
"CNTN2",0.466187998962576,0.0490148460920272,0.665910557521266,0.747420588003625
"DSEL",0.466149771223051,0.0562021235284557,0.665935623845945,0.747420588003625
"EML6",0.465509282910255,0.0490302360135338,0.666355677703422,0.747726492032292
"MUC12",0.463225067151034,0.0568771963396221,0.667854956533074,0.749298279524528
"GRIN1",0.461647885267924,0.0559199871731283,0.668891266728606,0.75023957404002
"LSM3",0.461231489455665,0.0528137973083715,0.669165015745709,0.750442570875836
"BMP1",0.461222474395413,0.0981715006986782,0.669170943164598,0.750442570875836
"NOX3",0.460657946800151,0.0478823233941495,0.669542179580252,0.750748172753556
"TMSB10",0.460356209133054,0.169370489644758,0.669740651094635,0.750859994238644
"GLT8D2",0.460013288627297,0.0532340055895258,0.669966250991093,0.750915366103505
"KCND2",0.456627321558678,0.0481520146969837,0.672196078221868,0.75289129161866
"TNKS",0.455408852943642,0.122375257963439,0.672999508157326,0.753569173910809
"DMRTA1",0.455114504355348,0.0546339177801226,0.673193674601072,0.753731090578893
"ADA",0.454932356859765,0.169681651692916,0.673313843367607,0.753758794330188
"OR1F1",0.454681383290842,0.0558718009568159,0.673479438446917,0.753799751288863
"BRSK2",0.451566596481979,0.0526650040583518,0.675536482220776,0.755418430580641
"MIER3",0.449767830502164,0.0546970539889966,0.676725985254087,0.756516376341088
"GABRP",0.449221492952116,0.115766866572641,0.677087499737301,0.756753633865281
"KRT15",0.448805714597818,0.173363937645715,0.677362693533807,0.756949948068347
"ZNF562",0.448218264769582,0.0624537807371859,0.677751617163,0.757273278511123
"SSX8P",0.447544059042015,0.0462896618447069,0.678198128703935,0.757716510529639
"ALKBH1",0.447167647068468,0.0596270285417724,0.678447488082889,0.757883751929233
"KICS2",0.444935835570416,0.116894414680162,0.679927012335728,0.758867606311591
"PRDM14",0.443817024723128,0.0576151238672529,0.68066936208379,0.759619623114512
"LINC00479",0.443264369019307,0.0467776290921358,0.681036221156095,0.759826780965585
"PIK3AP1",0.442545150902909,0.0995857479643654,0.681513807204307,0.760120273300349
"CDX4",0.440798570276065,0.0465540619784594,0.682674354699799,0.76115187582658
"CYP4X1",0.437384677175308,0.0488935894466782,0.6849458647508,0.762810623159221
"CLEC3A",0.436710508257977,0.0453753081148136,0.685394919472536,0.763233941227087
"ASTN1",0.435259986447749,0.0508756867655001,0.686361629017496,0.763918885692189
"IFT81",0.433455792593913,0.0492698587293322,0.687565066170524,0.764810527086113
"LMAN2",0.432843581669777,0.0805889544889859,0.687973680980049,0.76515955898488
"CFAP47",0.432740025386662,0.052413392352077,0.688042811552412,0.765174045929732
"GJB3",0.43202849029669,0.0460981039490202,0.688517908016792,0.76553446009061
"RPL36",0.429890929380045,0.157649091273817,0.689946223439324,0.76695432834334
"IGSF3",0.428769374713257,0.0495181685303917,0.690696275200926,0.767563679448716
"KIAA0408",0.427956024724441,0.046296391943948,0.691240482586858,0.767872689104013
"LINC00589",0.423077816567575,0.0499343815928613,0.694509221529648,0.770674661876897
"MRPL27",0.42218428493511,0.0474394102874312,0.695108830982318,0.771283751756829
"BPESC1",0.41987268064781,0.0443911532096277,0.696661306277296,0.772724465455847
"TFAP2D",0.418885363108218,0.0479281557908696,0.697324942229301,0.773115192952734
"CFHR4",0.417983392002566,0.0429065839001923,0.697931500163227,0.773535202784251
"GALNT10",0.416537582634874,0.0784433902995267,0.698904352283199,0.774308835836154
"GRID1",0.415745432418789,0.0458641007201151,0.6994376711167,0.774786809115214
"TEAD2",0.414863506905774,0.0465794593596893,0.700031680189559,0.775242761236579
"ABCD2",0.41478609317335,0.0498671498846612,0.700083833660954,0.775242761236579
"PURG",0.414755920976119,0.0459426705178532,0.700104161153549,0.775242761236579
"MYOZ2",0.413752371601532,0.0440212317207186,0.700780442738815,0.775765684464398
"MYH6",0.41345925838889,0.0421748323254011,0.700978032521744,0.775927936428465
"SCFD1",0.409971601767576,0.0605624523033163,0.703331295316558,0.77757068473206
"TTPA",0.407992892875775,0.050474715675481,0.704668215054901,0.778652489613815
"PDZRN4",0.403515009666804,0.0414990286401685,0.707698504905602,0.781206275865892
"KRTAP15-1",0.402158736948293,0.0418136045591693,0.708617633535807,0.781937089741152
"LTBP4",0.401065964960499,0.175673709777155,0.709358631224752,0.782527641351083
"SLC16A12",0.398374917919147,0.0531324823353648,0.711185072523011,0.78420117335629
"NDUFS4",0.397606339498479,0.04390943726703,0.711707149330167,0.784549313352652
"RPP25L",0.396126420354464,0.204569169200384,0.712712965157382,0.785367383466751
"SMTN",0.395185297137069,0.0989506283549823,0.713352963087744,0.785737079933252
"SLC2A3",0.392934991852984,0.14052897783984,0.714884417276518,0.787309886156947
"ASB11",0.391561632046517,0.044279272167239,0.715819867714863,0.787710405698619
"NRXN1",0.391477331783568,0.048148493543799,0.715877307834706,0.787710405698619
"DTX3",0.389898858434289,0.042091019465577,0.716953263388583,0.788674519321053
"OTOR",0.389134798342049,0.0427618835525673,0.717474367565276,0.789133592386832
"C9",0.388416032383691,0.0417154524216,0.717964751314234,0.789577216110064
"PRDM16",0.387772903513444,0.0401245653384761,0.718403671459061,0.789762418125291
"CRYGB",0.387374143132147,0.0394166540260502,0.718675882448271,0.789940938152161
"CYB561",0.38654484491829,0.0466874699638101,0.719242159949782,0.790449108868065
"CA3",0.386341667585182,0.0455978287847659,0.719380930956424,0.790544490063249
"GBP7",0.385144659943663,0.0396835182457422,0.720198759811011,0.791100233962142
"ANKRD30BL",0.384745113503557,0.0422114989412013,0.720471842687412,0.79120836105946
"TBC1D32",0.382593492646146,0.0520980263313511,0.721943309855375,0.79250136107121
"PRSS58",0.381759356171343,0.0392430227893866,0.722514160637309,0.792956293207201
"FAM184A",0.374743690539451,0.0393562410578346,0.727324089556778,0.797199621908431
"ZNF423",0.374583421726792,0.0382555393585669,0.727434149862826,0.797205343454195
"ZNF223",0.373739249464292,0.0552300464846162,0.728013994702059,0.79774417156002
"IRS1",0.36925930049621,0.0651439464865021,0.731094885650329,0.800179274629018
"AP1G1",0.366778758232418,0.0706591543010656,0.732803438606475,0.801357208192082
"CYP4F30P",0.364710474508046,0.0462571492411448,0.734229479689764,0.80262808561831
"KCNJ3",0.362287238705446,0.0389243245012912,0.73590191607301,0.804225089080076
"TMPRSS12",0.361469154542698,0.0369761200132103,0.736466934013596,0.804784733238396
"SHISAL1",0.360406345646107,0.0393671081252739,0.737201276838941,0.805297875173583
"MORC1",0.358551118430319,0.0505799539667583,0.738483956614847,0.80635828216065
"TACR1",0.354777087965194,0.037402235261886,0.741096471208547,0.808166262321633
"GALNT17",0.353522993463081,0.0671053810852332,0.741965543710974,0.808933399437701
"HEY2",0.352842471969492,0.0504632771070652,0.742437333417126,0.809215721823812
"MCHR1",0.350342696937988,0.0387551462721722,0.744171551574713,0.810465395717973
"UTY",0.350287768344431,0.0421678295713695,0.744209679088627,0.810465395717973
"DENND2A",0.350093576177214,0.0405690608875356,0.744344480610167,0.810488078088173
"PCDHB17P",0.350084471076223,0.0408976087218545,0.74435080133203,0.810488078088173
"LINC00113",0.349128537187337,0.0364180334964978,0.745014542955911,0.810894650724193
"LRRC31",0.349040969481792,0.043347466467787,0.745075358081843,0.810894650724193
"LRRC52-AS1",0.349009176265282,0.0366628471589399,0.745097438796678,0.810894650724193
"PGCKA1",0.347602951859305,0.0364499477967947,0.746074374317299,0.811667435769188
"PRPH2",0.347469952920584,0.0359455431476887,0.746166801809969,0.81170992288455
"GALR1",0.347034507212156,0.0509355891634168,0.746469450822727,0.811748831470292
"SLC44A5",0.344682684570548,0.0368938156720578,0.748105006581812,0.813004211811933
"CCNYL1",0.342196962575159,0.0620400493184535,0.749835439269561,0.814166882955646
"SLC2A12",0.34185663857282,0.0399942938775022,0.750072495482396,0.814327706403218
"HIPK4",0.341666724143514,0.0381057007531312,0.750204796974155,0.81441320239724
"AQP12A",0.337282421062155,0.0406849293798487,0.753261968195081,0.817265321560305
"KLF17",0.336623085920881,0.037279430330663,0.75372220127873,0.817589674539724
"STUM",0.335763983629254,0.0344134069359174,0.754322064126523,0.81812365933791
"EFHC1",0.334792227364801,0.0363681591307969,0.755000841577441,0.818684691530105
"CENPBD1P",0.332731477668458,0.0819458371308148,0.756441179045951,0.819855295583556
"TRMT9B",0.331029665567531,0.0341260744877956,0.757631551375935,0.820718044969387
"ODF2L",0.327328559218839,0.0408111118196929,0.760223202138334,0.822412466789002
"CAV3",0.325030772905173,0.0354014380454253,0.76183413178674,0.823686440794308
"DTX3L",0.324562961223023,0.0504010237366107,0.762162285376494,0.823982656999056
"PIP4P1",0.323074204840366,0.0823891295416897,0.763207001383617,0.824818936685762
"RBM43",0.322048594592077,0.0781011757498713,0.763927068341494,0.825421162013317
"MATCAP2",0.321936742038159,0.0366022611282124,0.764005616111828,0.825447386319173
"CASP3",0.320379935739131,0.0618863832580867,0.765099232713678,0.826368919759295
"EPHA8",0.320018427554342,0.0338010018939855,0.765353278615589,0.826433730558497
"GPR26",0.318922927905459,0.0381132410045499,0.766123348530733,0.827030372264012
"SLC26A4",0.318830694554645,0.0378487156596513,0.766188198041694,0.827041671929738
"PIP4K2A",0.317770098490396,0.138793525563531,0.766934073572986,0.82755309996438
"GRHL2",0.317244207634108,0.0326622499765215,0.767304026181601,0.827717380491544
"GARIN2",0.316892172439254,0.0325007381126782,0.767551717416328,0.827925847114513
"GUCY1B2",0.316667422134146,0.0360609398745207,0.767709868968777,0.828037708317529
"LPA",0.31113151054688,0.0373708133874764,0.771609692746242,0.831039721111508
"KRT73",0.310056666681723,0.0337936151825975,0.77236783574771,0.831646137500083
"EDDM3B",0.309739672629778,0.0323638701954316,0.772591487260739,0.831828059345934
"CDHR3",0.305551973448825,0.0314963165177243,0.775548588985534,0.83389019664112
"SLITRK2",0.304178296072095,0.0316115000708522,0.776519612035009,0.834816220827684
"TAAR9",0.303665107089878,0.0313516459746142,0.776882502194513,0.835029266617722
"SETD5",0.301929518792165,0.0335387600303008,0.77811029854376,0.83597176439313
"TMEFF2",0.295867881029406,0.0310447831337231,0.782404618259085,0.839362968008195
"CTDSPL2",0.294551869431749,0.0764713531938596,0.783338193640031,0.840245961974721
"LINC00905",0.292723243136777,0.0372296014474166,0.784636154754451,0.841222886253486
"ANKRD42",0.288405641212669,0.0354103754595924,0.787704175548936,0.843943928603363
"SKINT1L",0.286819562751768,0.0312099751949661,0.788832402533664,0.844768902030277
"ARHGAP44",0.285429720427237,0.0437787805756234,0.789821559997067,0.845649555367178
"ELOVL6",0.283249453536117,0.0433703888620626,0.791374238780768,0.84701382387064
"MEN1",0.281874297507738,0.0316334299290467,0.792354164962245,0.847525822249671
"TMEM87A",0.280044933365221,0.0484168699992978,0.793658481238262,0.848711552845033
"SLFN5",0.279838406570158,0.0513837745391216,0.793805784342348,0.848780030111681
"HTN1",0.279418139968415,0.0288044968511563,0.7941055675257,0.848981193035561
"STC1",0.276170707094247,0.0300099915299233,0.796423473340169,0.850980691530758
"C7orf33",0.275203526617868,0.031767680892644,0.797114309970875,0.851479555105504
"TBCK",0.274915130559997,0.0346092633838868,0.797320349094034,0.851639827856585
"WNK3",0.274673367790408,0.0355607200550564,0.797493087457734,0.851764511135418
"PCDH15",0.270912644680855,0.0294632747536384,0.800181920093515,0.854036538759363
"H2BC21",0.270339857481403,0.0764857336795609,0.800591747710995,0.854354031239128
"DCDC2",0.268861107933445,0.0278338709474455,0.801650150312715,0.855243457450422
"GNPNAT1",0.266558001374045,0.0272142500585393,0.803299612533142,0.856582562572151
"IGF2BP1",0.266477929969748,0.0278665579988723,0.803356981420278,0.856583676185906
"AQP7P2",0.265687879787249,0.0286635101102106,0.803923110843999,0.857067134224714
"MYH1",0.265187922062316,0.0280344989736556,0.804281443344061,0.857280789144709
"POU2F1",0.263515704019528,0.0421322355105126,0.805480390282871,0.858366321590772
"USP29",0.262713153274107,0.027213596369178,0.806056035009509,0.858919575422128
"GABRQ",0.261470898036729,0.0300787675113189,0.80694736144065,0.859508017424668
"CFAP157",0.261279907383552,0.033062459433124,0.807084430255962,0.859593564303987
"TPT1",0.259877565444913,0.0553359669971045,0.808091111360598,0.860364717276111
"CAPN11",0.253172572601598,0.025812074366104,0.812910563248271,0.864145956876778
"RIOX1",0.25311844103466,0.0640032584410586,0.812949513745138,0.864145956876778
"SRARP",0.248016803317075,0.0299147625129985,0.81662335222271,0.867143851294972
"NDUFA6",0.248014403975323,0.0408126071074587,0.816625081420738,0.867143851294972
"PGRMC1",0.246312284609294,0.0314265751204046,0.817852113505056,0.868022537663822
"RPUSD2",0.244845223245192,0.0409705614500301,0.818910206728244,0.868599973770619
"PKD1L1-AS1",0.244200816091319,0.0255135407611759,0.819375123324094,0.868971888111075
"GDAP1",0.243196832685762,0.0330320615012069,0.820099641586223,0.869558345481648
"RIPK1",0.241737425739521,0.0320600482919397,0.821153203596432,0.870554055091986
"CASQ2",0.241231800172862,0.0250976922298998,0.821518327738282,0.870809181516025
"B4GALNT2",0.240437783684662,0.0302595708899923,0.822091816986721,0.87130617832142
"PHEX",0.238269416321978,0.0255231288927572,0.823658639266861,0.872669076183603
"DNAH5",0.23549153208199,0.0274263570515569,0.825667351151044,0.873999378875554
"SYT10",0.233554693706263,0.0243730923460047,0.82706886004084,0.875117457976838
"SMPD4",0.233401511173606,0.0356265305800985,0.827179737525222,0.875173886759675
"DISP3",0.232729294278586,0.0247121231733318,0.827666363553973,0.875566921044019
"ZG16",0.228505505065682,0.0234574324879869,0.830726164909692,0.878253980948668
"RANBP3L",0.221594583302925,0.0272515803328635,0.835740453310061,0.88183867438697
"DBNDD1",0.221243574040103,0.0238602552434453,0.835995388352041,0.88186445470618
"CPLX4",0.219555130494,0.0228921205288256,0.837222033175946,0.882857030008157
"LAMA3",0.215665713546719,0.0264901689341037,0.84004981387815,0.884852948481646
"SEMA3D",0.215016460853843,0.0230701066119159,0.840522138002303,0.885226074233397
"STH",0.214420687938876,0.0241262824804062,0.840955628219744,0.885375783590575
"TAB3",0.214054745788353,0.0329449262566753,0.841221925418951,0.8855948388323
"FAM185A",0.213936012920095,0.03326701479339,0.841308333250293,0.885624498655116
"UNC93A",0.213265828998766,0.0237993938215398,0.841796110589419,0.885779505584658
"HTR4",0.213253548324139,0.0221444893158271,0.841805049593311,0.885779505584658
"ANO9",0.212762668857272,0.0293462066963217,0.842162380581464,0.886094194263381
"RBM46",0.212632059589379,0.024026854067989,0.842257464152955,0.886132930808588
"INSL6",0.208999163908427,0.0236534374840667,0.844903520426971,0.888363712572828
"TENT5D",0.206119407561517,0.0211223081832127,0.847002796304543,0.890017171712809
"AXIN2",0.202721173608288,0.021431216440854,0.84948202139474,0.89182124681563
"ZNF528",0.201023694485007,0.0580655509609745,0.850721236614168,0.892875677462268
"STX6",0.199220739719177,0.0815121346908118,0.852038028324417,0.893825918104279
"WDFY4",0.19777117899472,0.0398159691414167,0.853097144857299,0.894628422216922
"TEX44",0.197149509390385,0.0209681381989822,0.853551481486965,0.895043158688117
"ELOVL4",0.19664813206236,0.0207778905272749,0.853917955027938,0.89530398207962
"LINC03040",0.196072899046104,0.0212881766306329,0.854338467535759,0.895559650832908
"IRX2-DT",0.192144649384595,0.0249585010280149,0.857211704241047,0.897705247080143
"PPFIBP1",0.19184847319416,0.0414045758134667,0.857428446281154,0.897870399438393
"ZIC1",0.190358097662572,0.0194370488437964,0.858519336793875,0.898540310173974
"LRGUK",0.190328711576413,0.0193409904272049,0.858540850022226,0.898540310173974
"ZNF787",0.188478700984965,0.105898439077542,0.859895522901224,0.899201532878854
"PLEK",0.181601222254778,0.0448374275265306,0.864936680969768,0.902934997541752
"GALK2",0.178571971845432,0.0271333141060178,0.867159613267325,0.904572563177822
"PGK2",0.175811980240934,0.0186682696538924,0.869186262944601,0.905859232775959
"C11orf87",0.175756558385178,0.0180916723710915,0.869226971587295,0.905859232775959
"SEMA3E",0.175261105302542,0.0179259418017678,0.869590915346425,0.906085179224069
"POLR2L",0.175055880353617,0.0640136342218377,0.869741678479284,0.906085179224069
"DPY19L2P2",0.173786741063582,0.0193517841081893,0.87067416810007,0.906746062347865
"SPATS2",0.172761334329911,0.0291183730730188,0.871427764604359,0.907344477892859
"CLCA3P",0.170522806526827,0.0196598748292896,0.873073490524363,0.908446220512299
"PTPN2",0.166332342420186,0.0325912741802902,0.876156343991049,0.910383951368323
"TSR3",0.166241459307179,0.0767882159067618,0.876223235099838,0.910383951368323
"RAD21L1",0.162635818076612,0.0184838975792625,0.878878042508784,0.91229112487022
"GABRG2",0.161204679729643,0.0183910301142766,0.879932320285172,0.913011579920646
"ZNF101",0.160395471457895,0.0669540469417993,0.880528574879241,0.913443285590962
"TGM3",0.160142534422679,0.0216462817008542,0.880714968081705,0.913464983676174
"BOLL",0.159534110635588,0.0163326899590739,0.881163363522123,0.913727835295544
"SH3RF2",0.158281754518466,0.0172891972992414,0.882086494221451,0.914498016505545
"FGFR1OP2",0.158173946027196,0.0466840046114015,0.882165972200097,0.914518071248744
"GDF3",0.157734523378251,0.0204818424713566,0.882489938419976,0.914706944062402
"PLA2G10",0.157554978071429,0.0168593216630569,0.882622317033171,0.914706944062402
"RDH10",0.157518930301908,0.0487612352722404,0.882648895588884,0.914706944062402
"CHGB",0.152123250950795,0.0173650899813173,0.886629311566596,0.91789370798535
"GEN1",0.151246781864696,0.02906436506769,0.887276275678182,0.918375934153256
"PBLD",0.147227481097458,0.0244438541088521,0.890244478305177,0.920864918603938
"C6orf58",0.145777429387186,0.0166627211746283,0.891315864944015,0.921785134835864
"SLC52A3",0.145183463377435,0.0148038320376857,0.891754805115019,0.922070103086022
"SSX3",0.144266381823062,0.0148677239435699,0.892432620112838,0.922394677631918
"PRRC2B",0.143289962643222,0.0591470506145479,0.893154414715681,0.923015244563474
"SERPINB6",0.142965380085302,0.0313160808847438,0.893394382626435,0.923137774900314
"ABCA5",0.142498824526625,0.0174492068049024,0.893739337308162,0.92343147236786
"ELL",0.142123263021124,0.0188152701745228,0.894017035031594,0.92353016361639
"CLDN18",0.139802081534177,0.0238280090385218,0.895733772532069,0.924738253524384
"POM121L9P",0.137224977551792,0.0147542320405988,0.897640604835685,0.926203834611649
"KCTD4",0.136439597407722,0.0147829686648315,0.898221886038214,0.926615007656299
"FUT8-AS1",0.135377868547539,0.0165999604606109,0.899007824171832,0.927237096643284
"FDXACB1",0.13351797381572,0.013923704738735,0.900384939417347,0.928468548864864
"HOXA13",0.129404405646534,0.0141025826899806,0.903432244944808,0.93085349465587
"SYT5",0.129119966518801,0.0139429627522066,0.903643031414692,0.931007602584827
"CDC23",0.127892606588119,0.0276135977006884,0.904552689595262,0.93169233344834
"GRIK1",0.127114937950942,0.0138389624011053,0.905129151501262,0.932096704769176
"LINC00689",0.126841991173838,0.0130121243768029,0.90533149549972,0.932178834364234
"XG",0.124468983566283,0.0132370807707119,0.907091047755017,0.933611305783588
"KCNH5",0.123895855719122,0.0126694200928244,0.907516112084219,0.93398558791208
"PATJ",0.122676497087534,0.0163107430672413,0.908420583504995,0.934789920423842
"WNT6",0.119001239758935,0.0425102195927973,0.911147759957269,0.936708925399186
"NDUFAF1",0.116385095974051,0.0142525625087384,0.913089947608661,0.937944743210572
"ZBTB6",0.115609205594529,0.0172777228619143,0.913666100606943,0.938473190465379
"FGD4",0.115033601055624,0.0213762103192889,0.91409356915934,0.938785453793574
"VTCN1",0.113465289206942,0.0140115875424436,0.915258443939281,0.939347443341112
"HOXB7",0.112795781663732,0.0663579869452652,0.915755804692601,0.939505863425843
"MAVS",0.108493548642301,0.0163566281248148,0.918952938619066,0.942064075446715
"ARL6",0.107478792769688,0.0124082113022574,0.919707313000291,0.942704644881608
"MYH7",0.106598933373797,0.0110202005702281,0.920361488149241,0.943311208386574
"AFG2A",0.106223242607257,0.0110826549628792,0.920640837552943,0.943470745114903
"EPGN",0.103737936242903,0.0122387275339615,0.922489166566203,0.944893218803131
"DLL3",0.103688496505164,0.0106082434675255,0.922525941135513,0.944893218803131
"PLCZ1",0.102763360281783,0.0124066891479417,0.923214125080647,0.945279769354776
"SLC30A8",0.102454084844866,0.010745711941256,0.923444205075529,0.945451694546159
"TAAR1",0.101981700437586,0.0103695727859331,0.923795644727341,0.94568417912045
"BARHL2",0.10152765666554,0.0119614007148583,0.924133459498393,0.945902655273359
"SDCCAG8",0.0993306080963449,0.0194197681065931,0.925768367749427,0.946875064680428
"ARHGEF28",0.0973298006631035,0.00991180070672906,0.927257634710279,0.947952010531993
"KIF6",0.0966164384925745,0.0103996029439115,0.927788701985991,0.948367427060287
"KDELR3",0.09557749133942,0.0170359831895773,0.928562235164191,0.948966767850079
"GREM2",0.0949856431000397,0.0105407273107049,0.9290029303786,0.949353350705399
"ATXN3L",0.0919643467654548,0.00948780012700511,0.931253093036379,0.950886064112881
"SV2A",0.0845872610080201,0.00903384244220613,0.936750547488026,0.955280783624884
"PRB1",0.0841543792549389,0.00866467666012599,0.937073271189403,0.955417692963827
"ERG",0.0838801330545753,0.00906596126423585,0.937277735925068,0.955562097469225
"LSS",0.0822624406635164,0.0106446582007584,0.938483928699918,0.956420785627723
"L2HGDH",0.0789715805812472,0.00933386489761255,0.940938295208692,0.958215061644099
"SLC25A51",0.0780624051968305,0.0157860804820452,0.941616512576169,0.958601877812062
"RGS6",0.0764525338771468,0.00833659424427216,0.942817575610948,0.959164906981707
"SLC36A2",0.0710963664271903,0.00742093330418516,0.946814919285655,0.962228561825259
"UQCR10",0.0670337581387307,0.00973429130823766,0.949848152691201,0.964305120569278
"ANKRD1",0.0651172272886881,0.00707192158762569,0.951279440808764,0.965242709889224
"CSN1S2AP",0.0635580049535279,0.00650728548433044,0.952444052338786,0.966102124189172
"TMEM61",0.063081304680256,0.0136146019553797,0.95280013752057,0.966334410897821
"BAIAP2L1",0.0626869618833085,0.00640374436055789,0.953094713542481,0.966375385262621
"NHLRC2",0.0621177483873579,0.0114361910321151,0.953519934944023,0.966735720734906
"LHFPL1",0.0595468343892651,0.00644075089814132,0.955440725728256,0.968237659550564
"ADPRS",0.0585784804408946,0.0144876005008771,0.956164302464191,0.96858367494008
"POU3F2",0.0582868732255866,0.00699481303237413,0.956382208332706,0.96873988439615
"C1QTNF9B",0.0575511693277847,0.00608581426613718,0.956931989674418,0.968996773604329
"SPAG11B",0.0574359179840782,0.00613049736309126,0.957018118065296,0.968996773604329
"SLC5A7",0.0519646915658199,0.00545753271611145,0.961107613874685,0.972166584090869
"ARHGEF5",0.0485697399211022,0.0157553549729481,0.963645931334854,0.974280502841408
"XRCC2",0.0473194088480108,0.00518057621387064,0.964580905869278,0.974836949525517
"FAXC",0.0467510001251154,0.00500590482707938,0.965005974511738,0.975201731701409
"GPRC5D",0.0463804285920859,0.00773355575986949,0.96528310376616,0.975401199083756
"SRCIN1",0.0450575185292849,0.00477687995189751,0.966272480987649,0.976222141158584
"SLC6A3",0.0424638146200448,0.00435040134513851,0.968212471686588,0.977273197677681
"APOBEC1",0.0413663262994189,0.0044049712384628,0.969033432443677,0.977893567877707
"BCL2L10",0.0389073554972401,0.0043129850389171,0.970872999138037,0.979002325623911
"SUZ12",0.0373959980832833,0.00654605621033486,0.972003762716557,0.979734439514409
"LRRN4",0.0372353874857782,0.00412612695194585,0.972123932722818,0.979790626870476
"RAI1",0.0353600386542587,0.0148937584474323,0.97352714799961,0.980800222032923
"SPATA31E1",0.0343567139875336,0.00367968524202477,0.974277926310851,0.981120831983865
"GNA11",0.0343507298243813,0.00678383134817982,0.974282404301705,0.981120831983865
"GREB1L",0.0336280727949391,0.00342712987257118,0.974823182016785,0.981470437081183
"PARD3B",0.0327675256240242,0.00348453470372658,0.975467166992887,0.981728851540456
"SERF1A",0.0326700694578378,0.00363513283467287,0.975540099140869,0.981737283465745
"IGSF11",0.0313978409579749,0.00324954309146878,0.976492208554949,0.982500397466336
"POC1A",0.0286957223358886,0.00395235566814727,0.978514574136177,0.983819228048591
"CDH17",0.027190384766651,0.00279558150728515,0.9796413110994,0.984626598321305
"GRPEL2",0.0118632324037355,0.00191404191819972,0.991116340322825,0.993664533168272
"MST1",0.0112436686928042,0.00136373927384815,0.991580269004297,0.993998598050052
"DBF4B",0.0072450136781213,0.000780289207517939,0.994574545718141,0.996277808673527
"GLIS3-AS1",0.00650124476812593,0.000701622939840939,0.99513150929223,0.996639492234204
"FAHD2A",0.0042699916106176,0.000754544612127368,0.996802378647997,0.997615451278492
"MIR1915HG",0.00167673799275792,0.000219356644112512,0.998744355725248,0.999072825223283
"UBA6",-0.000643623087734499,-0.000139655138336822,0.999518015304519,0.999583742799443
"LINC00598",-0.00141350792736862,-0.000152476198467253,0.998941478366763,0.999204288542603
"SEPTIN3",-0.00253859675659422,-0.000272225813261063,0.998098944455,0.998492879046944
"AGAP1",-0.00265235897453428,-0.000721112622931899,0.998013752637426,0.99847333399842
"GABRG1",-0.00423541102059632,-0.000679308820307669,0.996828274436347,0.997615451278492
"CIP2A",-0.00436571852718151,-0.00050861841260806,0.996730693257475,0.997615451278492
"PTPRJ",-0.00554990238306091,-0.00103651770091428,0.995843916972343,0.996920735004134
"SLC26A7",-0.00589672926164316,-0.000626653402346207,0.995584196920828,0.996895211138527
"SOX7",-0.00641279191488085,-0.000655810494226938,0.995197746519504,0.996639492234204
"MAGEA2B",-0.00649875755334375,-0.000811124037050035,0.995133371822914,0.996639492234204
"ZNRF3",-0.00696765107057043,-0.0007952876564586,0.994782245387573,0.996420232355543
"BBS9",-0.0113144479899401,-0.00154678889514878,0.991527269328422,0.993998598050052
"DLX2",-0.0119458458461457,-0.00125684927204708,0.991054479779306,0.993664533168272
"EMC7",-0.0122245957004612,-0.00254686173835699,0.99084575381437,0.993589754978831
"SERINC3",-0.0151988538718729,-0.00175814578768435,0.988618709560672,0.991945195948981
"STAG1",-0.0179920801837612,-0.00383307932234932,0.986527331770572,0.990238773781721
"FBXW10B",-0.0182265054648739,-0.00196199980626931,0.986351815792664,0.990193307450976
"S100PBP",-0.0235636344706115,-0.00382930616484274,0.982356145641354,0.986898682977521
"MIAT",-0.0242549838597405,-0.00776107528248578,0.98183860636725,0.986574266642427
"KLRF1",-0.0288644795742966,-0.00782669854916924,0.978388264014836,0.983757270686786
"LURAP1L",-0.0301901488965002,-0.00347466960644076,0.977396064461816,0.983198962835511
"TMX2",-0.0308567385266299,-0.00525933936041541,0.976897172978989,0.982842829231573
"ELP1",-0.0380879627600761,-0.00945061171918334,0.971486040173346,0.979277503742046
"DYNC1I2",-0.0383467772669161,-0.00532183732191954,0.97129240157589,0.979182075882285
"TESPA1",-0.0398023118925625,-0.00489678130298481,0.970203452071718,0.978698202381712
"FOXH1",-0.0421887468411895,-0.0145489912507948,0.968418227820594,0.977351145311274
"KCNQ4",-0.0448642793997574,-0.0112843721151913,0.966417006807302,0.976289041965878
"TLCD5",-0.0463155395207164,-0.0330639271197382,0.965331631207891,0.975401199083756
"UBE3D",-0.0522626033308827,-0.00567010044467426,0.960884899256394,0.972005956358337
"GPR4",-0.053151875929613,-0.0070628854934568,0.960220117638154,0.971591985964141
"CNTNAP4",-0.0549504177383269,-0.00579068944809104,0.958875727046428,0.970425371459512
"ILDR1",-0.0575745932522704,-0.0341749684289726,0.956914484847494,0.968996773604329
"EYS",-0.0580228528744755,-0.00637301606555833,0.956579503702652,0.968810674767576
"ROS1",-0.0589040724797458,-0.00603057809195595,0.95592100668072,0.96858367494008
"SLC35F1",-0.0590386487492884,-0.00693983595189356,0.955820447457307,0.968557926767772
"LOC100129034",-0.0627685163445442,-0.00865028212415758,0.95303379120466,0.966375385262621
"CPA1",-0.0643259347245137,-0.00660849980547275,0.951870453300057,0.96564911305365
"SLC31A1",-0.0655752100837805,-0.0174713952860549,0.950937393160402,0.965024414465728
"MTUS2",-0.0671152560582288,-0.00692702328741729,0.949787294139795,0.964305120569278
"SSX1",-0.0710444723020759,-0.00728087897896925,0.946853657792938,0.962228561825259
"TMEM134",-0.0713454176586204,-0.0079691288113555,0.946629007232831,0.962193152118493
"CER1",-0.0727160846723081,-0.00830411434324168,0.945605904682664,0.961345985588204
"YTHDF3",-0.0742353690641301,-0.0112995507943769,0.94447201972282,0.960514275507868
"DPYSL3",-0.0773710911836143,-0.00870142486852756,0.942132252389495,0.958904249386926
"CYP2C8",-0.0780227824583389,-0.00808318685520324,0.941646071319989,0.958601877812062
"KRTAP1-3",-0.0803221910735834,-0.025132128894052,0.939930893547661,0.957496753236843
"FAM217A",-0.0809508448603699,-0.0087557151513693,0.939462035999956,0.957186510721572
"NUSAP1",-0.0822444699038711,-0.0269966709877562,0.938497329295273,0.956420785627723
"MDFIC",-0.0823724217299156,-0.0173339737620639,0.938401917584871,0.956420785627723
"CLDN8",-0.085047829062034,-0.00934720988090144,0.936407199258248,0.954994681217774
"CAPZA2",-0.0863032280762583,-0.0165584817484653,0.935471399509307,0.954168279258051
"TXNDC16",-0.0866887907476306,-0.0166388012361701,0.935184018747894,0.953939134557514
"PLOD3",-0.0878016650250181,-0.0160480372409483,0.934354600951408,0.953412826843063
"CORO1C",-0.0909044415120278,-0.0273445367287107,0.932042662819499,0.95156450162184
"ATP13A2",-0.0926816611234245,-0.0231560532253751,0.930718788865305,0.950659637387572
"LOC650226",-0.0985043701321044,-0.0135346669085605,0.926383319385176,0.947304749260372
"CCDC62",-0.099479851062017,-0.011234230931894,0.925657296059599,0.946825138449986
"EEF1AKMT3",-0.0999843056572776,-0.0249363158570221,0.925281879110833,0.946757682021346
"PKD1L1",-0.101877624957332,-0.011495848486268,0.923873076578726,0.945699787885122
"KCNN3",-0.103754698811743,-0.0113382422294227,0.922476698182951,0.944893218803131
"MYORG",-0.108250950820144,-0.0110191213428719,0.919133277578158,0.942179757711555
"FSD1",-0.10848609448361,-0.0137285189748498,0.918958479698318,0.942064075446715
"UBE2L3",-0.111232353068568,-0.031359280576394,0.916917420179061,0.940288612682614
"TBX19",-0.112929502240393,-0.0433446898278113,0.915656463184311,0.939502327088585
"ACP1",-0.113645655758761,-0.0176384870939452,0.915124462123748,0.93933671841104
"RPE",-0.114892138503656,-0.017217682827198,0.914198630733258,0.93882995314953
"CIMAP1C",-0.117056345072845,-0.0121257146310988,0.912591550628423,0.937559434030741
"CA1",-0.117730792334672,-0.0182709741170588,0.912090828411238,0.937361624441013
"PLXNA4",-0.118058715653433,-0.0121426917486842,0.911847389992008,0.937238112124794
"PDCD2L",-0.11954920574777,-0.0139265087250365,0.910741053165571,0.936480725932523
"MAST4",-0.120557190315138,-0.0127396091534178,0.90999300238137,0.936074213129492
"KLK7",-0.121723588665563,-0.0139778024947704,0.909127530780293,0.935448629445285
"LGR5",-0.125106490441129,-0.0128458154499072,0.906618280843991,0.933187872424732
"SSTR3",-0.126024316947113,-0.0742704882538439,0.905937715408815,0.932594870435474
"HCG22",-0.128092607888538,-0.0138080011019564,0.904404446343748,0.93160273774016
"SLC35G3",-0.128208186520118,-0.0145301377882668,0.904318780305621,0.931577593367736
"YIPF4",-0.131991425613673,-0.0134544643440202,0.901515555937691,0.929220389972633
"BLM",-0.132105115279684,-0.0310738586765085,0.901431343420707,0.929220389972633
"LIX1L",-0.134727710057824,-0.0326546320715372,0.899489169724776,0.927607736704034
"PEAR1",-0.137966670449145,-0.0140507532761341,0.897091729648819,0.925825938144629
"RNF128",-0.139069859917653,-0.0149351798572351,0.896275466052458,0.92516234778103
"ZBTB12",-0.140451447710085,-0.0161270611863224,0.895253432988055,0.924367859928192
"DNAH3",-0.142330712226627,-0.0145317823099273,0.893863640627413,0.92346025269795
"ADARB1",-0.144435082978896,-0.0184339990980605,0.892307924652702,0.922391171704614
"RBM28",-0.14526991960191,-0.0149955687552873,0.891690911122824,0.922066728520834
"NUP62",-0.145720434320323,-0.0210335611801186,0.891357982173607,0.921785134835864
"TWIST1",-0.148582284132217,-0.0163023847420574,0.889243725322976,0.920224453913434
"ARG1",-0.153744490309421,-0.033416509146424,0.885432880939077,0.917029641332163
"SGCZ",-0.153805740398437,-0.0159058298379569,0.885387687311637,0.917029641332163
"STPG1",-0.15612901958882,-0.0179780660890829,0.883673840674883,0.915581943656058
"PMEL",-0.15669345567338,-0.0167418672598669,0.883257581759792,0.915213006977102
"RBFOX3",-0.157629484614303,-0.018606118364745,0.882567382850106,0.914706944062402
"NPHS1",-0.158438310214722,-0.019007888725994,0.881971082112832,0.914440701988816
"PHF6",-0.160728432643055,-0.0357903630959486,0.880283225036973,0.91329172071704
"SMIM3",-0.161385382250456,-0.0507050968124233,0.879799185222498,0.912944741679518
"GNAQ",-0.162045733741946,-0.0569965777839472,0.879312703439866,0.912680015964611
"MAP1A",-0.16305502804859,-0.0255392109568255,0.878569280637665,0.91209513413459
"SFT2D2",-0.164262117441757,-0.0300426265867375,0.877680367077609,0.911483407710753
"CATSPERD",-0.164562935957833,-0.0176848641179951,0.877458875264492,0.91131561667844
"MED14",-0.164975001780367,-0.0178588227828112,0.877155494585026,0.911180529742331
"CCNQ",-0.169140874394592,-0.0619858281312637,0.874089854288481,0.908851837954153
"ACTR3",-0.169430415434349,-0.0566570426436014,0.873876882153307,0.908725381663306
"FRMPD1",-0.170508408830576,-0.0211953998505609,0.873084078001603,0.908446220512299
"LPCAT1",-0.171706736014792,-0.0395919578053328,0.872202988338038,0.907882997018433
"SYNRG",-0.173627484729742,-0.0229398201016149,0.870791198521108,0.906805844091277
"DLX5",-0.175071593225282,-0.0189739159497693,0.869730135190951,0.906085179224069
"PUS10",-0.180165053261767,-0.0230919840683611,0.865990385802962,0.903724819000305
"LY6H",-0.181747972370247,-0.0194237180733403,0.8648290309046,0.902884595455286
"APOBEC2",-0.182101810024185,-0.0209232146909073,0.864569484347296,0.902675595081263
"CERS3",-0.184823454878539,-0.0235270986092815,0.862573805974908,0.901086855424262
"KCNK3",-0.186812721732602,-0.0301713484086957,0.861115942046695,0.899934802545776
"TNMD",-0.186944071570321,-0.0194622530891098,0.86101970401796,0.899914230429784
"IGFL2",-0.187029248921519,-0.0224073107236012,0.860957297440517,0.899914230429784
"ADGRF1",-0.187148567580937,-0.02441488084761,0.860869878757644,0.899914230429784
"MAP2",-0.187753259283452,-0.0214785821281808,0.860426889455822,0.899585599810542
"SYT14P1",-0.189594786926578,-0.0193960766817155,0.859078196657083,0.89879342424057
"DHODH",-0.18967340145473,-0.0453673241390783,0.859020634176493,0.89879342424057
"PLA2G12A",-0.189922614826418,-0.023885385439695,0.858838164283363,0.898727778326663
"MCCC2",-0.190120487015472,-0.0206553681511579,0.858693293207269,0.898638012874769
"ATP5ME",-0.19057759224674,-0.0923657265598299,0.85835865197812,0.898473286481055
"LINC00608",-0.190739964773753,-0.0200841131307749,0.858239789737587,0.898410705006142
"VKORC1L1",-0.193307830905574,-0.0221961100224425,0.856360635535224,0.897046253603083
"FHDC1",-0.194679829485399,-0.0199174360832815,0.85535708713299,0.896318513134329
"NUP107",-0.195647422469202,-0.04726864714898,0.854649541587309,0.895781981864155
"FGF14",-0.197864388435393,-0.0224857651583658,0.853029030311048,0.894618680985478
"PPFIBP2",-0.198398935747993,-0.081286724305404,0.852638430035612,0.894332384576977
"ZNF785",-0.199733407628474,-0.0254213418648609,0.851663540189531,0.893556337992576
"INSM2",-0.199847064788937,-0.0210796247456968,0.851580523583932,0.893530881928001
"PIGA",-0.200546708933572,-0.0233185528699303,0.851069546476878,0.893056348776675
"PCDHGA12",-0.20244584719787,-0.0227707023914656,0.8496829827667,0.891909083511594
"FOS",-0.204784959003304,-0.0798041842594709,0.847976104940022,0.890573058543809
"POPDC3",-0.204940116414785,-0.0298430366271389,0.847862920533722,0.890573058543809
"MCTS1",-0.205357281915605,-0.0249081622173773,0.847558628355934,0.890416663445499
"CAGE1",-0.205948562728135,-0.0236671142144023,0.8471273871174,0.890086589973844
"DKK2",-0.206372947402985,-0.0220268875480422,0.846817909134139,0.889884381019346
"ZFPM2",-0.206406032994561,-0.0297019070885374,0.846793783234921,0.889884381019346
"TOMM40L",-0.207379997352131,-0.0387974258021803,0.846083663640682,0.889358609113042
"KIF1B",-0.209559834471985,-0.0319033087230146,0.844494986395509,0.888056959832865
"ANGPTL7",-0.212074004985282,-0.0223292355470427,0.84266376492645,0.886437748979833
"PDE4A",-0.213833634618757,-0.0422623087633489,0.841382841235615,0.885641628565284
"LORICRIN",-0.214469455562997,-0.0235336354835323,0.840920141831696,0.885375783590575
"SLC5A8",-0.217353110824596,-0.0229118056958003,0.838822635619779,0.883840163005775
"PPFIA2",-0.217811857625538,-0.024341945468464,0.838489103351402,0.883637068100343
"NPTX2",-0.219420744116145,-0.0266497505610266,0.837319688431651,0.882892451062092
"PRDM6",-0.219747022067004,-0.040267050780861,0.837082596516028,0.882857030008157
"LPAL2",-0.221241584406933,-0.0225018414028741,0.835996833475737,0.88186445470618
"EGR1",-0.221687003861938,-0.208791805487761,0.835673333133988,0.881829034853017
"MUC17",-0.222120485381165,-0.0233427480725289,0.835358541154002,0.881558024694335
"RNF182",-0.22276432705412,-0.0327514006483293,0.834891056161831,0.881309306733471
"KRTAP13-3",-0.227964903926617,-0.0248437741402074,0.831118053413683,0.878362985150471
"ZIC3",-0.228751880778119,-0.0232512866592625,0.830547583983054,0.878126227559391
"ZBTB37",-0.230818802104192,-0.0837264743429615,0.829049906432718,0.876786576983921
"SLC2A10",-0.232517562835497,-0.0401383139535125,0.827819658082662,0.875668175566608
"SALL1",-0.232942273753077,-0.0341487342184742,0.827512174887049,0.875464706482243
"NAIP",-0.236239257121495,-0.0740852078387988,0.825126503892735,0.873609292063541
"CFHR2",-0.237076512162291,-0.0246309361880187,0.824521037887183,0.873150612366011
"SLC66A1LP",-0.238967561744311,-0.0288133897559094,0.823154062414972,0.872249650307057
"SPOCK1",-0.241236796154603,-0.175028234619144,0.821514719752244,0.870809181516025
"FLJ37201",-0.244853654441866,-0.0308349983840614,0.8189041245239,0.868599973770619
"BOC",-0.244979988789617,-0.0264823772994458,0.818812989699166,0.868599973770619
"CAPZA1",-0.246066906193168,-0.118397812545672,0.81802905567917,0.868149747297196
"MTA3",-0.246382363518331,-0.0301826515516433,0.817801582089368,0.868022537663822
"CDK2",-0.249695899325555,-0.0352600813564622,0.815413545732219,0.866220257299217
"USP2",-0.250751570253565,-0.0258074655359288,0.814653244423574,0.865654453688772
"DEGS1",-0.252135336305161,-0.030502753072104,0.813657023724683,0.864656279561524
"NUP62CL",-0.253470399447287,-0.0280900993043147,0.812696273041817,0.86407657173593
"SYN2",-0.257342765640518,-0.0296118790644227,0.809911883705967,0.861700008912855
"COG5",-0.258802377992378,-0.0277789636729002,0.808863249315719,0.861005970154228
"ZNF777",-0.260725440013585,-0.0505049772934701,0.807482404287644,0.859837025935198
"CYP8B1",-0.261201474476528,-0.028662550093811,0.807140721874075,0.859593564303987
"BCDIN3D",-0.265225820677332,-0.0301057917411117,0.8042542783815,0.857280789144709
"GNGT2",-0.270758437540551,-0.0379479905647602,0.800292247158085,0.854094350510888
"LIMD1",-0.275506746327558,-0.0485298923868556,0.796897702101165,0.851424720689522
"SERPINA11",-0.278897776045997,-0.0290885895472191,0.794476811874088,0.849258688056592
"TLL2",-0.281310934444015,-0.029472850348881,0.792755748562937,0.84789573276216
"MECOM",-0.282608011369019,-0.0317098648695915,0.791831267469907,0.847249494920451
"IFT43",-0.28264259706436,-0.0417917007726825,0.791806622496789,0.847249494920451
"PSMC4",-0.285865605768633,-0.0299602093542461,0.789511286223837,0.845376866921926
"NAP1L2",-0.28659558055929,-0.0321602511595927,0.788991779006411,0.844880085560449
"MT1H",-0.289508274821374,-0.126092881747819,0.786920211711525,0.843314958756174
"EGFEM1P",-0.290675210993123,-0.0334263356305074,0.78609086443606,0.842544919750765
"LRRC14",-0.294109341585577,-0.0476470304379314,0.7836522218278,0.840404977755954
"LANCL3",-0.294401933618959,-0.0391136719434708,0.78344458599517,0.840264597717842
"AKAP3",-0.297676849423586,-0.0304656366627445,0.781122069629878,0.838460222680066
"SPTY2D1",-0.29884607438691,-0.059827324748614,0.780293546519585,0.837866571734085
"SPAM1",-0.301192880596383,-0.0307984457356467,0.778631652935162,0.836318255373821
"CACNA2D1",-0.301879827154284,-0.0345202396780378,0.77814546323999,0.83597176439313
"NOX1",-0.303416915230821,-0.0313301021902515,0.777058030447906,0.835096542559781
"CALHM6",-0.303846427685426,-0.0753875685094707,0.77675427743888,0.83495045598604
"DACT1",-0.306407997385128,-0.249381623887903,0.774943736752129,0.833426145965111
"RIPOR1",-0.306818668339244,-0.0691435204149612,0.774653632547514,0.833325790429031
"GATAD1",-0.307306690046285,-0.0420436736503053,0.774308944897378,0.83306990958437
"CNTNAP5",-0.308305507919865,-0.0324449706312739,0.773603681851124,0.832740996148917
"CCNJL",-0.318174400439039,-0.0479451426654574,0.76664970754105,0.827363663942967
"FLJ36000",-0.320033237119752,-0.0377384695384636,0.765342870649315,0.826433730558497
"LGALS1",-0.320335803043655,-0.0818274304446875,0.765130244550936,0.826368919759295
"TMEM213",-0.324425994206008,-0.0338646543684589,0.762258374503773,0.824027961291825
"CYLC1",-0.326779698262188,-0.0358280772687233,0.760607862720227,0.822594536783474
"GPR101",-0.328609474142478,-0.0341531767366793,0.759325821895409,0.821850907364983
"GPR75",-0.329271967178019,-0.0364334045935626,0.758861875171789,0.821524159852831
"NIPA2",-0.330887785690221,-0.106839412584985,0.757730829644451,0.820767126583533
"ESF1",-0.331287404416829,-0.0356213220648124,0.757451217145628,0.820581144774948
"DCLK3",-0.332630678514396,-0.0364006459516152,0.756511662475279,0.819855295583556
"GNA14",-0.333107092128997,-0.0361689816050111,0.756178557482563,0.81966952973591
"CCNO",-0.333460020032923,-0.0447133794444967,0.755931834443802,0.819460498839642
"PKIG",-0.337890629400764,-0.0692951774101936,0.752837533707247,0.816863100215455
"CYLC2",-0.344511332686949,-0.0352115348072,0.748224235154717,0.813075681903032
"LRRC55",-0.346195302453353,-0.0365152668082733,0.747052882761871,0.812092940746428
"RAB3B",-0.347627392511353,-0.0381012283152091,0.746057389874437,0.811667435769188
"SYTL5",-0.350268022020975,-0.0450752060446052,0.744223385797047,0.810465395717973
"KRT26",-0.355620016927436,-0.0378319805313555,0.74051259580556,0.807638809309449
"TACC2",-0.356214760429189,-0.0363066529177014,0.740100760242225,0.807340825319838
"SLCO1B1",-0.357193408248217,-0.0375496095627131,0.739423317724929,0.806913735358834
"PRR15L",-0.36025695101276,-0.0378019434680581,0.73730452779908,0.805352816114947
"RWDD2B",-0.36256643840497,-0.133323836692546,0.735709130588698,0.804072185267188
"SGIP1",-0.365414788512402,-0.039336962498425,0.733743721901486,0.802154735294214
"CTRB1",-0.367038834489019,-0.0390488567324617,0.732624213948758,0.801218829694571
"DNAH6",-0.367644485759521,-0.0432544697222025,0.732206925969222,0.80095430141588
"NEK11",-0.368522948885341,-0.0426734927342768,0.731601873710369,0.80056132503866
"CPNE4",-0.372081681505852,-0.0414693365058937,0.729153189907431,0.798801448790679
"RSF1",-0.372322321308793,-0.0584201681790349,0.728987752631359,0.798677742382948
"CTSH",-0.37594779955969,-0.0808576702434731,0.726497456508892,0.796580628593167
"DNAAF6",-0.379867185210925,-0.0414169619965339,0.723809905023652,0.794091836358368
"LRTM2",-0.382164748802862,-0.0395369089011193,0.722236698056131,0.792708985568536
"ZNF599",-0.384696168329512,-0.0421467914045265,0.720505299336695,0.79120836105946
"NPHP3",-0.385350698541741,-0.0770409761988066,0.720057955969769,0.791002701125993
"PRND",-0.387010995977346,-0.0401416553663276,0.718923826578068,0.790156360092452
"MYOF",-0.387931311977386,-0.0906330552034821,0.718295549154748,0.789762418125291
"GBP6",-0.390268547496449,-0.160242518872468,0.716701195451155,0.788507428224707
"SPINK6",-0.391774877735334,-0.0419160888325871,0.715674577594328,0.787710405698619
"STAU1",-0.392715897893056,-0.0412089272436548,0.715033610115949,0.787384340000111
"BTBD19",-0.395418777625856,-0.0759355134283244,0.713194161042918,0.785619064257619
"LGALS14",-0.395982588938951,-0.218894798925629,0.712810757100971,0.785367383466751
"SSH1",-0.397613594045483,-0.0406850975136223,0.711702220590053,0.784549313352652
"TVP23B",-0.402871497242906,-0.0757174324631019,0.708134529510788,0.781460701313407
"PLAAT2",-0.402880466542488,-0.0636997316157158,0.708128451246566,0.781460701313407
"DNAJC8",-0.404579518219082,-0.0703992581430083,0.706977525797002,0.78058038422541
"SBSPON",-0.407421843078557,-0.0415509434139217,0.705054288432134,0.778909314141791
"CTXN2",-0.407663940444433,-0.0468809748692513,0.704890598855285,0.778841632330077
"LIMCH1",-0.408093527279972,-0.0518485210025945,0.704600189721599,0.778652489613815
"SH2D1B",-0.408925668854,-0.12935941208624,0.704037820199042,0.778238637126547
"ZC2HC1C",-0.410576807679401,-0.0438642832644602,0.702922646905197,0.777344939945771
"ICMT",-0.411659152957703,-0.0628520663896263,0.702192128375029,0.776706515988613
"ZNF385B",-0.411738095472981,-0.0423216846153686,0.702138862204475,0.776704089060638
"ARHGEF15",-0.412162993921219,-0.153317559736477,0.70185219935563,0.776553922029603
"HOXA6",-0.417478496072833,-0.0464766326669015,0.698271152897111,0.773720050510693
"COMMD1",-0.418042110221542,-0.0549457873945299,0.697892004935057,0.773535202784251
"ATP6V1C2",-0.419556978752889,-0.111000181377513,0.696873472725918,0.772892300189509
"TIGD4",-0.42011851025576,-0.0543548939195537,0.6964961206819,0.772597593240725
"GHR",-0.427831895061429,-0.0559596376698078,0.691323556970751,0.767872689104013
"CCNA1",-0.429271000201022,-0.0447098669793985,0.690360754202104,0.767246883214382
"GADD45GIP1",-0.43095168739775,-0.0674796981815757,0.689237229093822,0.766278220634465
"CCER1",-0.435312306040315,-0.0443780763501021,0.686326747563367,0.763918885692189
"HBQ1",-0.436162656715022,-0.130039580825466,0.685759952566837,0.763472138170235
"EID3",-0.436319364989,-0.134299479508405,0.685655527280712,0.763412347820856
"AKAP5",-0.440266655590106,-0.0674883822285472,0.68302800778432,0.761378724795422
"SESN3",-0.441198069277206,-0.0597546880521971,0.682408805810741,0.760911585803193
"RSC1A1",-0.44249188071741,-0.0564865816584564,0.681549187711965,0.760120273300349
"SLFNL1",-0.442875111977446,-0.0468531656126038,0.681294678889621,0.760003629175777
"TLL1",-0.446957883332598,-0.0575387830288601,0.678586470772783,0.757883993109641
"NEBL",-0.449681472535876,-0.052423407674313,0.676783121726352,0.756524639119027
"SLITRK3",-0.451478332330152,-0.0481014879722148,0.675594823403952,0.755418430580641
"OPCML",-0.45908524571734,-0.113005349081946,0.670577002756525,0.751465261065599
"FAT4",-0.459611658813456,-0.0586094039639142,0.670230528380122,0.751132341606846
"STAC",-0.46167274613604,-0.0478044314864264,0.668874924554769,0.75023957404002
"CFAP100",-0.462344956184466,-0.0476495874225011,0.668433135185798,0.749836329564477
"CABP7",-0.466263787775836,-0.136728887553525,0.665860863583234,0.747420588003625
"YWHAG",-0.46658557867883,-0.170092644391969,0.665649891902866,0.747420588003625
"GRIA4",-0.46740367102378,-0.0518821075094228,0.665113706151457,0.746883943229075
"RABGAP1L",-0.471063167606759,-0.101018502354458,0.662718225127655,0.744688840530617
"TP63",-0.471741562708296,-0.0484028311709331,0.662274690455524,0.744300435445434
"MTBP",-0.474326933880853,-0.0609021290983095,0.660585922475716,0.742896599054255
"ID3",-0.47433572736854,-0.194138824393556,0.660580182747226,0.742896599054255
"AKAP9",-0.475790631645748,-0.0740121032463993,0.659630922291881,0.742206796849285
"SNAI2",-0.476718243505959,-0.128584703432229,0.659026103782053,0.741705009662255
"WDR72",-0.480728454186791,-0.0490420567135951,0.656415036307424,0.739244658779866
"TTTY15",-0.485977838998339,-0.0495322705202585,0.653006153193364,0.736551032987071
"TRIM55",-0.486497473079013,-0.0606899997409174,0.652669267878712,0.736280263029408
"KCTD3",-0.490330491701266,-0.097370053444983,0.65018739373749,0.734256618262356
"LINC01547",-0.494856403868853,-0.0683794299848021,0.647263972774097,0.731919882366605
"WHAMMP3",-0.49947857659628,-0.0549809146767792,0.644286352304325,0.729312009366891
"SAA4",-0.499976425941811,-0.0515489972337602,0.643966118728407,0.729120462783007
"NOL4",-0.501220896780008,-0.0532327237289733,0.643166044593717,0.728477635077177
"FREM3",-0.502067301561312,-0.0546870613933634,0.642622224714539,0.72807858105183
"RASGRF2",-0.50840375280463,-0.0524164296872516,0.638559697421648,0.724607572535046
"CXorf58",-0.509253321978093,-0.0517536204504346,0.638016175673061,0.724262894650736
"DYNLT3",-0.509313668988761,-0.145922517130887,0.637977578503037,0.724262894650736
"ZNF880",-0.50992842531315,-0.0776336943983079,0.637584467924725,0.723920212051014
"KIF25",-0.512650419991412,-0.0557961256881813,0.635845612967137,0.722878080436886
"ADH1A",-0.518009690577138,-0.0816131787522759,0.632430370857711,0.719640933782572
"GJA1",-0.518693950087827,-0.0701700350528033,0.631995120133164,0.71925329544153
"HLCS",-0.521924163424729,-0.0768130668913075,0.629942866475957,0.717562063767983
"NPR3",-0.531924209056962,-0.056146574580197,0.623615324160153,0.712221526721809
"KRT77",-0.532781965156007,-0.0642159137305993,0.623074402353098,0.711817571438245
"MOG",-0.533752750474503,-0.0647849168166426,0.622462550719569,0.711341837590059
"GPR180",-0.536906923367517,-0.0550697058873285,0.620477150435781,0.709863575101735
"SYNDIG1L",-0.537013957532874,-0.0585572433271946,0.62040984643603,0.709839974766713
"TIA1",-0.540904391474081,-0.164197983992074,0.617966583572689,0.707736712325737
"DDX39A",-0.544901162600201,-0.0717818305458329,0.615462788662932,0.705666321621371
"LY6E",-0.554096027764987,-0.204569790169341,0.609726801569054,0.700663539701644
"KHDRBS3",-0.559126518332506,-0.13610507515507,0.606602998792848,0.697875664244015
"SEC22C",-0.56005424255464,-0.0637864870458036,0.606028019298195,0.697372436250526
"KCNA1",-0.560914840171723,-0.0586137214340352,0.6054949536244,0.696864481210828
"SETMAR",-0.562796329276781,-0.0836018369833506,0.604330576040483,0.695945736818391
"ZNF542P",-0.566135988855013,-0.085246483823373,0.602267323271027,0.694095290414199
"VAV2",-0.566230712569829,-0.195937029582508,0.602208868559018,0.694095290414199
"SLC26A11",-0.568904594727174,-0.269645714714743,0.600560298401328,0.69275796557095
"OASL",-0.569658941085979,-0.140407817224859,0.600095734889768,0.692379632516774
"PLPPR4",-0.573457684716584,-0.0594202135460199,0.597759802948423,0.690575135463356
"ZHX2",-0.573520830260374,-0.307516871534295,0.597721023052803,0.690575135463356
"CDK5RAP2",-0.574293315377347,-0.0733678844351821,0.597246744551676,0.69019213458525
"TBX18",-0.575393209746684,-0.0591620231401478,0.596571868860415,0.689517022467639
"VTI1B",-0.576745367186626,-0.0634439577357544,0.595742886577765,0.688768269657492
"PCDHGB8P",-0.578334397486213,-0.0669545501722223,0.594769638117341,0.687956849443909
"XAGE5",-0.584752554727279,-0.0619392765776784,0.590849187715359,0.684515460255594
"LRP2BP",-0.586451651024784,-0.0621095043722562,0.589814151688286,0.683616030702446
"VSTM2L",-0.587369230609413,-0.0729109264067773,0.589255685823298,0.683450310402739
"MNAT1",-0.591432786070938,-0.0886481157018413,0.586786664609144,0.68152219301786
"BHLHE22",-0.595491570334573,-0.0656422381616265,0.584327362061244,0.679275111778505
"DDRGK1",-0.5967028102294,-0.074897238902075,0.583594769850169,0.678644231524802
"TUBG2",-0.599565814704423,-0.0873391997431537,0.581865566733134,0.677202995245849
"TCL1B",-0.600839459899249,-0.0966951072373515,0.581097403822895,0.676516061956563
"TINAG",-0.602915314768999,-0.0655086455582866,0.579846859217484,0.675347508235495
"IFNK",-0.604116072511613,-0.0629605106547908,0.579124314410533,0.674787202999953
"FRK",-0.604376494193638,-0.0753790761221666,0.578967687491525,0.674759797024379
"CDKL5",-0.607284737272148,-0.178240418037747,0.577220490943618,0.673291089605043
"SLC5A4",-0.610456029090466,-0.0750343796337451,0.575319294540383,0.671640119088827
"H1-6",-0.614255530779529,-0.0646833319215964,0.57304703717304,0.669552807416072
"PDCL3",-0.614937972064697,-0.258057295672217,0.572639551635252,0.669179522150677
"EQTN",-0.615379073233253,-0.0666169115491244,0.572376274400719,0.668923259900571
"FOLH1B",-0.618903751079749,-0.076831041055554,0.570275463527893,0.667083243545281
"SEMA3F",-0.619686972763749,-0.0640104843844585,0.569809351162158,0.666640557925541
"NR1I2",-0.620816720095267,-0.0641643672604625,0.569137469482787,0.666008205285797
"DMBT1",-0.621978409034638,-0.0638920845919666,0.568447153159538,0.665405195909041
"NUTF2",-0.622438606987821,-0.233613252947662,0.568173844953901,0.665136466327375
"WWC2-AS2",-0.623148055602686,-0.100148307697522,0.56775268385425,0.66469459707894
"DMC1",-0.624820595682464,-0.0742492216701598,0.566760629570857,0.663686429083975
"UNC80",-0.632223389077159,-0.0656520124592199,0.562383944211772,0.659933257991715
"ZFYVE1",-0.633122412320525,-0.10292438594105,0.561854006292281,0.659464052457591
"GLI1",-0.633520713397268,-0.156049632019599,0.561619333682275,0.659239489552334
"C6",-0.635482816563977,-0.0728795060046295,0.560464278676233,0.658391839186479
"NACAD",-0.63731999384209,-0.0901744530166992,0.559384250554457,0.657410311045718
"CHM",-0.637354167917308,-0.270678780620991,0.559364174133727,0.657410311045718
"SLC39A1",-0.640354021868886,-0.11465534711571,0.557603774228437,0.65584208804842
"SPHK1",-0.642941303816433,-0.143106186189202,0.556088567334503,0.654464860859242
"EXPH5",-0.644346243116043,-0.0709812255952952,0.555266981614458,0.653649683132803
"CEACAM8",-0.649209989305628,-0.0699189340228807,0.552429264547287,0.651317486257473
"ERMP1",-0.649665610646586,-0.162262085618423,0.552163954717733,0.651055157648262
"CEP41",-0.651119066899263,-0.0741815086106439,0.551318197275969,0.650360467279936
"MT4",-0.652990437282891,-0.0793577784395939,0.550230593135048,0.649682209658215
"DNAJC28",-0.657563131477961,-0.103373128800955,0.547579362725667,0.647003880687743
"PPP1R1C",-0.658160742048174,-0.0720594412657328,0.547233535006573,0.646695749505009
"SOX5",-0.663033021141137,-0.072363933180668,0.544419765980304,0.644051516895971
"HERC1",-0.666045009172841,-0.113850603917234,0.542685448138043,0.642569316045107
"CCM2L",-0.669646329635937,-0.0696098265787805,0.540616935995708,0.640577461800424
"TBL1XR1",-0.671313969918291,-0.183954759765994,0.539660984321172,0.639735306692368
"DSCAM",-0.674410150767048,-0.101347651714774,0.537889336332929,0.638082763412729
"ZNF680",-0.67829489679563,-0.0752719639076246,0.535672349022687,0.636197195153223
"CRISP1",-0.681243477983219,-0.0705301345771403,0.533993997349852,0.634798773680649
"CEACAM21",-0.683133287044046,-0.104117394865632,0.532920293555314,0.633770083233438
"RTP3",-0.68429694150768,-0.0697884944684878,0.532259930946192,0.633133283522072
"FAM174A",-0.685864084651018,-0.184451194101299,0.531371524097215,0.632323798002383
"TRPM8",-0.694596938826589,-0.076792012547331,0.526440515643105,0.627782275692021
"GINS3",-0.696065970142977,-0.108881781498699,0.525614298663176,0.626858775356659
"TMED3",-0.697458112148188,-0.221762959286357,0.524832196781758,0.626208069092811
"ST3GAL1",-0.697985807293836,-0.0861465007358269,0.524535960537014,0.625903718151974
"WAPL",-0.700393271205325,-0.0743975274944826,0.523186010321851,0.624635958939763
"MRPL51",-0.700543537312667,-0.0975311369443837,0.523101834922064,0.624624200287526
"DYNC1I1",-0.70766350165781,-0.101036187860296,0.519124746853308,0.620721221875884
"FABP7",-0.709780317042162,-0.107076368940375,0.517946618992729,0.619596647655269
"INSM1",-0.710825747213079,-0.0815686830246194,0.517365503612511,0.619193718339425
"TLCD3B",-0.714543157173742,-0.590551857025387,0.515303024899554,0.617211026437144
"MAPRE1",-0.714770665166821,-0.205549331695431,0.515176997090174,0.617108677673864
"DNAJC5B",-0.71708547197231,-0.181373122612236,0.513896006656488,0.615865285203457
"TOMM5",-0.717392800541918,-0.155883443909847,0.51372611145052,0.615710198040784
"CD47",-0.717881765608661,-0.10577931814294,0.513455890922459,0.615531861039631
"TRIML1",-0.719980171488031,-0.0736587484087021,0.512297427812475,0.614433697332186
"C5orf24",-0.720435756835659,-0.112399537798943,0.51204616982642,0.614229227852989
"RTTN",-0.726446645928704,-0.079174690256708,0.508739693711678,0.611227149784105
"SERPINC1",-0.730490418716457,-0.302281560336471,0.506524257570029,0.609046561442521
"RUBCN",-0.734322299255525,-0.152442771643537,0.504431572257022,0.607250482932383
"SCAND3",-0.735861988954259,-0.153212423800714,0.503592536665694,0.606384425780829
"LINC01555",-0.736977831960524,-0.0756101918643411,0.502985126270515,0.605892895075009
"SGPP2",-0.738319546883134,-0.0754333438786959,0.502255491302183,0.605205729476555
"SORCS3",-0.742134770786408,-0.0780857149760064,0.500185095098552,0.602997616033197
"XAF1",-0.747931642006196,-0.158455039541902,0.497051658581565,0.599790654900297
"ZNF300P1",-0.750528213370977,-0.0824622126206503,0.495652937935684,0.598530242982839
"HERC2P2",-0.754892113699662,-0.244372087905557,0.493308926910714,0.596220468923002
"ALDOB",-0.754976033255098,-0.20540125542424,0.493263933421837,0.596220468923002
"CD1E",-0.759581440592096,-0.488169335440738,0.490799535310363,0.593904390493541
"ARMCX4",-0.761239299682858,-0.0853413002315016,0.489914703643129,0.593108009314178
"ATP10A",-0.763222005168326,-0.213425499921148,0.488858097956981,0.592064502168493
"MYO18A",-0.764084942536764,-0.121548651007254,0.488398774480335,0.591649558889353
"ATL1",-0.76628190188649,-0.0885748185931354,0.487230872461702,0.590516983455337
"ADRA1B",-0.771151494043241,-0.0844672043355832,0.484649847804776,0.588420476242618
"NDUFB2",-0.772472170063601,-0.120748455902584,0.483951668705237,0.587807441711464
"IL2",-0.773086783339905,-0.0859606112440035,0.483627016149652,0.587506962345548
"GNPTG",-0.775312212284123,-0.106108033141139,0.482452900112703,0.586502294557473
"LRRC8E",-0.781705149563909,-0.0903625955131987,0.479092301461724,0.583583157439319
"SCUBE2",-0.783154221216391,-0.297815774672961,0.478333091428786,0.583031951146027
"CHPF",-0.786024551111037,-0.144475822740301,0.476832003380911,0.581584400187881
"HSPA6",-0.787383091723515,-0.340850999492909,0.476122810384177,0.580989785791749
"RHOJ",-0.787695500596823,-0.0885973205772927,0.475959841179569,0.580837527255567
"ZNF781",-0.791736324554277,-0.0856649545345115,0.473855848030642,0.578641379223543
"OSBP2",-0.792041872177065,-0.0975237214911533,0.473697049968106,0.578493915997346
"HOXB8",-0.794521678645964,-0.0842251501411957,0.472409792702851,0.57723940470398
"BMP4",-0.79467254996243,-0.0808938068242626,0.472331564432664,0.57723940470398
"LEO1",-0.79613276397727,-0.0852414061590462,0.47157495306386,0.576689601656094
"RRAD",-0.79946793705856,-0.156730072657446,0.469850392683009,0.57518190227185
"CFL1P1",-0.803632013428415,-0.172160238685374,0.467704178195169,0.572785081493971
"PHLDA1",-0.8088630671086,-0.124618176580285,0.465018982064502,0.570047451171767
"ARL10",-0.81275828732909,-0.0893286881650567,0.463027415712754,0.56810979735051
"FBLN5",-0.813683585247258,-0.371141338694568,0.462555319089855,0.56764997262002
"SLC8B1",-0.8143442287368,-0.176175311399598,0.462218485400951,0.56743774023068
"HS6ST3",-0.817706346377032,-0.0834733043196404,0.460507300337973,0.565940438047959
"CDS2",-0.818523640379472,-0.155713564505342,0.460092091182815,0.565557753209525
"SPART",-0.818587679598621,-0.0945378186850627,0.460059569971808,0.565557753209525
"BAIAP2",-0.818591856737484,-0.150660837506268,0.460057448747507,0.565557753209525
"PAQR5",-0.818825641507182,-0.0886739615365875,0.459938741142531,0.565506376853069
"PWP1",-0.821237421650651,-0.118415034288388,0.458715546658562,0.564367448716399
"KTN1",-0.82161920802527,-0.115212333191838,0.458522151836499,0.564220801450723
"HRAS",-0.822451073282896,-0.207813736620581,0.45810099342393,0.563930703253289
"MYO10",-0.824926955735354,-0.307459881268014,0.456849323524985,0.562754293873965
"GPR19",-0.830711487976677,-0.0910710651148843,0.453935628545856,0.559715653382467
"DDIT4",-0.835453188854714,-0.579959992391964,0.451558331187911,0.55728992130186
"POM121L8P",-0.835877736741082,-0.112495998167349,0.451345968533336,0.557148497520696
"SPIC",-0.837222286253291,-0.091270414633799,0.450673942552489,0.556570591161433
"H2AC21",-0.84198350891125,-0.635226229330364,0.448300685426554,0.554379315658403
"DIRAS2",-0.842379719231167,-0.0867227266161299,0.448103647201668,0.554180716161907
"VAT1L",-0.84665870078237,-0.0953324413530613,0.445980131971741,0.552138216136945
"F2RL2",-0.847266443734122,-0.14111216885613,0.445679190466089,0.551810561638711
"LIPG",-0.849795053467198,-0.0899925038704312,0.444428840849122,0.550444926646977
"NOLC1",-0.85216327236824,-0.101514371961964,0.443260381445095,0.549266879831277
"PTPN13",-0.853499596812698,-0.307287693541764,0.442602151277356,0.548626091501022
"TNIK",-0.856946981706499,-0.0935979262721177,0.440907748369043,0.546927001402643
"ZNF510",-0.86204780215407,-0.106235060618437,0.438410368461913,0.544495294697328
"CTNNA1",-0.862402985966173,-0.0901270546603156,0.438236899846683,0.54432430356651
"AOC3",-0.864444247890354,-0.361847169110839,0.43724105242865,0.543220482422589
"PCK2",-0.866015760966229,-0.11761298302739,0.436475637186399,0.542402475104654
"OR2L13",-0.867058675116228,-0.0951538246405107,0.435968284871674,0.541904836643107
"LHFPL6",-0.870825006574277,-0.437409578721607,0.434140077838474,0.539945836498159
"NPW",-0.870995230292221,-0.150471311132695,0.434057598639634,0.539945836498159
"DYNLRB1",-0.873169214882506,-0.112498293912184,0.433005359810124,0.53883851665104
"IFIT5",-0.874277236447136,-0.195475125911653,0.432469868756229,0.538260231119137
"PBDC1",-0.881266961829786,-0.149568628208395,0.429104385266694,0.535152363521934
"MFSD11",-0.88373358436909,-0.150593840039732,0.427921900472731,0.533998216327997
"DPY19L2",-0.88613794198235,-0.0960308219227508,0.426771859036997,0.532781680531494
"GAA",-0.888069152797021,-0.101538283179646,0.425849984753322,0.531761767643363
"FGFR2",-0.891614228106427,-0.0937174275783143,0.424162019339023,0.530132806550614
"MEIS3",-0.89368268784161,-0.100350179521849,0.423179703486183,0.529221374490997
"TFF3",-0.89929964425137,-0.14447430375365,0.420521740684667,0.526448356300001
"FAM135A",-0.905719960359058,-0.129780472517932,0.417500690990193,0.523441921564622
"TVP23C",-0.905881813349142,-0.125754461894465,0.417424766871762,0.523389880005421
"ZNF625",-0.906634334775552,-0.357976234489478,0.417071916007498,0.523076834788226
"DCLK2",-0.907163375356737,-0.0992041351819054,0.416824002893947,0.522809025650404
"DMGDH",-0.911091563349861,-0.099878001780111,0.414987078166797,0.520848682409891
"CRTAM",-0.912068991525065,-0.330768381543434,0.414531063253811,0.520405184907046
"ZFYVE28",-0.914427416809314,-0.17893687196278,0.413432482401934,0.519240333005914
"IL23R",-0.916620643831461,-0.0956663356911013,0.412413049916611,0.518216777917196
"SPOCK2",-0.920725556886166,-0.142544480151135,0.410510734067859,0.516765768041056
"RAET1E",-0.922919477639603,-0.100343431695725,0.409497055485902,0.515745856714667
"L3MBTL1",-0.924931838196301,-0.14970285477732,0.408569124034359,0.514790326289522
"SMARCAD1",-0.92727710238878,-0.11198330313333,0.407489928766505,0.51357569154762
"THAP10",-0.927810415424796,-0.17647540507238,0.407244856625414,0.513376971117316
"RPS4Y2",-0.928909640276535,-0.265146635098547,0.406740125908575,0.512910765739437
"ACOT11",-0.929940252001618,-0.426932270719068,0.406267381600543,0.512484600147732
"APOLD1",-0.930495059808151,-0.0958180047858756,0.406013082639636,0.512291293518924
"LHX6",-0.930956103717183,-0.100879888026947,0.405801863494429,0.512155704460456
"IDNK",-0.932576178368708,-0.139790827939029,0.405060393678986,0.511428681367374
"RBM24",-0.933862582820081,-0.101893462487088,0.404472455908039,0.510856001116972
"RBMS3",-0.934634942229616,-0.107652023018256,0.404119805305801,0.51050780117385
"OLIG2",-0.936114643874297,-0.170864058949934,0.403444919754443,0.509939356684306
"GNAO1",-0.936383650940865,-0.0953969707222563,0.403322329750838,0.509937590928965
"WASF3",-0.936945258100318,-0.134547400984002,0.403066500173836,0.509757616186586
"PTPN1",-0.94135876474237,-0.188223860787279,0.401060812755121,0.507675079503832
"BOD1",-0.946619491425315,-0.137563177795005,0.398681232217892,0.505336962218068
"SELENOW",-0.948250355432489,-0.349537139513338,0.397945997724752,0.504750853494414
"FANCI",-0.948893475003672,-0.203804721510486,0.397656382192422,0.504425578478802
"BCL6B",-0.949334896096845,-0.107137618529265,0.397457701754549,0.504215609633232
"GPX4",-0.950893704982133,-0.235527839020312,0.396756772771876,0.503410395487627
"AHRR",-0.951346348853693,-0.104962556954411,0.39655343678684,0.503236370715476
"LY9",-0.953023529005653,-0.134947283320371,0.395800794586981,0.502490899413875
"POFUT2",-0.957537813247165,-0.147571881517682,0.393781072987773,0.500260843538388
"TMEM217",-0.961241657738739,-0.127276663366757,0.392130566233916,0.498497170549644
"ARFGEF3",-0.963894768007708,-0.110597547782736,0.390951950430299,0.497289834572097
"TCEAL7",-0.966171147813561,-0.172298177305462,0.389943127798137,0.496297187007621
"LTF",-0.972067253098175,-0.176279430818936,0.387340594303955,0.493811363750067
"RCAN2",-0.976833130412718,-0.100892860039953,0.385247936744183,0.491838060241033
"ICOSLG",-0.977579155703857,-0.140357256659542,0.38492125169169,0.491505516402982
"NKAIN3",-0.985158468937744,-0.123303239416466,0.381615877433818,0.487903679194074
"TIPRL",-0.987042754305007,-0.137828266210005,0.380797973795782,0.487113605178572
"RAG1",-0.988252532203458,-0.102569524731105,0.380273656116584,0.486663386831649
"LINGO1",-0.989743570108554,-0.105536586071495,0.379628306344978,0.486220926637563
"FMN2",-0.991953001565027,-0.10459635945388,0.378673779137471,0.485202698889769
"TMEM169",-0.993047126735037,-0.103141061506748,0.378201867201408,0.484638860498738
"SELENOS",-0.993718997678826,-0.394362085504142,0.377912334290026,0.484342697316759
"SUN3",-1.00113854227713,-0.138610028827185,0.374727861861023,0.481160192771229
"KIF17",-1.00191319510803,-0.403082191614416,0.374396739764074,0.480938053748799
"ENPP6",-1.00465621178859,-0.109189066979227,0.373226312003104,0.47959659931924
"ZNF804B",-1.00470344025812,-0.104118575318329,0.373206188079356,0.47959659931924
"STAU2",-1.00623520609541,-0.108253607146388,0.372554023379848,0.479056530613065
"INHA",-1.01512624716023,-0.165861468994315,0.368788337535072,0.474816545651319
"IL12RB2",-1.01867376420752,-0.117730066923003,0.367295224701687,0.473214654122608
"SH3TC2",-1.01934214803508,-0.11303716386515,0.367014507580069,0.473053363105152
"ANGEL1",-1.02583371874685,-0.261476388067071,0.364297946368254,0.470084545797721
"TATDN2",-1.03091872309701,-0.230672927523643,0.362182461682198,0.467856185956244
"DCUN1D4",-1.03132153065154,-0.106983757862278,0.362015351172145,0.467747946313815
"CTH",-1.03362940541562,-0.203190404927796,0.361059216634184,0.466722360099675
"DUSP1",-1.03384894269109,-0.545070823642308,0.360968381119397,0.46668427612546
"SKI",-1.03626936323585,-0.393491222191543,0.359968257556875,0.465646314956064
"ST7",-1.03791913819946,-0.111673307624153,0.359287981303724,0.464895447390426
"SRRM3",-1.03893402318843,-0.165630857705737,0.358870067974286,0.464484765425782
"RIPPLY3",-1.03901495391388,-0.116031267230767,0.358836760663362,0.464481186157836
"FHIT",-1.04428670942301,-0.258434282106326,0.356673083696912,0.462310087519188
"MRPL24",-1.04516898520175,-0.143120919960615,0.356312113055835,0.461960325264548
"TXLNA",-1.0491397852033,-0.377953824752109,0.35469155660466,0.460212370347552
"LIPC",-1.05103198449196,-0.129583617259166,0.353921638618095,0.459409378636394
"ECHS1",-1.05169687822646,-0.125423101920609,0.353651455323428,0.459176242854836
"PCDHGB7",-1.05218665848343,-0.112828475529738,0.353452548620023,0.458996358928641
"GNGT1",-1.05666617174723,-0.132096985267007,0.351638004791238,0.457029437564301
"FCER1G",-1.05773881109637,-0.202993334347912,0.351204747011734,0.456662259965325
"GIPC2",-1.05948028433579,-0.115630957119677,0.350502356967263,0.455865889400337
"ADCK2",-1.06037418401579,-0.179061611817202,0.350142310257512,0.455514478562553
"PLK4",-1.06192727021542,-0.167139069023549,0.349517546108599,0.454896263690164
"ALG9",-1.06224271378308,-0.132883673713099,0.349390774405211,0.454854136878041
"CFAP36",-1.06242936230481,-0.306010419359257,0.349315782852352,0.454854136878041
"IGSF6",-1.06518629649396,-0.147145978454252,0.348209789978992,0.453737853311671
"ZNF226",-1.06567030106364,-0.16442450113329,0.348015948849116,0.45356299169572
"MVB12B",-1.07184431039233,-0.123520390325311,0.34555181779795,0.451139212792035
"SERPINI1",-1.07234298167733,-0.110296278048322,0.345353480538487,0.450981945048026
"SHANK2",-1.07438681258795,-0.110481794832149,0.34454165937799,0.450037752797429
"SYBU",-1.07706200029901,-0.127643918103923,0.343481668180402,0.448768832447384
"EFCAB6",-1.08042609975019,-0.13124419441749,0.342152900873831,0.447301755049361
"CXCL8",-1.08097012631021,-0.528589591314404,0.341938456932801,0.447071113313123
"DCBLD1",-1.0814858735798,-0.114299069700641,0.341735272645196,0.446871025484793
"ST6GALNAC5",-1.08449289868857,-0.157298549763175,0.340552801769803,0.445669650573545
"ZNF135",-1.08574482231337,-0.154108210956497,0.340061596305133,0.445103430295934
"SOX6",-1.08589021052102,-0.113258287370572,0.340004593435373,0.445103430295934
"PGM5-AS1",-1.0933875380887,-0.145191336096678,0.337076840348947,0.441767027579006
"SH3GL2",-1.09715472161608,-0.114507338903542,0.335614415565377,0.440191809566041
"ABHD3",-1.10007619572837,-0.129621375836397,0.334484284139678,0.438936663490916
"IST1",-1.10247456175546,-0.157399263915178,0.333559109191566,0.437917562561934
"TRUB2",-1.10611070246635,-0.309859718370924,0.332160922633096,0.436414972907484
"ZFR2",-1.10678269171965,-0.244717405185231,0.331903114078819,0.436189298212122
"ELMOD2",-1.11701350807385,-0.142862291860478,0.328000655491362,0.432131637138129
"PUM3",-1.12036844708825,-0.275403387972783,0.326730147881817,0.430768278195637
"SLC22A2",-1.12476562078414,-0.142257252832035,0.325071808167973,0.428879331883278
"PLA2G4C",-1.12693345421503,-0.131938930367582,0.324257094831172,0.427952954802782
"C10orf90",-1.13338518863657,-0.179877015652039,0.321843548291387,0.425319059174207
"HBBP1",-1.13474350385884,-0.19522507508354,0.321337533017361,0.424910981838799
"CSDC2",-1.13816918955754,-0.195495865948903,0.320064625172889,0.423522389248177
"ZC3H12C",-1.14837616951085,-0.217303042842867,0.316299601728442,0.419343068876832
"SERPINA10",-1.15111976031369,-0.12587512556991,0.315294618691494,0.418229442744025
"GATA6",-1.15148178683345,-0.148071762932165,0.315162229705036,0.418126772167337
"SURF4",-1.15252394831475,-0.129282579801597,0.314781411887804,0.417767319311434
"FANCC",-1.15326232401345,-0.138159946104619,0.314511860232912,0.41748244483042
"TMED4",-1.15532795299277,-0.135409333715168,0.313758922662078,0.416768369932971
"WFDC1",-1.16263724080509,-0.127078437849696,0.311108106965035,0.413686464171047
"DHRS2",-1.16292065077264,-0.124143610718269,0.311005746640024,0.413622684293965
"SLC15A1",-1.16292408382617,-0.131623558525178,0.311004506903105,0.413622684293965
"DLEC1",-1.16408361741778,-0.321007372463928,0.310586042718141,0.413136756551867
"LIFR",-1.16500165719494,-0.14333197090369,0.310255104617597,0.412840986177655
"H1-4",-1.1720006594412,-0.643902721688252,0.307742905435943,0.410098793939787
"PRIM1",-1.17304844967706,-0.204252633698722,0.307368458798811,0.40968093965051
"TOR1AIP2",-1.17720348444061,-0.209571758639008,0.305887785625417,0.407886141498583
"ACSL6",-1.17785483433411,-0.169303939400219,0.305656280789457,0.407684679726896
"DLGAP1",-1.17968375018329,-0.124762430255697,0.30500712117392,0.407247436243457
"CENPV",-1.18203190013141,-0.137421570244488,0.304175562844878,0.406244134516985
"SYNE2",-1.18998491658541,-0.158928854605799,0.301374954848767,0.402999236203292
"PSMA7",-1.19414170625627,-0.12496100483567,0.299920853954427,0.401409042322745
"BEND5",-1.19542143027573,-0.136557536861647,0.299474524093479,0.400964106304981
"H2BC3",-1.19668860536084,-0.442510080407868,0.29903318914425,0.400466426603184
"KLHDC8A",-1.19813282832863,-0.125637084802379,0.298530940898683,0.399934685446369
"FYB2",-1.2020526561966,-0.125534892373767,0.29717178474558,0.39828928372352
"UBL3",-1.2039118136648,-0.39656100811334,0.296529192166637,0.397463066672855
"UBB",-1.20531200940984,-0.181839421308537,0.296046102477602,0.396920490741371
"CROT",-1.20662927947174,-0.179264292097688,0.295592304317441,0.396381956093787
"SACS",-1.20741034773979,-0.165553969938556,0.295323538583401,0.396196222192693
"KNG1",-1.20765678070127,-0.122722976537094,0.295238789049491,0.396117468360359
"HOOK1",-1.21533963717679,-0.134973320224199,0.292608162355024,0.393073485831217
"PKNOX1",-1.22206818162081,-0.154798805028744,0.290322606983584,0.390589721072748
"PPIL6",-1.22318040427492,-0.125456611802522,0.2899464472864,0.390221731887749
"LYNX1",-1.2238051370199,-0.356265943939077,0.289735363026423,0.39004119685809
"TRPC4",-1.22970262074503,-0.379664401412644,0.287749932973493,0.387952214597596
"KRT8",-1.23196996293818,-0.262666387121932,0.286990077295481,0.387236722163931
"PHYHD1",-1.23252545142812,-0.497028741404084,0.286804208658639,0.387088960355039
"DRAP1",-1.23550458005996,-0.497238906069178,0.285809342106124,0.385986011433259
"SIX4",-1.23591807247751,-0.132979888161338,0.285671519248024,0.385834144291647
"SLC7A11",-1.24159925992112,-0.129628137818462,0.283784328221594,0.383830670899502
"PKMYT1",-1.24354928071757,-0.364093035138687,0.283139322777028,0.383039208615526
"TAMALIN",-1.24393474786786,-0.439745021590297,0.283011988855215,0.382973412735418
"TMEM19",-1.24501880254943,-0.27809604141294,0.28265418019146,0.382574294442126
"GPATCH11",-1.24913272764615,-0.304713200308557,0.281300261929814,0.381204994157023
"ACTG2",-1.25233116168412,-0.235619042678099,0.280251942813353,0.380140880437858
"CCL22",-1.25288913304801,-0.128995837805255,0.280069447098637,0.379988950974758
"TARS1",-1.25794674204781,-0.151836592226067,0.278420460313209,0.378122732670412
"CNTN4",-1.25861362644034,-0.158027494943778,0.27820372736354,0.377929636957992
"ELP2",-1.26173427000548,-0.145975280298082,0.277191696932631,0.376891491010411
"S100A3",-1.26632875519904,-0.202261095787173,0.275708153877612,0.375209807979483
"CD68",-1.26949429019502,-0.39133447633179,0.27469047552312,0.37437507779748
"GOLGA8F",-1.2717935625514,-0.243761342168348,0.273953565463355,0.373704123329653
"IRF7",-1.27438624070549,-0.501970688008959,0.27312491227956,0.372895562074473
"MRPL35",-1.27691477819657,-0.155082973529343,0.272319095259094,0.372021273778375
"H2AC20",-1.27789767976068,-0.460985352305369,0.272006476964124,0.371702264504484
"ATRNL1",-1.27914355765945,-0.141870833863038,0.271610716776668,0.371228163992053
"IRF9",-1.28079181761258,-0.177449122212472,0.27108799477182,0.37068029351644
"C19orf48P",-1.28167115947066,-0.316717095373673,0.270809523066445,0.370466063397903
"H4C16",-1.28167956096381,-0.42465458466516,0.270806863802935,0.370466063397903
"SLC35F6",-1.29232708821132,-0.456662577853856,0.267456967122773,0.366803639282453
"PTGR2",-1.29678140684066,-0.163025321599011,0.266067539825759,0.365128600042424
"PDZD2",-1.3005575022751,-0.177906412158153,0.264895174913709,0.363979564518222
"H2BC10",-1.30139081305409,-0.410493093696919,0.264637135511306,0.363756467539401
"SLC38A9",-1.30176812754066,-0.275101818561448,0.264520378545951,0.363628845424101
"MAL",-1.30192865616702,-0.25010485837874,0.264470719469141,0.363628845424101
"SERPIND1",-1.30446852619951,-0.161788628290064,0.263686226599672,0.3627116619146
"DNAH14",-1.30514128420622,-0.225098080554095,0.263478811527583,0.362459137558705
"CCT2",-1.30859097503658,-0.368549083988643,0.262417751724548,0.361326316724937
"SRMS",-1.30961088011774,-0.140259133004465,0.262104848141404,0.361026223216599
"SAA1",-1.31171104079323,-0.187492229656042,0.261461673418098,0.360294156869282
"KIAA0586",-1.31546028008016,-0.158728693467335,0.260317302002149,0.358824030531015
"KLHDC8B",-1.31809566744173,-0.612312622960409,0.259515843493626,0.357946394689921
"FAM13A",-1.31849946155329,-0.141290067168661,0.259393257620208,0.357873756207155
"CYP2E1",-1.3203074967855,-0.146186923667007,0.258845060224712,0.357247996723607
"ANO1",-1.32455369541342,-0.155379084628339,0.257562070642017,0.355638639034302
"SGO1",-1.32901270018011,-0.248702069552646,0.256221496378176,0.35401258443893
"ZFYVE21",-1.33003100083643,-0.216999127745762,0.255916312257197,0.353719465310138
"LOXL4",-1.33132753715892,-0.183367230103658,0.255528257784443,0.353269481039446
"ALDH6A1",-1.33245748758417,-0.205952704427673,0.255190534195673,0.352972955347685
"THSD1",-1.33560754435585,-0.219626241919905,0.254251349197044,0.351929964375047
"OR7E91P",-1.34105915902958,-0.144675719791778,0.252633987538188,0.350321922248859
"TNFSF12",-1.34218472106497,-0.164391990347661,0.252301324665994,0.350027234584969
"MVK",-1.34317335963112,-0.176323197514455,0.252009485994821,0.349718063966533
"FRMD6",-1.34326643710139,-0.173550554448829,0.251982027367739,0.349711870068313
"APBB2",-1.34414178479108,-0.261403731353887,0.25172393677383,0.349417454404564
"CCDC92",-1.35232423920669,-0.236306377024041,0.249323970764198,0.346750703921529
"B9D1",-1.35272684125716,-0.214259539782862,0.249206469942749,0.346618986179745
"KIAA1671",-1.36715985564987,-0.182550256367484,0.24503013357039,0.341873235902614
"TMEM60",-1.37148079641214,-0.201958092641456,0.243793368774454,0.340460013987318
"ABCA8",-1.37352077131601,-0.155623414537027,0.243211630305304,0.339870367886041
"ZNF584",-1.37398911590033,-0.211730247225995,0.243078267445297,0.339773372362874
"ASAP3",-1.38134150151101,-0.323562128837729,0.240994149634755,0.337325267155578
"SNX29",-1.38184476871201,-0.185623857240835,0.240852144399182,0.337188567801045
"RASD1",-1.38824184297236,-0.384554845356963,0.239054346990248,0.335343080334061
"HEXB",-1.39233278823604,-0.268319271033227,0.237911668212158,0.333994336764561
"PLK1",-1.3961125467765,-0.254782871517426,0.236860753939133,0.33267254764558
"UST",-1.40076123483109,-0.26848885757357,0.235574600013879,0.331171983454527
"ZDHHC21",-1.40236841101306,-0.170152782880455,0.235131567837132,0.330702014581254
"CEMIP",-1.40241703978287,-0.170830677110332,0.235118175885468,0.330702014581254
"PPP1R13L",-1.40364393046701,-0.143336609646185,0.234780552893116,0.330299967474423
"COLGALT2",-1.4039976036143,-0.221645697256976,0.234683317121432,0.330193716974997
"ST6GAL2",-1.40546564317305,-0.14517092594191,0.234280137856175,0.329717965622497
"ZNF460",-1.40884929258997,-0.143221851701943,0.233353498288679,0.32877806382952
"TRIB1",-1.40909308165814,-0.422432042418211,0.233286876611809,0.328715539656481
"MMRN1",-1.40933243351936,-0.168763286810684,0.233221486052182,0.328653850989769
"HS6ST1",-1.40950618229797,-0.178850534437929,0.233174029655857,0.328636952423407
"PRF1",-1.41155785361765,-0.700355919942781,0.232614383153267,0.328132783507549
"FBXO15",-1.41165580205523,-0.234874638742497,0.232587698870184,0.328125577404245
"MESD",-1.41421490463173,-0.279950484264817,0.231891603997116,0.327204259935809
"ERI1",-1.41501411727767,-0.2493753755588,0.231674640600964,0.326928452654677
"HIP1R",-1.41757298796266,-0.531184701059306,0.23098134919943,0.326101407224743
"ITPRIPL2",-1.4250631409826,-0.46274186618943,0.228963942946985,0.32362937610638
"CD27",-1.42834770621353,-0.247724360450383,0.228084869134592,0.322581111299068
"STEAP1",-1.43063523331669,-0.188694722891296,0.227474647043055,0.321957601882809
"IFITM3",-1.43175625076715,-0.446935616967134,0.227176204013645,0.32166354952254
"HEXIM1",-1.43451033892846,-0.222909834721227,0.226444669736658,0.320977774010168
"RASSF8",-1.43635625298381,-0.157469307669818,0.225955691305334,0.320463877028025
"INHBB",-1.44213723511657,-0.199274407734287,0.224431199254246,0.318940674056273
"DCSTAMP",-1.44607321890168,-0.182258582006512,0.223399191342393,0.317905389906907
"HERC2",-1.45682743020522,-0.241569896783766,0.220603842833238,0.314618636027284
"FGA",-1.45737715932602,-0.214011355498214,0.220461905891555,0.314461139073229
"DEPDC1",-1.4615412977649,-0.171136377204446,0.21938974873742,0.313137428324607
"MACF1",-1.46255312791957,-0.148810326230971,0.219130027692951,0.312854812350206
"TAL1",-1.46345811237643,-0.292024376528403,0.218897996347748,0.312590618808771
"BAALC",-1.46593240494051,-0.183608212720122,0.218264876978791,0.311795251652588
"CEBPA",-1.46740416307136,-0.304642356231379,0.21788916647321,0.311346278654945
"ATP8B2",-1.47325573644078,-0.206474860850281,0.216401859156304,0.309590836811323
"JOSD1",-1.47968515503161,-0.29324849649827,0.214779570145028,0.307886483435346
"ACKR4",-1.48448772134452,-0.16334203693876,0.213575850201922,0.306449809403796
"GBP3",-1.48560926606269,-0.512555398087223,0.213295735904462,0.306163431017938
"TOX",-1.48897521786891,-0.246440921799512,0.212457309327318,0.305190399570214
"SHB",-1.49159419506603,-0.491097150400933,0.211807271567225,0.304314122436879
"CENPL",-1.49206142811748,-0.155300773795011,0.211691516349863,0.304205289676719
"OGDHL",-1.49676225791667,-0.193152861262698,0.210530489246259,0.30273711048195
"FCER1A",-1.49787499259868,-0.733366189738961,0.210256614963076,0.302429074090463
"SUCLG2",-1.50121724598459,-0.184266504096847,0.209436181653401,0.30150562765855
"RPS27L",-1.50185281089607,-0.207924345985505,0.209280538122625,0.301367145513577
"ZFP2",-1.50315061065558,-0.165242634022016,0.208963086970652,0.300967006975062
"CKMT1A",-1.50842255590292,-0.180023908583162,0.207678586410565,0.299372127216291
"RTCB",-1.50998791824935,-0.210982556888651,0.207298746321669,0.29890957941215
"SFXN1",-1.51217477165853,-0.154729733922592,0.206769290125466,0.298259258676665
"ALPK3",-1.52066937419632,-0.414856261154233,0.20472578402182,0.295704219147481
"ZBTB25",-1.52876238415946,-0.156553850209981,0.202798160495124,0.293530736791446
"THSD4",-1.52906153546231,-0.259620062319195,0.202727265859035,0.293458619758634
"AIDA",-1.53349225774594,-0.199227370489688,0.201680225301154,0.292221119129188
"NAP1L3",-1.53690118804329,-0.159815696949324,0.200878435298425,0.291338997053288
"BATF2",-1.54478057375846,-0.317555251934488,0.19903771701787,0.289025646940491
"CCDC93",-1.5461136357713,-0.160664874746381,0.198728021055075,0.288686192015052
"NLGN2",-1.55332526382119,-0.344925027732266,0.197061218000989,0.286648206920999
"RSPO3",-1.55334586537109,-0.389988940046062,0.197056477147869,0.286648206920999
"ABCC9",-1.55378005897682,-0.342111075545536,0.196956587392918,0.2865782415874
"MORF4L2",-1.55548530561798,-0.388484823957021,0.196564787301901,0.286090275173444
"TGFBR2",-1.55560834683478,-0.293102113667707,0.196536548320113,0.286076553106075
"POLR1G",-1.55601958326232,-0.292250915303674,0.196442196550058,0.285997061686105
"KDR",-1.55670122336192,-0.18409838251745,0.196285907938207,0.285848519383726
"DPYSL4",-1.55805865890329,-0.282279122672005,0.195975053371036,0.2855325360861
"SLC6A2",-1.5612065380113,-0.223294784493772,0.195256141466691,0.284621431939561
"NPR2",-1.56157157856796,-0.275301709639778,0.195172950205996,0.284534057694988
"RBPJ",-1.57201469539974,-0.427146427060758,0.192808475368433,0.281701536497562
"TSPAN7",-1.57325838225372,-0.224503226626503,0.192528869934815,0.281347079270555
"FUT9",-1.57993570345224,-0.183435175866151,0.191034846835288,0.27969938108751
"MRFAP1L1",-1.58736445025226,-0.183211751857853,0.189386825214252,0.277796570009486
"CLEC2D",-1.58967790707639,-0.187636284459064,0.188876620325136,0.277262127596975
"IFI27L1",-1.59871581776099,-0.295875189221487,0.186897078639617,0.274647866649077
"CDK6",-1.60126649944991,-0.455143603590502,0.186342327892041,0.27412402036972
"PPP2CB",-1.60158840903004,-0.306930928468108,0.186272437384312,0.27404771478578
"PRKD1",-1.60383351833124,-0.217969592673535,0.185785755543419,0.273490443355368
"ABI1",-1.60562977880905,-0.293283440509748,0.185397326900488,0.273024358235947
"TLCD4",-1.60789994209544,-0.211542586123899,0.184907630948151,0.272435114460325
"TRIM45",-1.61127432580564,-0.266336374173972,0.184182235595235,0.271471548646282
"NAXE",-1.61228061224189,-0.205912004986065,0.183966488226494,0.271281505801666
"FRRS1",-1.61267393974699,-0.26124248631205,0.18388223069589,0.271187060165157
"EEIG2",-1.6146741621448,-0.382426297972309,0.183454371487372,0.270766118165757
"DNASE2",-1.6154877837328,-0.696574840829228,0.183280630615133,0.270588470089791
"EFHD1",-1.62095183751476,-0.204049764378537,0.182118280003764,0.269198144510525
"PAX8",-1.62511746299899,-0.190849279736156,0.181237317360997,0.268248868362632
"CPS1",-1.62646904644581,-0.224991214016877,0.180952437864336,0.26785328742854
"RASEF",-1.63286994848214,-0.188868321336183,0.179609641497695,0.26620245861972
"BMP7",-1.63627538887602,-0.191925306111777,0.178899496987666,0.265305075591265
"RNF152",-1.63695488824444,-0.307154440610369,0.178758151838876,0.265121315892883
"EIF4E",-1.6426509687117,-0.178515625193131,0.177577884039438,0.263730904342947
"CCDC80",-1.64762224627851,-0.235835636607344,0.176554481919474,0.26244165389809
"OAS3",-1.65226611441548,-0.406412223969759,0.175604075252881,0.261284294731026
"ABHD6",-1.6526465281693,-0.245472518022843,0.175526458942556,0.261194362778707
"LINC01106",-1.65538839243001,-0.296599017729331,0.174968098293494,0.260516432234919
"COL5A1",-1.65569736993818,-0.54319684899048,0.174905294447795,0.26047019822522
"CCR8",-1.65753263976951,-0.171986966757026,0.174532739363687,0.26009986556182
"TP53BP1",-1.65953287839321,-0.480730452676768,0.174127646449141,0.259620906588092
"TMED10",-1.66226056028052,-0.33953126940572,0.173576823766342,0.259028195058241
"PTPN3",-1.66829079178848,-0.246203845438436,0.172365591104592,0.257498615866271
"PNMA2",-1.66868611013199,-0.261132034621043,0.172286499021628,0.257431035284035
"ZNF486",-1.66942227651238,-0.410639781531687,0.172139314732893,0.257261664549708
"LOX",-1.67631573024785,-0.201654916512619,0.170767497560651,0.255613395954958
"TNFSF4",-1.67711575716306,-0.463973187213018,0.170609038241636,0.255458482185562
"CDC20",-1.68000432115184,-0.543960108566709,0.170038197933487,0.254747405592796
"ATAD2",-1.68028092769264,-0.334430589655646,0.169983640595913,0.254712351796522
"ZFP36",-1.68310893267152,-0.763434253192706,0.169426909650177,0.254106946938846
"RASA1",-1.69313939707264,-0.238500664809265,0.1674677612804,0.251515871375896
"ZNF99",-1.69683409956862,-0.316477268092961,0.166752162652184,0.250639147026528
"PRRX2",-1.69960007484737,-0.395777243062223,0.166218560775717,0.249985351293226
"FA2H",-1.702013936891,-0.173543692780369,0.165754364732941,0.249385870484623
"SLC5A3",-1.70736820384843,-0.68313724665971,0.164729611239391,0.248138661621301
"CFAP300",-1.71073718293857,-0.225422850618827,0.164088266221953,0.247415920381289
"F3",-1.713563375241,-0.35171769410927,0.163552293191177,0.246731799905904
"PGM5",-1.71545393216438,-0.92941186082381,0.163194795903914,0.246388013114933
"CDH3",-1.71561360920247,-0.520333023126541,0.163164639578274,0.246366941889039
"RORC",-1.71598988436447,-0.212395193738114,0.163093600302426,0.246284130016811
"ENAH",-1.7169307353566,-0.188606619446696,0.162916114983304,0.246089419613239
"MCRIP1",-1.71967745086741,-0.446576625348826,0.162399137642251,0.245492330108424
"PCDHB10",-1.72488118921247,-0.206136621143151,0.161424480399576,0.244272984867339
"PLS1",-1.72883711625272,-0.263571580203421,0.160687698359525,0.243400250662516
"PFKFB3",-1.72988668661501,-0.818125311560373,0.160492819277059,0.243159152419041
"HSD17B8",-1.73546347106701,-0.221811838739194,0.159461558884705,0.241880250101596
"SDC4",-1.73552519850242,-0.375956024123095,0.159450183778306,0.241880250101596
"OTUD7B",-1.75313477732166,-0.195632017345253,0.156240140109286,0.237919300168421
"ABCG4",-1.75369973647014,-0.300716879594721,0.156138302045277,0.237816988420518
"GATA1",-1.75392839021713,-0.330405268468321,0.156097105662988,0.237796732737926
"NXF3",-1.75649062979686,-0.333914078053892,0.155636261666193,0.237189725164793
"ADAT2",-1.75670106833798,-0.239659683654255,0.155598476843462,0.237155906578009
"RSU1",-1.75705322289957,-0.25299039672362,0.155535268431669,0.237083327885018
"FBXO42",-1.75707432612203,-0.534944632975445,0.155531481474014,0.237083327885018
"TM4SF1",-1.76444369047674,-0.792543148543378,0.154215059403274,0.235448511535488
"KIR2DS1",-1.76862098515012,-1.26132765760324,0.153474145029136,0.234599939451512
"FOXC1",-1.76937014254102,-0.814330936250886,0.15334167235991,0.234444571554189
"PTTG1IP",-1.77125913767385,-0.265553759025125,0.15300818637624,0.234047750485235
"RASA3",-1.77157487776667,-0.619463563515985,0.152952520907433,0.234037824525631
"EFCAB14",-1.77372499123068,-0.199783014423139,0.152574028533481,0.233599700587654
"NT5E",-1.7751868877563,-0.549410123804878,0.152317258272135,0.23330052007278
"H4C2",-1.77914780299722,-0.865750880029561,0.151623878591492,0.232449188066473
"MEDAG",-1.77969974094883,-0.837358257331194,0.15152752760829,0.232324895641383
"ZNF826P",-1.78502543619758,-0.319630708864833,0.15060119333756,0.231230989225402
"COL13A1",-1.78750509467398,-0.318270604896707,0.150171962956083,0.230711709529863
"ITGA3",-1.78784356945064,-0.209487508473627,0.150113474627235,0.230668457323532
"CASK",-1.79077210973732,-0.358464558944913,0.149608443218861,0.230101659028361
"ZNF350",-1.79094486933374,-0.425288421987104,0.149578707560476,0.230097398162535
"CCL1",-1.79138366374657,-0.360862973882717,0.149503210076091,0.23000959219395
"RHBDF2",-1.79458104561471,-0.237464513780918,0.148954312826193,0.229281092050682
"ALPK1",-1.79734049302165,-0.251980526224749,0.148482335694184,0.228577726615766
"MYO1D",-1.81618812830474,-0.342262813607464,0.145301305744807,0.224225495460885
"MYC",-1.81725801989637,-0.483921541365519,0.145122946895669,0.223999699220463
"PLEKHA2",-1.81732258575739,-0.629586702816775,0.145112190836128,0.223999699220463
"IL20RA",-1.81765922298996,-0.233220928401282,0.145056124177416,0.223960765125903
"ZKSCAN3",-1.8235438171688,-0.381911226812332,0.144079810468602,0.222680637151503
"OTULINL",-1.82636540369662,-0.274995329257611,0.143614195123889,0.222095249079123
"ABCB1",-1.82689817475611,-0.556885459146921,0.143526460034554,0.221998600937565
"FAM107A",-1.82706764396804,-0.196380592541527,0.143498564488693,0.221985555368661
"MPP1",-1.82840183406509,-0.583725730094324,0.14327915374423,0.221772068573396
"AKR1C1",-1.84041755688356,-0.283304398720682,0.141319374273877,0.219413411469937
"TCN2",-1.84508132591446,-0.680746801849281,0.14056652428122,0.218403729185615
"LAX1",-1.84760523294225,-0.256716007899593,0.140160910937855,0.217929366480207
"MMAB",-1.85038490261211,-0.36990908149681,0.139715658521015,0.217449587604472
"XAGE3",-1.86008754709005,-1.03213806393926,0.138173428117769,0.215478003980213
"CETN3",-1.86074467480477,-0.285582720895989,0.138069646535991,0.215338240643971
"BCAS2",-1.86397531939019,-0.530416654456342,0.137560650648732,0.214610420092933
"IL1RL1",-1.86505474250611,-0.224020494505365,0.137391038399095,0.214477818925625
"NRXN2",-1.8714988317343,-0.606735248417478,0.136383169022714,0.2131722802933
"SPSB1",-1.87608144069529,-0.967387635285444,0.135671319392323,0.212316360539087
"CD3E",-1.88285259291263,-0.329189785964183,0.134626879246959,0.211116269291374
"EIF5B",-1.89045917463933,-0.378966832549009,0.133463982075688,0.20961687900517
"STT3A",-1.90124615893255,-0.680704452904697,0.131833552214661,0.207506174920365
"ALK",-1.90831228209505,-0.203706586908767,0.130777282816963,0.206139057020839
"UBE2F",-1.91064671468775,-0.235451077231013,0.130430352483429,0.205659388342975
"TXNDC5",-1.91166506209236,-0.707122256128926,0.13027932572486,0.205485167561054
"CLSPN",-1.93488512262902,-0.44472509895304,0.126886916947774,0.200971526758098
"MS4A2",-1.94006489371021,-1.54803273594337,0.126143399388596,0.200040544098203
"TMEM266",-1.94079169636922,-0.275648399645048,0.126039453997281,0.199917398455429
"BORCS5",-1.94329783090921,-0.27386783647431,0.125681751218093,0.199516500263545
"MTMR2",-1.94430559135948,-0.255802414509568,0.125538225927452,0.19940270416801
"CEMIP2",-1.94937770715363,-0.421585190281441,0.12481857318447,0.198581531644462
"CHI3L1",-1.94946810639434,-0.863710774060206,0.124805787999076,0.198581531644462
"CHTF18",-1.9549403911525,-0.554587180032353,0.124034506240195,0.197582148413207
"NEDD4L",-1.96796975181309,-0.587404798067314,0.122219047170994,0.195160360077329
"CCDC47",-1.97390887790866,-0.383971964127738,0.121401201586678,0.193997002598529
"SPATA20",-1.97528456528765,-0.22091636950411,0.121212621135018,0.193838227362918
"STMN2",-1.97627121183719,-0.652998599036919,0.121077568836095,0.193724110137751
"LSR",-1.98121762996065,-0.300663566380422,0.120402989178201,0.19279604854736
"PKD1L3",-1.98509030670641,-0.232419204487065,0.119877725741305,0.192107529301767
"H2AC4",-1.98835441702477,-0.626096680452952,0.119436960134032,0.191522278544744
"DLG3",-1.99537936066625,-0.360825419229788,0.118494388083951,0.190331923741099
"EDNRA",-2.00086535883573,-0.335557872195635,0.117763996063384,0.189438846216622
"MMP11",-2.00670627747017,-0.303760001434716,0.116991795825294,0.188336109972592
"C5orf34",-2.00824507473239,-0.231108881051348,0.116789288326206,0.188057700327871
"WWTR1",-2.01007412658255,-0.41618117408784,0.116549085323645,0.18772606275113
"KIR2DL4",-2.01027221951747,-0.862506645393108,0.116523103167395,0.187720694170524
"CDK9",-2.01132454516059,-0.330021923240191,0.116385185620688,0.187597869943766
"CBFB",-2.01508346686194,-0.35948720148136,0.11589400991445,0.186925029460065
"MASP1",-2.03432285408302,-0.328680722131208,0.11341556310622,0.183765595964137
"PLB1",-2.04013330686284,-0.347213874323747,0.112678606360811,0.182727627045061
"DUSP10",-2.04385782405371,-0.318405405615687,0.112209000366309,0.182121075514496
"BCL2L1",-2.04502804292729,-0.259287179115706,0.112061900494261,0.181921155285731
"NUDT12",-2.04592464897691,-0.270442174575916,0.111949338886393,0.18177723102544
"CEACAM1",-2.04709891268064,-0.828454573050659,0.111802108775326,0.181635131957607
"CD86",-2.04771311318165,-0.653724029152541,0.111725185183095,0.181568349675626
"IFT56",-2.0615643552167,-0.212084135093933,0.110005897070572,0.179349236990702
"CCL28",-2.06732034835575,-0.228272222199859,0.109300071645652,0.178543017141469
"POLE2",-2.07013524341739,-0.305862863531276,0.108956726024394,0.178058659937565
"ARHGEF12",-2.07771101151925,-0.212446685229872,0.108038603094893,0.176790817803103
"RENBP",-2.07996864622182,-0.37295530731373,0.107766658705291,0.176436144427825
"MBTPS2",-2.08056313161909,-0.328686728650969,0.107695176158313,0.176357083990053
"SFXN3",-2.08065949398044,-0.484767433069812,0.107683594243753,0.176357083990053
"YWHAE",-2.08149733080057,-0.509217675285462,0.107582951837535,0.17624922240065
"GPC6",-2.08573224742832,-1.09196604943319,0.107075842037216,0.175500578526841
"ACYP1",-2.09396673065382,-0.364245875806993,0.106097388610434,0.174435576863511
"GPC3",-2.10021004220445,-0.436516694359144,0.10536215791943,0.173451796670133
"PTGFRN",-2.10063167356581,-0.309204610118484,0.105312710014724,0.173426712929499
"PTCD1",-2.10283336836724,-0.23455469411981,0.105054919613413,0.173055442682669
"RORB",-2.10370750502571,-0.333720356460536,0.104952764128168,0.172927587958958
"NEAT1",-2.10656131815087,-0.891034890208959,0.10462002365525,0.17262247149279
"PEG10",-2.11121700466776,-0.216293039371799,0.104079711131103,0.17195483399042
"CXCL13",-2.11337774219606,-0.557243923510235,0.103830004419185,0.171616857646665
"SLC35G2",-2.11470044257418,-0.394065708348008,0.103677475168333,0.171383374169567
"SH3YL1",-2.11917721436157,-0.324553934386517,0.103163078472505,0.170662906277586
"FGG",-2.12129342176344,-0.775590744036876,0.102920909270762,0.170329983129878
"ALDH5A1",-2.12804888708354,-0.368822676749773,0.102152074772718,0.169303482251907
"LINC01128",-2.12958583797547,-0.427877714422258,0.101978051194518,0.169085677110123
"ATP1B3",-2.13382202041307,-0.696002481731594,0.10150011261056,0.168479994824427
"SEMA5A",-2.13398176683154,-0.562355922595463,0.101482138513728,0.168468547376572
"KBTBD8",-2.14097506198119,-0.488734974336543,0.100698749073065,0.167369024688871
"SASH1",-2.14771727891823,-0.626355229633281,0.0999498737971772,0.166483073968683
"GREB1",-2.15443933581041,-0.857674700128243,0.0992094271939646,0.165399799250802
"CTNNB1",-2.15522577142025,-0.378489318672234,0.0991232012773441,0.165304178163387
"OR2A9P",-2.15770245350006,-0.386722497675805,0.0988522013426416,0.164978041062149
"SEMA6A",-2.16053551843192,-0.234749212329734,0.0985432213247015,0.164559713396954
"PLXNA3",-2.16091430016358,-0.278921933729271,0.0985019925246078,0.164508928433366
"NSD2",-2.16110902200614,-0.221847356280441,0.0984808053799731,0.164491607712096
"MAT1A",-2.16156266167255,-0.240817041231251,0.0984314658741997,0.164445318358215
"RAB12",-2.16928912225407,-0.601557066763494,0.097595341141368,0.163371485754312
"PSORS1C1",-2.17690321824226,-0.402962899071644,0.0967791471022721,0.162165851601075
"DCAF4",-2.17716315942855,-0.451103116133454,0.0967514179428002,0.162150815560675
"GATD3",-2.18391812907221,-0.285312324295358,0.0960339454842182,0.161201351316114
"NKIRAS1",-2.18812556201637,-0.252376314544608,0.0955900719823606,0.160580339634126
"ZNF682",-2.1899368553597,-0.362003170715753,0.0953996938374042,0.16034908751981
"RPS6KL1",-2.19150320680385,-0.331271903276282,0.0952354034256461,0.160214603462082
"COL12A1",-2.19333556901104,-0.273577766678464,0.0950436145054912,0.16004064250044
"ANGPTL1",-2.1994619763647,-1.19857992610651,0.0944055179497428,0.159170633811495
"DHFR",-2.21837663084776,-0.614292591101176,0.0924656114942799,0.156489764033497
"SRSF12",-2.22107288289834,-0.227520091297106,0.0921927465967325,0.156143021197288
"C4BPA",-2.22676258393531,-0.650646396577958,0.091619906599215,0.155387034633753
"FBXO32",-2.22782953956306,-0.28267222085691,0.0915129317492866,0.155274870695431
"MEIS2",-2.22933958129969,-0.278055422102631,0.0913617724215588,0.155077301423447
"PLA2G4A",-2.23025313407042,-0.326854995271593,0.0912704596933813,0.154974115661202
"CD2",-2.23649606351666,-1.34193478907369,0.0906491999935425,0.154015532733973
"CYP4B1",-2.23656689435029,-0.49467517938693,0.0906421786912161,0.154015532733973
"STON2",-2.24833131328648,-0.836098626532419,0.0894844526993529,0.152291803564431
"SDC2",-2.25123549148607,-0.259188825528284,0.0892012255647531,0.151928798117232
"SLAMF7",-2.25217550682828,-0.309960415518031,0.0891097680727888,0.151807029556511
"IFIH1",-2.25588441417987,-0.562776211530701,0.0887499451549651,0.151363593800237
"COL4A1",-2.26503904795078,-1.00467643750317,0.0878687939725503,0.150130167254752
"BHLHE40",-2.26626308911962,-0.648725598774315,0.0877517275632684,0.149979966071474
"IL6ST",-2.27580637188724,-0.474325464520041,0.0868450289125532,0.148715144657371
"ADH5",-2.27644144561412,-0.382967944759558,0.086785067602402,0.148636678627018
"KCNH2",-2.27736482447254,-0.809157119829701,0.086697969000594,0.148597172609155
"ICOS",-2.28341176471022,-0.325563520596446,0.0861300206503669,0.147806968410153
"PCDHB14",-2.28872330479427,-0.332149805553982,0.0856346106844315,0.147098793951404
"NLRP2",-2.29049779348146,-0.538520460880801,0.085469821801963,0.146872887001611
"ARL6IP1",-2.29051805605108,-0.699550858884559,0.0854679421789474,0.146872887001611
"CARMN",-2.29065224436495,-0.429892828350455,0.0854554956066342,0.146872887001611
"PTTG2",-2.29369653677125,-0.916019121499113,0.0851736737818626,0.146496407020421
"KCNMA1",-2.30075920868243,-0.295412307551556,0.0845238950589627,0.145600922982909
"ALAS2",-2.31325957283854,-2.36411204932932,0.0833875448662038,0.144092464756872
"FAM110C",-2.31595608950876,-0.551560482324532,0.0831446918469844,0.143787181442909
"TMEM50B",-2.32735130950082,-0.317026974694137,0.0821272308164828,0.142335148291404
"RHBDF1",-2.33335808017135,-0.539271409830435,0.0815965828848625,0.141560669919346
"KIT",-2.33376107282202,-1.50154821125358,0.0815611213148235,0.141515291837517
"P2RY14",-2.3375929078544,-1.52727704943045,0.0812248090155338,0.141028301804799
"LCN2",-2.33862783723497,-0.299121021248336,0.0811342455034285,0.140919324533593
"CSF2",-2.34079908969276,-0.566064828379598,0.0809446180283288,0.14068637153998
"TRIM58",-2.35498561335342,-0.399807210943641,0.0797179452390779,0.138989053651792
"TNFSF18",-2.35604710523662,-0.805949434869431,0.0796270132088434,0.138872433128451
"PDCD1",-2.35833014086709,-1.00995463651286,0.0794318375347767,0.138618734707721
"OAZ3",-2.35948900198106,-0.396315708815026,0.0793329751160672,0.138490768353485
"PSEN2",-2.37172704302855,-0.510985983439781,0.0782974437406734,0.136993502578021
"SOCS3",-2.3727530982395,-0.394846502858079,0.0782113241261077,0.136890069894101
"EMID1",-2.37444691859964,-0.728816409102492,0.0780693928709979,0.136704585697425
"TMC5",-2.38354815610292,-0.37393478561654,0.0773117688617056,0.135674749694071
"PGAP4",-2.38447786870612,-0.606919632582993,0.077234848124426,0.135586698635146
"ARHGEF10L",-2.38492470270459,-0.468837467733448,0.0771979098605369,0.135553147807302
"ZNF431",-2.38843884537456,-0.253049375265533,0.0769081077966777,0.135216011950506
"STIL",-2.38916442898825,-0.29557120442154,0.0768484252878638,0.135142327911405
"HS6ST2",-2.39092006560629,-0.458706119054095,0.0767042344443111,0.134935569396077
"LOC100190986",-2.39227665048209,-0.646156284716467,0.0765930288935392,0.134817914746869
"ATP8A2",-2.39503838056328,-0.387708837452528,0.0763672042660727,0.134529415322418
"EEF1A2",-2.40517816630829,-0.258990035344468,0.0755445651513258,0.133327346735681
"ZNF334",-2.41065759802143,-0.266494897677545,0.0751042279525489,0.132673376548073
"SRGAP3",-2.41234479607513,-0.784963528014174,0.0749692317168653,0.13248233723925
"TAFA5",-2.41288398736223,-0.888087641426856,0.074926148287369,0.132435711663681
"SLA2",-2.4155675733352,-0.545254002196255,0.0747121393635814,0.132211102564737
"ERBB2",-2.4302866432892,-0.683469790332335,0.0735506690120071,0.130695141085297
"ATP2A2",-2.4396131033136,-0.309834925806092,0.0728254019758236,0.129626487973821
"CENPN",-2.44186979904382,-0.408768117695958,0.0726511416336899,0.129428092845216
"DNASE2B",-2.44283043616914,-0.426883372574696,0.0725771066456234,0.129351065025975
"HBA2",-2.44291172492687,-3.2900760241494,0.0725708457916563,0.129351065025975
"CD34",-2.44400417692075,-0.311785960189038,0.0724867651076593,0.129235489303316
"ADAMDEC1",-2.44411780673183,-0.578871968090814,0.0724780259741607,0.129235059094271
"RPGRIP1L",-2.44703583721918,-0.300436323335429,0.0722540159181571,0.128896079071359
"CARD10",-2.44952281114501,-0.570279907601387,0.0720637218492384,0.128632051864227
"FGF7",-2.45729742204293,-0.639060778359548,0.0714725246252976,0.127777076493042
"COL6A2",-2.45894609775375,-2.30485972069611,0.071347870327351,0.127635887911148
"PLIN2",-2.4610842318046,-0.753218554911503,0.0711865791325354,0.127410320754101
"ZNF732",-2.46379901638959,-0.263742806450411,0.0709823890792757,0.127134633508141
"ETS1",-2.46924384841358,-0.345516921916009,0.0705748788753,0.1266135139714
"ZNF773",-2.47571016545011,-0.386220009083313,0.0700943933546751,0.125914898905965
"MCM3",-2.47705419636179,-0.592302992059535,0.0699949949859282,0.125766054317816
"AKAP12",-2.48231884323446,-0.355563082576253,0.0696071982840483,0.12524683761285
"SCD",-2.48252221425695,-0.279255844605434,0.0695922673395501,0.125234788983538
"VEGFA",-2.48299065421064,-0.781282225078964,0.0695578897236992,0.125187738096807
"GFI1",-2.48348624597297,-0.459117333459888,0.0695215406958556,0.125137127577532
"OGN",-2.49456002421747,-1.16212761791059,0.0687149905552426,0.12392002565684
"WWOX",-2.49669405762988,-0.474199425887191,0.068560796130986,0.123685953447216
"IFI16",-2.5073959420564,-0.271476449526027,0.0677934953011212,0.122476060410959
"HERC5",-2.50897012961339,-0.579863590228788,0.0676814632758773,0.122302720235212
"KDM3A",-2.51481728180918,-0.933853287259573,0.0672671895424858,0.12178564506692
"KIR3DL1",-2.5169441342119,-1.76919549147791,0.0671172238512211,0.121557549163912
"RIN2",-2.52002452980929,-0.425931391579001,0.0669007036807607,0.121223150432147
"DKK3",-2.52741531163356,-0.275661481745367,0.0663844727323821,0.12050311068442
"LOC441666",-2.52745770804496,-0.306532280466885,0.0663815246653732,0.12050311068442
"ID1",-2.53023346519535,-0.555106716551333,0.0661888373430052,0.120277194206288
"PLOD2",-2.53702889576046,-0.498041477393651,0.0657198208329927,0.119582081266829
"MRPS28",-2.53764318301221,-0.357489096324469,0.0656776117926549,0.119533882257383
"CEP112",-2.5408153628918,-0.341821264753345,0.0654601399360492,0.119266539852335
"CCL20",-2.54793188104506,-0.609211352398281,0.064975267429444,0.118517903850464
"BFSP1",-2.55842398463657,-0.364909922597304,0.064267924991026,0.11755912957223
"NOSTRIN",-2.56195040792886,-0.470612453656665,0.0640321792337314,0.117240715360774
"RYR1",-2.56723833075377,-0.781977310395819,0.0636805392987313,0.116765570491332
"EPB42",-2.56888358745461,-1.1586896278769,0.0635715860630274,0.116607970190148
"HOPX",-2.57728517177402,-1.11943226967163,0.0630185496257815,0.115890340013825
"HPS4",-2.57937540677878,-0.548520956180931,0.0628818222315312,0.1157055961884
"LARGE1",-2.58072819393562,-0.942872754358423,0.0627935154283354,0.115571073778788
"PUS7",-2.58157651038703,-0.311119287672616,0.0627382122561777,0.115497243916227
"PTPRCAP",-2.58570054855524,-0.57216813450376,0.0624701583045597,0.115129201102247
"ZNF354C",-2.59834667934835,-0.268495715655115,0.0616563867464844,0.11382256975486
"WNT4",-2.60136231330768,-0.768881295200111,0.061464143114757,0.113550375180907
"AHSP",-2.60317830976769,-2.37950826866433,0.0613487090231579,0.113371882205447
"ACVR2B",-2.60893758055264,-0.320681624067787,0.0609842725395459,0.112842050952843
"SPON2",-2.60932423488286,-2.18950772882035,0.0609598954325921,0.112821830448203
"ATP6V1D",-2.61377728577734,-0.365126015469019,0.060679957001264,0.112451097120149
"KLHL3",-2.61852767643943,-0.278887869725803,0.0603829623532317,0.112097667415521
"CLEC14A",-2.62349896519085,-0.44631322611649,0.0600739544309691,0.111619389002587
"TGFBR3",-2.62871535510319,-0.468582307676081,0.0597516749496691,0.111142792641214
"PLAC1",-2.62909534700562,-0.309387786183378,0.0597282764709475,0.111123810822292
"ATL3",-2.63606583958643,-0.281663600485628,0.0593009339067424,0.110493580354538
"MOCS2",-2.63748646824172,-0.481108641075433,0.0592142733175504,0.110359150565356
"TIMP2",-2.6492369825197,-0.49220840429077,0.0585030646132954,0.109325969850017
"PSMC2",-2.64962156883263,-0.410444117615782,0.0584799548541433,0.109325525927697
"CXCR6",-2.65067230023148,-1.13955445863896,0.0584168703496472,0.10923444783935
"CYTH4",-2.65232276089913,-0.750324696440298,0.0583179378983076,0.109141340218905
"SAMD3",-2.66258905008771,-1.41738051863301,0.0577068913551334,0.108232181893035
"HELLS",-2.66670566471043,-0.448565258940993,0.0574639569458724,0.107837099855976
"GGH",-2.66819485129807,-0.507626498921465,0.0573763673516276,0.107712602726028
"PPARD",-2.67508714976497,-0.362079465988719,0.0569729922770882,0.107100774604445
"TOM1L1",-2.6764815001562,-0.385274494389725,0.0568917875381517,0.107001027069034
"VWA5A",-2.67656812813457,-0.624680171012259,0.0568867468915874,0.107001027069034
"ZNF841",-2.67776493202376,-0.281269290942415,0.0568171610860123,0.106913559242276
"ALB",-2.68193138826747,-3.75672929838558,0.0565756793259777,0.106577843576052
"H2AC14",-2.68670256317928,-1.14969508300607,0.0563006093488417,0.106178034099353
"TLE2",-2.68882846824552,-1.23733433865488,0.0561785454449011,0.10602672116233
"PPM1K",-2.69257454119661,-0.404477811950068,0.0559642020418213,0.105661525096464
"MYBPH",-2.69390083491486,-0.301118349513277,0.0558885414926931,0.105553815866074
"COL6A3",-2.69563238560378,-0.294580957880448,0.0557899409679551,0.105384849365378
"CTLA4",-2.6962831037355,-0.671895380092549,0.0557529390053856,0.105341122672867
"BCAP31",-2.69677017587028,-0.282760446109014,0.0557252611256145,0.10533877399049
"MALL",-2.70467628804242,-0.874183152910974,0.0552782189531958,0.104678265949471
"CGREF1",-2.71302381642068,-0.56233375460743,0.0548107294476334,0.10396128379142
"DNER",-2.71907961751085,-0.618042979752405,0.0544744572218312,0.10347833442788
"ZSWIM3",-2.72504671054831,-0.336336130551294,0.0541454531427187,0.10296911984425
"APOA2",-2.72816211094131,-2.45131211344844,0.0539745989593106,0.102734130284505
"NALF1",-2.72941455904044,-1.3975886663111,0.0539060890975733,0.102621020952198
"RGN",-2.73387983986464,-0.311542726715848,0.053662656170766,0.102255566350709
"RARRES2",-2.76312040686414,-1.7786065386099,0.0520997861472067,0.0999320715091666
"EGR2",-2.76726497919724,-1.4039898762539,0.0518825781102366,0.0996376118071067
"DOK6",-2.76815408296219,-1.1557346140562,0.051836119595753,0.0995861175861814
"THBD",-2.77681400416882,-0.659349929449146,0.0513861364098126,0.0988464915912508
"BMP2",-2.77738705286254,-0.290971708715935,0.0513565207723907,0.0988020199755241
"FLCN",-2.78099413273156,-0.710475459852122,0.0511705597990324,0.0985190370203424
"NME2P1",-2.7946995293495,-0.314680262537165,0.0504711057763847,0.0973987258705259
"MARCO",-2.79478077867021,-0.49602477365295,0.0504669925850849,0.0973987258705259
"ILRUN",-2.79851648421242,-0.476760870001816,0.0502782965448692,0.0971331724916629
"CST7",-2.80478240678904,-0.766301300216306,0.0499636399942577,0.0967958008958816
"LYSMD3",-2.80573801795328,-0.38360013070462,0.0499158541176243,0.0967401949051651
"FERMT2",-2.80862731791888,-0.806254628232582,0.0497716970604466,0.0965223117693537
"CTC1",-2.81066732521946,-0.534777115852213,0.0496702066791029,0.0963500641805864
"LONRF2",-2.81168570146105,-1.81721029778258,0.0496196328353553,0.09626423984693
"YAP1",-2.81907530620144,-1.3730159440553,0.0492544507368304,0.0957022724933839
"MTLN",-2.8208425279966,-0.441576351630934,0.0491675830039847,0.0955773766999458
"EMILIN1",-2.82948465085821,-0.36997508997974,0.0487453475858393,0.0949678767724115
"HNRNPLL",-2.8304646235049,-0.450303487457343,0.0486977360922475,0.0948994324052922
"EXO1",-2.83328484705436,-0.361735872314679,0.0485610197196739,0.0946815369098462
"MR1",-2.83373086314251,-0.318514288555526,0.0485394392213109,0.0946515952914086
"TRAF6",-2.83818771647007,-0.360133753107447,0.0483244085124528,0.0943229101842386
"CD3G",-2.84499057792838,-0.488096946472107,0.0479983318683081,0.0938129586239854
"EMC9",-2.85114066687159,-0.738029457933038,0.0477057556189698,0.0933490905112318
"MFGE8",-2.85214473906402,-0.398713919189296,0.0476581874364935,0.0932800147405654
"CLDN10",-2.85379372358774,-0.830851852218425,0.0475801866365517,0.0931753126923355
"CYTH3",-2.8541886226575,-0.695894770369983,0.0475615291533644,0.093158139973527
"STAP1",-2.8604223698088,-0.544091535357029,0.0472681387502954,0.0927553360147733
"ULBP2",-2.86686972718297,-0.367022485105993,0.0469669191866491,0.0922833213166097
"PTPMT1",-2.87469898609425,-0.481540703721569,0.0466041518082616,0.0917245943703951
"H2AC11",-2.87641911568479,-1.08254514932955,0.0465248898638262,0.0916041591208012
"EFNA5",-2.87857248986776,-0.601221829300625,0.0464258867145546,0.0914921452837822
"LYSET",-2.88987887129576,-0.481026816488017,0.0459100960511673,0.0907225494732525
"DIO2",-2.90623572395472,-0.485161194992463,0.045175735383604,0.0894806699288682
"CD247",-2.90735514991031,-1.79032737744883,0.0451259826071743,0.089405512077354
"CCL19",-2.90920530546734,-1.12396346170755,0.0450438933397429,0.0893126492412326
"BCO2",-2.90970449745932,-0.436494076375544,0.0450217747590771,0.0893036586065013
"CAPG",-2.92044048775888,-0.468437003126497,0.044549143837364,0.0885862830822071
"MYO1B",-2.92565083758473,-0.305290422101798,0.0443218666305995,0.0882375896999813
"SLC4A1",-2.92743215595303,-1.52612991847195,0.0442444770745612,0.0881412113374282
"MOCOS",-2.93216374446286,-0.625542422273942,0.0440396812471651,0.0878022381236086
"MYL9",-2.93318693541129,-1.52335825972125,0.0439955411741789,0.0877487462527099
"ST8SIA4",-2.93581557065179,-0.643341962563705,0.0438823806111763,0.0875460113255633
"VSIG10",-2.93675839112966,-0.5090986196356,0.0438418762158709,0.0874881581801554
"NIT2",-2.93819733118598,-0.423299060002886,0.0437801426327753,0.0873771460730353
"ARL2",-2.95533391030438,-0.396463202930544,0.0430527346960059,0.0863286957698039
"CD5L",-2.95644108693527,-0.386725895093803,0.0430062276681094,0.0863135673509106
"HPGD",-2.95885577923625,-0.526151255511637,0.0429050028691502,0.0861726470726408
"ETS2",-2.96074267398126,-0.658170924327283,0.0428260982822629,0.0860368959942741
"C16orf89",-2.9632176740822,-0.717808200248895,0.0427228590727065,0.085886218212521
"PXDN",-2.96384024439373,-1.67197469475006,0.0426969359540163,0.0858681568353187
"NCKAP1",-2.96455577503881,-0.89206566442172,0.0426671648934265,0.0858423394231022
"MXRA8",-2.96571070490562,-2.97520974324737,0.0426191631977486,0.0857571095410638
"SPARC",-2.97733145146243,-1.78085477946275,0.0421396913203545,0.0851076262416933
"KIR2DS4",-2.98393553574192,-2.05893947448387,0.0418700328254749,0.084713860856834
"TBX2",-2.98479762661205,-1.26598257053815,0.0418349817674879,0.0846608652987299
"MMP7",-2.98499218615503,-1.13189780078474,0.0418270761002009,0.0846561316651392
"STX2",-2.98817745283446,-0.437992683754866,0.0416978965066486,0.0844396285050749
"NRIP1",-2.98903791408292,-0.433859371575716,0.0416630807251271,0.0844028415702323
"DEPDC1B",-2.99742128748655,-0.374214930939531,0.0413256577169579,0.0839317044016421
"CA8",-2.99850680507726,-1.30956558422311,0.0412822021094642,0.0838658468715913
"NFIB",-3.00864438569325,-0.660784199767016,0.0408789577761033,0.0832058573439122
"H4C4",-3.02482333532923,-1.26320361915336,0.0402449665409355,0.0823538182963291
"ITGB1",-3.02571051349407,-0.407128571374202,0.0402105375382049,0.0823044219220754
"ADAMTS9",-3.02970084046431,-1.67784581240569,0.0400561118957833,0.0820932616396679
"SERPINE1",-3.03184407304324,-0.33401454674058,0.0399734571828348,0.0819846711849699
"CACYBP",-3.03435857917642,-0.611751205336074,0.0398767401323938,0.0818414931084272
"FAM111B",-3.0369226322039,-0.945590181951181,0.0397784010805014,0.0816752534387039
"SYT17",-3.04049641516316,-0.624144615910627,0.0396418121272831,0.0814802917734453
"CD8B",-3.04992500797191,-0.791689854679336,0.0392840982630885,0.0809529222743971
"NUCKS1",-3.05053357481147,-0.668684871047665,0.0392611406796968,0.0809165777824677
"ZNF84",-3.05112660161614,-0.528853614973203,0.0392387845417404,0.0808924271805324
"ZNF70",-3.06643856402724,-0.464920927251428,0.0386667119342712,0.0800276748906363
"LCP2",-3.07641642337703,-0.319337740737497,0.0382992194264673,0.0794400612435508
"LIF",-3.08683890740903,-1.21466077928587,0.0379197433520019,0.0788252438439445
"C1R",-3.09952967948805,-2.96784523979586,0.0374636559969511,0.0781117741159353
"IL7R",-3.10075975486294,-1.06580987595745,0.0374197942176543,0.0780631317506293
"CDR2",-3.1020562647829,-1.01508873540116,0.0373736291603637,0.0779775212334767
"EMX2OS",-3.1032709759649,-1.99154447224254,0.0373304377460106,0.0779301712067714
"HAND2",-3.10990017163457,-2.04065260060041,0.0370957600310022,0.0774934503504782
"NEO1",-3.112438514728,-0.504828999103387,0.0370063627847037,0.0773917443935333
"GNG10",-3.11276033919634,-0.477657463572583,0.0369950467225496,0.0773787196474397
"NEK2",-3.11898838318318,-0.387786213401796,0.0367768579554041,0.0770176887614687
"CCL7",-3.12026891177553,-0.599276991671006,0.0367321855120256,0.0769453274472293
"TNF",-3.12373743721228,-0.979357209179033,0.0366115044751402,0.0767242331621789
"PIM1",-3.12386526803955,-0.540478405946626,0.0366070657948242,0.0767242331621789
"C1orf21",-3.12757608568668,-1.38517475421459,0.0364784915723056,0.0765331903649547
"CCDC150",-3.1277412792366,-0.398547672821014,0.0364727802869495,0.0765331903649547
"IFIT2",-3.13103267373847,-0.53769783579456,0.0363592059810988,0.0763638730231392
"ISG15",-3.13666931255893,-0.996256579933193,0.0361656752844029,0.0760519344199668
"CD80",-3.14736397961045,-0.729932116360478,0.0358018179090051,0.075464178345135
"COL3A1",-3.15254413231232,-1.24224390407662,0.0356271345231704,0.0752524252539409
"ZNF254",-3.15922934742797,-0.348239089129173,0.0354031860848333,0.0749355120359283
"ISOC2",-3.1630933185841,-0.75934337657922,0.0352745063861737,0.0747776265850195
"LEF1",-3.16816760265895,-0.697284409645786,0.0351063601262377,0.0744523113651963
"HLA-DRB3",-3.1831541887102,-0.771801495509556,0.0346152620776741,0.0736264203744429
"GADD45A",-3.18608814081927,-0.44286696085346,0.0345200735728276,0.0734547752757188
"TSPAN6",-3.18673727170725,-0.695565103238592,0.0344990552171623,0.0734305992641854
"DAD1",-3.19125843590536,-0.340927732033194,0.0343530831635085,0.0731916067176571
"TRIM63",-3.19931617093115,-1.05386219402795,0.0340947380287663,0.0727890989295779
"TNS3",-3.19969107362219,-0.703241643106234,0.0340827741417829,0.072778830265127
"TSPAN13",-3.20901861689573,-0.335347942475332,0.0337867093475311,0.0722683932148034
"UACA",-3.21576185849942,-0.449398907418469,0.0335745702600086,0.0719971719745243
"H4C1",-3.21930524471033,-1.40820040377156,0.033463730119153,0.0718504034522206
"STARD4",-3.22088734541986,-0.946077695856115,0.0334143808054347,0.0717794514603392
"MSH6",-3.23466980952407,-0.343158223589238,0.0329881056265281,0.0710096405333673
"HSD17B2",-3.23704506380612,-0.603303860534611,0.0329152951110923,0.0708821253999082
"EIF2AK2",-3.24048534692235,-0.777220085225359,0.0328101752300267,0.0707154275842137
"SMOC2",-3.2410379651311,-1.87925216935127,0.0327933268106014,0.0706904201467932
"FAM110B",-3.24199763133051,-0.463963233559566,0.0327640925561319,0.0706674683865628
"MAGT1",-3.24342733445566,-0.671574336987726,0.0327205969301452,0.0706036943975096
"RAB40B",-3.24388467461036,-0.378768520098461,0.032706697812695,0.0705837179417434
"LTBP2",-3.24802139366611,-0.350929148774836,0.032581295741272,0.0703930026471465
"CDHR1",-3.25125953866053,-2.09906781796495,0.0324835314350611,0.0702117035338842
"GPD1L",-3.25338983951681,-0.542667402225043,0.0324194044285305,0.0701229273999561
"SGK1",-3.25664348693193,-1.38401440251466,0.032321751878626,0.0699614578095849
"GOLGA6L9",-3.25684620799474,-0.53652244802059,0.0323156791244697,0.0699582701957204
"ERLEC1",-3.25958268122064,-0.37299853177194,0.0322338371770458,0.0698528457825806
"STK17A",-3.26114695390288,-0.475494360854157,0.0321871637404042,0.0697893336418687
"SLC1A4",-3.26426710757783,-0.728599066386765,0.0320943066901572,0.0696624892065872
"ENDOD1",-3.2648401824598,-0.620470954667616,0.0320772863438637,0.069650336082787
"SLC34A2",-3.26711511502805,-0.81326430319413,0.0320098264043884,0.0695337008938635
"SAR1B",-3.26882638625001,-0.863926948806866,0.0319591920734958,0.0694633976066491
"MYBL1",-3.27537499831338,-1.18489701714232,0.0317663035134862,0.069148610819624
"ATIC",-3.27816624351492,-0.442635159704805,0.0316845082523183,0.069024208781157
"SMG1",-3.2834261454817,-0.572195125715909,0.0315310499245577,0.0687596182455369
"WFDC2",-3.29724956438417,-0.468063267907563,0.0311319414730681,0.0681720037325297
"H1-2",-3.29787065304025,-1.38679999012737,0.0311141508545435,0.0681428580351236
"ITGB8",-3.30082419566488,-1.35988851184456,0.0310297140503302,0.0680069017549245
"XBP1",-3.30459174609886,-0.679191341346946,0.0309224011757532,0.0678454406820922
"CD5",-3.30912200373838,-0.584546700882265,0.0307939474951198,0.0676461582414824
"CHAF1B",-3.31887801132376,-0.495556820850077,0.0305194680092126,0.0671299886816176
"CDT1",-3.31991567912745,-1.09992681747326,0.0304904453901666,0.0670854438009708
"PGBD5",-3.32189605261329,-0.586022839050976,0.030435147220012,0.0670128447838342
"PCM1",-3.32696842786048,-0.659567350602582,0.0302940540218826,0.0668473554214728
"NFATC2",-3.33583871403127,-1.22413516260252,0.0300491839627541,0.0664323287840624
"CEP170",-3.33911954459283,-0.415145405882813,0.0299592116807096,0.0662722773074293
"MND1",-3.34254353080526,-1.27156450370439,0.0298656552589623,0.0660938424299037
"MIF",-3.35184681578212,-0.72520197909521,0.0296132047477754,0.0656497985137272
"MKI67",-3.36146093785271,-0.430215662276759,0.0293549843609756,0.0651913846614658
"PIGT",-3.3627931099444,-0.396143192073053,0.0293194161857235,0.0651314170833309
"DLL1",-3.36514448904789,-0.560037636010258,0.0292567609864183,0.0650500139081359
"NID2",-3.37080705242482,-0.551819515790528,0.0291065288021398,0.0647720354145365
"GARIN5A",-3.37107624224837,-0.520799405707316,0.029099409898782,0.0647701589027643
"C4B",-3.37797152835448,-2.63983316734113,0.0289177645944192,0.0644840709606932
"SH3RF1",-3.37865145363906,-1.27865382722936,0.0288999263276441,0.0644715992659411
"KLF6",-3.38376419170685,-1.00484329528149,0.0287662096176097,0.0642497453171697
"CCNB3",-3.38798981969007,-0.346302160911969,0.0286562502986219,0.0641171479390086
"HSPA8",-3.39141101857088,-0.491117421832566,0.0285675906904647,0.0639470001796567
"MC1R",-3.39168538174695,-0.40825613824338,0.0285604948017856,0.0639470001796567
"NR2F2",-3.39301562554246,-2.88473138748783,0.0285261203161193,0.0639143521783074
"NDC80",-3.39398497770448,-0.521094211161571,0.0285011025984219,0.0638827956251733
"GOT2",-3.40697610274227,-0.355598161448628,0.0281683299823675,0.0633183853415086
"NMB",-3.41207425636331,-1.21673708361461,0.0280390059950273,0.0630888005877164
"IL4R",-3.41328781319311,-0.472274547361683,0.0280083263272713,0.0630427649622005
"BDKRB1",-3.42868721570981,-0.4793375284002,0.0276224743013593,0.0624286802162391
"SIT1",-3.43680173693748,-0.367987728238856,0.0274217069172393,0.0620686220711244
"GGA2",-3.4372595923928,-0.782016033279888,0.0274104307714844,0.062060120764141
"NAGLU",-3.43755099509848,-0.957142557030388,0.0274032569357225,0.0620531166584974
"IFNG",-3.44708883438464,-0.587531207265889,0.0271696839921764,0.0616711274855253
"CNKSR3",-3.45173246998555,-0.636736722793915,0.0270568261832362,0.0614883760601698
"GPC4",-3.45456409189177,-0.789234063969291,0.0269882818282955,0.061369286788983
"IL17RD",-3.45746594297449,-0.546695319413308,0.0269182524704382,0.0612558407257855
"FBXO16",-3.45885062208735,-0.44652891700942,0.0268849129793541,0.061216612754906
"CCDC167",-3.45899221600056,-0.640317984030676,0.0268815065440715,0.061216612754906
"PPP1R3B",-3.48127856921148,-0.779409391728649,0.0263517142519504,0.0603057959239717
"GOLGA2P7",-3.48614522197794,-0.529518020606567,0.0262376889705724,0.0601209543264223
"LIMK2",-3.48750569862296,-0.387795692053214,0.0262059186327531,0.060070588577873
"TNFRSF18",-3.49153174953849,-1.43109512877789,0.0261121698458859,0.0599145864538673
"ARHGEF37",-3.5094375090702,-0.867196557421053,0.0257000500611723,0.0592281196136246
"CDC45",-3.53351564283585,-1.86466044524142,0.0251580607197284,0.0583237480831752
"JAG2",-3.54716063455026,-0.539063657207224,0.0248569888658068,0.0577843299711387
"NSUN7",-3.5486075484917,-0.371701210889044,0.024825316774064,0.057746213328765
"G3BP1",-3.5491127850451,-0.73912599795878,0.024814268824641,0.0577406855558033
"YAE1",-3.56148506621116,-0.420021371782499,0.0245455534243595,0.0572265485938463
"FAM114A1",-3.56161767283113,-0.72896034474533,0.0245426922467063,0.0572265485938463
"SLC35F5",-3.56419158293599,-0.718852218397036,0.0244872354778964,0.057134378206175
"IL1A",-3.56465595897356,-0.376727411004943,0.0244772461428482,0.0571286002671018
"AIFM1",-3.5718541323281,-0.364667282560661,0.0243230263809136,0.0568471776857129
"LDHA",-3.57675991956877,-0.763300485563672,0.0242185872800063,0.0566902070731623
"PIGK",-3.60053911448885,-0.599154167731735,0.0237199019801322,0.0558316098053298
"PSMB5",-3.6014928583254,-0.402337439157386,0.0237001585356073,0.0558117081154406
"NPM2",-3.60385048472887,-0.753991593875446,0.0236514377929469,0.0557270444581184
"GADD45B",-3.60392636608184,-0.653660508701561,0.0236498716872907,0.0557270444581184
"PEX13",-3.61038604690489,-0.525525624601609,0.0235170056829111,0.0555265676798186
"RSAD2",-3.61369353084557,-1.63757258055201,0.0234493221145116,0.0554183823958807
"MS4A6A",-3.61599201200821,-0.842129987324232,0.0234024240623876,0.055342668708505
"FASLG",-3.62632413083685,-1.78279880796901,0.0231929922411494,0.0549834802811223
"COL1A2",-3.63145185250799,-3.10368527033109,0.0230898882582583,0.0547871400650494
"EFS",-3.6408170391378,-1.60266212991205,0.0229029961535992,0.0545340168316795
"OTOA",-3.64767915416663,-1.02939989165501,0.0227672068091309,0.0543042159901603
"DPP4",-3.65067664001624,-0.484965581341887,0.0227081950202463,0.0542315059465932
"EOMES",-3.65548345444443,-2.00871033471057,0.0226139455045071,0.0540998715168387
"GNA13",-3.65581990701276,-0.508987017598073,0.0226073661141214,0.054092640633033
"KIF20B",-3.65730814466805,-0.60814678559687,0.0225782909007851,0.0540656035300173
"PLAT",-3.65929765188825,-2.4280185991891,0.0225394926139233,0.0540067124109888
"TBL2",-3.65959654542842,-0.830936778573852,0.0225336706709685,0.0540012706530239
"ZNF329",-3.68606637656881,-0.660945689132668,0.0220251667604478,0.0530922073375956
"TBC1D2B",-3.68641672648583,-0.728109061715144,0.0220185292336784,0.0530922073375956
"LIG1",-3.69727614268876,-0.736090600271501,0.0218139792543952,0.0527419708268428
"HLA-DRB1",-3.69798153890263,-0.849816399697496,0.0218007714028397,0.0527184181100947
"KIR2DS2",-3.70584475624281,-2.62201080629099,0.021654188884003,0.0524389975394773
"VOPP1",-3.70688627340838,-0.769390684105139,0.0216348623248332,0.0524147736464516
"CAPZB",-3.7095726097387,-0.722624204655269,0.0215851098246536,0.0523217007034319
"CLEC4M",-3.71828065676197,-0.711604546915881,0.0214247742330868,0.052090802004282
"GZMH",-3.71917039131087,-1.6604956048222,0.0214084728523894,0.0520678162704523
"CXCR3",-3.73384116242831,-2.1381506366705,0.0211418179697893,0.0516008293507551
"CCL5",-3.73988147559061,-1.14958978225433,0.0210331911248908,0.0514339943851529
"SLC18B1",-3.74044154750219,-0.935468465764161,0.0210231530256141,0.0514184804138853
"RASL11B",-3.74141074087389,-0.387981626468889,0.0210057958987819,0.0513925585631717
"EPSTI1",-3.74342502490169,-0.934812615890792,0.0209697775017281,0.0513374720293433
"CEP15",-3.74824089152317,-0.652240123405812,0.0208839632434706,0.0511933128637492
"KATNAL1",-3.74995793404427,-0.734860889064008,0.0208534693157239,0.051151542153795
"ERGIC2",-3.7656950163376,-0.385997403082525,0.0205764657550064,0.0506846276647452
"SOX17",-3.76814274347483,-0.547538525136889,0.0205337797462604,0.0506286839139312
"MCM8",-3.76948892779927,-0.846988061367756,0.0205103489956113,0.050587315524693
"PIK3R1",-3.76971874681812,-0.500669227723663,0.0205063521404714,0.0505856615332181
"HLA-DRB4",-3.77110890962157,-0.606302728635303,0.0204821953488837,0.050534267823787
"CRH",-3.77862679979115,-0.958952695243331,0.020352149043094,0.0503113593379996
"IL17D",-3.79174627255546,-0.436425897574352,0.0201275769541197,0.0499022155719355
"SLC38A1",-3.79396351106655,-0.843709278432311,0.020089918696192,0.0498494833629774
"GADD45G",-3.79520191645068,-1.24365889514657,0.020068922155987,0.0498184890231175
"RAD51",-3.81609440350329,-1.43564909080471,0.0197186515548934,0.0491608611224293
"CDC6",-3.82118110052294,-1.33125124288649,0.0196344884650098,0.0489911895940722
"NR2F1",-3.83615768884438,-1.62319344765151,0.0193891904983071,0.0485304162439525
"BDKRB2",-3.84494961633223,-2.09535588429323,0.0192469093119454,0.0482855487984273
"KIF2C",-3.84644093237073,-1.49048254080892,0.0192229000750962,0.0482491936527585
"PBX1",-3.85546152628723,-1.53453300518833,0.0190784412551634,0.0480213397233573
"IL21R",-3.85586532759669,-1.19030819768851,0.0190720052975262,0.0480130866685613
"CTSD",-3.87320841222492,-0.948167446685293,0.0187980374073224,0.0475061828510956
"SOCS1",-3.87443570030331,-0.98773247107112,0.0187788303566054,0.0474793769016216
"CCR1",-3.88037775838628,-0.607783650897433,0.0186861711373055,0.0473395453366886
"ST13",-3.88075271181158,-0.400478632293,0.0186803427052657,0.0473326644221395
"CTSW",-3.88384769726994,-3.04080004765132,0.0186323166033235,0.0472267118172239
"DUSP3",-3.88670900573398,-0.419362659052609,0.0185880489669991,0.0471616697848052
"MSH2",-3.89411779568901,-0.497463608753122,0.018474014832269,0.0469905687541054
"LARP4",-3.89556768210848,-0.695801537545826,0.0184517973937889,0.046949127449346
"CALD1",-3.89856522688803,-2.6616833418292,0.0184059664141639,0.0468717242509384
"TNFAIP8L3",-3.90539852344102,-0.431396932080929,0.0183020010080882,0.0466694888214295
"NKG7",-3.9078213232024,-2.31089882319928,0.0182653094707197,0.0466150069526271
"CTSZ",-3.92032827317482,-1.9951682308001,0.0180773064214562,0.0463061606969017
"CD164",-3.9310607519722,-0.86203692908342,0.0179178361720207,0.0459778031649815
"CGNL1",-3.94141588815702,-0.853348831793514,0.0177655796195359,0.0457617567329464
"DSCC1",-3.94220873981513,-0.464768568197352,0.0177539864391965,0.0457554017568717
"RIMKLB",-3.94492314168157,-0.537223017679782,0.0177143652055725,0.045684257426886
"IL18R1",-3.94977717764181,-0.583095927120066,0.0176437782551585,0.0455253783007212
"SH2D4A",-3.95107072783001,-0.478504026144034,0.0176250249109583,0.0455001491844938
"APMAP",-3.95383883141898,-0.742255575016035,0.0175849749154964,0.0454430413789073
"SMC4",-3.97694686570118,-0.464297598617832,0.0172548920242856,0.0448108602980421
"GZMB",-3.98718109019165,-3.38331886843643,0.0171110969562675,0.0445210543217992
"TBC1D8B",-3.98857156182116,-0.752910272478648,0.0170916721685922,0.0444851273900524
"DRAIC",-3.99368951167827,-1.37445300777114,0.0170204039409651,0.04436858127086
"RALA",-3.99805028868953,-0.473682401835512,0.0169599626582045,0.0442489470073724
"SAT1",-4.00673119394031,-0.42355927538305,0.0168404138382342,0.0440655563750628
"SPR",-4.00936935056846,-0.678632800762678,0.016804284529059,0.0439937268235375
"PIMREG",-4.02066300486603,-2.05492572346718,0.0166506741740011,0.0437497326949221
"DTL",-4.02446410075871,-1.03637896990204,0.0165993558801471,0.0436526031861104
"TPRG1",-4.04091020291899,-0.517308202762408,0.0163795102995563,0.0432689929886489
"PRNP",-4.05390240464091,-0.681825162782783,0.0162083215177096,0.0429361006168487
"HIVEP2",-4.06908594922598,-0.721305557441034,0.0160109936737253,0.0426212483441299
"PTPN14",-4.07089470642795,-0.475073050251277,0.015987681028005,0.0425753337280691
"ZAP70",-4.07245984720435,-1.67208409779072,0.0159675414410342,0.0425577234902293
"NECTIN2",-4.10359868857512,-1.20080154989073,0.0155731694398521,0.041813775953623
"TMEM98",-4.11675791524633,-1.38193369141442,0.015410058807171,0.0415010048414126
"TMTC3",-4.12020281884998,-0.556179553903271,0.0153677008966241,0.0414309511143166
"FMOD",-4.12261552869092,-2.41194717149761,0.0153381186040759,0.0413871321665516
"KIF14",-4.13084134839026,-0.523309299678696,0.0152377787376496,0.0411719626585877
"FEZ2",-4.13806964863822,-0.641546505732114,0.0151502624750538,0.0410099013668554
"PTN",-4.14154705859159,-1.74257141939435,0.0151083769049234,0.0409350072991404
"KITLG",-4.14280584995705,-0.624136404251732,0.0150932492971616,0.0409013070761285
"DTX1",-4.14557684648622,-0.536413603747776,0.0150600132794488,0.0408330686314597
"FN1",-4.15527565406824,-0.984932459567953,0.0149443796499877,0.040642726344244
"CNST",-4.15941073376075,-0.513922840044157,0.0148954066350028,0.0405385368835224
"TGFBR1",-4.16906509543586,-0.551097521066426,0.0147818221674573,0.0402795279389016
"HS3ST2",-4.17686386079835,-3.04542689259809,0.0146908348310844,0.0400984689972737
"CDC25C",-4.17845434066281,-0.561015176698622,0.0146723623121807,0.040067747538812
"ITM2A",-4.17849647986622,-2.29561764677945,0.0146718732723394,0.040067747538812
"ARF4",-4.18559826017966,-0.43848761949688,0.0145897362458247,0.0398850815794539
"BIVM",-4.18846505931817,-0.708559361179146,0.014556737731631,0.0398235055626271
"POPDC1",-4.19948939971532,-0.786333902368953,0.0144306813933033,0.0395926037577767
"GAS1",-4.21517480460495,-2.57739396158863,0.0142536023338954,0.0392415275614772
"ZNF250",-4.22144240259849,-0.692527430547854,0.0141835824744173,0.0391175275791719
"PRDX4",-4.22387255991945,-1.02787876499074,0.0141565457379085,0.0390589164699042
"KPNA2",-4.23483023051282,-0.551114651756427,0.0140354099036663,0.0388233018943175
"DLG5",-4.23862757647163,-0.86453578963133,0.0139937243556551,0.0387408838261053
"HSD17B1",-4.25089231264268,-2.15530494690509,0.0138601100219574,0.0384292713243261
"PTGIS",-4.26225188142904,-1.35585977687266,0.0137377355923012,0.0382223715491615
"CALR",-4.27997828128926,-1.93182051772355,0.0135493818114203,0.0378000532473943
"LIPA",-4.28364379803546,-0.60972456006441,0.0135108255650319,0.037729092029564
"OSBPL6",-4.29614785055216,-0.593930270601999,0.0133802985280024,0.0374677923059952
"ADAMTS1",-4.30775461494864,-2.15349603013919,0.0132605063092344,0.037235188321794
"H2AC19",-4.31211955440611,-1.38254530412415,0.0132157935495854,0.0371439268715755
"CAV1",-4.32055819289534,-0.864124981985626,0.0131298695541178,0.0369966697048343
"HSPD1",-4.33343864596444,-1.1498617993645,0.0130000227860766,0.0367618612195605
"FKBP4",-4.33815554504992,-1.0622650790774,0.0129528627961072,0.0366692362999251
"CD40",-4.3417554881253,-0.516332612035687,0.012917010072364,0.0365881708289274
"OTUD1",-4.34226823184975,-1.39648139410845,0.012911913348357,0.0365873631827489
"IL2RB",-4.34479151877032,-3.94309950838934,0.0128868672036647,0.0365300049269958
"SKA1",-4.36002551896849,-0.549630530044496,0.0127369026485035,0.0362332239952192
"CP",-4.36799390754118,-2.80294953376183,0.012659306423339,0.0361138120589269
"SUV39H2",-4.37487449322163,-0.672765103817618,0.012592765213782,0.035977977338192
"PCCA",-4.39508448899667,-1.34863967832774,0.0123997616650705,0.0355333663844717
"HSPH1",-4.39675342236727,-2.548115991895,0.0123839848642626,0.0355015347437712
"TBX1",-4.40025549703364,-0.832525191603799,0.0123509582633779,0.0354402591074437
"NCAPG2",-4.42576842512975,-0.537604171125156,0.0121135624251841,0.034956936880873
"THY1",-4.43610480778264,-2.82768655718671,0.0120189654868338,0.034731481158587
"MAGED2",-4.44557407557863,-0.836032650161692,0.0119330921785246,0.0345648737956369
"CCNA2",-4.44959434903875,-0.777143463535453,0.0118968597060251,0.0344952225756396
"STAT4",-4.46223632886245,-0.736911313626916,0.0117837939429386,0.0342850833641624
"TFRC",-4.47120885198106,-1.65406710948537,0.0117043396968013,0.0341230171610333
"KLRC4",-4.48340147702444,-3.04807251949381,0.0115974132082055,0.0339244970321963
"ITIH5",-4.48340305404132,-0.459245236337553,0.0115973994552503,0.0339244970321963
"KDSR",-4.48988131173132,-0.573053977023619,0.0115410706519771,0.033805200784913
"KIF20A",-4.50149409492114,-0.588132515247862,0.0114409284157851,0.0336740157436152
"ACOT7",-4.51199297929012,-0.495038036058531,0.0113513014226774,0.0334879906956503
"CKS1B",-4.51921778384558,-1.06075184166206,0.0112901211623785,0.0333633036664533
"IFIT3",-4.52548137289794,-0.940994890417805,0.0112374053912863,0.0332487278581095
"TWSG1",-4.52841741624874,-0.750616892475877,0.0112127982411844,0.0332146933486429
"DLGAP5",-4.54763720947648,-1.81615073257356,0.0110533275669198,0.032941212157107
"TESK1",-4.55006318177752,-0.841702106741774,0.0110333957761938,0.032894703580544
"B3GNT5",-4.56005132301269,-1.33186357175297,0.0109517932331222,0.0327284086243509
"CKAP2L",-4.56262576195243,-0.492621199063422,0.0109308795746221,0.0326916060119671
"CXCL2",-4.56341029794218,-1.48382069880726,0.0109245160144726,0.0326790006978951
"ZNF219",-4.56685842542693,-0.625629186463128,0.0108966009059828,0.0326211627122414
"HESX1",-4.57396109913261,-0.770264508816949,0.0108393731039806,0.0324946158417773
"FCGR2A",-4.58156839702142,-0.619765927548349,0.0107784852826767,0.0323503461967529
"DCHS1",-4.58577789625134,-0.849675769363532,0.0107449722115347,0.0322752394613905
"CCL23",-4.60397555166815,-0.85645554492793,0.0106015489850763,0.0319770640549466
"SLC7A5",-4.6141491763379,-1.73128966200891,0.0105223838220883,0.0317760947510563
"CXCL3",-4.61734460233134,-0.95125273182467,0.0104976678169693,0.0317266558347515
"TEF",-4.62194874156083,-0.471939584216579,0.0104621800851072,0.0316845441993062
"APOC4",-4.63526872813081,-0.834324952857828,0.0103603334456139,0.0314868007675653
"ATN1",-4.63653138119065,-0.613466573991243,0.0103507419037943,0.0314845608904074
"CD22",-4.63845329433158,-2.89179983525539,0.0103361631848627,0.0314659112151447
"HSD11B1",-4.64025325744514,-0.688679135595456,0.0103225322336218,0.0314410314858641
"IFI44L",-4.65212824917174,-1.9126020490846,0.0102331516220197,0.0312815617824474
"CXCR4",-4.65624297556637,-1.22212994754589,0.0102024014150197,0.0312261747610008
"SFMBT2",-4.65688501546438,-1.56095221765022,0.0101976134929753,0.0312231338838672
"RAD54B",-4.66864637175506,-0.558478546432484,0.0101103881217903,0.0310503637943441
"CDH13",-4.67332929625051,-0.797088669050357,0.0100759119076958,0.0309689709563942
"SLC7A6",-4.67756414078396,-0.670986170724701,0.0100448579929157,0.0309047542699297
"MAGEH1",-4.68583042011406,-0.911232530908189,0.00998457764562402,0.030760208924397
"B3GNT7",-4.70406092710423,-0.941763872041612,0.00985318849365768,0.0304375313967686
"IL1B",-4.71068788390521,-1.39151585816078,0.00980595108434225,0.0303354158036365
"CD8A",-4.7188774316464,-1.20529228400001,0.00974795684248595,0.0302134355623
"GTDC1",-4.74307193929601,-0.50000294393,0.00957905367691403,0.0298521000652682
"C1S",-4.74769825686879,-4.42990463330634,0.00954716541902638,0.0297832393215494
"CXADR",-4.78359441558151,-0.688321594963264,0.00930409739236089,0.029265090619033
"TMEM144",-4.78689137161951,-0.514431744158023,0.00928215358863627,0.0292202425535045
"CX3CR1",-4.79015705187247,-0.644258245424154,0.00926048027325416,0.0291701292451635
"MRC2",-4.79161036323803,-1.14654934167562,0.00925085498213238,0.0291566405910917
"FRMD4B",-4.79857938437049,-1.0367938301685,0.00920486865382695,0.029056425735357
"TC2N",-4.82308075200103,-0.846177006721498,0.00904539452592589,0.028760685751679
"FAM200C",-4.82534927331418,-0.531728651822698,0.00903080069617699,0.0287262951239196
"TMEM106A",-4.83652941933288,-0.845995367329243,0.00895929583485322,0.0285765459430469
"CNN1",-4.84435195398564,-1.99763941623826,0.00890967665711308,0.0284959753104891
"BST2",-4.84874848004352,-0.759156256809547,0.00888193652755453,0.0284311704296041
"POGLUT3",-4.84910832234698,-1.17539821710198,0.00887967076176709,0.0284299016726219
"PMEPA1",-4.85038421686227,-1.41512366045582,0.00887164272010594,0.0284101795088168
"CFI",-4.86096754398361,-1.81678446001333,0.00880539253438851,0.0282694552803421
"CD96",-4.88403340103745,-1.53378745757461,0.00866308776105143,0.0280069467257106
"POMGNT2",-4.88658021360922,-0.622898336082953,0.00864754825515315,0.027986669370098
"GSTA2",-4.89735889063727,-0.646050908998126,0.00858215800615394,0.0278531698594313
"HSPA2",-4.9212426291609,-0.989148192568046,0.00843940676930643,0.0275599094154203
"ANKRD36BP2",-4.926280750066,-0.551913518667952,0.00840966643402441,0.0275092473383284
"SPINT2",-4.95907939140824,-0.598889697594585,0.00821915855629239,0.0270497648396656
"PDGFA",-4.97254610291495,-0.806016573621785,0.00814247057621247,0.0268963276548739
"TLR1",-4.98134830556212,-0.544747643911611,0.00809281851806505,0.0267826566738607
"CDO1",-4.9916109914069,-1.21118226785984,0.00803539537541946,0.0266658717393484
"CSGALNACT1",-4.99289522447607,-1.07435421919226,0.00802824484282506,0.0266658717393484
"EPDR1",-4.99308647573281,-1.24997921410747,0.00802718063414769,0.0266658717393484
"NOC3L",-4.99536068510553,-0.615365602919546,0.00801453913566391,0.0266357323372327
"SPATA9",-4.99980945236884,-0.529907882192778,0.00798988049265674,0.0265828270689835
"LDLRAD4",-5.03196738400064,-0.632181737440699,0.00781437201074176,0.0262110651829203
"KIF11",-5.03471532656851,-1.25232977342186,0.00779959465218366,0.0261845994415914
"GLA",-5.05243890447809,-1.0282014377148,0.00770510239803913,0.0259936107518587
"BUB1B",-5.07092197953996,-1.23639195495044,0.00760805083752713,0.0257690951307601
"CDC25B",-5.08095388010429,-0.580300490864495,0.00755600225376477,0.0256442049264126
"TRPM4",-5.0941324176745,-0.523666046577725,0.00748828955766216,0.0254826376354724
"MAOA",-5.09553545715979,-2.20121625107627,0.00748112449046246,0.0254639528314577
"GARRE1",-5.10725953199066,-0.898237123555067,0.00742157915761042,0.0253349889627249
"TGM2",-5.11388212076495,-0.53242336968834,0.0073882005290603,0.0252720993355711
"NINJ1",-5.11991054133892,-0.853806203641054,0.00735797648869428,0.0252027266756898
"COL4A2",-5.12053246990595,-2.38664947022553,0.00735486702746989,0.0251977512398653
"KIFC1",-5.13719300077914,-0.814484811834289,0.0072721658119419,0.0250049176674162
"CCL14",-5.1477965718964,-1.00058687245074,0.00722012431370012,0.0249003509074201
"C11orf96",-5.15262972526663,-4.87840855399766,0.00719655516759784,0.0248680248769127
"ATP6V0A1",-5.15794652085012,-0.721325422005144,0.00717073642550871,0.0248185160580647
"CYP51A1",-5.19932916045949,-0.698352351163229,0.00697361520436005,0.024374518510608
"DNASE1L3",-5.20410554807429,-1.76212984312193,0.00695129384151128,0.0243149204336973
"ENPP4",-5.20526906920231,-1.63955465891761,0.00694586967580393,0.0243057492014787
"CD84",-5.22119601427899,-1.7195957549457,0.0068721401845153,0.0241198956672302
"UBFD1",-5.2327024086675,-0.571019520687196,0.00681947148599314,0.0240193170484662
"HLTF",-5.23945877802455,-0.787816319241087,0.00678877610558924,0.0239822780519863
"PRLR",-5.24500838877202,-0.611937481575576,0.00676369002860324,0.0239124778078401
"IQCK",-5.26701424961028,-1.10361683193694,0.00666532969533064,0.0236395368485514
"PEPD",-5.27121519404427,-0.589838482854398,0.00664675270176744,0.0235987764297329
"CD180",-5.2752330960527,-1.30326920174479,0.00662904458441731,0.0235658041233797
"ERO1A",-5.2823450243303,-0.552881050912821,0.00659784194309345,0.0234933224702799
"C4BPB",-5.28775245438469,-0.566285472393971,0.00657423819167914,0.0234367122407539
"TNFRSF4",-5.2911570164812,-1.90089507482949,0.00655943026494626,0.023417856538015
"KIF4A",-5.29811427938168,-1.11303361291859,0.00652929725700073,0.0233969650785101
"TANC2",-5.29832664421033,-0.795088005352238,0.00652838014804641,0.0233969650785101
"ABCB4",-5.30036626194043,-0.552502384433791,0.00651958000038302,0.0233843803409965
"CD40LG",-5.30238443391964,-0.89646027387496,0.00651088671825947,0.0233697345318126
"WDHD1",-5.31892699572557,-0.794835818779427,0.00644016355878984,0.0232365379364356
"ESPL1",-5.33454150015975,-1.06594588559808,0.00637427186559175,0.023075440735996
"FKBP14",-5.3468290266035,-0.605662925651468,0.00632300125204014,0.0229531335092426
"USP11",-5.34974658039751,-1.02156312518539,0.00631090205991543,0.0229333807711335
"DUSP16",-5.35710180008731,-0.548899493493537,0.0062805257380975,0.0228557634422079
"CHIT1",-5.37955465414299,-1.14482320101483,0.00618890246622644,0.0226306392657782
"TIGAR",-5.40347193207117,-0.669274437931709,0.00609310332158267,0.0223717806167623
"PRR5-ARHGAP8",-5.40696596266623,-0.848083066779684,0.00607926122520923,0.0223479344242161
"PARP2",-5.41773257749104,-1.12926790882263,0.00603685014258935,0.0222694343003785
"KLRB1",-5.4210544500706,-1.92941966481028,0.00602383833369443,0.022251769098573
"FDX2",-5.43960857491791,-0.820957618220883,0.00595179239678732,0.0220796281642667
"ARHGEF16",-5.4435416509165,-1.0144818008155,0.00593665654369994,0.0220367763525967
"KLHL9",-5.44575899957771,-0.800102761165153,0.0059281442707953,0.0220159262686825
"GLI3",-5.46488320230018,-0.570314184293082,0.00585534698001387,0.0218576624624573
"CA2",-5.47667708008087,-0.610083111940182,0.00581100068050249,0.0217562034340428
"IL6",-5.47863993437477,-1.48224993474012,0.00580366027483387,0.0217439446093989
"AGRN",-5.48519787452178,-0.798184547803428,0.00577921836998073,0.0216852585666585
"FBLN1",-5.48614205728697,-4.29180168842303,0.00577570976848455,0.0216852585666585
"VCAM1",-5.49174381038199,-1.04115845797589,0.00575494734071787,0.0216422450933821
"VAT1",-5.49245605740454,-1.73914647526598,0.00575231403964988,0.0216376927813493
"LTBP3",-5.5015557309387,-0.850445253137636,0.00571880103428317,0.0215329354120769
"HYAL2",-5.50921967607951,-0.822075092150689,0.00569076179513853,0.0214539180417617
"DIRAS1",-5.51602236141148,-0.795909695848466,0.00566601510722614,0.0214035911696555
"GRIN2C",-5.5255556261457,-0.69202139159565,0.00563155751558939,0.0213189289918641
"TMEM106C",-5.5374264748359,-1.64021402710375,0.00558901044440282,0.0212017138534493
"MILR1",-5.54318738307105,-0.636330136389573,0.00556850496726472,0.0211503055799605
"TFPT",-5.57870526326262,-0.746026167984914,0.0054441064232804,0.0207917096962006
"RGS12",-5.59035968328496,-0.766557275765852,0.0054040346089748,0.0206809875853829
"FMNL3",-5.59200948378049,-1.22145032979512,0.00539839141407769,0.0206752065772863
"ANKRD37",-5.61031453826964,-1.82759663559711,0.00533626252196789,0.0204904921528344
"ZNF433",-5.61733735337357,-0.694396060952464,0.00531266031080965,0.02042855575393
"MITF",-5.63095305864057,-1.59414188690824,0.00526726579161537,0.0203318620902689
"HGF",-5.6319238120128,-0.856935851427775,0.00526404758921858,0.0203318620902689
"CDKN3",-5.63589964423185,-1.12534499332224,0.00525089230580219,0.0202893479693734
"FADS2",-5.65008864466109,-1.39699814700529,0.00520427236017427,0.0201724179934473
"MX1",-5.65150176948687,-1.14056797502405,0.00519965729989871,0.0201622611465731
"ZNF629",-5.66010579565059,-0.601029276387007,0.00517166629549174,0.0201020907569982
"CYP11A1",-5.66679645063312,-0.805594683343316,0.00515002812088561,0.0200417450534474
"CSTB",-5.6826684713805,-0.75492991184126,0.0050991408945252,0.0199351503146373
"INPP4B",-5.69075010649196,-1.77273340368301,0.00507346835095166,0.0198807798714952
"CRYZ",-5.6923822487431,-0.836755144301378,0.00506830294056463,0.0198715741338533
"JPT2",-5.70912830954846,-0.828815093785623,0.00501567733756253,0.0197510152640215
"ADCY6",-5.71725588717287,-1.14570927882638,0.00499037855960102,0.0196870757806517
"RBP1",-5.71777176267008,-3.05680444828271,0.00498877810124734,0.0196858685427529
"GNG12",-5.74183296595568,-1.8774527790143,0.00491482787143967,0.0194952275088301
"PSG9",-5.74395878064834,-2.12349737827396,0.00490835948543316,0.019482200920615
"LAMP1",-5.74723493032958,-0.853046063396891,0.00489841140908102,0.0194725755251251
"TWF1",-5.75868673228852,-0.985502507997759,0.00486383247296057,0.0193839528953837
"GEM",-5.7713112136017,-0.829039204845562,0.00482606049243461,0.0192637081283322
"HLA-DQA2",-5.77890812652488,-1.39409449179989,0.00480350497487089,0.0191945722787056
"CENPE",-5.79371791982043,-1.28887023590427,0.00475990644532464,0.0190948713322335
"SMAD7",-5.80671078073291,-0.701639904726513,0.0047220578030333,0.0189780800921064
"RORA",-5.80964233810291,-1.30649143435816,0.00471356942949379,0.0189688518095967
"SKAP1",-5.81391547816204,-1.74714474776914,0.00470123014315585,0.0189293905261091
"SEMA7A",-5.83013817374162,-1.40879147505134,0.00465474588670085,0.0188419950612048
"ERLN",-5.85239459978291,-0.747141158869335,0.00459189086558596,0.0187077157096781
"CDCA5",-5.85703753042392,-2.19952643505606,0.00457891082922067,0.0186892313179785
"GPX3",-5.88409926836344,-3.49948984009968,0.00450414932884948,0.0184733287468023
"HNMT",-5.88464276867553,-0.750874315430908,0.00450266332166535,0.0184733287468023
"CIITA",-5.88530277767886,-0.652300058816427,0.00450085957596973,0.0184733287468023
"PDCD1LG2",-5.89028456434158,-0.763897513857256,0.00448727350616334,0.0184315030929171
"NR4A3",-5.89269142246101,-3.81746782136304,0.00448072776919367,0.0184126546959009
"AKR1B1",-5.89529404875173,-1.85167544267984,0.00447366286400696,0.0183979082844288
"CCR7",-5.89621889769327,-1.27203192647563,0.00447115564334698,0.018397547354984
"SLC39A14",-5.89915242978993,-1.94077584996613,0.00446321443806542,0.0183748146112883
"RADIL",-5.91977265459634,-1.24389554859589,0.00440788269166048,0.0182557407338705
"RASGEF1B",-5.91992329195314,-0.859075616098298,0.00440748159838518,0.0182557407338705
"ZNF234",-5.97008528139476,-0.646273491791614,0.00427638543305391,0.0179160522495548
"GCLC",-5.98471703258026,-0.693840808876368,0.00423905538247461,0.0178324851300729
"TNFRSF1A",-5.99618220015846,-0.900243886331518,0.00421008492679639,0.0177507545236261
"KRT18P55",-5.99985361615524,-1.64267830557557,0.00420085958771719,0.0177167699972277
"FMNL2",-6.01301663631548,-2.08276328386622,0.0041679886388822,0.0176539631728594
"CBLB",-6.0280996557289,-1.13921813398192,0.00413071237318434,0.0175523536662161
"CATSPER2",-6.04699608128159,-0.71468298016331,0.00408459046802257,0.0174176941975773
"TNFAIP1",-6.04784256571596,-0.806405339225241,0.00408253930538023,0.0174176941975773
"ANTXR1",-6.06802499612133,-1.36306446461757,0.00403400858368083,0.0172923140869547
"IFI6",-6.07818002754585,-1.87537985153479,0.00400985913277834,0.0172168090602182
"LHX2",-6.11111479566389,-1.62106796057429,0.00393275616144667,0.0170203061193173
"ANKRD33B",-6.11114200451551,-1.51831553689172,0.00393269322385872,0.0170203061193173
"IL7",-6.12275733420517,-0.71395348902293,0.00390593868695256,0.0169573267345631
"TCEAL9",-6.13060596100303,-2.82110593441995,0.00388798749395915,0.0168938610880373
"PLPP1",-6.13940490460264,-2.84437639811675,0.00386798373512598,0.0168406231445164
"SLC46A3",-6.15223413418565,-0.735227571067959,0.00383904465487128,0.0167492618224228
"CALCR",-6.17402675338274,-0.701832154956428,0.00379049704529561,0.0166181511684187
"SLPI",-6.18107449179914,-3.20819448491503,0.00377495921536339,0.0165971609561279
"PLPP3",-6.18868610525864,-3.50748435040978,0.00375826651044406,0.0165463813145136
"BIRC5",-6.18894472652715,-3.40959793585744,0.00375770094262741,0.0165463813145136
"CCNB1",-6.2028519500278,-1.55491461424285,0.00372744207330412,0.0164931449085857
"ENPP1",-6.20463996190667,-1.74952984435945,0.00372357364985662,0.0164856209802094
"CHCHD7",-6.21195229746662,-0.828889404855714,0.00370780469612172,0.0164397358071776
"ITSN1",-6.21662619319248,-1.48342865401288,0.00369776871457274,0.0164081083836889
"CD83",-6.22621980530342,-2.5047422169829,0.00367727385132566,0.0163739926032422
"CAVIN1",-6.23766449388347,-3.48008065420766,0.00365300778375018,0.0163061175154895
"BBS5",-6.24593321678015,-1.06017456572084,0.00363559872914618,0.0162570377750236
"MPC2",-6.26940407829574,-0.887366613803889,0.00358673846613458,0.0161000940357068
"COPRS",-6.28365250817529,-0.781034101651099,0.00355747255863506,0.0160112585592548
"ZNF675",-6.2914056239442,-0.80568474648891,0.0035416718384382,0.0159703818912026
"LUM",-6.29281202226667,-4.71435670286977,0.00353881492365142,0.015969821174745
"RAP2A",-6.29579863451655,-1.12544320344789,0.00353275745169915,0.0159529587670297
"DOCK7",-6.31129196891208,-1.12602459198319,0.00350153863363826,0.0158742881120594
"SEC61A2",-6.31651600261742,-0.75262907985481,0.00349108922887583,0.0158485029829086
"NABP1",-6.31764524138872,-1.09396058810541,0.00348883553139619,0.0158430011231631
"ANKH",-6.32164312177647,-1.02657851821809,0.00348087113473885,0.0158283119430027
"TMIGD3",-6.34111761304287,-1.09343523033673,0.0034423947828495,0.0157260257908006
"P4HA1",-6.34922440746096,-1.50629716688029,0.00342653302404119,0.0157147589619452
"CLTC",-6.36332264965249,-0.829631272577119,0.00339916302259656,0.0156176650295011
"DENND5B",-6.40421516474447,-1.03065857257391,0.00332129026262938,0.0153666511451377
"CD3D",-6.40555953724435,-0.979100275485282,0.00331876779983237,0.0153596532866253
"HSPA1A",-6.4172046069419,-2.21584082623369,0.00329701685799619,0.0153028804871431
"GOT1",-6.41854117978509,-0.658409724460639,0.0032945316687466,0.0153028804871431
"HLA-DPB2",-6.42878772787111,-1.28360792716193,0.00327555626067809,0.0152385009520931
"CCDC9B",-6.4487358438107,-0.915488728670756,0.00323900087630594,0.0151239561949219
"PRG2",-6.455850792958,-0.817898906022682,0.00322608476568873,0.0150907910956392
"ARID5B",-6.46234299392164,-0.900726616479635,0.00321435470841713,0.0150736683335207
"LAIR2",-6.46567426353642,-1.11858328201365,0.00320835627878571,0.0150594698419053
"JHY",-6.46602710057477,-0.696446233037654,0.00320772175631421,0.0150594698419053
"STX1A",-6.48477380494224,-1.41105689922733,0.00317423083761768,0.0149662107857384
"ENOSF1",-6.50374609737971,-1.66403426338042,0.00314077623065709,0.0148882143117877
"CABYR",-6.5108120846165,-0.712929457429673,0.00312842806804728,0.0148400293383852
"ACY1",-6.52974920343219,-0.813454683045222,0.00309562950440767,0.0147323020448679
"GPRC5B",-6.55943846177403,-2.56724938125394,0.00304506040178229,0.0145672471186867
"IFITM1",-6.56916172943411,-1.46660042869195,0.00302872153034264,0.0145164818888909
"MTSS1",-6.56934639716641,-1.41924350272207,0.00302841226802967,0.0145164818888909
"TNFRSF12A",-6.60258020144682,-1.96421840789634,0.00297338650923368,0.0143690060477997
"RRM2",-6.6058029184398,-1.44431968276247,0.00296811667304028,0.0143526608469306
"CD6",-6.62227000127224,-0.821691082699361,0.00294136919416527,0.0142732427265046
"CTNS",-6.65228417708172,-1.31641115234445,0.00289338033856592,0.0141328926373163
"EPB41L3",-6.66697383490274,-0.805494797676636,0.00287024682186779,0.0140931003509596
"BACE2",-6.68804735896437,-2.36619197200371,0.0028374583714814,0.0139871352575342
"TPX2",-6.69526072724132,-1.41868290592105,0.0028263416927581,0.0139691272224456
"GNPTAB",-6.77434892731658,-1.06640763190454,0.0027079247326308,0.0135615915230844
"GZMA",-6.78460523043772,-3.67974635687027,0.00269302198129016,0.0135234108493034
"POGLUT2",-6.78606818262258,-0.757054907606607,0.00269090455064743,0.0135194173790044
"PTGER4",-6.78954696968567,-1.03321983430551,0.0026858777415331,0.0135120174307759
"NEURL3",-6.79147507706434,-2.54163005726421,0.00268309665781885,0.0135087958963571
"CD109",-6.81964119716901,-0.811722557867213,0.00264287391156266,0.0133575362070605
"DNAJB2",-6.82702764026944,-1.16402806555942,0.00263244954531622,0.0133314327955941
"MCF2L",-6.82877145048333,-0.80767925986727,0.00262999597154559,0.0133313168729102
"FCGRT",-6.85764150543691,-0.987360834621296,0.0025897840197955,0.0132165890513591
"DNAJC9",-6.85926240592211,-0.824061507360375,0.00258754899746906,0.0132096156943637
"GZMK",-6.87790696127601,-1.43571177054473,0.00256201151746611,0.0131277193927307
"IL32",-6.88416058390252,-2.16159275756107,0.00255351592898041,0.0130978583288215
"TXK",-6.89378545301103,-1.1303394198587,0.00254050858023568,0.0130742983025492
"LMAN1",-6.91941200152461,-1.29191854820723,0.00250627429116706,0.012977670895495
"PER3",-6.93308147057579,-1.67333509417675,0.00248824716699124,0.0129167794304986
"HLA-DQB2",-6.93474160902077,-0.840513254019022,0.00248606875718875,0.0129167794304986
"SMPDL3A",-6.94227961306817,-1.4851813408327,0.00247620718028043,0.012883393362198
"PTTG1",-6.96669854097795,-2.14508165888159,0.00244459236740996,0.0127801171273876
"SLC41A2",-6.97853791109164,-0.920129981679301,0.00242944425937918,0.0127271747491004
"AMACR",-6.98399069007643,-0.827306964508664,0.0024225067420356,0.0126995803284651
"ERC2",-6.98916717207189,-1.83317501655483,0.00241594346540886,0.0126783773697142
"CD7",-7.00303639466488,-1.13608495243772,0.00239846698250855,0.0126301543871156
"RARRES1",-7.00958264351601,-2.61521664953599,0.00239027257035914,0.012621967100702
"MDH1",-7.01366826523421,-0.718287514582256,0.00238517589167793,0.0126038064491445
"CLDN23",-7.04442658054691,-0.833837657453981,0.00234723530395826,0.0124901170407968
"BUB1",-7.0487383532766,-1.63676803626495,0.00234197668413844,0.0124708618390677
"GATA3",-7.06530696256953,-0.893533267147499,0.00232190510590018,0.0123987123772928
"SCARB2",-7.08561494226885,-0.773035025035627,0.00229759366951802,0.0123164626457631
"RABEP1",-7.12454895962668,-0.789863019577979,0.00225186075129786,0.0121916334303089
"XCL1",-7.14174937346519,-5.06647570862237,0.00223201653202134,0.0121181400621157
"TMEM26",-7.14577309671993,-1.07570088073321,0.0022274056837885,0.0121109709113534
"PAK6",-7.16432758103685,-0.866859871253192,0.00220629603187934,0.0120392357563046
"GPR68",-7.21796472290694,-1.58284029674662,0.00214665279297991,0.0118772098747283
"PLD4",-7.26916392322735,-1.33765914539409,0.00209157571134066,0.0116943689037018
"FABP5",-7.27733700089449,-1.73090664139554,0.00208294663378847,0.0116546918346781
"JUN",-7.2886387652469,-3.55242818616121,0.00207108696758602,0.0116268330022326
"LAMB3",-7.29812421998665,-1.67243612433913,0.00206119789415719,0.0115927135999788
"TMEM14C",-7.361904266539,-0.797682421860093,0.00199620375110874,0.0114043075307519
"TCF4",-7.40170549239852,-2.02300432207747,0.00195693174295118,0.011303083154881
"LAG3",-7.4243916941837,-3.07295117069058,0.00193497611687942,0.0112317239639322
"AK3",-7.47458747013223,-0.807734333652396,0.00188747365198725,0.0110786180237059
"SWAP70",-7.47857365439261,-0.930415304760553,0.00188376374150736,0.0110653839246211
"ITPRIPL1",-7.48950086851353,-1.09398458246817,0.00187364020243563,0.0110252630004591
"PLA2G7",-7.4946048783588,-0.936357144030599,0.00186893473381377,0.0110236073091623
"PKP3",-7.50156042544563,-0.792679171542651,0.00186254590468892,0.0109983523582835
"NCK1",-7.54808266953327,-1.38882187105673,0.00182050433998551,0.0108616045517849
"ARHGAP5",-7.58517831115958,-1.09760048506259,0.00178782338904253,0.0107599973560769
"RND3",-7.6192835934374,-1.65723341762585,0.00175841759267546,0.0106626853067816
"FCGR3B",-7.64400663681834,-2.5989953807644,0.00173747621623034,0.0105983510784984
"AKIP1",-7.65544856061367,-1.28898837586437,0.00172788937307516,0.0105617932418517
"ZNF823",-7.6584421867186,-0.871948181577358,0.00172539195819533,0.0105507683555426
"PCLAF",-7.73234238478047,-3.17460903016082,0.00166513886220143,0.0103024539529533
"GMNN",-7.77130501232344,-1.06204948246907,0.00163442383941733,0.0102240512201868
"TANC1",-7.78289362319556,-1.11076050657633,0.00162542442900182,0.0102020035973008
"GNB4",-7.78643193678944,-0.867399417529356,0.00162268894725718,0.0101974601280525
"HLA-DMA",-7.80061145437692,-0.906870260873742,0.00161178395858046,0.0101667401252972
"TMEM237",-7.81806383605236,-0.973394226220013,0.00159848667236532,0.0101280473076072
"HLA-DQB1",-7.82346959503666,-1.08463171732906,0.00159439560831952,0.0101200202050598
"ETV5",-7.89100662079483,-1.94815369303583,0.00154436439583694,0.00992255755466338
"FCGR2B",-7.93746811111968,-1.39494843727064,0.00151107594108721,0.00978307488806058
"LY96",-7.94537367113743,-0.958711435898266,0.0015055009493435,0.0097636070096443
"HLA-DMB",-7.96628887786027,-0.949774884412743,0.00149087442526245,0.00968527050806976
"STOM",-8.03058362924317,-1.53746151842633,0.00144700449469774,0.0095632926860727
"GARNL3",-8.05741780094777,-1.40791415731055,0.00142917034500304,0.00946638615279015
"ABCG2",-8.06237758373439,-3.44236259322264,0.00142590403705797,0.00945298543835115
"ITGAD",-8.07151659799019,-4.84078126102105,0.00141990973940095,0.00942968878463306
"TGFB2",-8.07676080216181,-1.55701011966772,0.00141648420617005,0.00941685537695686
"CXCL9",-8.08111571308168,-2.90349616869463,0.00141364737162425,0.00941685537695686
"FCGR1BP",-8.1145404017421,-1.28521559251544,0.00139210778085858,0.00931384938928739
"EPHX1",-8.13948025523651,-2.346739608146,0.00137630147419275,0.0092491351389851
"CSF1R",-8.15364147759789,-1.16912643984025,0.00136742575737904,0.00921800129353744
"CDK4",-8.15677433695533,-1.09132065625431,0.00136547182781847,0.00921555939730773
"SDK1",-8.16293955695739,-1.01948835325304,0.00136163678145288,0.00921555939730773
"PARP1",-8.18380043787034,-1.4108094331705,0.00134875934954868,0.00918149342433542
"CFAP97",-8.19050760788002,-0.847500116887731,0.00134465122732066,0.00917781642089141
"TPD52",-8.30626384279242,-1.895351486747,0.00127614310629936,0.00893535191556199
"AMPD3",-8.3336810675147,-0.924654074246147,0.00126055739764673,0.00887525782565344
"MMP9",-8.3386798336887,-2.42321471599811,0.00125774136196812,0.00886659014817283
"ECM1",-8.34169903827124,-1.08989878871439,0.00125604429681693,0.00886400077308209
"CA11",-8.36575470348177,-0.921437689292163,0.00124262414976719,0.00881172620772983
"FRMD4A",-8.38129555602127,-2.87655692025048,0.00123404905577549,0.00879035973781436
"MXRA7",-8.39220353262801,-2.3315430669405,0.00122807424045313,0.00877245328737022
"HLA-DRB5",-8.40890690741583,-0.866988496031991,0.00121899462389086,0.00873216543061765
"FICD",-8.41356178894601,-1.02576802109328,0.00121647922457473,0.00872651700345869
"MFAP1",-8.44026391774057,-0.953344039358548,0.00120217412970561,0.00867299059039986
"SYT6",-8.48575638970126,-2.85277731893781,0.00117828145471127,0.00858688487331544
"EPCAM",-8.49718966414333,-2.10082044823477,0.00117236988350084,0.0085594820875088
"SPNS2",-8.50653393140577,-2.25398611006576,0.00116756583287977,0.00854903282929009
"TNFRSF11A",-8.56038258821354,-3.06157160566881,0.00114035382871965,0.00843096792764632
"KRT18",-8.60755314728436,-1.57263089616423,0.00111716264668258,0.00833738358731171
"FUCA1",-8.61142543976922,-2.02517220218184,0.00111528504989222,0.00833476906081617
"PIK3IP1",-8.63583002570257,-1.15787105194898,0.00110354174719893,0.00827547479852134
"FSCN1",-8.68225321575178,-1.40242309506889,0.00108162523224421,0.00816750572590361
"CXCL16",-8.77567948523026,-1.15471978194179,0.00103913759075004,0.00798141640410438
"TM6SF1",-8.77606573103042,-1.04542403668632,0.00103896629505477,0.00798141640410438
"SIPA1L2",-8.78007808699594,-1.34852860481277,0.00103718893891261,0.00798141640410438
"AMIGO2",-8.83792970397517,-1.08925820759159,0.00101197844739539,0.00787623757829536
"CCL3",-8.84982189791164,-5.10987341768851,0.00100689102316465,0.00785271727194256
"RUNX1",-8.85090307038947,-1.09617592742305,0.00100643008442354,0.00785271727194256
"SEL1L3",-8.92120546092698,-1.5624252125254,0.000977014054761547,0.00774279819948599
"PPIL1",-8.92314138028297,-0.935666376850117,0.000976219286723218,0.00774279819948599
"IKZF2",-8.93053952436924,-2.30613575282002,0.000973189480634334,0.00774072469743041
"ZBTB8A",-8.94614658838958,-1.39247047623068,0.000966836162843981,0.00771844848531824
"ANOS1",-9.0422209415835,-2.2876999781771,0.000928844040729762,0.0075620236463695
"APPL2",-9.05554934070938,-1.93045444107786,0.000923721418344228,0.00754455173479002
"CD163",-9.06082136657686,-1.98596270113122,0.00092170489463609,0.00753976183015467
"ATF3",-9.08636897332053,-2.56631044712735,0.000912010409567761,0.00750127328756437
"SNX8",-9.1107329480521,-1.50442135297771,0.000902883189093277,0.00746252583681009
"PSD3",-9.12402466918109,-1.38912291645858,0.000897951839562186,0.00744198995970666
"BCAR3",-9.18723222442869,-2.17719086855477,0.00087495543488149,0.00734617492775759
"ADAM9",-9.22923955777752,-1.60674222320712,0.000860077434894143,0.00730313468701956
"CEP170B",-9.24884800243637,-1.88169652185308,0.00085324059490816,0.00727358910726642
"TUSC1",-9.33548860419452,-1.3321059344182,0.000823830488704571,0.00714211564249612
"NR4A1",-9.41056959917075,-1.72350477838944,0.000799360241406605,0.00705962285209736
"CD274",-9.44588735838507,-1.01080543743333,0.000788163165237617,0.00701368368457207
"NAT8L",-9.46724442760612,-1.50739310133173,0.00078148699656307,0.00699520555840563
"PSG8",-9.50963582515478,-2.00619620667467,0.000768443173351514,0.00696441756178942
"MAGEF1",-9.51094694953037,-1.43150867763498,0.00076804408681311,0.00696441756178942
"NRP2",-9.51861101619357,-2.99928107146268,0.000765716424985185,0.00696055911008648
"EGFL7",-9.5265241286912,-1.56334936929669,0.000763322349679388,0.00694946975347108
"CCL18",-9.52855533776081,-7.35977899520703,0.000762709323213185,0.00694946975347108
"MCM2",-9.55172393439192,-1.48660465472845,0.000755760213339018,0.00692385621955408
"HSP90AB1",-9.57163646000996,-1.00582984499054,0.000749850719809783,0.00691554259967688
"TCF12",-9.58869846824877,-1.2223054185381,0.000744832969871805,0.00689015803273139
"CD74",-9.62001359932431,-0.990834515086274,0.000735732029266349,0.00683924981728768
"HLA-DRA",-9.65957856503117,-1.06633361107082,0.000724430917428839,0.00678174882972291
"DSP",-9.67953484274329,-1.13521019563221,0.000718812878745606,0.0067563079480613
"ARMC9",-9.72403905838945,-1.4204871950467,0.000706478633580677,0.00669833357823874
"CD28",-9.72567724056603,-3.40218803278585,0.000706029673830459,0.00669833357823874
"KANK2",-9.78262165479815,-3.11807899586554,0.000690642368822586,0.00660202724719341
"LPAR6",-9.98560449477309,-1.07047685692377,0.000639087079278912,0.00636969787317645
"NPC2",-10.0686285975277,-1.03809366393125,0.000619388985054483,0.00625475941879719
"SHMT1",-10.0739492567408,-1.34362611931724,0.000618152632994338,0.00624642208809162
"RHOH",-10.17123314949,-1.67978497624346,0.000596080558426691,0.0061086207092676
"AFF3",-10.1844665687195,-1.14988497684434,0.00059315463702909,0.00610409544727659
"TTYH3",-10.1985024348925,-1.46731534867104,0.000590070860002034,0.0060880580996682
"SERPINF1",-10.220062227127,-3.70689761750309,0.00058537290334367,0.00606791846973934
"SLC46A1",-10.2795307251308,-1.9361750844716,0.00057265438634933,0.00603013390554661
"TPST2",-10.3416067985029,-1.12234346012847,0.000559744067276061,0.00596119592096242
"MAN1C1",-10.3454009311311,-1.082859170959,0.000558966823262214,0.00596119592096242
"CD9",-10.37577360086,-1.97414343641462,0.000552793174689091,0.00591617072531436
"UCA1",-10.4087144498649,-3.00052163910236,0.000546193444768878,0.00589197900565618
"PLXNA1",-10.4127478472277,-3.75797491613878,0.00054539212618839,0.00589197900565618
"PTGS1",-10.4587359601115,-1.28001398938463,0.00053635859541754,0.00585987178096979
"HLA-DPA1",-10.5226958162413,-1.26975286922206,0.000524103213423175,0.00579255935300847
"SLC2A1",-10.5831792661275,-3.31536745737749,0.00051283403966252,0.00571094659585717
"TMEM97",-10.6766892824181,-1.27593688382503,0.000496000406429959,0.00559167841437125
"SLC29A1",-10.677722448121,-1.90121285667688,0.000495818302611675,0.00559167841437125
"CAMTA1",-10.7388980589801,-1.65627877635979,0.000485182889197659,0.00554369750482194
"MCM6",-10.75494653498,-1.93789916755668,0.000482440158363514,0.00552897507791433
"ENG",-10.8113488188084,-1.37602718139986,0.000472953195612553,0.00547532183640291
"WWP1",-10.816209033726,-1.36408273354776,0.000472146650018041,0.00547532183640291
"MERTK",-10.8656722481401,-3.04825894254901,0.000464035230300684,0.0054254424134367
"IL18",-10.8779928377501,-1.20671453479465,0.000462041931624008,0.00541348036607865
"ADAM28",-10.9410377708812,-1.64347951151854,0.000452007919583836,0.00534120935589043
"SNX25",-10.948797610009,-1.25138827765245,0.000450791785258772,0.00534120935589043
"C3AR1",-10.9827965170497,-2.26938895117688,0.000445511367254475,0.00531031303459255
"RHOBTB1",-11.0139909551941,-2.80025088618741,0.000440734332762204,0.00529438209529826
"CRYAB",-11.0315731880296,-2.53933412426634,0.000438070028970159,0.00528324266501045
"TUBB",-11.0337102435888,-1.19010463195246,0.000437747565940156,0.00528324266501045
"CXCL11",-11.0378708533458,-1.18606205427974,0.000437120616602634,0.00528324266501045
"IFIT1",-11.0540378314632,-1.7429311007203,0.000434695089395582,0.00527676893815758
"UBD",-11.0773970593712,-2.62466718942952,0.00043122013751787,0.00525480436808636
"CREBL2",-11.0834551209425,-1.31623634572342,0.000430324605549796,0.00525230866870089
"ICAM1",-11.1498047628609,-1.73136005002093,0.000420666956227281,0.0052139389326035
"HLA-DPB1",-11.1547454230409,-1.13936156501183,0.000419958696401935,0.00520940608065304
"GSTT2",-11.2207681796307,-1.73025716996107,0.000410635596845901,0.00514348496213484
"SLC4A7",-11.2631254153667,-1.15848886835849,0.000404790306164878,0.00511299914963079
"LILRB4",-11.3692832352961,-1.44485548638593,0.000390591011455103,0.00502822195718958
"TNFSF15",-11.3846390556121,-1.19546785836529,0.000388588935752103,0.0050166897579949
"RRAGD",-11.4071229814089,-1.4544806244537,0.000385680588209832,0.0049897584631213
"MAPK13",-11.4267979899023,-2.65404025158192,0.000383157870751603,0.00497801371697956
"PALD1",-11.4340920352449,-2.99569104720783,0.000382227875566772,0.00497801371697956
"HS3ST1",-11.4519523738937,-2.99520244814142,0.000379962556509201,0.00496859033481679
"IDO1",-11.4707253460251,-1.42925010194385,0.000377599544133329,0.00495649176417553
"TYMS",-11.5362288768921,-3.85262655415603,0.000369496958874587,0.00489486912070097
"ALDH7A1",-11.5460032328311,-3.13297381078386,0.000368306607477156,0.00488335386792728
"QPRT",-11.5608157425029,-1.51344292925719,0.000366511816240898,0.00487122192008315
"CFH",-11.5638892488039,-1.40396175362655,0.000366140778574795,0.00487122192008315
"PTPRF",-11.6651570342689,-2.04013943762659,0.000354173972599277,0.00477083948209903
"CDS1",-11.7144958286522,-1.44873412516245,0.000348520804691419,0.00471557330760418
"ADAP2",-11.809293995953,-2.48685898922355,0.000337972027236209,0.00463469665483162
"TOP2A",-11.9129387253946,-1.77403203040979,0.000326891598164835,0.00453450501670929
"TCEAL6",-12.0193550021621,-2.34036185298118,0.000315983448761376,0.0044655790433025
"EMP1",-12.052663391722,-2.46941085976342,0.000312663019273582,0.00443561492267969
"RAB42",-12.2608506674666,-4.74990256428388,0.000292868936950077,0.00425062808407002
"IGF2",-12.3212124575938,-7.60047149746136,0.000287424936053758,0.00423151832285146
"CTTNBP2NL",-12.3937648151391,-1.47649258034557,0.000281047890112229,0.00419860148607738
"ICA1",-12.5474180201169,-1.97998721200541,0.000268116383520825,0.0041103971376862
"SLC25A4",-12.5496075863732,-1.78218515694691,0.000267937549132231,0.0041103971376862
"OSM",-12.660440088494,-1.32173819476075,0.000259076966853944,0.00406189949681936
"C15orf48",-12.7641378640979,-3.21898008717936,0.00025111634418512,0.00401153084282279
"CD38",-12.8902251415617,-1.72551237745771,0.000241844723122813,0.00397189476161095
"IFI27",-12.9009587450083,-5.59249288479588,0.000241075382701649,0.00396739514261542
"PAPSS2",-12.9622224654443,-1.36538575975048,0.000236742391630771,0.00393054398681306
"AMDHD2",-12.9993287228758,-1.85445990474409,0.0002341653253117,0.00390909579290925
"TBC1D4",-13.1743547155912,-1.46666771457554,0.000222472237877009,0.00377606896610887
"GLCCI1",-13.2085676975127,-1.49349991358799,0.000220272586591641,0.00376147700130116
"CCRL2",-13.3336931254706,-2.19300996681907,0.000212456141237148,0.00370106872386545
"EPB41L2",-13.3471002972835,-3.0367413665236,0.000211639347041419,0.00369530561401366
"IGFBP4",-13.3620831282382,-2.60672048949695,0.00021073120506962,0.00368367835252734
"PRDM1",-13.4086372309531,-1.51320614575931,0.000207940407945744,0.00365590488328194
"NMRK1",-13.4850697649913,-2.15207878793892,0.000203458044662395,0.00359338218713332
"PDE4DIP",-13.4864823866443,-3.29318940002777,0.000203376346112823,0.00359338218713332
"CCL4",-13.4954572377963,-6.09113555949924,0.000202858246380587,0.00359338218713332
"DEFB1",-13.5822738085725,-3.08329502789701,0.000197930802727671,0.00356943532912823
"PDGFC",-13.6354517237147,-1.78743612000834,0.000194986476075356,0.00354030846725277
"CMKLR1",-13.7448103001658,-2.70513885886859,0.000189101895401354,0.00348589287910763
"MARCKS",-13.7861666122382,-1.55287303128978,0.000186934556606194,0.0034635000277712
"SLC9A9",-13.8287140463048,-2.15725350583214,0.000184737150946664,0.00343457529535069
"HSPA1B",-13.8938746078342,-4.42027239371232,0.000181434173384507,0.00340648260349578
"TIMD4",-14.0357690830242,-3.7395970026536,0.000174493565410813,0.0033591115731236
"CFB",-14.0909222542615,-1.49909593818837,0.000171885719529353,0.00334147582902408
"BCL2",-14.2985597422362,-1.60873786181996,0.000162495044648023,0.00326593399915106
"SEMA4C",-14.5549491696809,-2.60557946129318,0.000151768257883878,0.00314453905435696
"IL2RA",-14.5579085997678,-4.27568480800898,0.000151649704274423,0.00314453905435696
"INHBA",-14.6396182670081,-2.49860433860164,0.000148421772264523,0.00310908858484693
"CTSC",-14.8389938433381,-1.54303787257206,0.000140899239699368,0.00300532347454135
"HRH1",-14.8398927681778,-1.68484208731764,0.000140866418060713,0.00300532347454135
"TCHH",-14.8508447951553,-1.55180304318956,0.000140467304513082,0.00300453835026012
"SLC38A6",-14.8574270585635,-1.69141020872292,0.000140228115116709,0.00300453835026012
"TSPAN3",-15.0248356337081,-1.83482355760155,0.000134312640929786,0.00290145830008549
"GPR183",-15.1342018606672,-3.27625699222033,0.000130616372855553,0.00287886057737282
"RGS1",-15.277050087845,-7.61750127643449,0.000125978286438111,0.0028141932237327
"GNG7",-15.293754597703,-1.7061249965093,0.000125449479981019,0.0028141932237327
"GSDME",-15.4047078864168,-2.08603825250101,0.000122006757113411,0.0027899082001695
"MORC4",-15.4341338542905,-1.69707829505536,0.000121113632762168,0.00278232043360583
"CD81",-15.573934182882,-3.33980879059985,0.000116980640792413,0.00271314448371105
"GSN",-15.7245668624508,-1.97451374917237,0.000112723218967615,0.00267217975189168
"GAS6",-15.8440224321607,-3.47967710704251,0.000109484250855433,0.00263170378133674
"ABLIM3",-16.0646374783961,-1.68412133352917,0.000103803068034911,0.00258792960438511
"IL10",-16.1489161340928,-2.40671864473468,0.000101730570608169,0.00256507739083426
"CCR5",-16.2082222486241,-2.0216124689126,0.000100303190171147,0.00255085437478731
"SLC2A5",-16.333226990095,-5.33610445620389,9.73758482185137e-05,0.00251424770748244
"BEX3",-16.3530074804127,-2.79650022448196,9.6922491810589e-05,0.00250679805349564
"ABCA1",-16.4511597865951,-2.89989437165468,9.4711624128839e-05,0.00247083187412815
"BNC2",-16.5524026208012,-2.6884138846947,9.24969553197542e-05,0.00244642382000491
"ST6GAL1",-16.625646469692,-1.71898541617881,9.09351111938256e-05,0.00242822522767906
"F13A1",-16.6819092089949,-3.03995150505581,8.97577643295866e-05,0.00241172452283455
"STAB1",-16.7480404354278,-1.82388257822028,8.83982274899191e-05,0.00239244200816526
"DOCK4",-16.9362633423059,-3.66474819205735,8.4667485731242e-05,0.00233014660495296
"CTSB",-17.1988782751673,-1.94469561328356,7.97857832510004e-05,0.0022680040966004
"SERPING1",-17.4329081198269,-2.8622048796654,7.57293621253255e-05,0.0022319615100813
"LGI2",-17.5062405406794,-3.50283782085536,7.4511744493768e-05,0.00222627624805741
"C1QB",-17.6616119516549,-7.46830587870002,7.20119743787458e-05,0.00217725269652478
"STARD13",-18.0754174255544,-2.20013932250058,6.58489194203306e-05,0.00210589232151935
"STMN1",-18.1117601584338,-4.05014664006068,6.53398075425747e-05,0.00210527074810906
"HSPB1",-18.2401399963702,-4.54253562949542,6.35804268743042e-05,0.00209292452793164
"ENPP2",-18.6243764061213,-5.50462527754219,5.86579019881403e-05,0.00204162671207463
"SESN1",-18.6585394768883,-2.35429564525003,5.8243742354374e-05,0.00203625479017315
"TCEAL3",-18.7047164463186,-2.21902851000977,5.76897477438592e-05,0.00203089278631623
"P3H2",-18.7565267616293,-4.69444596186359,5.70760107000402e-05,0.00202333792710073
"GTF2IRD1",-18.8059643282056,-3.36893109931702,5.6497995431847e-05,0.00201558346676719
"SLC40A1",-18.8446032061939,-3.57337327715923,5.60513392164016e-05,0.00201519803026722
"HLA-DOA",-19.0025831273378,-3.48030074254982,5.42705401632456e-05,0.00200383318517556
"SLC1A3",-19.3087974850042,-5.14800914739448,5.10162520541547e-05,0.00197922235010098
"FCGR3A",-19.3397273255673,-2.15956299332536,5.07013183140971e-05,0.00197922235010098
"TLR7",-19.3507557770323,-2.32695172286197,5.05896143408337e-05,0.00197922235010098
"CISH",-19.5881139687087,-2.26015460428896,4.82585762505478e-05,0.00194672792471706
"LEP",-19.7538119951462,-4.20313363277885,4.67107609433062e-05,0.00189433933980213
"C3",-19.9051359939647,-7.04999809005781,4.53512434280082e-05,0.00187418942949225
"CARD11",-20.3060529524776,-2.68000467501826,4.19818740572412e-05,0.00181897532952286
"CCL17",-20.3120531231578,-2.79024741209697,4.19338764018646e-05,0.00181897532952286
"TMEM86A",-20.3137630195397,-2.23065188412415,4.19202108914019e-05,0.00181897532952286
"CD59",-20.4394753872287,-5.1057435472195,4.09306363306125e-05,0.00181897532952286
"EDA",-20.617244654837,-2.28513351540714,3.95807533653276e-05,0.00178809273861894
"C1QA",-20.6771422228011,-6.45945953681495,3.91385343051145e-05,0.00178209230452749
"HAVCR2",-20.7050933471793,-2.48326142674677,3.89342944003671e-05,0.00178209230452749
"PRKACB",-20.9467456104988,-2.14429113492687,3.72231027132252e-05,0.00175181317191308
"CD69",-21.0060041419765,-3.27307752646525,3.68179644110658e-05,0.00174432275004202
"TLR3",-21.3857776582237,-3.0058062934732,3.43487088342107e-05,0.00170154776531165
"ABCG1",-21.4388156944467,-2.18796642508566,3.40205952629856e-05,0.0016908013488872
"CCL2",-21.8829606504872,-5.80685669297479,3.14216088316224e-05,0.00169053696626155
"TMEM51",-22.207818855727,-3.78153748060432,2.96769489643902e-05,0.00166541343118246
"GPNMB",-22.3960181706349,-6.87618224963394,2.87216876466035e-05,0.00164735045711405
"BLNK",-22.506182071516,-3.02127068602812,2.81803918588463e-05,0.00164426155156128
"S1PR1",-22.7882913024943,-2.4124400958253,2.68514619569331e-05,0.0015894275440743
"CCND1",-22.8103574217625,-2.74687917716831,2.67508642242261e-05,0.0015894275440743
"HSD17B14",-22.8358595232865,-3.09823280395874,2.66351904220737e-05,0.0015894275440743
"RGS16",-22.9878350607065,-3.31790746043708,2.59587120141246e-05,0.00158475501952806
"CXCL10",-23.0640984698166,-2.38835439613775,2.56273681339082e-05,0.00157789884445537
"FABP3",-23.0848417992485,-3.59715392606437,2.55381632693981e-05,0.00157789884445537
"SLAMF8",-23.1311734974783,-2.78474910322009,2.5340320505697e-05,0.00157789884445537
"ADORA3",-23.9763415542062,-4.35371368965214,2.20468160713789e-05,0.00143045552997069
"VSIG4",-24.5433022880589,-5.40957279774439,2.01350798483834e-05,0.00137315827055701
"NUPR1",-24.6268036769055,-7.79227229384183,1.98713714267844e-05,0.00136127845341683
"PAEP",-24.8229052328981,-7.60197096692536,1.92688918423721e-05,0.00135924231222978
"CCL8",-25.4091827455317,-3.14579404559727,1.75993379228574e-05,0.00131201338789615
"NRP1",-25.6252876505698,-3.93788387074178,1.70299848974448e-05,0.00130340936745872
"MS4A4A",-26.0786417847345,-4.85498307646002,1.59087603073499e-05,0.0012703077582104
"SPRY2",-26.0938871842224,-3.5542553559782,1.58726911167968e-05,0.0012703077582104
"PROS1",-26.0997754634463,-2.98343674805943,1.58587874774694e-05,0.0012703077582104
"CD209",-26.2747732525991,-3.36944611710007,1.54524642510401e-05,0.0012703077582104
"TRIM47",-26.493992389939,-4.16606083125761,1.49617207239187e-05,0.0012703077582104
"ATP1B1",-27.0311307284512,-4.06641726894705,1.38394405242484e-05,0.0012414779680682
"EPAS1",-27.5508487104661,-4.13261775811818,1.2852355701366e-05,0.00121402872985326
"MAF",-28.4150037508705,-4.01171394040926,1.13987448698149e-05,0.00115137194428132
"OLR1",-28.5203203269928,-3.03433741942099,1.12360104628305e-05,0.00115137194428132
"COLEC12",-28.7276763516073,-4.09891873736404,1.092403910139e-05,0.00115137194428132
"PLAU",-29.4197333733587,-4.42721373237796,9.95849526730617e-06,0.00114441414060487
"APOE",-29.816614447896,-9.76803891210036,9.45294387171714e-06,0.00111442147597732
"CTSL",-31.1528793936099,-5.04763848135062,7.97122108371454e-06,0.000993658444599432
"C1QC",-31.5555904630691,-7.35703333912759,7.58278070824648e-06,0.000969066630344643
"GATM",-31.9349740033776,-5.4034172617772,7.23834235851301e-06,0.000943181239860044
"EMP2",-32.0555359136263,-3.42748421015369,7.13301506446357e-06,0.000943181239860044
"ITGB5",-32.2697017186833,-5.35901909170491,6.95061262852163e-06,0.000943181239860044
"C2",-34.0962038587871,-3.93057072271578,5.61031661594226e-06,0.000867385107932377
"APOC1",-34.6784956800463,-8.30918643747401,5.25251050230556e-06,0.000858926663645838
"SOCS2",-35.4322655356878,-3.67475323693652,4.83080884622415e-06,0.000816299343704188
"CXCL12",-36.5876393329654,-5.397613391869,4.26357733731969e-06,0.000745292921217907
"TNFRSF21",-37.8703655822768,-4.5258177753346,3.7283019112816e-06,0.000701441072611816
"SLC7A8",-37.9240387962466,-4.20120143136816,3.70779906703094e-06,0.000701441072611816
"MSR1",-38.351683484827,-4.42800075628,3.54939629223691e-06,0.000695052262422926
"CCL13",-38.6620954232295,-6.62816409489361,3.43971346921692e-06,0.000695052262422926
"DHRS3",-39.6400287225217,-5.72308551655816,3.12087580148556e-06,0.000678032559842748
"SLC22A23",-40.8788958616033,-4.79838454708616,2.76837351956839e-06,0.000619138595376413
"RNASE1",-41.0878533280237,-8.50443866629625,2.71394057497686e-06,0.000619138595376413
"EBI3",-41.939161987994,-4.72095194333745,2.50558958341692e-06,0.000619138595376413
"TNFRSF25",-43.0586030178402,-4.60555522696606,2.26123709476335e-06,0.000619138595376413
"CNRIP1",-43.2024987016173,-4.54275049094874,2.23203847311971e-06,0.000619138595376413
"FOLR2",-43.8263151953272,-5.46599412692413,2.11079809290624e-06,0.000619138595376413
"NUAK1",-45.5608535187291,-4.81368340315325,1.81456077562983e-06,0.000600266002738161
"LILRB5",-45.8013228867134,-6.25620757128357,1.77772211498289e-06,0.000600266002738161
"HPGDS",-47.891958244488,-6.65245889326404,1.49392840525688e-06,0.000600266002738161
"PLTP",-47.9423794055436,-7.77245095382843,1.48781508730564e-06,0.000600266002738161
"CADM1",-51.5429463080607,-5.43689434849153,1.12197128421435e-06,0.000582652212952729
"DAB2",-53.4294531606885,-5.75467973950108,9.75285136971894e-07,0.000582652212952729
"IGF1",-56.5564553950121,-5.90902278622804,7.81341329286748e-07,0.000582652212952729
"A2M",-57.8799679083746,-10.3968050208856,7.13963502187382e-07,0.000582652212952729
"TREM2",-59.8347348967337,-6.19296658519175,6.27244205109889e-07,0.000582652212952729
"SPP1",-71.3118049609465,-9.51560483733515,3.16425685845127e-07,0.000582652212952729
"SLCO2B1",-71.6642893658751,-8.68564713776426,3.1039921622792e-07,0.000582652212952729
"SELENOP",-85.4579724487733,-10.413917076048,1.56222694100508e-07,0.000582652212952729
