,GSM758901,GSM758908,GSM758921,GSM758928,GSM758961,GSM758973
HCP5,0.10380936,-1.1862993,0.14748478,-0.57305336,0.21400928,1.009923
PGLYRP4,-0.22399199,-0.5817985,1.2600522,0.33076072,-1.0369699,-1.0180274
PGLYRP3,0.24091387,0.18730116,0.5309558,-0.49695766,-0.7809763,-1.4141209
KRT16P3,1.233244,4.564959,1.3694799,1.2005115,-1.4046581,1.6974795
TFRC,0.9171486,0.6847496,-0.62505436,-0.39906502,0.92078114,1.8091288
SCT,0.56626487,0.18627143,-0.6119003,0.7411468,-0.23753285,-0.14613843
HTR4,0.3109932,0.07783818,1.3446335,0.4621657,-0.37967587,-0.8952648
LURAP1L,-0.57237774,-0.43111122,1.4842794,0.64305174,-1.3350283,-0.72040296
EPSTI1,-0.3213086,-1.8250213,-1.4644728,0.13706255,-0.8975725,1.2968712
BBX,-0.4615121,-0.773828,0.035951138,-0.073041916,-1.3454876,-1.2053366
PGLYRP1,-0.34934628,-0.5550033,0.61502624,0.003044605,-0.3391173,-1.0033351
PRKACB,0.12117386,0.3141842,-0.9636135,-0.46030045,0.015751839,-0.413558
RC3H1,-0.17992783,-0.2725811,-0.15392685,0.3814125,0.9396515,0.20940399
BHLHA15,1.090189,1.1088734,0.38762093,-0.27108574,0.6039295,0.114892006
ZNF16,0.27146006,-0.065864086,1.0129156,0.9437952,0.4071908,0.05387211
BCR,-0.16238785,-0.19641685,0.8723402,0.7409897,1.2944441,-0.55332375
DDIT4,0.6397152,2.2244987,-6.0022993,-4.093248,-2.1204185,-1.0693111
VOPP1,1.1265373,0.6409378,1.9463167,2.2854881,1.6183367,2.1514692
SF1,0.065382004,0.12287521,0.09967899,-0.009466171,0.92557716,0.1195755
ZNF28,0.20830917,0.67809486,2.4888663,-0.9900222,1.7287526,0.59630585
COL13A1,0.03441024,-0.001767874,1.2159843,0.37094533,0.20161176,-1.0305347
SHMT2,0.31367302,0.39684486,-0.23734665,0.09862137,1.03545,0.17105293
SHMT1,0.85194206,0.06584787,-1.6269226,-1.2623439,-0.98551893,-0.5400872
ZNF24,0.012271881,-1.2567554,0.10982132,-0.5813446,0.53231525,-0.5024862
ADAMTS13,0.82676506,0.9191952,0.27967978,0.1017375,-0.8520589,0.71229124
RDH10,-0.054157734,-0.32063246,-0.6162858,1.2289224,0.16433477,-0.8859
LINC01405,1.533823,2.7814102,1.2994733,-0.25090265,-0.6139045,0.19607162
GSTM4,0.297544,0.7337227,0.8820057,1.7734795,1.7642908,1.4506187
PRPF38A,-0.491539,-0.33608818,0.023569107,0.2944851,-0.011915207,-0.02472496
NEBL,-0.53231066,0.76791966,1.3119673,0.24827468,-1.4633156,-1.0773692
ZNF32,-0.18270445,0.0330019,0.34648848,0.46503782,0.81633615,-0.08643627
L1CAM,-0.21218014,-1.2732105,0.6066005,-0.047641993,-2.1651454,0.39393353
DHFR,0.09537983,1.6317964,-0.42124748,-0.5398121,-0.75059843,0.38381672
MOV10,0.17993546,0.05022812,-0.123119354,-0.63869333,-0.089728355,0.54339314
PPFIBP1,2.2069054,2.5578213,2.4134426,1.5776367,3.7138815,2.6807623
PPFIBP2,0.73604774,0.9071541,0.74856853,0.8981056,1.3029528,1.3029156
FXYD4,0.55780196,0.15048075,-0.005376577,-1.1521735,1.2446928,-2.5251234
STRC,-0.46536303,-1.1044302,-0.8275044,-0.08268666,-0.15593481,-0.095351934
SFXN3,0.828979,1.1112213,0.86742115,0.75837326,0.93489265,-0.05095768
SFXN1,1.2315521,1.4511714,-0.39673042,0.12063384,-0.07861614,0.63147116
PKIG,0.8807912,0.8337002,-1.7631159,-0.3417616,0.09423542,0.299057
SFXN5,0.83351874,0.55425906,2.8774345,0.39719748,-0.4315865,0.33938003
PRKAG2,0.09593296,0.18295574,-0.1356163,-0.35256863,0.14794254,0.54710007
ZNF44,-1.0716305,-0.91202366,1.0394301,0.15549266,-0.65311074,-1.1971343
ZNF45,-0.35446453,-0.16945124,0.11548042,0.42274523,1.0464964,-0.37560892
SHB,2.2403765,2.2138643,0.8730631,1.2787466,1.5138903,2.16459
SHD,0.42055464,0.55909395,0.13062143,0.14975023,-0.033120155,0.21382189
NPAP1,-0.9176966,-0.18480575,0.59741926,-0.3424077,0.001810312,-0.11323404
MMP24,0.034944773,-0.2929399,0.13839221,-0.6738118,-0.41262817,-0.48338747
MMP28,1.2544022,1.1826077,4.667962,0.12128878,1.0114136,0.013100147
STUM,0.29426718,-1.3333838,0.6723347,-0.009659171,-0.5986147,0.68681884
BGN,-0.18715572,-0.36448002,-0.7542896,0.014984131,-0.9578676,-0.5738332
ZNF57,0.2964921,0.30837584,0.24037743,0.3409009,1.1786666,0.021932602
TOMM40L,0.16636658,0.11718941,0.029266357,0.09333038,0.67743206,0.075922966
MMP11,0.3730998,0.4189005,-0.3727095,1.054368,-1.0861526,-0.93348956
TMEFF2,-0.7416657,-0.51270014,1.4385754,0.51459205,-1.3433939,0.15174413
MMP16,0.30733204,0.87361395,1.6238767,0.5736326,-0.41666782,3.9783444
PTRH2,0.19178295,0.55195713,0.2442379,0.60374355,0.29928303,0.45543575
RAPGEF1,0.31286526,0.12216663,0.6090965,-0.14232922,0.29866028,0.40805912
RAPGEF2,-0.001029968,-0.23957634,0.630352,1.4066558,1.228342,0.2744503
CRYAB,-0.29917097,-0.5897198,-1.0345683,-0.37982273,-0.50936747,-0.8581352
TRUB2,0.23048973,0.8046551,0.10312557,0.46495247,0.8827038,0.47162914
EMX2OS,-0.72133785,-0.53063494,1.4133276,0.52957904,-1.3523602,0.046583176
SZRD1,0.87745523,0.03437853,0.9848356,0.3136835,-0.8421459,0.06734419
PKN3,0.6854887,0.42405796,0.6294136,0.639781,-0.09031582,0.7478852
KCNA1,-0.73926926,1.2546773,1.3917217,0.5265782,-1.3768533,-0.8338773
PTAFR,-0.60528946,-0.32340622,-0.48177814,0.17617416,-0.933486,-2.2933788
ADAM22,0.48186517,0.9074149,2.3052058,-1.2964814,-0.30759,-0.33409047
CCM2L,-0.91956,-0.7872062,1.2741935,0.2575711,-1.4768515,-1.0934639
ADAM20,-2.312797,-0.64573836,-0.46796322,-1.4986117,-1.8813379,-1.256431
SDAD1,0.103158,0.43695354,0.20158291,0.4635744,0.8881769,-0.08379078
ADAM28,-0.92960787,-1.5482941,-2.0595012,-1.6540108,-1.6833363,-2.5666828
UBE2D3P1,-0.22885513,0.06813431,0.357749,-0.5718303,1.0843477,0.34039497
STX6,-0.0037117,-0.7989044,-0.41549778,-0.69867134,-2.5525255,-0.41252232
RICTOR,-1.0849586,-0.34483337,-0.4164362,-0.05804825,0.5099964,-0.36201572
STX2,0.06314182,0.042607307,0.86928177,0.90575314,-1.5472441,-0.26084805
SPDEF,0.46315908,1.1915455,-0.5445137,-0.8582268,-0.34722567,0.10323286
EGLN1,-0.06441116,0.22433853,0.039628983,-0.21931267,0.4878397,0.011712074
EGLN2,0.30544472,0.12344551,0.48050117,0.66939926,0.024152756,0.43819523
MBD6,-0.39688683,0.022550583,-0.12949848,-0.18777084,-0.07019043,-0.51399326
BIK,0.17429924,1.2719927,-0.41505194,2.5432296,1.8086686,2.8136096
MCRS1,0.29581928,0.17007732,0.28720188,0.22137356,0.5129204,0.18639946
MBD1,0.00314045,-0.003140926,0.69598436,-0.69633865,0.17742252,-0.13639545
KIAA2012,0.002587318,0.67823505,0.82808685,0.7888136,-0.10262394,0.26453972
ZNF77,-0.39936543,-0.15851498,0.5099268,0.045677662,0.26848698,-0.68171215
ADAM30,-0.516901,-0.7195844,1.2752719,0.359051,-1.4457865,-0.80584764
KIAA2013,0.38791752,0.17323399,0.23238277,0.5196123,0.6411543,0.109755516
SKI,1.1396303,-0.19747972,1.9748316,1.546649,-1.6089187,-0.2547865
ZNF70,-0.3866663,0.19219542,-1.5084262,-0.09861469,-0.5269351,-0.66161156
KCNG1,0.7082453,0.1013484,-0.99028635,-0.007548332,-0.73386526,0.23316383
PDCD7,-0.30852985,-0.37775707,-0.054136276,-0.29122448,-0.04014206,-0.5005646
RASL11A,0.70002747,-0.21316624,-2.6537235,-0.32217026,-1.3641992,0.7001133
FBXO25,-0.93636036,-0.66234636,-0.23189878,-0.43506193,0.07639074,-0.8863325
IL1RAP,0.17592621,0.41448784,2.3009434,1.7573185,3.6354322,0.67941666
APEH,0.3388424,0.36427307,-0.023420334,0.9498062,0.4971714,0.16736317
FADS2,0.87878036,1.5081539,-0.019218445,0.7454033,1.6246576,0.6623535
POFUT2,-0.4179077,-0.10102844,-1.3827438,-0.72403526,-0.47416306,-0.39889526
POFUT1,0.54660416,0.8841524,1.1728339,-0.35529184,0.86363316,0.719543
POTEI,-0.6482833,-0.51949996,1.4361444,0.5539472,-1.2550634,-0.82567096
FNTB,0.1441536,0.046462536,-1.0385079,-0.62298775,-0.71597147,-0.19139385
NFATC2IP,0.23420525,-0.26831198,0.6784816,0.65149355,-0.59758234,0.45285273
POTEE,-0.6634931,-0.59155315,1.4600365,0.42121482,-1.3265768,-0.96253
NEK2,0.7465818,1.6617856,-0.29804993,-1.237534,-3.1253464,-0.659199
MAP3K9,0.5094924,0.12106037,-0.023297787,-0.096899986,-0.13256073,0.06663132
TNFRSF4,3.1175785,1.0443153,0.52860737,3.4822025,2.8237448,3.973218
MAP3K7,-0.19839478,0.051031113,-0.6049423,-0.3036852,0.6586971,-0.06338692
MAP3K5,-1.1425648,-1.1953583,0.18272495,0.46536064,0.060390472,-1.0336533
KCNH2,-0.5480443,-0.3755585,1.6362454,0.5847591,-1.2882148,-0.7711597
FBXW4,0.07502079,-0.2643404,0.1929903,0.44196987,0.06276417,0.11415863
KCNH5,-0.6557721,-0.47147995,1.4840235,0.6047307,-1.2541956,-0.7463196
FBXW8,0.4634285,0.16842794,3.4824324,0.89687777,-0.1759243,0.009916306
KCNH6,0.12985086,0.70783186,-1.327101,-0.10147047,-0.92403364,-1.1419635
FBXO16,2.44706,2.7045484,4.2915497,4.1391563,3.5992537,2.4310188
FBXO17,0.69332504,0.63596916,0.21007538,-0.08294678,0.43720818,0.6505022
FBXO15,1.0407047,1.5140109,-2.182616,0.41178608,0.7307005,1.8686676
SRCIN1,0.5748284,0.3234806,0.69369364,-0.19483972,0.45234394,0.9875963
FBXO11,-0.2829075,-1.0817237,-0.5983448,0.7806721,-1.315918,-0.10561085
PIAS1,-0.018356323,-0.20394516,-0.023724556,0.69403267,-0.16490555,0.285594
MSH6,-0.053527832,0.30477715,0.070342064,0.17457771,0.07810974,0.06888676
NPAS4,0.08466053,-0.39705718,1.3337483,0.38843405,0.9336164,0.9380915
MSH2,0.14156342,0.49024773,0.16808128,0.5655403,1.0365753,0.20525455
PKP3,-0.19682574,-0.94712925,-0.11977315,-0.22010565,0.0959816,-0.84524775
KCNE1,0.55621624,0.72629166,-3.7743158,-2.2782664,-0.5532856,0.7048397
BLM,-0.47273397,-0.01924324,-0.43207932,0.19986916,-1.1997881,-0.84344053
GSTT2,-0.3351574,0.8224397,-0.5264034,1.1642418,1.892746,1.6237001
FBXO46,-0.18953514,-0.03366089,0.30978584,0.5833168,0.6111212,0.23895168
NPAS1,-0.006243229,-0.9379158,-0.4019513,-1.2922548,-1.3370509,0.000726
CCDC144A,1.0000038,0.37939167,0.19904089,0.31044674,-0.372859,-0.2526915
FBXO42,-0.043226242,0.19145012,0.13932991,-0.021720886,0.43934536,-0.089497566
NDOR1,0.7038803,0.6213341,0.82074547,-0.2824173,0.0454607,0.43351078
ZKSCAN8,-0.07108283,-0.38949275,0.15123367,0.7517686,-2.139771,-1.3048911
ZKSCAN3,0.1621232,0.6909189,0.34976912,0.5501456,0.41621494,-0.21347284
ZKSCAN2,0.074845076,0.25889635,0.5947442,0.1871345,0.62664557,0.053012133
CERT1,-1.1208382,-0.81557655,-1.0081415,-0.92001534,-1.4826326,-0.900774
ZKSCAN1,-0.111564636,-0.100450516,0.16688538,0.35798645,0.7644167,-0.09396839
NEK8,-2.10325,-1.7374456,-1.2244473,-2.417225,-3.7210412,-0.9537194
LINC01485,-0.17160106,-1.4703707,-0.110081196,0.58070374,-0.69669175,-0.058665037
NEK4,-0.69290876,-0.39307308,1.248642,-0.50205135,-0.16636181,-0.76225567
RASL10B,0.09954405,0.4018321,-0.55871916,1.1517029,-1.5484118,0.1936717
TNFRSF9,1.6548433,0.38370323,-2.566705,-0.41891003,0.56748676,3.2244368
FBXO38,-0.44062233,-0.17460251,-0.48331356,-0.4132557,1.0483828,-0.120202065
HTR1D,1.0405501,-0.523828,3.1036482,0.10155022,0.34272468,-0.32287657
STYX,0.17383194,0.05298519,-2.0504618,0.3844285,-1.1195855,-0.023134708
HTR1A,-0.09350574,-0.26608837,6.29025,-0.34739828,0.08164692,-0.07470703
RFXANK,-0.16992664,-0.11618328,-0.43091202,0.27175426,-0.012767792,-0.31580925
FBXO32,0.014435768,-0.38054562,1.065342,0.7093353,1.9195061,0.39154625
C6orf15,-0.22379601,0.08609271,0.7972388,-0.018026471,-0.65467286,-0.29328907
DRAP1,0.6708355,0.43655586,0.9895544,0.9500084,0.9068985,-0.37956238
SON,-0.10695839,0.006572723,0.22235346,0.1263237,1.0221472,0.23046494
VNN3P,-1.6277103,-1.4087274,0.5746107,-0.39211416,-2.2182393,-1.7528569
SP2,-0.094516754,0.018989563,0.1452961,0.4111123,1.1104021,0.09064579
SP3,-0.78734875,-0.46999264,-0.50087833,0.13023376,-0.052049637,-0.43375397
MNAT1,-0.22051239,0.096328735,0.09098339,0.5632038,0.50486183,0.07571411
LRCH3,0.09906435,-0.5606897,0.10355878,-0.9038923,-0.7999904,0.7875488
BCAR3,1.0897312,1.0422802,2.0110931,1.559267,3.9642324,1.2807379
ALAS2,0.5540352,0.23404789,-0.42975044,-0.21694374,-0.12418413,0.6242089
BMP10,0.10828185,0.088886976,-0.0353446,-0.30095196,-1.2391033,0.48703957
LINC02762,1.3573108,0.33776903,-0.3325076,1.1507449,0.3527751,1.5203042
PIWIL4,0.07445812,-0.36517763,-0.001912117,0.052887917,0.49059868,1.1360979
ALAS1,0.44756556,0.51277924,0.5920625,0.48333168,0.93857384,1.4789171
LRRC37BP1,-0.10759926,0.28258133,-0.08036327,0.15373707,0.42779827,-0.27338123
DYSF,3.0780783,2.1712198,0.23409176,1.3361673,1.864151,2.1131783
BICD1,-0.38463402,-0.2224915,-1.1167061,-0.3384273,-0.12845278,-0.05379629
TNFSF13B,0.32556915,-0.43471146,-0.45932865,0.35165405,0.17985153,-0.001523972
UNC80,-0.49991006,0.2867024,1.5534549,0.7086916,-0.6949916,-0.67527616
SPR,0.77887726,0.65462494,0.62585926,0.5109291,1.8870478,0.49911022
BOC,0.14604592,-1.0673206,0.8866775,0.09516764,1.1687889,0.094112635
SPDYE1,0.34044933,0.13187337,-0.9498403,0.24837375,-1.4121492,-0.016652822
SPDL1,0.15456533,0.4425316,-0.8239708,-0.23476362,0.5483999,-0.044806004
NEO1,1.2631497,0.43100858,-0.06824732,-0.19589043,1.6366186,1.5391717
BCAS2,-0.6197481,-0.2864027,-0.4614954,-0.39448452,-0.10932636,-0.42474556
MBL2,-0.49901485,-0.4170463,6.950618,0.5488069,-0.13158345,1.7119794
UNC45A,0.37458992,-0.16810751,0.31091642,0.5666256,-0.1846652,-0.5879164
CERS3,-0.5838981,-0.38380384,1.5798227,0.6552125,-1.1876655,-0.6956835
CERS4,0.27036858,-1.1125069,3.035449,-0.8019538,-1.2886066,0.3012643
BCAS3,0.051486015,-0.12252283,0.85756254,-0.14433765,0.5009928,0.06572342
UNC45B,-0.40611625,-1.0172281,0.9483063,0.14075923,-0.8355839,0.23343754
SLC36A2,-0.56019527,-0.4606852,6.545695,0.5062791,-1.0921459,0.91079867
VPS13D,-0.42089748,-0.39145088,0.88610554,0.28667355,0.34307575,0.009958744
VPS13A,0.074650764,-0.42788458,-1.3287883,-0.027526855,0.62237835,0.005493641
HTR3D,0.63463163,-0.6460093,1.448822,0.2938143,-0.6449127,-1.039224
VPS13B,-1.0991836,-1.6829953,-0.28022432,1.5669947,-1.5997767,-0.4767785
HTR3A,1.1996422,-0.06458092,-0.34614348,0.57502866,-0.23603916,-0.044627428
CES4A,-0.5154648,-1.4858289,1.7522802,0.89637566,0.76665497,-0.1273303
MSL1,0.111130714,0.08510876,0.23037529,0.008034706,1.4002886,-0.008034706
C1D,-0.050302505,-0.18807793,-0.14540482,0.35287285,0.6820507,0.044085503
BPI,0.41695786,-0.7197697,-0.7601042,-1.8895583,-2.0921206,-2.2037342
C1S,0.020730257,0.97592974,-0.31112933,1.1181121,-0.4418044,1.2681375
UHRF2,-0.7288313,-0.15820026,-0.14138556,-1.600965,0.7264652,-0.7148385
C1R,-0.26604104,0.019320488,-0.892292,-1.1542785,-0.059747458,-0.962425
SRF,0.79662085,0.62716293,0.9341922,0.8305092,1.8690696,0.3271885
LRTM2,-0.06444442,-1.0159249,0.96505475,-0.15537453,1.3284454,1.7003608
MLLT1,0.44221878,0.42139053,-0.20737982,0.6559391,-2.5884652,-0.11067486
IL2RG,2.2327576,1.097105,0.6912384,-0.010307312,2.0453663,1.0901232
MALT1,0.518208,-0.59796286,0.050761223,0.17961264,1.0438285,2.0817108
U2AF2,0.71683455,-0.38687277,0.36276674,0.8854532,-0.6726489,-0.22204399
LINC00113,-0.6739595,-0.43855232,1.5331557,0.5992197,-1.3019166,-0.7820353
KCNJ2,-2.4157667,-1.9313531,-0.6970911,-0.55555344,0.15126133,-2.2185001
KCNJ3,-0.39945084,-0.6666358,1.3315566,0.4937892,-1.426894,-0.9659617
NOP56,0.10594368,0.36329842,-0.07372856,0.14686966,0.42735195,-0.05830002
COL26A1,0.41727448,-0.017750263,0.11703396,-0.16134167,-0.37687778,-0.40370417
GPKOW,-0.3519783,-0.39297867,0.03785801,0.16534805,-0.09887123,-0.29696178
PRKCZ-AS1,-1.3392338,-1.8430874,0.12305784,-0.9539077,-0.34110737,-0.5350957
SPDYE3,-0.7030463,-0.14243913,-0.7107506,-0.48625398,-1.0297842,-0.21586275
APLN,1.7548308,2.6882114,-0.5669019,-1.0951114,0.05519581,-1.0993559
GSTZ1,-0.42927933,-0.19669914,-1.3322959,-0.63368225,-0.30971622,-0.6668558
IL2RA,-3.869756,-2.6304023,-2.4794357,0.9152746,-2.1767483,-4.0507684
IL2RB,-0.5653882,-1.6715455,-1.1826124,-0.4049921,-2.223569,-0.070794106
ST7,0.8010621,0.85585165,0.06537533,0.42978477,1.6168375,1.3964548
PDCD1,1.515543,0.8168812,0.9130392,0.62096596,2.7517004,0.5302763
EGFEM1P,1.0113401,1.0105345,0.9033704,-0.14301372,2.7284756,0.9691205
KCNK3,-0.60664773,-0.14336157,-0.35595417,0.33532453,-0.6693835,-0.933969
ENSG00000234352,-0.16252589,-0.4912722,1.4501882,0.6301255,-1.367728,-0.7203767
CERK,1.4247074,0.48148537,2.2467775,2.2047749,1.712676,1.2931738
STH,0.5503435,-0.75265443,1.2758405,0.27873898,-0.45269752,-1.0588582
MT1X,-0.02806282,-0.5572338,-3.0821753,-2.089985,-1.1231403,-0.8756466
RCBTB1,-0.25969362,-0.736238,-0.24813318,1.1555066,-1.6665864,-0.5245609
RCBTB2,-2.2682123,-1.7610521,0.6195326,0.00568676,-1.1438227,-2.723816
LGALS3,1.3395748,0.48665237,-0.35427094,0.08584976,0.28343105,1.0119066
C4A,-0.36239624,-0.2197361,-0.113875866,1.2267632,-1.1015,0.8421664
MT2A,-0.1285429,-0.5386696,-3.7602377,-2.4936504,-1.3788424,-0.54944324
LGALS1,1.1343365,1.2380867,0.12553692,1.1568508,0.94013214,0.82125854
IL36A,0.48185587,0.0610919,0.33938956,-0.38248754,-0.98991466,-0.7621987
IL36B,0.12471199,0.1260016,-0.28626108,-1.0690086,0.18767023,-0.3473823
PEG10,-0.6554174,-0.5451342,1.5795406,0.39522266,-1.3190589,2.8239245
TNFSF10,-3.816053,-3.590394,-2.4749165,-3.4529972,-1.7824316,-4.7782354
TNFSF11,-0.20256138,-0.22975004,1.5429578,0.6308718,-1.3089818,-0.8344642
ATXN7L3,0.37778187,0.24348545,0.37699413,-0.7225971,0.24500275,-0.06377888
LGALS7,0.29609585,0.009039879,0.21972418,0.2886505,-0.8253727,-0.012019634
CER1,-0.55821186,-0.4092744,1.4839171,0.66300976,-1.2123599,-0.71368
QRSL1P1,0.077805996,-0.06832552,0.41296577,0.45880127,0.38629246,-0.10925007
LIMCH1,3.7528257,2.516673,3.1827297,2.4888754,3.6601348,5.2602296
DRAIC,0.9210007,-0.010097265,0.5407114,0.49940395,0.2969699,-0.35224617
ZNF542P,0.07721996,0.21806192,0.2838645,1.258956,1.1989708,-0.15598202
CRISPLD1,-0.71537054,-1.0198095,1.0087907,0.9045491,-0.53958225,-1.3043306
CRISPLD2,-0.95922065,-0.56339383,-1.0530617,-1.8790445,-1.0225177,-2.4288917
NINJ2,-0.91168976,-0.69319344,-4.247664,-1.290185,-0.5889864,-1.1674886
SUB1,0.068143845,-0.46733665,0.520566,0.9232292,1.0097208,0.41883755
NINJ1,-0.7386389,-0.100087166,-2.1545467,-0.62024975,-1.7809095,-1.3724241
GLIS3-AS1,0.23128068,-0.37261474,0.883021,0.68229115,-1.0606898,1.6653701
BTK,0.27368593,0.51451254,-0.017074108,0.47760963,-0.16219425,0.2724905
MT1F,-0.32939625,-0.43688107,-4.655382,-3.2564335,-0.8040447,-0.40570736
KCNQ4,1.0863605,0.5430207,-0.8572216,1.2675161,-4.2140827,-0.24834633
MT1H,0.021155357,-0.43290043,-2.764656,-2.186799,-1.0174646,-0.694664
DOCK9-DT,-0.71455973,-0.6652495,1.3669672,0.35006523,-0.76775,0.7246103
CES3,0.12883735,0.2693808,1.4131968,0.20097089,0.20040631,-0.90284634
CES2,0.26863337,-0.11959839,-0.002948284,-0.33317423,-0.47559023,-0.19570208
CES1,-0.25805426,-0.6743355,-1.0451283,0.11593628,-3.6053562,-1.0303812
GRB7,0.40894413,-0.6920781,-0.079235554,-0.24337292,0.24607706,-0.2634492
CETP,2.1991448,0.7891264,-0.55452037,-0.8744421,0.6943903,2.9806619
AARS1,-0.1841135,-0.39194965,0.36974144,0.8800974,-0.70305157,0.5160303
SDC4,1.0636044,0.57831764,-0.36801052,-0.2628746,0.2810049,1.575675
DHX8,0.05611515,0.023442268,0.046364784,0.21434498,0.21555138,0.06725407
RRAD,0.01873684,-0.14308739,-0.89247894,-0.393651,-0.6756172,0.11612558
SDC2,1.1042185,1.4289875,1.2884912,1.3323884,1.9785581,0.9145322
ZBTB2,-1.6136818,-0.7488518,-0.83236265,0.09593582,0.3776827,-0.9384837
NKAIN3,0.9246261,-0.5821159,0.8025067,-0.110657096,-1.1060028,-1.4883382
H3C1,-1.5838623,0.091882706,0.15395546,0.16610527,-0.13241863,0.00211525
STK38L,-1.1925244,-1.4268513,1.3104258,0.93672657,1.7130408,-0.58185196
H3C3,-0.0680294,-0.2074089,-0.20102692,0.08818436,-0.28933048,-0.13223743
KCNN3,-0.41028172,-0.41301405,1.5987097,0.5585538,-1.2732165,-0.8429279
APOE,1.4899721,0.12432957,-4.4442787,-5.858655,-0.8280773,0.005044937
TNFSF18,-1.0658001,-0.883348,1.088387,1.921849,-1.3224767,-0.54174805
SLC10A4,-0.058212757,0.15886045,1.0360146,-0.003185749,0.9306717,0.29376554
NTNG1,-0.75413346,-0.60248804,1.4714446,0.42751884,-1.3053423,-0.9086989
MSR1,0.7594347,1.2501707,-5.291178,-4.3812594,-2.1201353,0.14224434
XBP1,-0.19960022,-0.026008606,-0.03775692,-0.2509575,0.18856907,-0.45059872
APOBEC3F,0.038887024,-0.026191711,-0.09628582,-0.2574072,0.027190208,-0.32233906
SLC10A7,-0.5873337,0.67273927,1.276227,0.100785136,-1.3838178,-1.2020462
APOBEC3G,0.03754902,-0.44783688,-1.0313234,-0.5648508,-0.53181076,0.7331524
TNFSF14,1.092577,-0.43849373,-4.034888,-5.127842,1.0492887,-0.14012432
TNFSF15,-0.62228346,-0.8156047,-1.8301523,-3.3440123,-3.4830155,0.24475002
SLC10A2,-0.71328545,-1.8725661,0.9171493,-0.81804967,-2.3993256,0.53005815
TNFSF13,-0.8667164,-0.49429703,-0.68498707,0.06396103,-0.940115,-1.2797346
IGF2,0.014804125,-0.56607103,1.5561266,1.2076449,0.72122526,-0.65953636
IL36G,0.094270706,-0.35782576,0.32195663,-0.5322509,1.0552363,1.6442885
SUCO,0.29791832,-0.19037056,-0.11048508,0.2706852,0.4664364,1.6800032
IGF1,-0.041512012,0.71739006,0.48144007,4.036962,-2.5847502,-0.74068975
CPLANE2,0.35946536,0.3150115,0.017037153,-0.15489078,-0.011450291,0.066598654
BST2,-0.29083633,0.08166313,-0.7317505,-0.20038414,0.24870777,-0.4109106
BST1,-1.3592963,-0.7652035,-2.9658904,-1.6967402,-2.830742,-2.204486
MSRA,0.30187416,0.4029541,0.58267117,0.37229156,-0.70953465,0.5249138
MC1R,0.69068813,0.7096529,0.671401,0.29934597,1.3234158,-0.14077568
ZBTB6,-0.48766708,-0.702436,0.5512743,0.5334215,0.61233854,-0.47027636
SDC1,0.61677456,0.15816712,-0.51505804,0.619061,-0.94065857,-0.8331814
GRB2,0.059770584,-0.13765335,-0.25847912,-0.084732056,-0.63383865,-0.3145914
GRAP,0.20488548,0.38868666,0.18679094,0.33402157,0.32970858,0.072631836
MRPS15,0.20073414,0.20473385,-0.28574085,0.27777576,0.53179646,0.11925888
MRPS11,-0.010228157,0.20351124,-0.2545061,0.86611366,0.73188496,0.021775246
C8A,0.83645487,1.16677,-0.26604867,-0.591434,0.10434914,0.6288924
DMBX1,0.8916373,0.15992832,-0.67904115,-0.59091735,0.157475,-0.593272
RAC3,0.84198284,0.8889227,0.53066444,-0.13532972,-0.3938794,0.12731266
BBS9,-0.3974948,-0.22529316,-0.17193031,-0.11325312,-0.031116486,-0.65707207
FCER1A,5.368,1.7447205,7.9164486,7.867384,7.5739956,5.217306
SDF2,-0.43218613,0.004224777,0.3523655,0.2205925,0.4232006,0.229208
BBS5,-0.35144615,0.44545507,-2.1814017,-0.35112047,0.72614336,0.71902037
EIF5AL1,0.8917942,0.91420937,0.16001987,0.38350868,0.20274639,0.7322626
MRPS28,0.12994194,0.17729378,0.028674126,0.5883236,0.16819954,0.000693
ZHX2,-0.38297033,-0.6173434,-0.5007329,-0.07699013,0.48802567,0.5070133
PCYT1B,-0.5457074,-0.42091435,1.5337403,0.65967536,-1.1766415,-0.72741014
FCER1G,0.21389484,0.5158739,-0.9158783,-0.702281,-0.6085415,-0.5559759
ZHX3,-0.009613991,0.3142376,0.55799055,0.75293493,1.0816808,-0.38993502
MRPS27,0.34666252,0.580534,0.54512787,-0.49991226,1.3387499,0.48098373
SYK,0.15140247,-0.035119057,-0.148489,-0.006979942,-0.15668583,-0.9082985
MRPS22,-0.6154976,-0.17789078,-0.47668552,0.41685867,-0.1193285,-0.111579895
MRPS23,-0.25532532,0.068798065,-0.018661499,0.48412132,0.42603397,0.020528793
MST1,0.29440594,0.50339985,-0.2527666,-0.14709187,-0.3073311,-0.2107048
GAB1,-1.1889083,-1.2721071,-1.8659906,-0.103803635,-1.384254,-0.7051096
CACYBP,0.41674614,0.3849144,0.547297,0.6983137,1.1497498,0.56481457
CNKSR2,0.18962193,0.23504186,0.000883,1.4621589,-1.0590134,-0.88197255
RAP2C,-0.3407359,-0.18103027,-0.30687904,-1.132443,1.8129144,-0.16779184
CNKSR1,-0.6576474,-1.0593107,-0.40509582,-0.75787735,-0.11600876,-1.5711668
RNF144B,-0.037621498,0.037621498,0.29703617,0.17989445,0.43861198,0.7216501
RAP2A,-0.38107395,0.18714237,0.4429226,-0.6591315,2.0785284,0.05177784
PITPNM2,1.1928604,1.2494333,1.5168118,0.7338021,0.9532137,0.5581913
CNKSR3,2.880252,2.7358994,0.9738679,1.5847716,1.0721984,3.7889056
TLCD4,-0.71477145,-0.5422962,1.3808731,0.5360857,-1.4410355,-0.81061244
FAM193B,-0.3821659,1.2359686,-0.022029877,0.022029877,-3.4360814,-0.12493658
ENSG00000253470,-0.35584497,1.2022355,0.5425358,-0.76714945,-0.8138194,-0.62883866
FAM193A,0.3709936,-0.3015976,0.5577707,-0.05095339,-0.8772049,0.2557087
CYLC2,-0.56686985,-0.59585154,1.5411148,0.34624445,-1.3478037,-0.94564855
CYLC1,-0.45694596,-0.42340755,1.5914228,0.6401403,-1.1984246,-0.7663526
TLCD5,4.5463495,2.4670658,2.5732412,3.2499814,3.0968046,5.2532444
DYNC1I2,-2.6376617,0.38796234,-2.265973,1.2954264,-0.60247564,0.694118
SSNA1,-0.14562988,0.29704666,0.062719345,0.25520897,0.06469345,0.1743679
MRPS33,0.06334114,0.14570618,-0.045354843,0.37286377,-0.06399059,0.26090717
MRPS34,0.31695938,0.52051353,0.044691086,0.33436203,0.519186,0.08898163
PRICKLE3,0.30252314,0.21908045,0.4110632,0.13772964,-0.12289238,-0.0797534
SH3BGRL,-0.15447426,-0.13101768,0.20451927,0.10042763,1.178052,-0.088991165
FHIP1A,-0.64808995,-0.53931034,1.457808,0.5330539,-1.2520733,3.4260697
DYNC1I1,2.5241115,0.6009686,2.0439389,1.2672634,2.6480644,3.2850044
DYNC1H1,0.5839186,0.4855318,1.2118053,1.025487,0.9520693,1.0219107
GAD1,0.16115141,0.37081861,0.3731861,0.07945204,-0.8563571,0.21958876
KLHL2,-0.4133625,-0.26654816,0.29858112,-0.34271526,1.1622639,-0.015106201
PEX10,0.35759926,-2.203908,0.9129076,0.90727997,-1.948472,0.19626999
KLHL3,1.0911989,0.62333345,2.7670393,3.0086336,2.5849237,2.378995
KLHL4,0.52187765,0.3968979,1.3413904,0.34498513,-0.030020595,0.43975568
CFAP157,-0.5031054,-0.5857898,1.4409072,0.3966155,-1.5076321,-0.9911654
PEX13,0.06578922,-0.000318,-0.024643898,0.36812305,0.73257065,0.051846504
VMP1,-0.58473873,-0.2607584,-0.58078957,-0.46653843,-0.25253105,0.007510185
PDCL3,-0.16695404,0.09554291,1.294344,1.5733376,0.7710972,0.030381203
TFAP4,-0.67941546,-1.0778491,1.1059053,-0.04553616,-1.7765168,-1.5655868
KLHL5,-0.93411255,-0.82592535,2.638795,-0.37626314,0.15631294,-0.4465027
KLHL6,-1.810215,-1.1036291,-1.3412695,0.028912544,-0.13637066,-0.94348335
KLHL7,-0.03961706,0.3030095,0.8473935,0.16267204,1.7357626,0.09625864
CFAP161,0.38855636,-0.27293766,0.9005228,-0.28141272,-1.2474521,-1.3419008
KLHL8,-0.2379489,-0.11622381,-0.09024954,0.047892094,1.1232452,-0.40428877
TACC3,0.14147186,0.20815086,-0.063687325,-0.62903404,-0.6255169,-0.81610584
TACC2,-0.7269169,0.3326553,1.2770691,0.1740632,-0.6582358,-1.1612118
ZFP28,0.42866504,-0.63971233,1.3145325,0.41477585,0.28920484,-0.9326152
DENND5B,-0.22052002,-0.08110094,-2.5629637,-0.35188293,-1.2052927,0.4220872
PTPRD-AS1,-0.5500106,-0.54187727,1.4792466,0.55920196,-1.4083353,-0.8328585
PLAT,1.9234598,2.747001,-0.43877435,1.0449088,0.897135,4.5431757
PLB1,-2.6327615,-1.2893152,-2.3892179,-3.420742,-2.4978747,-3.5998383
TXN2,0.3063898,0.27594852,0.06355095,0.25417042,0.338665,-0.14196968
IGKV1OR2-1,0.31444168,0.4026308,0.21405125,-0.19819403,0.43531513,-0.38186884
ZNF81,-0.5829437,-1.2795255,-0.75956583,0.9802599,-1.361033,-0.4459479
DMBT1,-0.17110932,-0.56539184,1.3689249,0.42710996,-1.4602867,-0.94339305
PPIP5K2,-0.68690395,-0.15924358,-0.07623768,0.1934309,0.19347477,0.06111145
PLAU,0.7962017,2.419716,1.0321922,1.6670246,1.7597189,0.69041634
ZNF84,0.4098816,0.2997055,0.28861618,0.48429108,0.60462284,0.47958374
ENPP2,1.138617,0.97168684,0.7319975,1.4699812,2.6382523,0.12496233
ENPP1,-0.812449,-0.6615296,1.4786928,0.32565784,-1.3626941,-0.9875913
ENPP4,0.030177116,-0.35571003,-1.8223915,-0.14138699,-1.2571573,0.9743786
RAG2,-0.35887814,-0.5892477,1.3374997,0.41960526,-1.5154095,-0.24016845
ENPP6,-1.2741582,-1.1071498,0.7761371,-0.022964358,0.33824635,1.0411808
TGM3,0.17729807,-0.06963968,0.34096265,-0.66411865,-0.8859155,-0.16805553
TGM2,3.754961,5.5050488,-1.585772,-3.0897422,2.3161888,4.677764
CARD10,0.2210412,-0.8670316,1.0380049,1.7452617,1.4368196,0.7255311
ZGRF1,-0.7399192,-0.056515694,-1.847748,-0.44129038,-0.53992796,-0.8266139
ADAM10,-0.5431385,-0.123846054,-0.7609606,-0.33897495,-0.020140648,-0.27591324
ZNF99,-0.00941515,-0.016643524,0.1961708,0.61980724,0.45219612,0.5265322
ADAM18,-0.65737206,-0.49358177,1.5113387,0.48399448,-1.4003878,-0.6346295
PSPC1,0.047437668,-0.37376595,-0.23430634,0.786602,0.10511017,0.51300716
RAF1,-0.10606575,-0.092292786,-0.42632866,-0.2697487,0.47432137,-0.01824379
CARD11,-0.24766707,-0.23362255,-1.4070506,-1.7199125,-1.4756985,-0.89408135
PLD4,2.9063473,0.02427578,4.3204784,-1.370636,3.4342842,0.19665766
DAPP1,0.3901806,-0.71421623,0.3369627,1.1637211,1.1247768,1.0982723
PLD1,-0.70412207,-0.2350421,-1.7942283,-0.60080385,-2.1626081,-0.92705417
RAI1,0.18723774,0.2951002,1.0845394,0.37253857,1.5606003,0.22928333
RNASEH1,0.3505993,0.51981544,0.008503914,0.6041355,1.3190193,0.7071705
GRK6,0.05197525,0.37404823,-0.7805376,-0.027168274,0.21654892,-0.5996475
LPXN,-0.10941982,0.13571262,-2.6701546,-2.3033266,-0.7071171,-0.43194866
IL36RN,1.1420385,-0.47823846,1.3480917,0.3862487,-0.6729734,-0.62685955
FGF22,-0.28595924,-0.4979521,6.0350766,0.3223536,-1.4288491,-1.0446019
IGF2R,0.47109222,1.1707993,0.31526947,-0.15163422,1.0232897,1.1818895
SDK1,2.7981548,1.9426723,0.7091274,0.642503,2.9625378,0.60826445
FGF14,-0.5798764,-0.4145934,1.4601219,0.6558217,-1.2348537,-0.71116555
FGF19,-0.21329999,-0.39124334,1.6885948,0.5667317,-1.393543,-0.8005143
FGF10,0.49254918,-0.72226226,1.7877004,0.24292612,1.183337,-1.1494708
ZMYND19,0.21557665,0.3318472,0.63907766,0.20326042,0.3504281,-0.1738019
LDHAP4,1.7101994,2.0322227,0.6147804,-0.35759163,1.7127237,1.2962313
TAT,-0.3061539,-0.6447265,1.4235207,0.28167498,-0.07465899,-0.71289766
LDHAP5,1.4978466,1.6693573,0.2551937,0.21152878,1.2487593,1.2299671
CA1,0.7586837,0.18280244,-0.5588567,-0.63222694,0.35402727,-0.71711564
GRM7,-0.91464496,-1.6783717,-0.28999257,-1.4675356,-0.40767264,-0.3731594
CA3,-0.76262957,-0.66074127,1.3373522,0.41388786,-1.3764718,0.27882624
ZIC3,-0.47941613,-0.42615616,5.2707357,0.5546205,-0.66150606,-0.23865521
CA2,2.4022636,3.017187,-2.358439,-2.8583794,1.3517799,2.025651
ZIC1,-0.481817,-0.41526395,1.6280687,0.6197169,-1.1404293,-0.77221674
CA7,1.3066039,0.13018727,0.72314095,-0.1490202,-0.06450033,-1.4921391
CA8,0.2433263,0.5062659,1.572696,1.5976171,-1.3334602,0.005589485
MYBL1,-0.37108767,0.30422878,2.5745897,2.429009,-0.40958786,-0.894012
SUN3,-1.5213702,-0.2869625,-0.7401581,-0.4337871,-1.6567013,-0.2603228
DIPK2B,-0.49960065,-0.451149,1.5479716,0.66223645,-1.2982471,1.6901729
OR1F1,0.812963,-0.7103088,0.33441925,-0.67908907,-0.43779898,-0.2234354
SEPTIN7P2,0.19587326,-0.5372791,-0.057442665,0.19292545,-0.46765995,0.20855618
SUN5,0.561018,0.36484122,0.33017826,-0.50439405,-0.11111593,0.47115278
EIF3LP2,-0.012791634,0.004063606,0.29665184,0.38172245,0.623147,-0.027015686
CFAP100,-0.73984206,-0.5487392,1.4386358,0.48656595,0.09719992,-0.8578317
IFT43,0.2955551,0.28388023,0.061606407,0.26658058,0.4127426,1.1495066
GFOD1,1.9473705,2.8217368,1.7008138,2.8033338,2.9162512,3.1246643
ELF3,1.1920083,-0.59658146,-0.7970357,-0.43444085,-0.5724313,2.5680106
ELF4,0.35198498,0.21943188,0.24089718,0.3797369,0.2459135,0.79131985
EEF1D,-0.26411057,-0.43429184,-0.28530312,0.577816,-0.49473667,-0.16040039
ELF5,2.0442607,-0.63730836,1.260884,0.45510197,0.26997828,3.5971088
CAT,1.3070965,0.51711655,1.2242126,0.9322338,1.0999784,0.70683956
DIPK2A,-0.054298878,0.19989824,2.3420534,-0.785274,0.9897299,-0.299922
SHANK2,-0.62774575,-0.4661076,1.4441972,0.6100073,-1.2420368,-0.23851311
PLEC,-0.32227325,-0.16988993,-1.9322357,1.541337,-2.7404575,-0.4775653
RALA,-0.5276737,-0.21740913,-1.1280584,-0.43439484,0.059138298,-0.33416176
KRT17P1,4.2952623,4.4971085,1.1090517,2.5241947,4.0140934,5.342143
OR1E3,-0.29574633,0.94965124,-1.3845959,-1.0188978,0.044576168,-0.03405428
PSMB10,-0.31993008,-0.17951298,-0.19106579,0.5673437,-0.50850296,0.3264923
POMZP3,0.06399822,-0.45601368,-0.37975216,0.4333849,-0.1892643,-0.6190262
IL1RL1,-0.6141465,-0.606732,1.3661056,0.5065466,-1.397276,-0.94739515
IL1RL2,0.22327375,0.19917345,0.7532959,0.9152875,0.56591463,-0.38378906
SV2A,-0.7394881,-0.557104,1.5716834,1.6107807,-1.3252757,2.4045105
SLIT1,0.08087635,-0.052071095,0.42492294,0.6870794,0.31364536,-0.005529881
RALY,0.40867996,0.39775467,0.4068737,0.5490742,0.048358917,0.49215317
CKS1BP2,0.17705059,1.0780973,-0.45247936,-0.21718311,-0.28225422,0.1421318
MTA3,0.2829466,0.57659006,-0.7077241,-0.6765857,1.3874121,0.71537256
SPATA31E1,0.23265243,-0.3393911,1.0441679,0.3325225,-1.7093091,-1.1643641
OR1D2,0.14633894,0.06247902,-1.014235,-0.6316457,0.26584196,-0.1294651
RRM2,1.868185,3.162445,-0.9547882,-1.951242,-0.31437302,1.2846413
ACTBP11,0.56588364,0.35575485,0.052827835,1.0859222,-0.543272,0.3877163
ACTBP12,0.79337597,0.49361897,0.371171,0.40318966,1.5885811,1.141016
TBX19,0.18463707,0.6260967,1.5235949,0.869606,1.1243038,0.62141895
HS3ST1,4.2131047,4.903704,3.822619,4.7186227,5.023767,5.54227
WARS1,-0.5149784,-0.7659302,-0.503479,-0.573946,0.09555435,0.13092327
TBX18,-0.5331551,-0.39328253,1.5379457,0.6798036,-1.1458168,-0.6963881
HS3ST2,3.1678934,2.9366117,-1.1547804,2.7341046,2.0917373,3.3929734
CD2,0.7523565,-0.32051182,0.8045683,0.17044163,-0.5320587,0.29875517
CD4,0.27018452,0.46029377,0.22196579,0.26568317,0.15646172,-0.08490658
CD6,0.11567974,-1.3359094,-0.14993668,-0.13501978,1.3602972,0.1374774
TEF,0.21760416,0.09608364,-0.09730387,1.0404801,0.37789774,0.28166294
CD5,0.28949022,-1.1597879,-0.24429607,0.5873208,-0.4493146,1.2861676
CD7,-0.76089907,-0.7331505,0.62150574,0.3663802,-2.5518286,-1.0066304
CD9,1.3088379,1.2976208,-0.37235165,-1.0694923,1.429389,0.82506657
SLIRP,-0.048410416,0.14719582,-0.35526657,0.3148613,-0.6452141,0.11183834
CDA,0.5421419,0.5402937,-2.0859385,-1.7877111,0.04149151,-0.8142834
TES,0.4587164,0.66347027,0.9241667,0.11667681,0.6826868,0.93312645
CLEC10A,1.7514706,1.6602345,4.883483,4.635021,4.134677,1.6106815
FRMPD1,-0.8730211,-0.6735573,1.3693504,0.4647199,-1.4482777,-0.6569467
ELK1,1.1626325,1.148571,1.5310993,-1.1376486,0.98873043,0.89301395
CAPN15,1.1834204,-0.08670378,-0.18584967,0.6799228,-0.30297256,0.17745852
ELK3,-0.37410736,-0.6096549,-1.3749084,-0.5182929,0.18462372,-1.0604148
ELK4,-0.5813236,-0.18745995,0.20236206,1.2877994,0.98244095,-0.36268997
MTBP,-0.17989278,0.17001104,-1.0892313,-1.3027534,0.0567441,-0.130548
ZSCAN30,0.21835613,0.27429533,-0.5639868,-1.5204608,0.6401706,-0.5026431
VPS36,-0.20695496,-0.10724449,-0.25109863,0.6963978,0.024951935,-0.045449257
PRKCI,-0.22662544,-0.1237793,0.1491003,0.2615013,0.10118103,0.24684525
TAAR9,0.37772596,-0.40435046,6.987172,0.5621054,-1.3289046,-0.8516561
DNAAF2,0.06899786,0.324008,-0.120859146,-0.019088268,1.3167706,-0.07487869
PRKCB,-1.9959717,-1.2069337,-1.9598601,-1.3937864,-2.023272,-1.6709735
PRKCE,0.19251871,-0.2515216,-0.29470062,-1.4485004,-2.920847,-1.0455937
PRKCD,0.23157692,-0.2774868,-0.26180744,-0.00576973,0.77493,0.056293488
POM121L15P,-0.67462456,-0.6896427,3.475811,3.6495914,1.124334,-1.0807672
CLEC11A,0.25109768,1.0918322,-0.35192013,-0.60078526,0.19951057,-1.317584
DNAAF6,-0.5851323,-0.42904854,1.4738569,0.6823287,-1.2670501,-0.6651272
TAAR1,-0.4998889,-0.34945387,1.7770584,0.61214876,-1.2661393,-0.7428689
DNAAF9,1.0083389,0.9455967,-0.34263134,1.3491287,0.5696106,1.5663567
DNAAF8,0.04151416,0.07284951,-0.5628364,0.019796133,0.019179583,-0.3029611
BCAN,-0.5982027,-1.4010863,0.4749565,-0.31235552,-2.30158,-1.3579786
BCAM,0.6139908,0.33503914,0.5603628,0.5577278,-0.78463554,1.1310892
DAAM2,0.44730806,1.325798,-1.2569022,-0.48118877,0.194314,2.1052294
ZSCAN21,-0.1686101,-0.08123684,0.14519072,0.32321072,0.46837902,0.062182426
PRKD2,-0.17441368,-0.15200043,-0.18324661,-0.4310646,-0.22284794,-0.4153061
PRKD1,0.8789556,0.14284945,0.7823291,-0.29610586,0.54079866,1.8726797
NUP98,0.6189251,0.6495743,0.06205654,-0.17014313,0.9084797,1.1165295
ZSCAN25,-0.12807131,-0.31213713,0.36243153,0.38176632,0.20504045,-0.26777935
TARS1,-0.36653328,0.1262455,-0.1309967,0.14121628,0.48037815,0.001904488
CFB,0.5301633,0.6370759,0.7341385,1.2717752,0.48230648,0.8343506
FREM3,-0.5709119,-0.37261534,1.6666644,0.6427276,-1.2245356,-0.7188971
CFD,-0.58527946,-0.38319206,-1.7925568,-0.3018589,-1.4541683,-3.1620226
CFH,-1.575769,-0.10485554,0.574893,1.338151,-1.7108064,-2.3826342
CFI,3.422867,3.6593735,7.6688824,8.174043,6.9841833,3.1613495
PRDM14,-0.4503125,-0.22486901,1.5574585,0.3984524,-1.5171523,-0.97536546
PRDM11,-0.9425001,-1.1450262,0.24933958,1.1077533,-0.1375246,-0.2197094
CFP,1.5549526,0.6514549,-0.85522556,2.6109905,-0.9225817,2.5760593
IRF2-DT,-0.24115086,-0.2689576,0.4955573,0.4663124,0.13649702,-0.27667236
MTDH,-0.1387291,-0.04585266,0.11865139,0.20075035,1.687994,-0.039399147
NUP85,0.004997253,0.23527527,-0.00697422,0.30075645,-0.042407036,0.13413906
PRDM16,-0.60959023,-0.3896159,1.5480165,0.6486356,-1.2216362,-0.714976
ST3GAL4,0.3649249,0.73647213,1.2694454,0.33351183,1.055088,0.28994465
RRS1,0.12901306,0.522871,3.1562395,2.940197,2.404357,0.6654844
ST3GAL1,-0.006540299,-0.42132568,-2.078309,-0.53744125,-0.5343685,0.122629166
ZSCAN18,0.08505201,-0.6012182,0.27046394,0.13088179,-0.015082836,0.19109249
LRRC37A3,-0.32554054,-0.07433653,1.6192617,-0.9181409,0.4536476,-0.24218512
PLK4,-0.5557754,0.2704451,1.0309725,0.12307,-2.580063,-0.20158029
BTF3,0.18684101,0.031811714,0.39832687,0.6221571,0.13722134,0.12933159
SMPD4BP,-0.016749382,0.114863396,0.23838806,0.2456789,-0.13530064,0.29953766
PLK1,2.3324285,2.912661,-2.8563433,-1.9196243,-2.195046,1.1008086
MEX3D,0.09300041,0.5151005,0.5053148,0.7149353,-1.0977793,0.03691387
C3orf14,0.37959576,-0.016003609,0.2643013,0.59764004,0.05554676,1.0556564
MCAT,0.9900017,1.5212078,0.24118805,0.5626545,-1.2934942,1.0418482
MEX3B,1.0695391,1.535985,1.2268243,1.421124,2.1422615,1.4100976
LINC02609,-0.4914881,-0.48639894,1.529011,0.5168693,-1.3056979,-0.27912688
GTF2IRD1,0.12683105,0.35196114,-2.0692348,-1.2490261,-0.30775452,0.22315884
LINC02604,0.5728321,0.6513543,0.66710806,0.13002348,0.567471,-0.86987543
GAPT,-5.668601,-4.434195,-5.364731,-6.0020695,-8.044937,-7.5705833
DENND1C,-0.6680603,-0.32881165,0.48464966,0.94622993,0.94608307,-0.3920889
SETD5,-0.1763506,-0.36923504,-1.311152,1.2766628,-1.0564394,0.15138483
DENND1B,-0.31288147,0.10286713,1.1950364,0.9041376,1.5713019,0.78051233
RARG,-0.16433144,-0.010098934,1.4656577,1.2479014,-0.05566454,-0.59959507
MOCS2,0.397501,0.535244,0.46143913,-0.2295742,0.47292995,0.26770592
CDKN1B,-0.8487234,-1.0865545,0.16459274,1.9837332,-0.41964722,-0.55963707
CHM,-0.19221544,-0.49933052,-0.3841896,0.7467108,-1.4036198,-0.28613806
ASH2L,-0.000624,0.095098495,0.084952354,0.083049774,0.5363369,0.36714458
STON2,-1.9213929,-1.7910323,-1.4704769,1.337295,-2.031243,-1.7635429
ASGR1,-2.5553975,-0.8134098,-1.9345694,-1.6789932,-1.1612129,-3.39673
ASGR2,-0.5122957,-0.09671688,0.7216244,0.7371168,0.71358013,-1.1919804
ADAMTSL1,0.41973114,0.25819492,2.8889441,0.5942483,0.3452897,-0.29369783
ADAMTSL4,0.47340775,0.49165344,1.0201426,1.7270889,1.9837046,0.58969593
MTG1,-0.7007303,-0.15302992,-0.7842641,-0.7135687,-1.0172243,-0.30379105
RPL14P1,0.064668655,-0.028812408,0.23640347,0.23157692,0.42239285,0.24520206
DENND2D,0.038066387,0.52810574,-2.3404286,-1.9099169,-0.84715223,0.038756847
RPS6KL1,0.6053575,2.0613313,0.8167659,0.9093524,0.39260066,2.0569887
KRTAP15-1,-0.7689717,-0.6134806,1.2922854,0.49811387,-1.4477279,-0.8482763
SLC9B1P3,-0.82146704,-0.31533742,0.034549475,-0.80987716,-0.5467205,-0.089607
ANGPTL7,-0.49566025,-0.3011852,1.7659465,0.6207651,-1.1564028,-0.68589664
PLIN4,0.13117743,-0.004067898,-1.1799355,0.34194708,-0.861331,-0.22655392
GAS1,0.9198718,0.9267235,-0.059521437,-1.4164777,2.1891584,0.25415087
EXOC3,0.32148552,-0.35300064,1.3832111,1.4316788,1.1754923,0.35818672
EXOC6,-0.31321716,0.19355583,-0.6361084,0.68681717,0.4535923,-0.29581833
PLIN2,1.1099033,1.3504887,-0.8816776,-1.0394783,-0.043910027,1.0154638
EXOC5,-0.001869202,-0.19657373,0.08735037,0.8494353,0.94506025,-0.40304518
GAS6,1.6275501,0.9228325,1.7936611,2.0203094,1.1429768,1.0585566
TKT,-0.7346678,-0.34905338,-0.734149,-0.78314877,-0.6323414,-0.628788
GART,-0.04427576,0.58009815,-1.0759172,-0.5048871,0.22032118,0.4650011
ANGPTL1,-0.8054956,-0.6802809,1.2917466,0.39159262,-1.4046097,-0.98708934
GAS7,0.52966404,0.73307705,0.19435596,-0.32095385,0.366395,-0.41914892
PAPSS2,0.5630741,0.72546005,-1.5690169,-0.24738836,-2.3517928,0.23261642
MIR4307HG,-0.5363769,-0.40573245,5.0191307,0.5556357,-1.3128247,-0.7997958
APOL4,-1.936145,-1.8314342,3.6172352,1.7206988,2.9480915,-0.83232164
METTL21C,-0.69643813,-0.5087938,1.585584,0.41378307,-1.3623908,-0.8937008
APOL6,-1.2482128,-0.9773121,-0.64248276,0.73108435,-0.47602272,-1.5308561
ERMP1,0.70863914,1.3907456,0.05580473,-0.83706,1.6315074,0.46506214
RASSF10,-0.29019153,-0.4318092,1.5615475,0.6057718,-1.4621576,-0.70233536
ARRDC1-AS1,-0.14586782,-0.2485671,-0.5050025,-0.05859661,-0.44269753,-0.36147022
MBNL3,-0.43113232,0.19969845,-0.8220625,-0.18266582,-1.0630398,0.1471653
APOL1,0.17852211,0.5702381,1.1299658,-0.34814262,0.72849846,0.026824951
ZIM2,-0.09543729,0.14852142,-0.4800315,0.094543934,0.071166754,-1.836725
APOL3,-1.0355844,-1.1887407,-0.88093185,-1.3209009,-1.3048725,-1.3045521
APOL2,0.50400925,0.2678542,0.3962803,0.60031605,0.86299896,1.0352116
HIPK4,-0.90132725,-1.3420031,0.75350344,1.6211189,0.10672319,-0.30624855
IL10RB,-0.036741257,0.1245842,-1.0440226,-1.4302387,-0.7648115,-0.4629736
IL10RA,0.12096214,-0.05303192,0.23575401,0.17097092,0.39889526,-0.14213085
MOCOS,0.3432603,0.51549625,4.9754076,6.5341635,4.983822,2.7519503
ELP1,-0.338274,0.014451981,0.2920246,-0.11781502,0.2764635,-0.20127773
G0S2,2.504715,1.2790527,-3.0913033,-1.7616224,0.86939335,3.0128908
GATB,0.26568604,0.67746544,-1.239542,0.013118744,0.42367744,0.18339443
ELP2,0.60450363,0.34692764,1.6919603,1.4280243,1.6797915,0.41384506
RRP1B,3.548542,3.1139622,3.6622782,3.4112263,4.6899433,2.5961294
HIPK1,-0.657547,-0.1972599,0.147048,0.2850361,-0.01408577,-0.12871075
HIPK3,-0.25582504,-0.061565876,-0.00622654,0.14612007,2.0808554,0.30026913
CDKN2A-DT,-0.042179108,-1.4838874,-1.3498838,-1.2867527,1.4831109,-1.5090215
HIPK2,1.4946957,1.5599775,-0.8870239,-0.61813545,0.28385925,2.0037003
RFLNA,0.3768015,-0.3626393,0.9082856,-0.04730189,0.65036273,1.5856054
GATM,2.5743237,3.7065945,0.36736012,1.3828373,2.9399986,1.4842463
OSTM1,0.09426308,0.47924042,0.14971256,-0.14856815,0.35455894,0.4586153
NFIB,-0.5625619,-0.42659897,1.4918048,0.64909124,-1.1992228,-0.73284256
PLP2,0.42316246,0.8071728,0.008502007,0.19532967,0.23856735,-0.23879147
TMEM229A,0.6050916,-0.54581845,1.3438263,0.52904177,-1.4232931,-0.8231389
RNASEH2CP1,-0.107345104,0.43875742,-0.81046486,0.07270765,0.08729029,-0.07607412
TMEM229B,-0.5519464,-0.5493525,1.4719584,0.54538834,-1.4164104,-0.84636295
GTF2B,-0.5504322,-0.1271267,0.66349983,0.9980087,0.944664,-0.1923933
TNC,0.73665476,-0.1714611,4.535389,-1.0372895,-1.1660135,0.16145349
CLU,2.2002907,0.14511013,-3.9984736,-4.7509255,-1.553597,2.6367111
TNF,-1.2463093,-1.4334621,0.20478058,1.4484196,0.27264786,-1.217948
GTF2I,-0.84967995,-0.60975075,-0.55661964,-0.40496635,0.056573868,-0.7102318
IL13RA1,-0.01348114,-0.90592957,0.6808014,1.3430538,0.30597496,0.64104843
PLS1,-0.23869061,-0.8009436,-0.07234073,-0.9025043,-2.7524402,-2.2675416
MAP2K3,0.05877018,0.17980099,-0.66120243,-0.78598976,0.26861858,-0.4838581
MAP2K4,0.2825699,-0.06282234,0.20347595,0.41769218,0.52334213,1.383728
MAP2K1,0.3281765,-0.23220825,0.5259943,0.23841286,0.87053967,0.5668268
COL27A1,-0.679826,-0.5207265,1.6030766,0.4265306,-1.2779042,-0.8796873
RALGAPA2,-0.6100149,-0.56109166,-0.63098574,-0.24588299,-0.26845837,0.21269321
DIO2,-0.1794138,0.72717094,0.8782072,0.003866196,3.179309,-0.003865719
TOM1L1,-1.0256215,0.39163065,0.14724636,-0.7457272,-0.57053757,0.4066496
KDSR-DT,-0.35509968,-0.7665119,-0.02974081,0.015634537,-0.19891119,-0.006066799
OBSCN,0.8694062,0.32232523,1.5894235,0.40046012,-0.06499362,-0.5645404
H4C16,1.524744,0.8060169,-0.059823036,1.2882824,-0.6147928,0.7503605
FKBP4,0.72409487,0.80429506,0.2378273,0.2937374,0.66037846,0.03711033
TOX,-0.9013808,1.2819743,3.8067207,3.67354,2.265174,-1.4170796
PPEF1,-1.7840297,-1.5189204,0.34073496,-0.41138315,-2.444889,-1.7823095
FKBP5,-0.4809971,-0.9926348,-0.3763647,-0.7625408,1.624404,-0.2915144
INSIG2,0.0915432,0.39360046,1.4607296,0.9151077,2.09097,-0.25509262
MTLN,0.4381485,0.61016655,0.051654816,0.8381767,0.4228859,0.36333847
KNG1,-0.7646944,-0.5943128,1.332443,0.4878086,-1.4915512,-0.85866016
CD300LB,0.20786524,1.8490019,-0.81853056,-0.91040754,-0.91184187,0.10351086
MAP2K7,0.5771277,-0.8990185,-0.4771514,0.24373841,-1.6866705,-0.2267189
PLTP,1.9679146,3.1423779,-4.911858,-2.3849435,-2.758747,0.8760834
MAP2K6,0.89835835,1.6528406,3.1575284,1.5715737,2.6975179,0.68813515
LINC00032,-0.5115961,-0.44643307,1.5551708,0.6389921,-1.2001073,-0.7658183
LINC01361,-0.6351123,-0.45993578,1.5863204,0.5415276,-1.3319247,-0.8068491
C1orf162,1.5684462,1.408761,0.6894045,1.0045195,1.31777,0.8412218
SYNJ2,1.8116248,0.14537239,0.726279,0.34193063,-0.7414658,1.839226
COPRS,0.46331024,0.45511436,-0.12814999,0.23690796,0.5770302,0.42882442
BCL6,0.33173084,0.2155447,1.3914185,0.51380634,2.0633926,0.9348717
SYNJ1,-0.37071228,0.32650042,0.6686802,0.2252965,1.7624187,0.503932
BCL3,-0.5014734,-0.9828253,-0.18965626,0.69466114,-0.9139118,0.5979948
BCL2,0.1368804,-0.49811745,-1.5126877,-1.0200744,-0.39723063,1.7801738
C1orf159,0.3126998,0.27015543,-0.16303444,0.004235268,-0.20273304,-0.35375023
TCP10L,-0.5019404,-0.45040053,1.5450299,0.65555954,-1.2741519,-0.74381423
MCM8,0.65138865,1.0720863,1.6024404,0.032188892,0.30377817,-0.037608147
ZC3H8,0.24341965,0.824173,-0.86999273,0.89899445,1.2208061,0.9353123
ZC3H6,-0.40364933,-0.09778404,0.16137218,-0.52242136,0.44197273,-0.40852928
SYNE3,0.24121284,0.7184448,0.59038067,1.3143063,0.34074593,-0.003772736
SYNE2,-0.065654755,0.9926188,1.1684391,0.2985046,-1.6225424,-1.0964644
THBD,2.0178623,2.9148388,-2.7152843,-1.6718426,0.15400887,2.0931187
CEP170B,0.57092,1.054141,-2.2033725,-0.98097134,0.8134432,-0.13727283
SERAC1,-0.81386876,-0.07091236,-1.2078748,-0.16506553,0.9088311,-0.10150862
C1orf127,-0.100348234,-0.23220229,-0.8872113,-1.0326393,-2.5487735,0.22932291
CR1,-0.2057743,-0.10127258,-3.73437,-4.012253,-0.8659258,-0.9480195
SGIP1,-1.0614916,0.84990644,0.966449,1.3141103,-1.3629248,-1.3491776
DIS3,-0.5449543,-0.111148834,-0.07515383,-0.13807964,0.74283504,0.146626
LANCL1,0.29360342,0.10021353,0.6655402,-0.3160162,1.2633352,0.45788622
APOA2,-0.4883222,-0.60735667,1.4146484,0.40011537,-1.459189,-0.8203079
APOA4,0.2327013,0.14848566,-0.72435856,-0.85545874,-0.120194435,0.089178085
PGM5-AS1,-0.9794929,-1.8451524,-0.4693904,-1.4183229,0.041027308,-2.799585
SAPCD2,0.9910388,0.946733,-0.87879896,-1.6326532,0.2341752,-0.00349617
ESPL1,0.46287727,1.3826942,-1.2866931,-0.16868782,-0.979372,-0.35376358
CRH,3.8603728,4.7057276,6.9385204,8.096531,8.217969,5.1610775
MCM3,0.57484627,0.8365631,-0.08289814,-0.04115486,-0.100782394,0.27758312
LANCL2,0.25713015,0.054857254,0.55602837,1.3163848,0.9759922,1.9064207
XCL1,0.8778405,-0.55168986,1.3520474,2.1796803,1.1515999,0.8686638
LANCL3,-2.1058881,-0.66883874,-0.003147125,-0.18921804,-2.2525938,0.11519575
MCM5,0.90208626,0.81476974,0.10890484,0.62547874,-0.016600609,1.0355225
MCM6,0.3493042,0.93208694,-0.07018852,0.044708252,0.5964279,-0.000872
CRK,0.7839074,0.6398268,0.60525036,-0.395792,0.5680132,0.54373837
MCM2,0.6132498,1.178916,-1.0024319,-0.17084026,-0.38646126,0.113835335
HDAC4,-0.09291363,-0.5239215,0.80055714,0.16885567,0.66383076,-0.56081295
CEBPA,0.7088661,0.30396843,1.3613548,1.3122711,1.9389315,0.7236414
HDAC5,-0.31313133,-0.3888445,0.41750526,0.009473801,0.09278488,-0.72190046
LEPROT,-0.7705431,-0.4683447,-0.06300068,-0.13268566,-0.12972736,-0.47142887
CEBPB,-1.2134905,-0.72306156,-4.0014353,-2.6682425,-1.9777231,-1.3132944
ICMT-DT,-0.5868745,0.3838973,-0.40236878,-0.2379365,0.21798372,0.42115617
HDAC3,0.43233204,0.40928936,0.5838089,0.14430761,1.6106129,-0.088355064
HDAC1,0.08195019,0.27803326,0.35148716,0.50018597,0.3185873,0.36471462
VPS4B,-0.41472626,-0.08419418,0.10644722,-0.15721893,0.6336584,-0.088318825
VPS4A,0.015750885,0.13996315,-0.13324547,0.51680946,0.49238873,0.05941105
HDAC9,-0.9782758,-1.0923834,0.49635243,-0.63543046,0.5293865,-0.61244154
TTL,0.36556673,-0.20327997,0.69057703,1.9589562,0.03553009,0.27827597
HDAC6,-0.71853924,-0.9982407,-0.32818365,0.87358236,-1.0468822,-0.98042464
STOX2,0.50828934,0.61045456,1.5135059,1.1640277,0.09015226,0.011004925
ABLIM3,-0.0198071,1.0712276,-0.6138544,-1.7593117,4.5102224,-1.643326
VPS51,0.36166096,0.065032005,0.5506897,1.4042368,0.7202015,0.27541256
HECTD4,-0.34485483,-0.7682104,-0.118668556,0.8592062,-1.657289,-0.39488173
IL21R,0.68364334,-0.06686783,-1.6287146,0.18949127,0.2799902,1.4660645
VPS54,0.5261631,0.28011036,0.064254284,-0.020905018,-1.3940825,0.5559654
BCO2,-0.7040689,-1.0017655,0.038670063,-0.20091867,0.26617885,0.18777394
SLC35A1,-0.36396217,-0.06808853,-0.6650429,-0.824337,-0.10505581,-0.39824867
APOC4,-0.09396505,-1.0277572,-2.3675442,-1.4993563,-0.84942436,-1.1023965
MTOR,0.15546703,0.061148643,0.1255703,-0.41364908,0.49433804,0.1817398
MAB21L3,-0.14773607,-0.22834826,-1.8508272,-0.42608404,0.093716145,-0.2863884
CTH,-1.2029872,-0.8165984,-1.0320497,-0.15301657,-0.74082756,0.37901068
APOC1,1.733778,-0.19381332,-5.4036746,-5.05431,-0.9604778,0.078728676
ASXL2,-0.62831116,-0.25898743,0.006295204,-0.032381058,0.4871645,-0.0530653
MAB21L2,0.9275718,1.3993201,0.7371049,0.87319326,-1.9294753,1.283606
MAP3K14-AS1,-0.36501622,-0.7875452,1.1905769,0.32644558,-1.3060466,-1.0952512
BCOR,-0.36446452,-0.85492945,-0.10788822,1.0690641,0.9970069,0.12710667
C1orf116,0.929981,-0.722538,0.17034698,-0.88565207,0.044252634,-1.129257
TCERG1,0.15448618,0.02525568,0.44083595,-0.43296003,1.8950615,-0.088027954
IL1RN,2.2133026,2.2609024,-1.8889322,-1.3318377,2.1731052,2.016902
HDAC10,-0.807189,-0.19246578,-0.3349781,-0.40760708,-0.5293217,0.073420525
IL23R,0.64032984,0.236907,1.282403,0.13990474,0.75835466,2.1271615
AQP9,1.0391026,1.10812,-6.0464215,-6.555242,0.03909588,1.1361227
PITPNA,0.9575615,0.87968254,0.6735573,1.4412212,1.5708914,1.7005749
MKI67,1.4348097,2.6908808,0.2797351,-3.1265721,-3.121599,0.21713781
GBA3,1.1571565,-1.0079567,1.5472136,-0.558758,1.0930452,-1.1551352
RPS4XP21,-0.85744953,0.34489202,-0.11991024,-0.6491113,1.0788927,0.37823105
GBA2,0.25401592,0.058124065,0.7646899,-0.27364588,0.37671518,0.1199131
KIAA0930,0.033165455,-0.1069684,0.36108875,-0.19718027,0.53446865,-0.10334015
RPS6KA6,-0.8369693,0.24474084,1.4324679,0.33834076,-1.4503917,1.9439502
RPS6KA5,-3.5070012,-1.543822,1.0681667,-2.60119,-2.607851,-2.3088977
RPS6KA1,0.58012676,0.10030842,-0.011956215,-0.4920454,0.72965527,0.562171
ARFIP1,-0.9049072,-0.2550125,-0.03754711,-0.10617256,-0.4025402,-0.25646305
GSC2,0.7427199,-0.25679493,0.7114425,1.0015082,-2.3729775,-0.8134854
H4C2,0.095767975,0.6171417,-0.5631609,0.30566597,-2.8001995,-0.017329216
H4C1,0.13758087,-0.18333197,0.97575617,3.0192633,-1.1757183,-0.34871054
H4C4,-0.034496307,0.65407753,-1.9323969,-0.20531845,-2.1487284,-0.001988411
CPT1A,0.56906414,-0.10646343,1.406313,2.392476,0.433527,0.8767557
C1orf100,-0.22922623,-0.1986574,0.7517042,-0.050557256,-2.0536616,0.7640929
IL1R1,2.9892483,2.0079522,4.0852785,4.4820595,5.033329,3.2462454
IL1R2,5.1676636,3.616312,3.954176,4.6033173,4.9253607,2.6160975
TANGO2,-0.11265564,0.20802402,-0.5254364,-0.75731325,-0.18633652,-0.055090904
SLC35C2,-0.29474163,-0.44651508,-0.1319685,-0.3207903,-1.0828743,-0.36879444
IFRD2,2.18818,2.2500086,1.1874533,2.3229418,3.1741438,2.7235708
GSK3B-DT,-0.2402134,-0.7300148,3.529584,0.4276948,0.02109766,-0.390203
IGKV2D-29,0.88876295,0.8823147,0.3859563,-0.09395075,0.6644044,0.8170719
TWSG1,-0.5999818,0.07875919,0.19972658,0.6574011,0.8582339,-0.25439596
IGKV2D-28,-0.3637333,0.71968174,-1.5652356,-0.015613556,-1.1251416,-0.7125211
IL23A,-1.7704024,-1.4193616,-2.2555223,-1.6317253,-1.2047138,-2.0641065
CAGE1,-0.25581253,0.5495988,1.5102419,0.33353627,-0.9297302,0.45979774
CFTR,-0.6177199,-0.49142778,1.5171014,0.53259206,-1.2858671,-0.8058048
SPRR2G,-0.28619838,-0.33692408,1.3966949,0.7393534,0.68530846,0.6112509
SLC22A5,-1.2060108,-0.17992592,0.69388294,0.47775507,0.7442541,-0.7798667
SLC22A2,1.3890047,1.0019975,-1.1999829,-0.34092593,-2.307322,-0.9286654
SLC35D2,-0.3861761,-0.28044415,0.46237183,0.41814518,1.412241,-0.2074976
CRHR1,0.3686943,0.5734558,0.19079876,-0.460083,0.9316759,-0.35618687
GSE1,0.5728202,0.48452902,1.5006137,0.7875037,2.2385697,0.24344206
FAM43B,0.5121269,1.0289116,0.6446276,0.24713898,0.9780855,1.2703209
XCR1,-0.03473854,0.34913254,-0.018434525,-0.38037682,0.14740753,0.13744354
SYNRG,0.000336,-0.35543776,0.11666107,0.26714516,0.06300926,0.27160263
SLC35E3,0.27049994,0.27334332,1.1127746,-0.6548326,0.44110894,0.50469995
SH2D1B,-0.25353193,-1.0233331,0.8942938,0.08780837,0.77336955,2.145594
ZZZ3,-0.5125489,-0.4106531,-0.22960615,-0.016040325,0.45407486,-0.1009264
VNN1,-4.917182,-4.6219273,-5.890248,-6.4834743,-6.108534,-2.9474688
VNN2,-3.949308,-2.3820777,-6.22513,-5.301233,-5.275014,-3.239325
RBAK,0.12172413,-0.3168702,-0.5510416,-0.035185337,-0.47200394,-0.28193903
SPRR1A,0.44156647,0.61166,0.11415863,-0.23185158,0.34863567,0.025961876
SLC22A7,-1.3228225,-1.1668748,0.83433723,-0.11256981,-1.8937719,-1.4603207
SLC22A9,-0.745105,-0.6034706,1.4880278,0.42425585,-1.2940575,-0.9123943
IL6-AS1,-0.00258708,1.7406943,1.0194585,0.18645227,-1.7654555,-1.1547335
SLC35F6,0.26823902,0.36173344,0.054738045,-0.13507557,-0.13647461,0.25235462
TENM1,-0.7789303,-0.60472476,1.337013,0.47651696,-1.4315931,-0.8682917
SLC35F5,-0.27058983,0.09727287,-0.5865755,0.1559391,0.47582817,0.020665169
SLC35F4,-0.5197515,-0.48451817,1.5273702,0.5914364,-1.2658503,-0.81537986
RSF1,-0.13351822,-0.1461792,0.15706635,0.58049965,-0.13296223,0.3349085
SLC35F1,0.07396126,-1.0219989,0.8507364,0.079045415,-0.47670102,-1.288312
SIPA1L2,-0.8419819,0.1329689,-0.24390888,-0.97200537,-0.8224182,0.08148861
SIPA1L3,-0.056663275,-1.3473873,0.4017291,1.435993,-1.9711969,0.08682966
SIPA1L1,-0.44462204,-0.11062813,-0.12480068,0.57678986,0.41107845,-1.4573221
SOX5-AS1,-0.7272395,-0.5598534,1.3403671,0.5312127,-1.4308416,-0.8194874
GOLGA6GP,0.43317378,0.74917734,4.0396047,3.1169915,5.2806935,2.5413122
TMED3,1.116188,0.35230827,-0.10093403,0.2114315,0.3004303,0.99827766
SEC61B,0.72055435,0.14993286,-0.1749239,0.6910572,0.6084852,1.1737947
TMED4,0.09719753,-0.22741604,-0.552577,0.071269035,-0.36554432,-0.44622993
TMED9,0.868556,1.0265589,0.4220686,-0.95252514,-0.04005623,0.31797695
SLC35G3,-0.65213954,-0.4523564,1.4492005,0.65063274,-1.3443062,-0.71053815
SLC35G2,0.055790186,-1.9248079,-0.38873982,-1.2457016,0.45752144,0.43797922
TYK2,0.6515331,0.16366386,0.35368156,0.3330841,0.3853817,0.6553974
KCNJ2-AS1,-3.2756426,-1.519661,-1.2600372,-0.619957,0.96123457,-1.7717528
CFAP299,-0.7235137,-0.22794294,1.5607078,0.3878069,-1.3678656,-0.9105787
MTSS1,-0.10881138,0.2056613,-1.0780907,0.5689349,-0.96149445,-0.7440963
MTSS2,0.56791687,1.1315308,5.6899123,0.18799019,1.1083736,0.861784
SCNM1,0.020739555,0.13006306,-0.032894135,0.44125652,0.17929459,0.1353035
NFX1,0.6451645,0.4140072,0.5485096,0.5701885,0.56391525,0.048882484
C1QTNF12,-0.26166058,-0.13012981,-2.4597106,-0.56187344,-0.50899744,-0.9634752
SDCCAG8,-0.076818466,0.26656914,-0.08872414,-0.2366581,0.07236385,-0.29351234
AMER3,0.8933077,0.1929307,0.25572777,0.36394072,-0.10962248,-0.028415203
RPS3AP5,-0.07300186,-0.06256294,0.31570435,0.6001167,-0.02701664,-0.012216568
RPS3AP6,-0.011987686,0.12369156,0.484087,0.59257317,-0.006009102,-0.032816887
TYMS,1.8458586,3.1681223,-4.3797836,-3.2621765,-3.367577,2.0254612
RBFA,0.1353569,0.43566322,0.6537342,0.661293,1.6409063,0.39790058
TYMP,0.2686901,-0.056791306,-0.3499012,0.9343815,-1.4009962,-0.040044785
BEGAIN,-0.12753248,-1.6541424,-0.6504574,-0.6652498,1.2820787,-1.1640139
TCEAL7,-0.8266824,-0.6449648,1.4199812,0.33629465,-1.4888288,-1.0004532
TCEAL6,0.13129234,0.53385925,-0.048754692,0.40731812,0.15567493,0.49049187
CFAP298,0.10916042,0.18823528,0.17553711,0.011130333,0.01686573,-0.32262516
TCEAL3,0.16340446,0.42664337,-0.10562229,0.36832047,0.0355978,0.5089855
TM4SF20,-0.50981015,-0.33428323,1.7435455,0.6174201,-1.2470925,-0.7328548
EMC7,-0.097011566,0.23229408,-0.2207489,0.12708664,0.03503704,0.09142876
EMC9,0.11163998,0.66814137,-0.2940092,0.2131815,-0.013020515,-0.6060486
TCEAL9,-0.17123413,0.69587517,-3.7569237,-2.5794106,-1.2702417,-0.45751
SLURP2,0.25281525,1.0386944,0.25225163,-0.19265747,0.03215027,0.61482716
NFYB,-0.42193604,-0.42131233,0.2851467,0.55042267,0.6245699,0.27414513
SUSD2,-0.59465265,0.19737005,4.3321767,5.315476,5.58194,1.0580215
GBF1,0.08748627,0.17074966,0.577425,0.30542564,0.6093378,0.10981083
C6orf58,-0.76573193,-0.57760483,1.5108112,0.40869462,-1.3361205,-0.92181855
C6orf52,0.52643156,0.50512886,-1.2195234,-0.410002,-0.62061596,0.35766506
GSTA2,1.0232997,0.6573472,-0.4253962,1.435175,-3.1664028,-0.23409867
MEGF9,-0.16890907,-0.026371002,0.06650543,-0.9178119,0.6729307,-0.2124281
IHO1,-0.58850676,-0.47646856,1.5096163,0.57482433,-1.4328496,-0.8744601
GAS5-AS1,-0.10576105,0.24349403,-0.70041084,-0.21256971,-0.110984325,0.12173557
CCL4L2,1.3555264,2.252675,-0.97452736,-0.105736256,0.68280315,2.1792183
RHOXF2B,0.28932834,-0.5708139,0.34435296,-0.65850544,-1.0628781,-0.7806957
GOLGA6L9,-0.37027645,-0.17182207,0.3830719,0.6006489,1.6700749,0.36438036
CSKMT,0.053963184,0.34532547,0.77096367,0.8340893,0.23186207,0.14199543
IL11RA,-0.3850422,-0.6421871,0.002519608,-0.2948532,-0.047593117,-1.0466995
STIMATE,-1.0670815,-1.4138846,-1.207139,-1.1942153,-0.45114565,-2.253152
GOLGA6L1,-0.41424924,-0.40610754,1.6054424,0.6296867,-1.217562,-0.7737962
ACYP1,-0.20887184,0.26589966,-0.57573795,-0.14080048,-0.22530556,0.11664486
TRPC4AP,0.19699478,0.12927246,-0.032815933,-0.5024433,-0.07245636,0.0650177
NUPR1,-3.0374393,-2.113325,-8.919859,-5.069247,-7.215042,-3.065219
PMEL,0.37448454,0.5133314,-0.932611,-0.39152813,0.35543108,-0.58066607
COPB1,0.2533989,0.52376556,0.11169815,-0.23978424,1.2895851,0.33095932
ALOX15,11.034482,10.721742,10.40039,9.814397,10.56842,9.858707
CAMSAP1,0.027335644,-0.17392254,-0.15612936,1.0095305,-1.367311,0.25916338
YWHAZP2,0.06693268,0.11748505,-0.005351067,0.5654869,1.1497421,0.27926445
EMG1,0.16086388,0.35780525,0.27488327,0.46316528,0.7369795,0.25875664
ZMAT1,-0.25843525,-0.6237836,-0.3134861,-0.6086502,-1.1957159,0.026783943
UBB,0.37509537,0.38674736,-1.0824938,1.0922756,0.22149372,0.98067474
C15orf61,-0.4302683,0.003869057,0.13504124,0.10725498,-0.003869057,-0.46724796
UBC,-0.14255524,0.014472961,0.24007416,0.46508026,-0.3031311,0.049324036
LONRF1,0.9239583,0.29723835,1.8643751,1.8872695,3.0086231,1.9299307
LONRF2,-0.9023726,-0.72481537,5.1016135,5.984247,3.843196,-1.0175879
MPIG6B,0.5674968,0.33462286,0.50506806,-0.28839517,0.15498304,-0.16079044
CPSF1,0.40896225,0.4638462,0.9909363,-0.61069584,1.1255579,-0.3172226
SLC66A1L,-0.5389837,-0.37446266,1.5206898,0.7047167,-1.1663338,-0.65360695
SELL,-3.1041942,-1.742847,-1.8950953,-1.1623893,-4.33571,-3.3184586
PXMP4,0.20658112,0.5612812,0.010472298,0.5227108,0.4556036,0.3248024
ZCCHC2,0.8324089,0.6749778,1.1418271,0.000917,1.2753448,0.24056911
FGFR2,-0.6723602,-0.57296187,1.4823507,0.47966802,-1.2616247,-0.89672494
UCN,-0.25612164,-0.61695004,-0.59012604,0.061124325,-1.8589425,-1.1311293
COLGALT2,1.6649175,1.9869075,0.56797695,0.6008072,-0.1723113,0.69274235
SMG1P1,-0.81614876,-1.064312,-0.41825008,0.9685192,-1.4768696,0.4707718
CLEC14A,2.461377,2.7060335,4.2126493,4.6889734,4.193569,3.0596712
CGB2,0.6739321,0.7016053,0.26915646,-0.48318172,-0.04960251,-0.122562885
RBM3,-0.18444252,-0.11109924,-0.6506996,-0.15537071,1.0753765,0.1069479
RBM4,0.4518404,0.28135204,0.032629967,0.47667217,0.78921986,0.37345123
RBM5,-0.3686962,-0.15463448,-0.4122362,-0.3182583,-0.15372372,-0.077363014
SYT15B,-0.96342945,-0.32538033,1.8141747,0.99772644,-0.66054535,0.046414375
RBM6,-0.3592825,-0.36077785,-0.4614582,-0.2582407,0.45107841,-0.47479153
STPG1,0.37346697,0.91744804,-1.9973695,-1.3420331,0.82545185,-1.1084952
C15orf48,1.4866905,1.2461872,-4.8490286,-4.5120683,0.9273329,2.1157932
C1QTNF9B,0.89349043,-0.60570127,2.3976102,0.35708177,-1.3409269,0.119478345
SLC25A51P4,-0.25357485,0.2997532,-0.392375,0.950511,0.15956163,0.49300718
RBL2,-0.13147545,-0.15445805,0.43580532,0.31559563,1.2987528,-0.25896358
ZAP70,0.10512638,-1.270546,-0.064310074,0.9270582,-0.3135414,-0.016214848
DNASE2,0.03466606,-0.4003334,-4.1518116,-2.401226,-4.123709,-0.28646755
DEFB4A,0.32167864,0.39411736,-0.4997077,-0.1449809,0.83111525,0.006755352
CLEC12A,-3.0405488,-0.8710232,-4.4828057,-3.017765,-2.8147697,-3.0888057
NRXN1,-0.22940958,-0.47722346,1.5403615,0.5906372,-1.3451201,-0.8012825
NRXN2,3.7396255,2.1709461,-0.8985224,2.7577076,-0.46425533,4.028539
NXF2,0.63766766,0.68282986,1.143919,1.7721882,-0.61585236,-1.6733217
NXF3,0.158113,0.53224087,-1.3721671,-1.2190614,-0.5099497,0.68957996
MUC2,1.0266871,-0.8968525,0.14534998,-0.16123915,0.8498635,0.27707767
RPS6KC1,-0.58494186,-0.60115814,-0.9163494,-0.69241905,-0.56927586,-0.71348286
ITPRIP-AS1,0.18626523,0.08073568,-0.5936992,0.11548662,0.38103867,0.16391706
POC1A,0.05793047,0.5599537,-0.63349485,-0.6671176,-0.7834935,-0.068273544
POC1B,-0.14550734,0.11278629,-0.8924813,-0.9603882,1.134305,-0.2249384
PDSS1,0.39346886,0.3071041,0.4254141,0.3212061,1.4815159,1.0003548
GBP2,-0.25585747,-0.1946907,-1.5925016,-2.3619041,-0.5199423,-0.48910236
BUB1,1.2648191,2.4273949,-1.8529768,-0.8953743,-0.6811962,0.90342474
NXF5,0.41092944,0.004542828,5.090722,2.1026099,0.11047244,-0.55329514
HES2,-1.0063612,-0.48451126,3.606707,0.027399778,0.23656082,-0.79902387
GBP1,0.46421957,0.23812103,-1.3949933,-2.4634724,0.7674761,1.199686
GBP4,0.06996155,-0.93314314,-0.73861027,-1.0410261,-1.2401743,0.43777847
GBP3,-0.20053482,-0.252378,-0.6359792,-0.5259881,-0.1612711,0.44804955
CRYGC,-0.6545504,-0.6776623,1.3351743,0.36395192,-1.5455064,0.117655516
CAPN11,1.9876041,0.8908086,0.36422634,-0.6240027,3.801497,1.0909173
CRYGB,-0.6188534,-0.44928795,1.501926,0.620379,-1.2263482,-0.7230426
RPS6KB1,-0.33450317,0.033887863,-0.061196327,-0.07348347,0.87051964,-0.081991196
ATP13A4,-0.5824396,-0.40831625,1.7056651,0.52158284,-1.2069992,-0.7792078
ATP13A2,0.15070438,0.39558315,-0.10298252,0.18074894,-0.34714603,-1.0583997
FBXW10B,-0.987674,-0.8221691,1.1366501,0.2433598,-1.5815912,-1.1029862
ADAMDEC1,-2.8236783,-2.5476327,-1.3092775,-2.242999,-4.495837,-0.8415384
C4BPA,0.48299646,0.51185894,-1.1757016,-0.4753394,-0.14271164,-0.67133284
C4BPB,-0.4401027,-1.5728363,0.40616155,-0.5278063,-1.565762,-0.8836584
RBPJ,0.4945507,0.6572914,0.68031883,0.58218765,1.8301649,0.5133076
ZFYVE1,-0.013046265,-0.14662933,-0.40345097,0.3026619,-0.16885757,0.04330635
MT-ND1,0.9663944,1.0619946,0.58719826,0.80459404,0.000144,0.7016611
ZFYVE28,1.6070347,2.0885906,2.104926,2.3275146,1.9165907,1.0206757
LACTB,0.07717037,0.1711092,0.17916107,0.06705761,1.447629,0.4959488
SCAMP4,-0.4815941,-0.30587292,-0.849545,-0.078780174,-1.1592011,-0.30205584
NDUFB2-AS1,-0.067708015,0.7270894,-0.19539356,0.23977518,0.5233841,0.083880424
IGLON5,-0.1743021,0.41646338,-0.55846024,0.13400984,-0.43475533,-0.46098566
GBP5,-0.6630049,-0.96089506,1.8720703,1.2383633,1.2325649,-0.87738895
GBP7,-0.77495617,-0.6306185,1.3701124,0.41545093,-1.4196521,-0.80317116
MIRLET7BHG,-0.60499716,-0.78956985,-0.07830429,0.021609306,-0.37085056,-0.67390347
TYW5,-0.5091307,-0.5229466,-0.33450675,0.5323272,0.60537577,0.25386143
TYW3,0.079562664,-0.24580383,1.1203265,1.0011773,0.80711746,0.049289703
ZFYVE21,-0.23318386,0.25479603,0.5326128,0.82098484,0.43630028,0.12153816
RNASE3,-3.8467007,-0.4699149,-4.4184685,-5.5404425,-5.718644,-4.6647797
SCAMP1,-0.7828419,-1.3570591,0.63573456,-0.33441746,-2.1996217,-0.7819892
HSPG2,1.6838999,0.43871355,1.2444663,0.2295456,1.3962336,0.806952
RNASE1,3.424902,3.7237053,-0.11330128,2.756113,0.11330032,1.518156
KMT5AP1,0.42948818,0.5661688,0.561882,0.07937145,0.45684242,0.28700066
EML6,-0.6559242,-0.47598064,1.4578712,0.60647845,-1.3206756,-0.74441767
ZFYVE16,-0.508255,0.016054153,0.5178251,0.6101723,1.0396252,-0.7616539
RBP5,0.3542626,1.161365,-0.2904017,-1.2907012,0.5573425,-0.5089359
PRKAR1B,0.8217869,0.67452574,0.948194,0.8207917,1.0648737,0.20861292
RBP3,-0.6842512,-0.5390665,3.0989468,0.41641045,-1.2939537,-0.9026445
RBP1,-0.10873556,1.6986666,-2.4129963,0.10779524,-3.0508857,-0.17371893
SNORA24,-0.50882626,0.14456606,0.019791126,1.3931918,0.27307415,0.07175875
CYP2E1,0.62827826,0.04464388,-0.915462,0.59412146,-0.829371,-0.027076006
LINC02981,0.12170982,0.795496,0.4744625,-0.31347466,-0.38372707,0.49499798
SDR39U1,-0.16784954,-0.16947079,0.21775532,0.619298,0.10614586,-0.38849258
SLCO5A1,5.065612,3.1588988,0.49711347,3.4749446,3.618433,6.1925607
THY1,1.4361265,-0.46161413,1.682514,0.2656033,-1.5200928,0.6132164
EDDM3B,-0.59695095,-0.45011598,1.4761908,0.6740322,-1.0222913,-0.66700673
C2,0.9552336,1.7424831,-0.6127138,1.3236799,-0.6494446,-0.008948326
C3,-0.84424484,-0.9861512,0.57226896,-0.054628372,-1.7957163,0.4342177
C5,-2.0405664,-1.0147395,-2.1367345,-1.5649276,-0.14755058,-1.7930741
GRIN2A,-0.7715865,-0.5896654,1.4652985,0.42256248,-1.3338017,-0.9124491
HSPH1,1.4384985,1.7703352,1.797883,1.28724,1.7035131,1.6762447
C6,-0.6239563,-0.6191041,1.3961854,0.3491465,-1.2468314,-0.60937774
C7,0.05287552,0.28718138,-0.33267403,-0.49974632,-0.23383617,-0.4722662
PRKAR2A,-1.8378682,-0.16645288,0.038965225,0.45039368,-0.23568726,-0.120557785
C9,-0.7430742,-0.43411708,1.2158136,0.4588511,-1.091947,-0.37943852
LINC00314,-0.61140656,-0.44618613,1.4811559,0.640869,-1.2451216,-0.702949
LINC00315,0.6179514,0.02756834,-0.000842,0.85290813,-0.742774,0.5078106
RSU1,1.0104141,0.92297554,1.0100803,0.8601074,1.9841394,0.8875408
LINC00310,0.37823534,0.6199496,0.32429838,1.3686538,3.1813784,1.070843
LINC00311,0.1898222,0.29914713,-0.73392224,0.05498004,-0.28547,-0.15300989
EXPH5,-1.6228526,-1.4459174,1.9418659,1.2325697,0.56291294,-0.4292717
MCTS1,-0.14860916,0.052919388,-0.5422878,-0.059358597,-0.5285282,0.011618614
NGFR,0.83710814,1.05842,6.22211,-0.7132503,-0.7903135,1.8999014
PMM1,-0.12653828,-0.04427433,0.5720606,0.27008152,0.7127533,-0.8748026
EDEM2,-0.39334774,0.029299736,-1.0430775,-1.2758741,0.13938046,-0.868134
NETO2,0.8568163,0.6196914,1.4724374,1.4578004,1.0683751,1.3652482
GRIN2C,0.49065018,-0.21514893,-1.2352862,-0.41147184,0.22240019,0.036052227
CP,-1.8120285,0.15240192,0.33393598,0.5385585,-2.421154,-0.12741327
GRIN2D,0.41173744,0.807951,0.7736654,0.098054886,-0.7599821,0.542613
CYP2C8,-0.6881012,-0.54943246,1.4435048,0.5132457,-1.2642864,-0.84940845
COL1A2,-0.974262,-0.9336591,0.33261704,-0.31556368,1.1641102,1.2162898
LINC00309,-0.5290619,-0.39408362,6.0621433,0.55066824,-1.2264515,-0.78406703
LINC00304,-0.15756798,0.4721012,0.19644165,0.9369049,-0.82734394,0.6091757
DCHS1,-1.4730601,-1.4435456,-2.5160933,-3.3945866,-4.0213084,-4.778044
LINC02961,-0.09482515,-0.56379765,1.5392755,0.36422837,-0.60828936,0.55418384
ARF3,-0.04193306,0.15978432,0.019429207,0.4805622,0.8469324,0.022089005
ARF1,0.3187189,0.4093256,0.4251566,-0.14620876,0.3364544,0.31434822
HEXB,-0.6254921,0.7368641,-2.8379097,-1.1019058,0.38588428,-0.10529041
QPRT,3.1970959,3.17634,5.5445805,6.031906,4.654415,3.5176287
NIPBL,-0.22595596,-1.0872517,-0.14499187,0.15294647,-1.9339218,-0.49188423
HEY2,0.48995447,-1.7664044,0.3781283,0.9460144,-0.85681033,0.97372437
LINC02910,0.4251876,0.13365555,1.9516597,-0.17966652,-0.50097275,-0.62142015
HMGB3P1,0.93249226,1.4748316,-0.69670534,0.17440891,-0.43141937,0.6141386
IKBKG,0.54836273,0.36507797,0.3391409,0.60926056,0.45058346,0.53708553
LINC02912,0.31531644,-0.3401606,-0.42134428,-1.2559285,-0.0790472,-0.66391873
IKBKE,0.19251823,-0.2779603,-2.0245752,-1.4050775,-1.6752334,0.20040941
APPL2,0.9160023,1.2296638,0.79236984,0.96727276,1.7940989,0.07157326
CROCCP3,0.19761658,0.37446737,0.29551268,-0.49876308,1.4884129,0.14344835
CROCCP2,-0.9051075,-0.41539,-0.38075542,-0.46058273,-0.3039217,-0.8306427
ARG1,-1.3957074,-1.2308714,0.6793921,-0.14635181,-2.024063,-1.4963804
SIRT4,0.005073547,0.4621477,-0.11913633,-0.7662611,0.99368715,-0.3368101
EMP1,0.22049928,-0.20836449,1.05021,0.41887474,0.10163021,-0.5809679
EMP2,-2.8836246,-2.5126894,-2.8414414,-3.8192873,-5.2429686,-2.5758152
NIPA2,0.1663847,0.44642735,0.32050133,0.41737843,1.6659393,0.4099722
SIRT1,-0.8258982,-0.66175175,0.18290138,0.042557716,1.7223263,-0.5770488
F3,0.6787605,0.32012415,-1.4844098,0.20825148,0.2108984,1.9776983
F5,-0.19525242,-1.3260744,0.6200392,-0.42753756,-0.5653105,-1.1584797
SIRT3,-0.5643997,-0.65659094,0.029923916,0.16689539,-0.22380686,-0.66634226
F7,-0.003326535,1.3149657,3.253097,0.01856339,0.003326416,-0.65736675
LINC02907,0.35599327,0.83249855,0.25281334,0.83921623,-1.4510632,0.06446934
GPRC5B,-1.7782316,-1.3166637,-1.2674522,-0.25726652,-3.125081,-1.6301596
BDH2,-0.20093298,-0.14495611,3.4098577,-0.553236,0.04732752,-0.6003847
PMP2,0.491405,-2.1423032,-0.19054389,0.73216057,-3.0672507,-1.4085703
LINC02901,0.2913046,0.31635046,0.48996758,-0.31795287,-0.1597774,0.58393526
GPRC5D,1.219063,0.68899894,0.10203743,0.65919685,-1.3153257,-0.35493279
DLD,0.15437984,0.33376598,-0.211586,0.36415577,0.97655296,0.90949345
ARF6,0.31902122,0.36377144,0.31702805,-0.0681324,0.39698792,0.1185236
FH,0.49098682,0.9789591,0.86080265,0.88764286,1.5932703,0.84351254
STAU1,-0.10561466,0.022418022,-0.18125248,-0.058436394,0.3554697,0.003061295
STAU2,0.76867294,1.3753924,0.7817154,0.8383498,1.5319414,1.4535418
SEZ6,0.5572288,0.26754284,3.3573108,0.15294027,0.39763832,-0.048696995
MIEF1,0.4700489,0.65870476,0.36938858,0.060920715,1.3316097,0.26474953
HLA-DMA,0.3261156,0.105792046,1.2054749,1.5501852,0.29927063,-0.16892242
HLA-DMB,-0.4305868,-0.72872066,0.8156433,1.0148458,0.07967949,-0.6812649
GLRA3,-0.4796927,-0.14879179,1.5928106,0.6886301,-0.8244457,-0.13711953
LINC02937,3.245781,3.988565,3.0768542,4.220339,3.5759454,2.7721026
LINC01606,-0.91443324,0.12886763,-0.3814547,-0.019770145,-0.058475018,-2.6118217
H3C11,-0.16391659,-0.072039604,-0.17977619,-0.0704298,0.18325424,-0.68193054
RNASE7,0.032407045,0.12870264,0.16886067,0.01679182,-0.005663395,-0.12454867
STAT4,0.06208563,0.57321787,-0.40692902,-0.1144948,-1.4363823,0.1484394
PMS2,0.009083748,0.13653374,-0.33509636,-0.5094495,-0.19674587,-0.342494
STAT6,0.06376839,0.6916275,0.008750916,0.6979656,-0.067521095,1.1393719
DMD,0.43029118,-0.03997898,0.89014435,1.1027012,1.1418576,-0.1509223
CYP2F1,0.57620764,-0.102502346,-0.91319704,-0.48662114,-0.045712948,-0.24144149
MDH1,1.1438866,1.4315739,0.78475666,1.0453033,1.6044912,1.7994337
GK,-2.4733663,-1.9770291,-0.5186763,-0.32382584,-0.59772587,-1.8672869
STAT1,-0.1144371,-0.011180878,-1.0667486,-0.3131771,-0.03228283,0.19794655
STAT3,-0.029436111,-0.15259552,-0.19685173,-0.17556953,0.3550129,0.28877544
TTLL6,-0.7782845,-0.34589124,1.3202794,0.4888656,-1.4821538,-0.85664546
TTLL2,-0.6924131,-0.4987055,1.5784981,0.4850521,-1.2957646,0.69051075
ETFBKMT,-0.040616035,-0.21081734,-0.24287605,-0.08129406,1.0291123,-0.68288803
GGT3P,0.95954895,0.5151806,0.020493507,-0.07431793,-0.70573616,0.6463194
TTLL8,0.23934364,0.95914316,-1.1706443,-0.1734159,-0.26713467,-0.03391552
ERO1A,0.5841465,1.0004368,-0.88590336,0.014680862,1.057684,0.6525116
CCNT1,-0.15277338,0.055122375,0.04189396,-0.24931192,0.7709694,-0.1254921
FAM13C,-0.5126545,-0.35198689,1.5562494,0.70913243,-1.2022973,-0.6433529
UBE2D2,0.03217411,-0.034693718,0.017111778,0.38198948,0.37156296,-0.2018652
FAM13A,-0.1759888,-0.058723688,5.0749216,0.2807418,-1.4649861,1.3849618
UBE2D1,-0.48749447,-0.5524435,-0.6451874,-0.6806822,-0.13955116,-0.5759964
HPGDS,-0.5515661,1.6218662,-4.3949227,-4.3314257,-2.2191095,1.8248768
PMPCB,-0.108478546,-0.41516495,-0.20996189,0.30954742,0.024780273,0.69744873
PMPCA,0.4938898,0.45333195,-0.13200855,0.35696888,0.7224312,0.3163004
HLA-DOA,1.2900009,0.4728775,2.3306904,2.096365,1.3605824,0.5278845
HLA-DOB,-0.356997,-0.9489579,0.13336945,0.4068823,-0.3780055,-0.7680235
PITX3,0.2486248,0.7250862,-0.41774082,-0.18307066,-0.18793535,-0.12951279
PPP1R16B,1.9137151,0.79062605,1.3110025,0.9903805,-1.6124419,2.2200706
LAG3,-0.10547352,-0.796968,-0.2697611,0.4493146,1.0616622,0.024476528
IK,-0.43701744,-0.2179451,-0.21278763,-0.12502289,0.5472269,-0.38035488
AREL1,-0.3383131,-0.20083523,-0.5163224,-0.088149786,-0.690871,-0.14976478
KHNYN,-0.012681007,-0.10204029,-0.00588131,0.33525944,0.5879984,0.5528927
VPS33A,-0.24974632,0.23195076,-0.50000286,-0.056919098,0.5839586,0.37800217
UBE2E3,-0.19729805,0.40026474,-0.11434078,-0.366354,0.5513792,-0.26311016
VPS33B,0.12692833,0.13947296,0.63763905,0.2214737,0.11778927,0.027258873
OR2T8,-0.30587757,-0.5567423,1.5866325,0.45668733,-1.5929846,-0.014532685
RBX1,0.09551144,0.17051983,0.3595209,1.023942,0.75721073,-0.08612347
RBMXL1,-0.21485281,-0.2026496,0.19112778,-0.13848495,0.54247,0.7010422
LILRP2,-0.17894173,0.35398674,-3.242927,-2.335413,-1.0320768,-0.8242817
OVCH1-AS1,0.8750322,-1.8386272,0.10875726,-0.77835083,-0.6660342,-0.005498409
PFKFB3,-0.52267885,-0.2728758,-0.6676121,-0.59021235,-0.085861206,-0.42301178
ARL6,-0.3398583,0.4328947,-1.0441895,0.29754305,0.093147755,-0.508327
ARL2,0.33323097,0.538332,0.8159523,1.1144943,0.6399231,-0.26418304
TNFRSF11A,3.8076363,4.1598988,0.6845732,2.4032955,3.0329247,4.9024067
SOCS2,1.2009463,0.16157293,-0.16978836,2.5759954,2.0701966,2.392476
SBNO1,0.117694855,-0.112463474,-0.24524403,0.44328594,0.23566008,0.5711169
SOCS3,-2.192203,-2.5630012,-1.4013939,-1.7855854,-0.9423466,-1.3059368
SBNO2,0.1703968,0.039560318,0.40934944,0.53349876,0.9911766,0.13222122
BCL2L10,-0.5203227,-0.84710836,5.450616,0.105145454,-0.627512,-1.2290447
BCL2L11,1.1151552,0.76767445,1.4757128,1.6088104,2.253108,2.0889473
SOCS1,5.702137,5.498726,5.4938593,5.866728,6.1749096,6.2583704
NPTX2,0.0635066,-0.95237446,0.9590936,0.12704921,0.042994976,0.058951616
SOCS4,-0.50110316,-0.58019304,-0.4293809,0.6012182,0.33130407,-0.30710745
TCP1P3,0.14263535,0.55483246,-0.002896309,-0.65862656,1.1688757,0.4166937
TIA1,-0.5118432,-0.7893286,-0.4916706,0.16574955,-1.3642368,0.015112877
BDNF,-0.6843472,-0.49614918,1.6046159,0.436005,-1.301014,-0.86162305
BICRAL,-0.6418772,-0.46539783,-0.25168514,-0.19257545,0.27826023,-0.21330929
TNFRSF10C,-1.1318426,-1.7735167,-2.89645,-1.5103312,-0.31842422,-1.61235
TNFRSF10B,-0.068683624,-0.1534214,0.03508854,0.23256302,0.57747173,0.29289818
BCDIN3D,-0.1829567,-0.3086548,-0.24152946,0.43909073,0.23743916,-0.12567234
TNFRSF10D,0.023340225,0.35891914,-0.43097878,-0.5001793,0.10424328,0.42064
TFCP2,0.22277498,0.3456545,0.6749072,0.1477952,1.4241309,0.9221182
UST,-0.7858958,-0.20127606,5.8952518,0.38657856,-0.09077215,-0.6088183
MDM2,-0.071105,0.38925886,-0.08498955,1.1765928,0.9745021,0.8807769
HLA-DRA,0.940815,-0.023046494,1.421526,2.2296944,0.9924145,0.4013834
ANXA2P3,1.173626,1.4432354,1.0015211,0.2136364,1.4543085,1.3811321
MYD88,-1.0756092,-1.3003101,-1.2290564,-1.7300758,-0.46874332,-1.0360832
MDM1,-0.8215909,-0.30005264,-0.9613881,0.025226593,0.60198736,-0.65845203
FAM47E-STBD1,-0.8803967,-0.7134216,1.3119984,0.32863343,-1.6230518,-1.0392957
ST6GALNAC2,-0.20933962,-0.7340903,0.50638294,0.2539935,0.5091438,-1.1291289
SH2D4A,-1.5602012,-0.828773,1.2734725,1.6676824,-1.4808946,-0.9124098
COX4I1,-0.25625134,-0.007054329,0.007299423,0.051415443,0.4120474,0.15576649
GGT8P,0.65238,0.4237666,-3.5540214,-3.034326,-0.9872451,0.6941943
MRPL3,0.30408096,0.621397,0.8554306,0.92674637,1.1810045,0.5007057
MRPL2,0.2318821,0.31380844,-0.1645689,0.7313061,0.28904152,-0.09685755
PPP1R13L,-0.30264616,-0.6156182,-1.4621763,-1.2529149,0.012453079,-1.9659457
LINC01667,0.917559,-0.42148983,1.5416778,0.6751009,-1.2275435,-0.7213849
DGCR8,0.36992168,0.103966236,-0.06439543,0.10139227,0.33677197,0.022387505
UTY,-0.724505,-0.46184617,1.4086723,0.6203984,-1.3681029,-0.75844944
DSP,-0.67975926,-1.5413029,-1.177536,-2.189283,0.15675163,-1.4511116
PPP1R12A,-0.025587082,-0.72774315,0.7721977,0.46030045,-0.027279854,0.028556824
DST,-0.1465149,-0.46690392,1.7461014,2.1866238,-1.3839059,0.14614654
VPS37A,-0.2057085,-0.059101105,-0.5221801,0.00135088,1.0939789,-0.1264906
RAD23B,0.41017342,0.26317215,0.17647743,0.79103565,-0.39640713,0.96125984
CYP2A7,-0.077139616,0.41404867,6.001617,0.001472116,-0.26693702,-0.386433
PIK3CA,0.24010658,-0.021402359,-0.1744194,0.001307488,1.6244602,0.5195761
PIK3C3,-0.5970936,-0.31327343,-0.16725111,-0.5319996,0.65375805,-0.79532623
LINC02984,-0.71416646,-0.5428251,1.5966219,0.40366328,-1.2873528,-0.8900678
BDP1,-0.48953152,-0.41555214,0.28105068,0.76579666,-0.757905,-0.47751617
DTL,2.2810392,3.1349115,-1.4904683,-2.3897207,-1.6066537,1.4766889
ST6GALNAC5,1.3359747,-0.062060356,-0.22448397,-0.04651451,-1.7849526,-0.71947575
CNTNAP5,-0.8065293,-0.6635239,1.3544118,0.39080894,-1.3723128,0.8948741
LINC00324,-0.4324913,-0.20619392,1.0579147,1.0197659,0.9506731,-0.7283635
CNTNAP4,0.036779404,-0.6279033,1.4040916,0.4014498,-1.3691361,-0.93582714
SLC47A1,2.6556864,3.6209269,1.6254029,2.8009481,3.5547457,3.1347294
HSD17B14,0.43342447,0.8060498,-1.9409599,-0.12463045,-2.0819683,0.015820026
LRP8,0.8639679,0.6652217,-0.015724659,0.715765,1.5025277,1.0836792
MIR378A,-0.33260107,0.15287971,0.42195988,0.5360918,0.113165855,0.16463947
PRIMPOL,-0.3337803,0.08019304,0.3636012,-0.46180487,0.9775677,-0.49824715
CECR2,-0.006182671,-1.271913,1.2134695,1.4581766,0.9037838,-0.3591175
PTPRZ1,0.46703875,0.26513827,3.6077337,0.42027724,-1.33055,-0.36706495
OR2W3,-0.23513985,-1.3905506,0.6861534,-0.4549644,-2.2838101,-1.7852356
SLITRK2,-0.6547496,-0.57645977,1.3982701,0.5328376,-1.4540583,-0.84994084
SLITRK1,0.62411857,-0.46049404,3.3889797,1.0925541,-1.3074186,-1.6511141
SLITRK4,-1.4977205,-0.41166735,-1.8234768,-2.953863,-2.5978122,-1.6379335
SLITRK3,-0.6506468,-0.45555758,1.5117116,0.58615327,-1.253513,-0.76187164
C1orf226,-1.623422,0.5378628,0.37064242,-0.33075643,-0.30852485,0.12320948
LINGO1,3.5213346,1.7587702,0.8412037,0.008663893,3.6615024,1.9543791
DUT,-0.42940807,0.04479313,0.35042477,-0.059552193,-0.6902342,-0.44242477
BAIAP2,0.66181755,0.591732,1.2731886,1.4367657,0.44313717,0.20500946
BAIAP3,0.26941442,0.002502918,0.7024379,-0.4613558,-0.24839735,-0.52239823
PC,0.87952137,1.56886,-1.6795015,-1.2676287,0.095713615,0.8778858
OR2V2,-0.7992688,-0.057587147,2.5227468,0.30841565,-1.3915689,-1.0165318
LINC00347,-0.94123477,-0.7745405,1.1627676,1.0935318,-1.6289191,-0.0952698
VIPAS39,0.05132103,0.19649124,-0.17039204,-0.1631298,0.025416374,0.1803112
PABPC1L,-0.4642768,-0.7335963,-0.8517642,-1.3705306,-0.19004154,-0.70482683
SPG21,-0.16358948,-0.001203537,0.5658102,0.32918167,0.49769878,-0.19664001
CRADD-AS1,0.6070852,0.082817554,-1.1677406,0.5644121,-2.112284,-2.1866827
RETREG3,-0.032689095,-0.023880959,0.17796803,-0.954751,-0.05152893,0.1458168
LRR1,0.019536018,0.3223505,0.13485575,0.5082464,1.3030772,0.046292305
RTCB,-0.11968422,0.32969284,-0.3532753,0.05306816,-0.060626984,-0.13355637
DNHD1,0.17971802,-0.7703457,1.2122865,0.2722317,-1.7247604,-1.1672521
TXNDC11,-0.012138844,-0.063905716,-0.17670345,-0.013866901,0.120708466,0.28532362
UBE2L6,0.15530586,-0.005374908,0.16989994,-0.29342842,-0.015233994,-0.31743526
GCC2,0.12677956,-0.35839796,0.8899269,0.71880245,0.31261253,-0.033727646
TXNDC16,-1.223814,-0.62828016,-0.030546188,-0.7133808,0.11693382,-0.95034313
NUBP2,0.8207245,0.29841232,0.077116966,0.3281269,-0.76556015,-0.24775219
TCL1B,-1.3176324,-0.5523653,-1.6117144,-0.7703152,-0.8373256,-0.7423501
BAIAP2L1,-0.8508488,-0.9100033,1.0716814,0.118487835,-0.66521657,-1.2582091
POF1B,-0.62480795,-0.45550066,1.5008911,0.6115836,-1.2274115,-0.73231846
DHX57,0.11784935,-0.7974777,-0.9075165,0.77695847,-1.0598001,-0.68753076
DHX58,-0.3408575,-0.5036211,-0.6101723,-0.0473814,-0.5651512,0.68077374
OXER1,0.004671097,0.49121857,-0.23855782,-0.32559013,-0.20756054,0.18842173
SLC16A6P1,0.33607864,0.015180588,-0.010592461,-0.07772064,1.2188025,-0.44325876
CCNL1,-0.5953064,-0.38771343,-0.4875698,0.001142502,0.3652525,-0.20381165
ACAD10,0.5089245,0.123867035,0.8073158,1.0135202,-0.80688953,0.60951567
EPHB4,-0.5427778,-1.6214303,0.18051958,-0.858243,-0.57178116,0.10778427
SLC34A2,-0.67444736,-0.62262505,5.8497715,0.3497429,-1.2195364,-1.0326235
ENTPD1,-0.7441735,-2.1592212,-0.7902689,-0.46311188,1.3622074,-1.8484554
EPHA7,-0.69693804,-0.47533447,1.4333856,0.58327675,-1.3344281,0.09083307
ENTPD2,-1.0004568,-0.93397665,-0.18046188,-0.4699993,0.1989193,-0.55436325
EPHA6,-0.4673785,-0.4117005,1.6031516,0.66273093,-1.1586816,-0.74287784
EPHA8,-0.12790418,1.8455472,0.6275377,-0.4895283,-1.524767,-0.45953572
ENTPD7,0.38987875,0.35078335,3.2937484,0.0301013,0.16924143,0.3960781
TAS2R13,0.23707986,0.54552937,0.37661242,-0.51697767,-0.067917824,-0.045187473
TAS2R14,-0.34262848,-0.38267326,0.10867262,0.5441785,-0.8001509,0.24661922
TIMD4,0.22747278,-0.77170634,-1.76722,-2.6088705,-2.2756367,-0.24283457
MXRA8,0.53029823,0.19897461,3.3833818,-0.45657396,-0.3307085,-0.6840482
ULK1,-0.8456478,-0.61408234,-0.15560436,0.013422012,-0.5751543,-0.41930008
DXO,0.051442146,0.04746914,-0.35916328,0.30707645,-0.11046791,-0.76700354
MXRA7,0.0750556,-0.3186729,-0.07042122,-0.15519714,3.7482839,-0.3750801
ZBED9,-0.8394127,-0.6949714,1.2278771,0.43473172,-1.5502388,1.5646758
ZBED8,-0.6905775,-0.359056,-0.29742908,-0.031680107,0.078846455,-0.3439393
PEX11B,0.1726284,0.21292877,0.15357685,0.1580658,0.33679008,0.32669926
PIK3R2,0.46305752,-0.33779573,0.10919428,0.4745493,-0.8881955,-0.48071957
PIK3R1,0.19747925,0.3341217,0.22518253,0.57701683,0.5629988,0.26715755
PTTG1IP,0.19713688,0.3232813,-0.12591076,-0.07594204,0.6806965,-0.4646902
ART5,0.06785703,-0.13353229,-0.29046917,0.84120774,-1.0714092,-0.7436354
AARD,0.66039777,0.27770066,-0.23977709,-0.40914726,-0.08533478,1.1171918
APPAT,-0.68566227,0.028122425,-1.6764517,-0.91940403,-0.038840294,0.76054335
ERC2-IT1,0.42074776,0.14836502,4.844177,-0.5733371,0.05472231,-0.018196583
RAB11FIP1,0.14591789,-0.41765213,0.87526417,0.8579979,0.7924433,0.2675724
TESPA1,-0.16726732,-0.85165644,-1.3508525,0.091380596,-0.07319927,-2.461039
DHX33,-0.2991228,-0.0967536,-0.25982475,-0.003238678,0.091685295,-0.5990691
MIER3,0.012640476,-0.49366808,1.8159499,1.563335,0.11772537,-0.10684967
PCBP1,0.3981781,0.18498993,-0.026052475,0.44508553,0.046290398,0.68055534
MIER2,0.3805151,-0.4557867,-0.16744423,0.373044,0.17683601,-0.40512466
MIER1,-0.69634247,-0.22644997,0.1305399,-0.18171501,0.71387863,-0.46273708
PCBP2,-0.010316849,0.25668716,0.49131775,0.35455513,0.7386894,0.010316849
DHX36,-0.56198215,-0.30464268,-0.27715397,0.13352299,0.4122839,-0.34502125
ZBED1,0.24208164,-0.8903456,0.089549065,0.23530102,-1.841424,-0.09939098
ARSF,1.1901224,0.5452635,-0.55777884,-0.9360788,0.2981646,-0.43854547
ARSD,-1.8316293,-0.01647234,-1.1290574,0.72284746,-1.093555,0.25252295
N4BP2,-0.37736845,-0.40208673,0.12838173,0.76818275,0.13474941,0.37346935
RAB11FIP4,1.7645712,1.0665503,1.1290331,0.69661427,1.6718607,3.0687943
CLHC1,0.31207228,0.6206336,-1.470007,-2.238996,0.111272335,0.53054
ARSB,0.13532257,0.43060875,-0.48237944,0.1364584,-0.49021912,-0.21071339
WWTR1,-0.055377007,0.102809906,1.2826369,0.32247436,-0.38111758,0.82405424
NSMCE1-DT,-0.22150588,-0.47923803,-0.2979555,-0.5192313,-0.92437196,-0.54647255
SLC25A3P1,-0.60972625,-0.41431266,1.6579707,0.57441235,-1.1896062,-0.76387286
MICAL3,0.28701568,0.23775434,-0.6760485,0.1381545,-0.28845143,1.6940753
WAPL,0.18662262,0.42444992,0.3729477,-0.00595665,1.2301683,0.16457367
TG,0.8648896,0.092386246,-0.29494715,0.08508873,-0.27326584,1.4823365
RETREG2,0.09485531,0.19788456,0.4160719,0.042025566,0.32963562,0.010046005
CCNJL,2.8643508,-0.6296989,1.417909,0.3722459,-1.382469,4.132329
TNFRSF13B,-0.70737606,-0.5788214,1.5852038,0.46922243,-1.0363147,-0.8332075
CETN3,-0.101652145,0.23802757,0.07062054,0.21335983,0.36857224,-0.008923531
SLC7A13,-0.70144814,-0.47766292,1.5204213,0.54086936,-1.3123513,-0.8291273
TNFRSF13C,0.106174946,0.2716112,-0.96936774,-0.04750347,-0.63923454,-0.7135577
SLC7A11,0.22041607,-0.8509445,1.5650778,1.9498348,3.5415983,2.051444
PCSK7,0.6397934,0.9533577,0.58270645,-0.08529091,1.2088184,0.32303047
BMP2K-DT,0.26926804,-0.11673498,-1.1989307,0.64988756,-0.492239,-0.06159544
PCSK5,1.6052389,2.0634298,-0.05961418,0.5833292,0.7161503,1.6710596
GNGT1,-0.22759593,-0.588629,1.4242792,0.53848386,-1.5137593,-0.8330815
GNGT2,-0.15252447,0.023631573,-0.049328804,-0.35321712,-1.2788682,0.93012905
HYAL1,-0.27793574,-0.023441792,0.18599033,0.51531696,-0.9948907,-0.096972466
HYAL2,0.96926403,1.0506926,0.44486046,0.8296499,0.79898643,0.376894
DHX16,0.2460928,0.02531147,0.44846344,0.33332157,0.3672943,0.22110462
L3HYPDH,-0.10377169,0.067094326,0.17722082,1.0213442,0.60271025,0.59002733
NCOA2,-1.1800756,-0.88924694,-0.75796986,-0.460454,-0.5662937,-0.7936659
TNFRSF12A,1.9154654,2.1348963,-0.12229538,-0.5964546,2.3984003,0.9527283
NCOA6,-0.2349844,-0.13042355,0.15410328,0.047362328,0.21340084,0.010603905
LAT2,-0.87761784,-0.63849354,-0.93205357,-0.92255497,-0.002266884,-1.6111917
ENAH,-1.0149069,1.0922136,1.219763,0.1263709,0.6219044,-1.2147273
BANK1,-1.8698258,-1.557673,0.35048056,0.5125923,0.36809063,-2.3722944
G2E3,-0.3220725,-0.043966293,-0.5462203,0.27494907,0.55647755,-0.20587397
DEFB127,-0.44582456,-0.4102655,1.617442,0.61284673,-1.1884152,-0.7079411
GREB1L,-0.50596917,-0.86359215,1.0413774,0.21266413,-1.6758705,1.4322456
FAAP24,-0.1170702,0.4986496,-0.9097278,-0.8457041,0.14746141,0.0733819
CRIP2,1.8921318,-0.21561575,0.38263893,0.37796497,2.3444943,-0.5274024
NEDD8,0.32044792,0.50481224,0.13914204,0.6143141,0.33566475,0.13943672
ARVCF,0.7441201,0.5525508,2.697379,0.6193595,0.6334138,0.29795933
ALS2CL,-0.16482258,-0.011657238,-0.22057247,-0.41869783,0.57591486,-0.477396
FAM172A,0.10133171,0.09328842,0.5572367,0.29218102,0.66357994,0.20962429
GCH1,-3.081071,-1.7604558,-1.6037583,-2.3987546,-0.57236433,-1.9898729
YIPF4,-0.5249162,-0.0420146,0.3766117,0.27021456,1.6531591,0.16600895
KLK13,1.0786915,-0.075742245,1.5471611,0.36379552,0.49996305,-0.8406297
KLK14,0.21014166,0.16490412,-0.002144337,-0.29575014,-0.09253502,-0.20715523
UBE2G1,-0.20813942,0.18972206,-0.13620853,0.22753716,0.7383623,0.27307415
UBE2G2,0.69833994,0.3719883,1.278564,0.21468925,0.4963236,0.28018904
XG,-0.90736187,-0.6605998,1.2384996,0.42864716,-1.5826076,-0.42444694
MAD2L2,0.10250282,0.00091,1.4517965,1.7035007,0.40690613,-0.1199131
CCNG2,0.8583269,-0.37221384,1.9722128,2.692525,1.8988085,1.7384806
NEDD4,-1.4189453,0.32501793,-2.2067893,-1.5915654,-1.0383625,-2.6869385
TARDBP,-0.11926556,-0.017320633,0.043554306,0.59685326,0.44310808,0.30766582
SH3GL3,0.7469077,0.56812716,-0.5151875,-0.54162645,0.14173079,-0.034721136
KLHL36,0.34537125,-0.039382935,-0.027560234,0.7615948,0.42703152,0.061377525
OGDHL,-0.7032801,-0.512725,1.5920758,0.40680754,-1.3252373,1.7690873
KLHL35,0.2932639,-0.2198224,1.3432107,1.4396996,1.2918711,-0.03494215
CFAP300,-0.7933892,-0.008881927,1.4370556,0.3571663,-1.3489778,-0.985371
CCND3,0.6357498,0.81209755,0.51007557,0.048282623,0.858037,-0.48312092
CCND1,1.9675875,2.068801,-2.0883136,-2.2706795,3.164856,2.0952988
C11orf1,-0.07225585,0.19091964,1.5545284,0.6551304,-1.3318628,-0.7347545
FAM174A,-0.43947792,0.22763062,0.53079605,0.75849915,0.53252983,-0.17387009
SH3GL2,-0.84066945,0.51673377,1.389089,0.33051383,-1.5260679,-1.0134606
SLC12A2-DT,0.5474,0.9691758,0.38727188,0.7435827,0.9234977,1.0672431
TPRA1,0.02277565,0.2545147,0.016318321,-0.005571365,-0.9090376,-0.22138023
CYBB,-3.4118814,-1.9389639,-6.66307,-2.7770681,-6.6817684,-3.6097279
CYBA,0.15165329,0.056432724,-0.028658867,0.09623909,-0.52691555,-0.67270374
LAX1,-0.90798354,-0.81758034,1.0633855,0.13453436,-1.8039035,-0.88710487
KLHL40,0.43878412,0.2892363,0.2597792,-0.726478,-0.08723307,-0.7282913
RPP25L,-0.29442024,-0.08016586,0.25066948,0.009792328,-0.29806805,-0.0298872
KLHL42,-0.68195915,-0.51253366,0.18525839,-0.18887901,0.85379696,0.19957495
UBE2V2,0.001702786,0.19898605,0.32074738,0.45747566,0.81396675,-0.001702309
UBE2V1,0.468956,-0.076911926,-0.1771326,-0.12942696,-0.43190575,0.14008999
PHAF1,-1.0958357,-1.1416616,-1.3248639,0.49754715,-2.6010046,-1.1479082
ADGRF5P1,-0.538436,-0.34359205,1.7373627,0.575143,-1.1862159,-0.724916
KLHL18,-0.20409441,-0.29116297,-0.79971266,0.7137222,-0.48863506,-0.7006135
GCM1,1.1308713,1.1247678,0.76298,1.1243649,1.1720686,2.5548182
VCP,0.29978943,0.5322857,-0.023932457,0.43520737,0.5300436,0.542367
RTN1,-2.1083226,-2.2605224,-0.29134274,-1.228569,-0.12750435,-1.7005382
KLHL14,-0.05549574,0.27070546,1.3338037,-0.13257384,0.4798355,-0.56170726
KLHL15,-0.69196224,-0.71284485,0.23418283,0.025934696,0.36637497,-0.6111126
KLHL10,-0.026535511,-1.6497054,0.428267,-0.63302064,-1.335439,-1.3650167
KLHL12,-0.0060215,0.47221184,0.15798473,-0.13506508,0.77042866,0.1069994
HCAR2,-0.75777864,-0.6432514,2.7755213,2.446207,1.289671,-1.0389524
CCNB3,0.2502327,0.43764925,-1.8191411,0.05743599,-0.121739864,-0.21012926
CCNB1,1.2257776,2.0367098,0.17604923,-0.28435278,0.7030659,0.9066801
EBP,0.6868191,1.3261337,0.53081894,0.6675072,1.5406132,0.5745182
RBMY1A3P,-1.8844241,0.39613986,0.21246982,-0.81278515,-0.49846625,-0.2869985
CHAD,-0.067299366,-0.002455711,0.6193261,-0.39062357,-0.851377,-0.41658497
PRODH,0.7054372,0.409276,-0.7948196,-0.35898614,-0.24059582,0.36763716
BANCR,-0.8033744,-0.6291903,1.4548763,0.37642288,-1.3585004,-0.9524158
VDR,0.08129215,0.17883778,1.3940325,1.5250101,0.96493626,0.056697845
KLHL26,0.2307806,-0.03497839,0.20033455,-0.46032953,0.80495024,-0.50439024
PHOX2A,0.19875717,0.4080639,0.38389397,0.4164791,-0.85345554,0.19519424
KLHL20,-0.57131696,-0.35710382,-0.5794139,-0.1396892,-1.1493764,-0.29995918
GCLC,-0.4281273,-0.3961811,-0.23164272,0.18037033,-0.4084034,0.20039082
STT3A,0.5111971,0.889472,0.29588985,-0.7726507,1.171483,-0.24552727
CYCS,0.8051071,1.150465,1.0181971,0.5468502,1.496789,1.0988874
ATP5PDP4,0.53171253,0.4612608,0.6152649,0.8811884,0.15336704,0.16880512
STT3B,-0.15768433,0.008054733,-0.42661953,0.4048729,0.7080412,-0.2419939
GCLM,-0.47261906,-0.21778965,0.47926044,-0.46618748,-0.09775162,0.23596287
YWHAE,0.58568954,0.8423939,-0.030125618,-0.003593445,0.8340416,0.2334013
EDA,0.29889536,1.2755332,-1.2294626,0.43413162,-0.79615307,-0.82489395
RTP3,-0.81404215,-0.6370139,1.3323064,0.41977715,-1.4143727,-0.92200696
CNRIP1,0.4561205,1.6247187,-2.1240125,-0.037220955,-1.8798022,-0.09930992
CHD8,0.000105,-0.099905014,-0.111266136,0.027975082,-0.035931587,0.0807085
CHD6,0.50122976,-0.8538208,0.513484,1.080905,-2.329609,0.6161146
CHD2,-0.03985977,-0.25255585,-0.265728,-0.23541641,0.37796116,0.07769108
PIDD1,0.31249428,0.21656609,0.084347725,-0.13980484,-0.009412766,-0.31621552
GATAD1,0.031892776,-0.13493156,-0.106609344,0.10715294,0.22067738,-0.23468208
YWHAG,0.55344677,-0.21601295,0.03718567,1.5666838,-1.5209732,0.18994236
RFPL1,-0.61696506,-0.31854725,0.09307909,-1.0029848,-2.703434,-2.3446188
DARS2,0.4978528,0.94281626,-0.16177845,-0.18015432,1.284298,0.8554268
CIP2A,-0.8112829,-0.85064507,1.1604149,0.20156193,-1.2388556,-1.1705151
GCNA,-0.59584045,-0.34123802,-0.8017359,-1.081223,-1.1079011,-0.27386904
CCNA2,1.4634323,2.2543645,-2.0370119,-1.6084912,-1.600668,1.1046271
CCNA1,3.2109454,2.5306456,2.4033954,3.8278081,3.4629643,4.847272
TBC1D2,-0.23454094,0.20683098,-1.112072,-1.7414722,-2.2018328,-0.72959995
TBC1D4,1.7812138,0.9506073,-1.7806482,0.4021654,1.4520702,3.333064
UBE2R2,0.25913048,0.05035591,-0.019119263,-0.19600487,0.41179276,0.19693851
MMRN1,-0.4993708,-0.61564445,1.2186067,0.26286793,-0.51116824,-1.0811839
CHDH,3.6394656,2.5264122,2.66521,3.185662,1.2382624,1.5745876
TBC1D7,-0.627532,-0.2901678,-0.4589939,-0.4195795,0.6844597,-0.5077772
FAM153CP,-0.32176924,-0.9661498,-0.21966982,1.2761445,-2.387806,-0.044093132
TGFBRAP1,-0.5238104,-0.2638278,-0.3207507,-0.34081316,0.5744114,-0.7502036
ACVR1B,0.14697742,0.5244942,-0.25712347,-0.13388419,-0.23191404,-0.11960268
CYGB,0.39733815,0.25670147,-0.41813278,-1.5286214,-0.8691571,-0.54977775
C9orf163,0.44346333,-0.7873869,0.56116486,0.23177242,0.19625568,-0.5772886
TAF1D,-0.2576475,-0.36601543,-0.13958645,-0.17363071,0.13821983,0.14053059
EFS,-1.5769745,-0.7245194,0.3215828,0.8304498,-2.3597183,-1.8596151
CCDC144NL-AS1,-0.55790335,-0.3934654,1.5390887,0.6633606,-1.3614216,-0.6746088
MDH1B,0.9723314,-0.4397478,1.4635268,0.6263789,-1.3434204,-0.73406166
ACVR2B,0.26978397,0.21456814,-0.091333866,0.71316814,-0.060261726,-0.45916796
ACVR2A,0.005224705,-0.37851858,-0.89623785,-0.83804035,0.9104223,-0.12454033
PNKD,-0.29705143,0.056635857,-4.782665,-3.1609097,-1.7184172,-0.5434265
INAFM2,0.15283298,0.34717274,0.59232044,0.96861935,1.3325701,0.09266758
ABHD17B,0.030945301,0.026635647,0.117733955,0.32265663,1.3325677,-0.12559319
ASB9,-1.0646079,-0.7365799,-2.1147819,-2.936409,-3.7879174,-2.8820047
ACIN1,0.45999527,0.26951218,0.461545,0.43392754,-0.9721279,0.58353806
ASB7,-0.40248632,-0.11191559,0.36912966,-0.52585936,0.83025074,-0.099972725
VIM,0.7411785,0.47980118,0.51364136,0.41075897,-0.24116135,0.45453644
ASB5,0.43875623,-1.021135,0.8729167,0.0845716,-1.7623584,-1.277265
RPL32,-0.31632996,0.114564896,0.08607769,0.9707508,-0.5143595,-0.03651905
MAML1,-0.50133324,-0.3255005,0.16883183,0.46320343,0.4585104,-0.12380028
RPL31,0.39239836,-0.008645058,-0.99368906,0.009219646,-0.51772976,0.038333416
RPL34,-0.04918194,0.023568153,0.2563343,0.55449486,-0.09680462,0.0602417
DPY19L2P1,-0.66578054,-0.43493605,1.5466259,0.5900924,-1.2791821,-0.784712
DPY19L2P2,-0.39439106,-0.40917224,1.6273354,0.5638095,-1.2674046,-0.8379583
ENO1,1.0488567,1.1580849,0.40187073,0.5145912,0.73333263,1.0823336
RNF112,-0.12980223,-1.7621856,0.06709862,-0.23161316,-0.5940323,-1.8663571
RNF115,0.36241627,-0.095541954,0.006966591,0.31587887,0.41800976,0.8515482
RPL12P1,0.005155563,0.094083786,0.10001087,0.80857277,-0.41261482,0.19760609
RPL36,0.009109497,0.050251007,-0.36007023,1.0654659,-0.18820381,-0.001485825
CYP1B1,0.4121065,-0.6584883,0.8470354,0.70359707,0.26110935,0.54755116
RPL35,-0.07368088,0.22411156,-0.37428188,0.5914993,-0.33687115,-0.17606449
RTTN,-0.60043,-1.031018,-0.9323015,-1.2350862,-2.4766645,-1.7153714
ZNG1A,-0.017583847,-0.35628366,0.44692945,-0.68301773,0.85270786,-0.20430994
RPL39,-0.20215607,0.14151192,-1.5554428,0.5896263,-0.4140997,-0.03333187
BVES,0.9817753,-0.03643036,0.2860675,-0.5188217,-0.6695461,0.20543861
CHGB,-0.10447502,-1.0137938,0.9967129,0.00747633,-1.7857965,0.13302779
MED1,0.004207611,-0.31695032,0.21405649,0.8811054,0.78868866,-0.19206858
CHIA,1.0302615,0.5276513,-0.53984547,0.34042025,-0.5896139,-0.4156351
MECR,0.17762947,0.6357713,-0.96452665,-0.13899231,0.314281,-0.36784792
RPL23,0.045383453,0.10816002,0.23473454,0.6714077,0.61500454,0.13992977
MED8,-0.14365959,0.22423363,-0.4357643,0.15118599,0.19568539,-0.09843826
MED9,-0.96974325,-1.0231056,-1.0474033,0.5421238,-0.37860584,-0.9660592
AARSD1,-0.022413254,0.2521267,0.17786217,0.38030815,0.2911911,0.100050926
DKK2,0.35269213,-1.2094693,-0.43542886,-1.3821144,-0.42629957,1.3200221
DKK3,-0.020201206,-0.5385976,2.3869152,0.5454172,-1.4082912,-0.8456638
IFT88,-0.16053724,0.24663115,-0.43607664,-0.3952694,-0.5932894,0.5320635
RNF128,-2.0865073,-1.924027,0.017089128,-0.82304037,-1.616292,-0.51448655
IFT81,-0.07290053,0.1701932,0.72226095,-0.34396815,-1.4416633,-0.7915622
GPR160,0.4133091,0.002445221,0.7902565,0.61096954,1.6621981,0.7923937
RPL29,0.11754608,0.31394958,-0.47363663,0.17093849,0.26626205,-0.26055908
UBA52,0.24664497,0.062057495,-0.42766953,0.7058277,-0.23661709,-0.06240177
RNF122,-0.41637993,-0.16330338,-0.5696001,-1.1262026,0.008971214,-1.0709696
OSER1,-0.17387295,0.063887596,-0.20751762,0.29916668,0.6490345,0.82424927
NEDD4L,0.41962004,0.5283246,-1.4159017,-1.1755219,-0.994987,-0.13125563
A1BG,0.64655495,-0.56409144,0.903914,0.7390232,-0.5733142,0.20633006
VPS26B,-0.21246052,-0.023306847,0.09727192,-0.12521839,0.6293745,-0.32344532
MEG8,-0.7738993,-0.60226214,1.4468338,0.42262864,-1.3341594,-0.9124057
LINC01521,0.20026898,-0.040329456,0.028014898,-0.2739036,-2.1975532,-0.79230094
CHKB,0.3484459,-0.047340393,-0.10350418,-0.06469917,0.025557518,0.22889328
A1CF,-0.5266415,-0.3636682,1.5136925,0.7019055,-1.213284,-0.6657342
PRRC2B,0.061561108,-0.5290165,-4.3543634,0.7092047,-1.5163884,-0.35670376
RPL3L,-0.42345762,0.28258896,-0.38410282,-0.53630686,-0.18908882,-0.19873667
SLC16A13,0.4911604,0.23203516,-0.7530656,-0.9400306,-0.21660233,-0.7018609
TMEM199,-0.25349236,-0.21561241,-0.22724628,0.27757645,0.26894188,0.31221294
CYLD,-0.36626816,-0.60313654,1.3642864,0.6582942,1.2188177,0.44303465
FA2H,2.8420157,1.430325,3.1986523,1.0875478,6.0105534,3.9793768
GPR180,-0.12685728,0.07566118,-0.764328,-0.35313368,0.57114124,-0.28297997
GPR183,1.0091476,0.17067719,0.65792465,1.9061012,0.8223314,2.3584232
CYP1A1,-1.0786781,1.152184,-0.41537023,-0.35538435,0.62923336,-1.0416665
GSDME,0.5976553,0.099524975,-3.0938125,-3.4948354,-2.8666549,0.099372864
SPEF1,0.22253418,-0.0610981,0.2897005,1.152853,-1.4544601,0.386487
ELL,0.09488821,1.0676017,-0.27452183,0.25086832,0.14204359,-0.32156515
MEI1,-1.1426525,-0.5281944,-3.6383467,-2.093523,-1.347189,-1.0699072
TMEM181,-0.17747974,0.3563261,-0.4261818,-0.68782616,-0.170784,0.13986492
TMEM186,-0.11905956,0.06587887,-0.3119564,0.335145,0.08526039,-0.024478912
TMSB4Y,0.4030528,0.12957811,-0.27177048,0.08139801,0.36865282,0.19208765
EMB,0.7775173,1.0721111,1.7507181,1.8851433,1.8726339,1.1028337
RNF152,-0.89016664,1.4573689,1.3140864,0.29305172,-1.4443944,-1.0508084
KRT8P10,-0.2402246,-0.95309615,-0.54287124,-0.56636596,-1.5274246,-0.11317086
SLC2A14,1.2418804,1.8819294,-0.7562647,-0.25202942,1.334815,-0.66060734
SLC2A10,0.8094444,0.014501572,-0.68819666,0.010586262,-0.08388853,-0.39115477
SLC2A12,-0.9873047,-0.8317131,3.0199106,0.107587576,-1.6323446,-1.2084469
EN2,0.5105591,0.57689285,0.7245188,0.4124012,-0.45027542,0.37363243
TACR1,0.46573424,-0.42205226,0.99747896,0.18178582,-0.3750167,-1.1583537
LSG1,0.59715605,-0.25162745,0.715292,0.5114937,0.32497168,0.294981
ENG,0.6013546,1.0372944,-1.4796457,-1.3349113,-1.1665983,-0.0608387
CCDC90B,-0.04756403,0.055683613,0.060685158,0.34124184,0.16226912,0.24103212
RPL10,-0.19340134,0.08680725,0.23710442,0.6568737,0.053097725,-0.12822437
PLPPR4,-0.65187496,-0.47427952,1.4371231,0.5753379,-1.4150941,-0.6352382
TMEM164,0.08542633,-0.33257294,-0.66995335,-0.2831707,0.010670662,-0.17992306
TMEM165,-0.23387146,0.3141594,-0.6585293,-0.50434303,1.1336308,-0.07039356
RNF135,-0.19353485,-0.31155634,-0.54775906,-0.20494556,-1.049573,-0.6867342
TMEM169,-0.29722857,3.4779358,0.576272,0.06665659,0.04363036,0.26128316
CHN2,0.8801985,1.5452147,0.92038155,0.75379276,0.8856411,0.58812237
RPL14,-0.24816513,0.004838944,0.07095432,0.81245613,0.03732872,0.25539494
LINC02812,0.07937431,0.87453985,-0.9612708,0.722682,-1.0923462,-0.3087535
RPL13,0.13671494,0.2467537,-0.06858444,0.65883446,-0.20748234,-0.16169548
RPL18,-0.10310745,0.003936768,-0.51407814,0.5832939,0.025034904,-0.31970215
ANKRD50,-0.3122053,-0.8382454,-1.0752001,0.30507898,-3.2064514,-0.5247731
RNF130,0.18566418,-0.17196083,0.007570267,-2.1268806,-0.813426,-0.2327671
GPR157,2.6412458,0.57380486,-0.6765418,2.7378092,1.3509865,3.102849
TIMMDC1,0.3262148,0.41525555,-0.31244183,0.018769264,-0.09224796,0.57446194
OR1L4,0.20772219,0.34216905,1.0471394,0.1217159,-0.7807443,-1.2834013
TMEM154,-1.7715054,-0.6948304,1.6643972,1.7852716,2.2101583,-0.45329237
RNF146,-0.4874792,-0.5316591,0.289464,-0.9773531,0.69009876,-0.45528698
GPR141,-0.97904825,-1.7520065,-0.3180709,1.345067,-1.8606448,-0.17459393
ERP44,-0.3170123,-0.09320736,0.27115774,-0.45093536,0.5990653,-0.43230486
GPR142,0.11184502,-0.6696181,-0.5420923,-0.8238096,1.1672468,-0.5435686
ABI1,-0.3189392,-0.042037964,-0.0789032,0.11806679,0.7167444,0.5069971
GPR149,-1.9018376,0.068416595,0.011626244,-1.0443538,-0.4036913,-2.433859
ANKRD65,0.48830795,0.48344994,0.02784729,-0.38926315,0.10767555,-0.24820328
RNF141,-0.8772392,0.10197258,-0.95818424,-0.24815941,-1.0386982,-0.9021778
MSRB1,0.15241718,-0.10454655,0.24424076,0.75072956,0.87894344,0.21703815
ANKRD37,1.0933065,1.1385126,0.72434807,0.7198782,0.75635624,0.89130497
LINC00265,-1.4598961,-1.4042611,-1.7892609,-0.14341974,-2.3480797,-1.1838288
CHPF,0.82939005,-0.17671824,-0.54894185,-0.06732178,0.3382473,-0.19032001
EPO,-0.1850754,-0.7612076,1.1141655,0.18313146,-1.6599891,-0.8390768
ANKRD33,0.6448765,0.117801666,0.54356384,0.054481506,0.13313866,0.21265602
ZFP36,-0.27565002,-0.085725784,-1.110775,-0.03086853,-0.6878481,-1.3592005
DACH1,-1.5372181,-1.3533998,0.56764793,-0.30192316,-2.2847967,-1.6428001
NAGLU,0.35803032,0.68515205,-0.9093666,-0.028440475,-0.10129833,0.09266758
ANKRD31,0.10766673,-0.64560074,1.4737883,1.6713114,-1.3609135,-0.9930248
LINC01587,-0.7911719,-0.68144363,6.5759215,0.27968204,-1.4677231,-1.0703199
ZFP37,-0.24554062,-0.35660112,0.9959352,0.008050084,1.7662935,-0.63941324
TMSB10,0.78243065,0.24597931,0.37742233,1.0574493,0.071707726,0.5995598
LINC01588,-0.6628885,-0.75474787,1.274157,0.23150659,-1.4065953,2.7005622
MEN1,-0.5781844,-0.46781534,6.703947,0.48747718,-0.90851283,-0.86213636
DEFB118,0.06437957,-0.6022114,1.5158455,0.38221514,-1.505052,-0.78847206
CD180,2.1904879,3.074071,-4.041158,-0.8128495,-0.029127121,0.9340315
RNF41,-0.64771557,-0.46585703,-0.6551094,-0.6876178,0.6842623,-1.3258634
SYPL1,-0.45801926,0.057365417,-1.1094179,-0.4332161,0.5172167,-0.96226597
ANKRD42,0.8167405,-0.23472595,0.4151168,0.58118296,1.0926499,0.66970396
ANKRD40,0.14596558,0.2703824,-1.2193236,-0.14712715,0.0720849,0.01620531
ERG,-0.31699526,-0.2194649,1.2351002,0.6038573,-0.4881178,-0.99364305
PHPT1,0.31407356,0.47350883,-0.059848785,0.9040413,0.75961304,0.2144785
ENY2,-0.1966238,-0.06762791,0.9576144,1.0838351,0.9126711,-0.23537636
CALCRL,1.8911119,0.9141507,4.0648403,5.197913,4.489378,2.0716066
ABHD3,-0.44008923,0.00514698,0.4206791,0.15450764,0.50826454,-0.49337292
FAM27C,-0.91988444,-0.11694431,-1.3744721,0.8105264,-1.0245762,-1.3079369
ABHD2,0.5523758,0.24605942,-1.0876241,-2.0751066,1.3679008,0.55349255
SUZ12P1,0.13310051,-0.07831192,0.9987364,1.0352821,1.5794468,0.31072903
ANKRD11,-0.2680092,-0.19095993,-0.139575,-0.20666885,0.9405279,0.14503384
ILDR1,-0.40410042,-0.028367996,0.16587162,-0.50037,-0.16276646,0.1856041
ABHD6,0.947135,1.0144491,0.8882017,0.94279575,0.94990444,1.4359312
VTN,1.6546574,0.83437014,-0.1491847,0.25057268,1.3510666,2.247241
HMBOX1,-0.057531357,-0.3932762,0.44953728,0.2868061,0.020812988,-0.22799873
OARD1,-0.498147,-0.34411144,-0.10734749,0.33314037,-0.001613617,-0.09203529
ESD,-0.7090955,-0.39303637,-0.44474554,-0.84273386,-0.43358183,0.022549152
ABL1,0.08299112,0.27273798,-0.4277978,1.0273585,-0.52227974,0.010866165
ANKRD10,-0.37963104,-0.80034065,-0.690218,0.009227753,-0.40141106,-0.1237793
PPIAL4G,0.55672455,0.3813858,0.38100624,0.8043976,0.67114353,0.70182514
ANKRD28,-1.1794155,-1.2576072,1.3068843,-1.3176315,-2.326894,-1.7143226
CD164,-0.45141602,-0.058228493,-0.1665926,0.4614296,0.8492899,-0.55380917
CD163,-1.2339926,0.86693096,-8.210035,-4.277589,-9.324238,-1.731761
IFTAP,-0.38192463,0.15267467,-0.4729042,-0.54185486,-0.18173504,-0.6646004
ANKRD27,-0.13130474,0.07742214,0.09944916,0.3443594,0.7953453,0.0029459
ANKRD24,0.32800055,-0.020668983,-1.9304342,-0.11831617,0.069093704,-0.20520163
ZG16B,0.1257124,-1.3247156,0.17707443,1.5889826,0.6764183,0.44799995
TVP23B,-0.50353813,-0.010309219,-0.1863699,-0.5302992,0.8077221,-0.1208334
TVP23C,-0.41978455,-0.17604065,0.28496933,-0.42886353,0.7569151,-0.13956928
LSM5,0.1354084,0.44075394,0.20144558,0.38154984,0.3735113,0.22780418
LSM3,-0.27159595,0.07045078,0.1480608,0.6826906,-0.094301224,-0.22129726
CNOT4,-0.5362015,-0.17835474,-1.8553731,-0.5854058,1.3188586,-1.0595803
TRMT9B,-0.72843164,-0.30649853,1.7549762,2.2363906,1.7211739,1.9670364
LSM8,-0.2980919,0.059215546,0.36159706,0.4873047,-0.009946823,0.18299484
CNOT6,0.09188509,-0.3844657,-0.020664692,0.073964596,0.7886543,0.121052265
RPL12P42,0.16625214,0.42874718,0.064608574,0.22564697,0.25145817,0.26760292
CNOT2,-0.15165997,0.6421008,0.40116668,0.34105015,0.55391693,0.11871481
TADA3,0.35609436,0.44969368,0.2689886,0.09660721,0.88252735,0.062734604
RNF182,1.8225783,-0.65425706,1.2152311,0.28334773,0.020252585,2.6807113
TDRD12,2.5455112,-1.4247253,2.0478945,-0.35203588,3.6047373,-1.549571
TDRD10,0.9866023,0.7086725,-0.11625433,-0.17601442,-0.5271349,-0.14705515
RNF183,0.52820945,0.110369205,1.0067086,0.31810808,0.04470682,0.99910617
GPR101,-0.7483396,-0.62651026,1.4362389,0.4208969,-1.311547,-0.06255996
RNF186,-0.1420896,0.4023769,0.00292635,0.512197,-1.1742198,0.21473575
EIF4G3,0.4994068,0.26075745,0.9481392,-0.21127701,0.9735956,-0.039673805
EIF4G2,0.5003071,0.64995384,0.51349735,-0.21571922,2.07341,0.807271
LINC00269,0.11343813,-0.19550419,-0.22967863,-0.65172696,-0.4961095,-0.47494578
RNF10,0.012052536,0.17275238,-0.05947113,-0.21562004,0.7320776,-0.045365334
CALCOCO1,0.07921028,0.06203842,-0.44306564,-0.6049576,0.15877819,-0.17857933
EIF4E3,-0.49598885,-0.10662937,-0.11723232,-0.010932446,0.950964,0.0722394
SFT2D3,-0.670599,0.13619804,0.17060947,0.12551403,-0.24402094,-0.21591759
CALCOCO2,-0.7227435,-0.8778329,-0.20149708,-0.5441613,0.46003342,-0.94945145
TREM2,3.228693,3.079853,0.5313654,-0.08395195,2.6950092,2.922165
ADRA1B,0.62635756,-0.9706167,0.5099094,-0.44311333,2.1979284,1.8246026
TREM1,1.8354292,3.1053686,-3.8170736,-3.050083,-2.6477547,-0.5078144
PTBP1,0.19039059,0.61490726,0.109861374,-0.511714,0.55225754,0.23119068
RNF17,-0.89734566,2.3440766,1.4042766,1.6111684,0.071511984,-0.35711408
LINC00216,-0.07598829,-0.1971128,-0.9158156,-0.11588621,0.58349514,0.6839886
LINC01547,0.77682257,0.35985947,-1.3935149,-0.37126708,-0.6316714,-0.012800694
LINC02870,0.2803657,0.10891056,-0.85197663,-0.732007,0.15643191,-0.2857418
PDCD6IP,-0.09853363,-0.37804508,0.11816883,-0.13542795,0.61992264,-0.31401634
LINC02871,-0.720901,-0.5659605,1.4099404,0.49601686,-1.3006157,-0.8568864
VWF,-0.000153,0.65498877,-2.13275,-1.5965233,-1.3756795,0.000153
TBC1D3P2,-0.008624554,-0.086473465,0.17462826,-0.46164227,0.65544176,-0.2532878
KCNAB3,-0.24058533,-0.24967241,-0.80442023,-0.42055082,-1.413379,-0.56496286
ZFP90,0.15415573,-0.17856216,-0.20627308,-0.29662132,0.70940304,-0.43613338
ETV3L,1.1162868,1.5866523,-0.5872717,-1.3837991,-0.73361397,1.0422091
LINC00208,-0.67508733,-0.5658016,1.4213753,0.5087035,-1.2859459,-0.8782461
EVL,2.516304,1.8524761,2.8454266,1.2976265,1.7174854,1.8733139
SFT2D2,0.6452999,0.94475937,0.8326473,1.0832157,1.2867451,1.099349
LINC02864,-0.60192114,-0.37757593,1.5438888,0.66836977,-1.2239403,-0.31025755
RNF31,0.004229546,-0.000855,0.24170113,0.33195972,0.47383595,0.07624245
CX3CR1,-4.568901,-6.290576,-4.718613,-4.2058134,-4.434507,-3.6005564
NLGN2,-0.24863815,-0.44171047,-0.88941526,-1.0229678,-0.8185282,-0.7763529
STMND1,-0.6497271,0.19732392,1.2582692,0.37150598,-0.909207,-1.0224812
SYT14P1,-0.70464706,-0.45978564,1.4923164,0.6040226,-1.3550403,-0.7866642
MESD,0.31460476,0.41679478,-0.37307167,0.06532574,0.7665787,0.35790062
MROH1,-0.6288488,-0.67840075,-0.042478085,1.5478473,-1.2141118,0.0881834
MROH5,0.39450788,0.57165194,-0.22711825,-0.8713522,-0.8588996,-0.5278969
RBBP4,0.08062172,0.2143898,0.43104267,-0.12415218,0.51657104,-0.04578495
ANKAR,-1.6298056,-0.8620291,-1.318017,-0.4680071,-1.0846105,-1.3867307
RBBP9,0.0865612,-0.20484686,0.60610294,0.35610962,0.68339634,0.5253029
MROH8,-0.30641174,-0.23138428,-0.874753,-0.0859561,-0.25392008,0.018803596
LINC02899,-1.0709276,-0.9725801,4.784313,0.42954123,2.172889,0.93939567
RBBP6,-0.37895155,-0.9302945,-0.119884014,0.25964212,0.5040884,-0.7187505
WASF1,-0.90912914,-0.34154558,-1.1816835,-1.6032276,-1.4366221,-0.92456627
WASF2,-0.13389587,-0.11704445,-0.88179684,0.30570602,-0.04405403,-0.35871887
LINC01565,-0.2704841,-0.6580688,1.3226993,0.4277792,-1.4073825,-0.9714337
WASF3,-0.14257526,-0.006603122,6.236243,0.32461727,2.5520496,0.5601851
FDXACB1,0.930634,0.406353,-0.45700932,-0.016649961,1.4703441,-0.37889147
SMARCE1,0.2481575,0.18839693,0.90783596,1.8132973,0.6263218,1.7702494
RNF24,0.09127903,-0.53467464,1.8517914,1.8275633,1.4183598,-0.8408685
RNF25,-0.13457966,0.07462931,-0.34227085,-0.25595903,-0.30652857,-0.44900084
SGCZ,-0.5757958,-0.38706863,1.6627709,0.54504025,-1.2508122,-0.76952183
LINC01555,-0.65310377,-0.48677766,1.460991,0.58383644,-1.256231,-0.762521
SLC46A3,0.24000645,0.6021929,1.580462,1.5715938,1.8091426,0.8061404
ERVK13-1,0.645592,-0.4388113,0.12810826,1.0631692,-1.5050313,0.85818076
VIPR1,-1.2973542,-2.016945,-0.02329588,-0.9873767,-0.039530754,-2.1529417
SLC46A1,1.0478759,0.9597893,0.4756632,-0.7031379,1.0579176,-0.66901684
POT1-AS1,-0.5677986,-0.41830587,1.5693138,0.5839596,-1.3451804,0.74260783
LST1,-0.7806349,-0.4827032,0.22283745,0.5570326,-0.08151722,-1.4154377
PKD2L2,-0.18941975,-0.34175384,1.7530656,0.6170889,-1.3077934,-0.7861282
AQP5-AS1,1.8735285,3.4453125,-0.58398294,-1.6187751,2.5686855,5.1031094
GOLGA3,0.42178297,-0.40950394,0.7752795,1.1838918,-1.2293625,0.21209192
GOLGA1,-0.20822382,-0.057780266,0.062503815,0.07283878,0.121818066,-0.3119378
TRMT44,-0.09291649,-0.13995647,0.002327442,-0.5499077,-0.13806581,-0.3096428
ZFPL1,0.18559217,0.25015354,-0.31751156,-0.080016136,-0.3885498,-0.12936783
EYS,-0.21002138,-0.5080802,1.6216937,0.42848933,-1.2716008,-0.8643826
AGFG1,-1.1590519,-0.15330315,-0.24348259,-0.087257385,0.54052544,-0.16954517
MCCC2,0.049711704,0.44565582,-0.031320095,-0.1846757,1.0587301,0.5567999
IQCF6,0.93719757,-0.25825417,1.0662602,-0.005579829,-0.9210063,-1.2847068
GARIN5A,0.08502483,-0.04083395,-1.4546592,1.0917192,0.91711617,0.7209673
MTUS2,-0.60467684,-0.3997904,1.6436965,0.5981114,-1.1896063,-0.119637966
IQCF2,-0.4493456,-0.025866032,-0.812464,-0.4696486,-1.2814028,-1.1604948
PDE12,0.021526337,-0.069376945,0.0637455,0.8553519,0.25052166,0.06013584
CD109,1.634861,1.7528706,0.34868622,-0.7377815,1.3027592,0.8118925
AKAP9,-0.7986469,-0.42812347,0.34440804,0.35212898,0.41881084,-0.16650963
RRAGD,1.2671127,1.0228844,-1.5698671,-0.4461956,0.527524,1.7552671
GUF1,-0.036211967,-0.20913696,-0.25858974,0.85365343,-0.54455805,-0.08855486
VDAC2,0.27662182,0.18057156,0.23849487,0.53730106,0.63608265,0.8463564
EZR,0.3968191,0.16864681,0.95936966,0.74870396,0.7486086,0.37317657
ZFPM2,-0.42870295,-0.53538465,1.5177675,0.42873383,-1.47041,-0.96880746
CD101,-0.07716799,-0.5319953,-1.0384636,-3.3298378,-0.021368027,-1.9441586
BEX3,-0.68019295,0.72688866,-3.7313042,-1.4958363,-1.6926203,-1.5102549
NECAB1,-0.6375292,-0.4693231,1.4706309,0.6126642,1.2151744,-0.72950643
NECAB3,0.577086,0.5236039,0.5233741,0.93764734,1.0193172,0.46796942
PDE1C,-1.0398743,-0.82060885,1.1723987,0.23634255,-1.7116467,-1.0123317
TSHZ3,-0.8687935,-0.005964279,-0.73303795,-0.77095413,-0.20170593,-1.7321186
TSHZ1,-0.3779831,-0.1368103,0.99994373,0.031835556,0.1905756,-0.72974014
PDE1A,0.075315475,-0.26175618,1.4636695,0.48068285,-0.06477165,-0.38293386
GNG10,-0.6837578,-0.27650642,0.33109665,0.3399086,1.7014618,-0.7722168
NUAK1,1.6259437,1.7804918,0.009881258,1.3084016,1.0211225,5.8624816
VPS8,0.13417912,0.22159863,-0.07564306,-0.3064618,0.16897392,0.98653555
TRMT1L,-0.058872223,-0.10825491,0.23622274,-0.13814116,0.7308736,0.34632158
PTPRN2,0.10557723,-0.8598732,1.1328814,0.1808896,-1.8131732,-1.2601832
TPT1P9,-0.76114464,-0.52103806,-0.119277,0.64982796,-0.3233137,-0.78288937
IGFL2,-0.8965793,-0.75521356,1.2694222,0.29806638,-0.65268123,3.0957222
GDF3,-0.89844346,-0.7690129,5.7394733,0.18224084,-0.3913685,-1.1529471
GNG11,-0.7378931,-2.4059186,-3.9284387,-0.959178,-3.3029146,2.1272402
ACADSB,-0.20550013,0.18191957,0.010789871,0.3122058,0.88796806,1.0484848
STAG1,-0.6146636,-0.2965169,-0.47134972,0.22298908,1.0283146,-0.38492537
LOC105370532,-0.41423273,-0.014112473,0.5870657,1.7211437,-0.87773705,0.23748589
TRMT12,-0.4872713,-0.14148998,0.06959343,0.6599226,0.88206387,-0.038352966
PDE3A,0.18628812,0.8774841,-0.8259363,-0.86496115,0.19527793,-0.34872103
TRMT13,-0.25080013,-0.2122879,0.36734676,-0.14217901,-0.7175412,-0.2671752
ITM2A,0.2758584,-1.366585,0.25728846,0.068039894,-1.535428,0.187531
FASTKD1,0.11263466,0.25237083,0.33957767,-0.28724098,0.14544058,0.3338604
FASTKD2,-0.34051943,0.013058186,-0.19339418,-0.0670619,0.49939966,-0.43699408
TPI1P2,0.8593254,1.036726,0.08397865,0.36979866,0.97330093,0.5263853
GDI2,-0.2787037,0.004713059,0.6056757,0.13902283,1.0271196,0.04762745
CX3CL1,1.523459,0.47601676,0.15826654,-0.17186022,0.6019583,2.3396978
GUK1,0.46105385,0.4680748,0.4385395,0.84028435,1.0427485,0.04852295
GLIPR2,0.3315382,-0.32617092,0.003968239,-0.34724522,1.0730534,-0.27308083
STAB1,1.1179504,1.8637009,-0.11254406,0.99030304,-2.421754,0.15241528
TNFAIP8L1,0.6804204,-0.1567049,-0.13082981,0.036195755,-0.47747946,0.13235044
GNPNAT1,0.49318218,0.5541229,-0.53247213,0.33461952,0.34517288,0.7503357
TNFAIP8L3,3.9404454,2.046721,-0.023823977,1.0715575,2.5930924,5.1179166
DLAT,0.63056946,0.6087465,0.29034328,0.9241791,1.492497,0.11670923
TPT1P5,-0.92751694,-0.42812347,-0.044828415,0.5158367,-0.68035793,-0.8706846
ANKRD2,0.23261023,-0.017499447,0.35248137,-0.15612936,0.33006477,0.07541752
ANKRD6,0.20536947,0.14913893,-0.17091894,0.72892904,0.67263794,0.27423048
LINC00174,-0.8646674,-0.43397522,-0.026159286,-0.16681051,-0.5391569,0.057147026
MAP4K2,0.23687744,0.2108841,0.8732357,0.76911926,0.81912327,-0.019212723
ATP6V0B,0.121234894,0.2186203,-0.38803387,0.3151226,0.39395523,-0.046577454
PRMT2,0.01671791,-0.20401955,0.6843147,0.21565819,-0.010777473,-0.008996964
IGFN1,0.38161182,-0.12848377,-1.3003521,-1.3927836,0.2927413,0.24642134
PALD1,0.6111407,-0.24981165,2.5277843,1.9952488,3.8591127,1.038559
POC5,-0.36934185,0.23734808,0.52721405,-0.25022125,0.87997246,-0.5476322
MDFIC,-0.31610775,0.27155018,0.2885437,0.19966412,0.3319931,-0.09518814
RPUSD1,0.1359253,0.13804817,0.12170601,0.3651638,0.31072998,0.012951851
B3GNT5,0.10024643,-0.04786873,1.673171,2.1854153,1.8445864,0.29973888
RPUSD2,0.030287743,0.24208546,0.21512604,0.3034582,0.61273,0.10981941
RPUSD3,0.027259827,0.31313133,-0.3631506,-0.5086298,-0.25049114,-0.7134628
WAC,-0.593647,-0.45956612,-0.15660954,0.25640297,-0.28405762,-0.09877682
RDH5,-0.21904612,-0.8798137,0.77274895,-0.44488287,0.8529968,-1.2201962
FAM181B,0.27499056,0.006250382,-0.0885129,-0.12082958,0.14034367,-0.3196206
ALDOB,0.6170628,0.03081131,-0.12335396,-0.47455382,0.19081736,-0.44416428
SGK1,-0.7540388,-0.68780804,-2.4822521,-2.9459543,0.402915,-0.7018318
ALDOA,0.8223324,0.9740429,-0.3344984,0.11421776,0.32327938,-0.0014534
MCCD1,0.048146725,0.01695919,-0.87011147,-0.052378178,0.12843609,0.27456617
WAS,0.14685154,0.23198223,-0.4414854,-0.14216709,-0.44834232,-1.1885853
AKAP6,-0.24636078,0.52567863,1.5199211,0.35991812,-0.16304588,-0.25974274
LILRA1,0.20141792,0.51148987,-1.6067243,-0.75353813,-0.32520962,-0.21571207
LYZL2,-1.1961718,-1.1603506,0.85283065,-0.08696246,-1.9366372,-1.4937167
AKAP5,4.991548,4.3080826,4.4321218,4.7938375,4.303586,5.068326
LILRA3,1.5082703,1.2835522,-4.2909822,-4.0099587,-0.40715027,-0.27069283
AKAP3,0.13975501,0.7716973,1.2228992,-0.1293956,0.030426502,-1.4880562
LILRA4,-0.33701515,0.15002823,-4.3615003,-2.9384222,-1.644104,-0.97174644
FAM184A,-0.06306195,-0.03398609,0.083896875,-1.0782578,-1.1928387,-0.9118328
OR4C46,-0.15196645,-0.7972287,1.2249627,0.23694468,-1.5600324,-1.1655856
DNAJC5B,1.1536579,1.1702509,-1.6856635,-1.3103087,-0.71745586,0.7079644
C16orf46-DT,-0.803283,-0.6236507,1.5050021,0.33220923,-1.3797603,-0.97204924
LILRB1,-0.034070015,1.1011019,-5.7087235,-4.7944183,-2.038394,0.075883865
LILRB2,-2.2583284,-0.82251644,-4.652892,-1.7456846,-3.673317,-3.2419786
LILRB3,-0.15863323,0.24114513,-3.8348522,-2.0948467,-1.5732527,-1.1181402
LILRB4,-0.35583973,0.90100384,-3.045107,-2.3682861,-0.42166996,0.71023464
LILRB5,2.4323058,5.5152907,1.8476267,4.5311522,-5.089554,2.5178857
TPPP3,-1.5468321,-2.1550612,-0.5170493,-1.4294379,-3.4331098,-2.760468
TOMM7,0.019918442,0.079401016,0.5697222,0.6028786,-1.0403738,-0.34309387
FAS,0.42564964,-0.13676882,-0.3061657,-0.16381264,1.6421003,1.20683
TOMM5,0.605916,0.9073515,-0.38066483,0.58695126,0.35639095,0.9459734
SIRPD,-0.7369685,-0.04636097,-3.3928132,-0.53977346,-0.8684263,-1.1441407
SPANXA2-OT1,1.0554547,0.296,0.6867709,0.38717794,-1.9500194,-0.07894039
ARID4A,-0.12331915,-0.008735657,0.9893284,0.00971365,1.6304998,0.046154022
ARID4B,-0.20888138,-0.003885269,0.27665234,0.2872982,1.2446976,0.16721535
CIB1,0.3185587,0.6535692,0.37865543,0.55894375,0.29654217,0.07055855
TMEM144,-1.0840435,-0.48288107,0.56780624,0.33078194,-1.2271786,-0.5844693
FBL,-0.18516445,-0.047085762,-0.118328094,0.2698412,-0.4416046,-0.059165955
PTTG1,0.6263819,1.621768,-1.206728,-0.19428158,-0.44740677,0.044714928
PTTG2,0.9119797,1.5250416,-0.78906584,-0.117752075,-0.23718166,-0.019835472
NUSAP1,0.5328741,1.3482733,-1.8901501,-1.888185,-1.5016155,-0.6896944
PDE8A,0.43193817,0.5956135,0.19275808,0.32943058,2.2294807,0.80406284
TMEM14C,0.30244064,-0.006343842,0.43525124,0.6715145,0.7795868,0.538249
CFAP418,-0.4812641,0.004351139,1.1076031,1.2882242,0.8841257,0.6412878
ANGEL2,-0.6619139,-0.68742275,-0.2769723,0.5524869,-0.07211876,-0.7984586
ANGEL1,0.43588877,0.6651106,-0.14240885,-0.49155712,1.5805349,0.32054806
ARID5B,1.0488677,-0.15226364,-1.392026,2.00705,-1.9755011,1.8649712
SORCS3-AS1,-0.020278335,0.7671125,1.0788136,0.24008012,-1.7032796,-1.1166959
CFAP410,-0.4510579,-0.60583925,-0.031080246,0.27859545,-1.4022479,-0.8679223
SGO1,0.77800417,1.6742544,-1.8395865,-0.024130821,-1.7455678,0.19710732
TMEM134,0.71070004,0.58113194,0.6155615,0.7672472,0.6648798,0.0653801
LMX1A,0.8348799,0.30676603,0.91857386,0.589169,0.5261698,-0.5045295
TBL1XR1,0.13554573,0.14558601,1.7713232,0.39539814,-0.50191116,-0.019465446
FAM185A,-0.28034544,-0.011481762,-0.13980246,0.2604847,0.41734314,-0.4361019
ELMO1,-0.00147152,-0.32114458,1.541853,0.030687332,0.34559822,-0.4317336
PMS2P3,-0.4630289,-0.13312244,0.037226677,0.32486296,-0.59396076,-0.5276208
ELMO2,-0.075549126,0.35787296,-1.31845,-0.11813831,0.6708336,0.33072853
LMX1B,-0.1319871,1.0430694,4.8723,-0.2997749,-0.55539465,-1.0857973
STAM2,-0.48008966,0.003521442,-0.7476182,-0.5540881,0.8676982,-0.038708687
ATP6V1A,0.24825764,0.34405422,-0.052168846,-0.31142616,0.41816235,0.29143238
OR2C1,0.00911808,-0.31276536,1.6836381,1.0038204,-0.53402376,-0.5307231
H6PD,2.0318804,1.3793921,0.24511433,-0.2771864,1.3843842,1.8911572
DNAJC27,-3.4100375,-0.40773344,-0.60941124,-0.609385,0.06386566,-0.5451784
NID2,0.57449377,-0.9887738,1.0044619,0.050603032,-1.9282786,0.5969142
DNAJC28,-0.15637255,-0.17649603,0.16283369,0.29601574,1.2101111,-0.34031773
SEL1L3,0.32352352,-0.23026371,-2.5646768,-1.3011866,0.595314,0.06953335
SDCBP,-0.968462,-0.5267253,-1.6984863,-0.96472406,0.017224312,-0.39934397
TMEM127,-0.15392494,0.19177628,-0.35603714,-0.1769886,0.6068554,0.000407
RPS17P10,0.03142929,0.58168983,-0.13695145,-0.40959167,0.41989326,0.74948025
BCAP31P1,0.5599861,0.66043663,-0.10334301,0.6502285,0.16322136,0.40111637
HSPA8P18,1.2896996,0.25232363,0.8681936,0.6595979,0.53755474,1.2268162
DNAJC21,0.061548233,-0.10428095,0.5118737,-0.38907814,1.135539,0.41060257
STAP1,-2.4687505,-0.017490864,2.6288912,1.0844634,-0.8300166,-1.4444747
ATP6V1D,0.5229683,0.6609249,-0.22803593,-0.12746048,0.6088724,0.9226551
OR2B2,-0.519562,0.67905235,-0.6209376,-1.0431337,-0.34927654,-0.33921075
HSPA8,0.7622719,0.79024696,0.80220604,0.41469955,0.5240221,0.8982487
TGFB2,-0.09320998,-1.5441067,0.41163802,-0.056280613,-0.74946165,0.12562537
TGFB1,0.9121618,0.6653471,-0.52616215,0.072649956,0.28177643,-0.4062767
LRRC75B,0.8380594,0.5684309,-0.31263304,0.0016675,0.88043976,-0.001667976
TGFB3,-0.23028755,0.5287416,-0.2775805,-1.1179144,0.6117022,-1.884921
EPHX1,0.5703831,0.10815048,-0.4958496,1.4217052,-0.19673061,0.038258553
HSPA6,-1.847436,0.117093086,-2.5787115,-2.8361635,-4.17859,-4.79524
HSPA2,0.5236635,0.021607876,0.3865857,1.7099419,0.004729271,0.43118477
DNAJC16,0.22700787,0.19005108,-0.17574835,0.1651969,-0.023697853,-0.004245758
NFKBIA,-0.18040848,-0.4973755,-0.848588,0.56095695,0.11014843,0.66055965
DLG1,-0.3699112,-0.18831825,0.44585323,0.27799988,0.5148058,0.2915573
FER,-0.41552353,-0.007162094,-0.39264488,-0.16922283,-0.54445267,0.12633228
TMEM114,0.7811452,0.09294033,1.3330866,0.2330507,-1.5718952,-1.0980961
DLG3,0.5800929,-0.5549607,1.5118732,0.40529323,-1.5143466,-0.017800212
GDNF,-0.6662286,-0.46322,1.5755945,0.54809034,-1.3051125,-0.81280786
FES,-0.485816,0.099131584,1.5775642,1.7481756,0.16466618,-1.1107368
TMEM116,0.008745194,0.29446173,1.1295676,0.05838728,0.20698881,-0.43124866
DLG5,-0.42445898,-0.46685696,0.606199,0.861284,1.2485862,-0.82895803
TGFBI,1.7443695,2.0258083,0.4454708,0.92870903,0.62433815,1.1376095
CLASRP,-0.035150528,-0.32879448,0.33510208,-0.005710602,0.004303932,-0.118411064
PALS2,0.78483105,0.37083244,-0.8992367,0.008811235,1.1292758,0.5415721
OR2A4,-1.6734347,0.7062504,0.45826483,0.001963615,-0.7763953,-0.4005494
HSPB9,0.3320701,-0.6137891,-0.41258478,-0.12187433,-0.6910374,0.027950525
MCTP1,-1.3599095,-0.8117156,-2.831861,-1.714817,-2.8062959,-1.472002
PDE3B,0.1535964,0.036742687,-2.5254226,-2.1656961,0.5186653,0.1373601
ELAVL4,-1.044637,1.4655962,1.0331094,-0.14079785,1.0189543,-0.5158582
HSPB1,0.6274433,0.6388283,0.84525394,1.07588,1.1783342,0.39604282
ELAVL1,0.2780652,0.41291904,0.3234396,0.68042946,1.1838846,0.10653019
DHTKD1,-0.88290787,-0.36907244,1.238472,1.5416298,0.8876972,-0.47477913
TMEM102,1.3401709,0.7125635,1.7469606,1.9437647,1.8985395,1.1552944
TMEM105,-0.34008598,-0.012273312,-1.6508021,-1.616602,-0.52807,-1.2053208
ENOSF1,-0.76194763,-0.06849861,-2.101665,-0.8851013,-0.849061,0.13864517
PDE4B,-1.8328738,-2.38099,-1.4309697,-1.9173365,-1.4433126,-1.3191605
PDE4A,0.54059887,0.32351208,1.3086758,0.9235468,1.6102953,0.2086811
POLK,-0.69885683,-0.5363413,1.4647856,0.44230938,-1.4466121,-0.835578
POLH,-0.3873415,0.2820258,0.29084253,0.23307037,-0.33501673,-0.26859188
FGA,-0.69676554,-0.51249695,1.4012563,0.5965109,-1.400841,0.14444768
GARIN1B,0.4988401,-1.2464483,0.19750309,0.89131284,-1.6806827,-0.4442389
PDE4D,-2.1663303,-1.9204528,0.014267206,-0.88151836,-2.134476,-2.2620316
FGG,-0.6186895,-0.4268654,1.6460208,0.4993881,-1.2666218,-0.3662511
PDE4C,0.39712143,0.6289334,-0.19085503,0.008337975,0.23779392,0.25923204
UPK3B,0.040659428,0.3157096,0.010548592,-0.4587798,0.000514,-0.07053137
UPK3A,-0.39761662,-0.14337373,-0.5865679,0.3388586,-0.63411045,-0.6256428
ARID1B,-0.8358078,-0.44741392,-0.60222435,-1.1165471,-0.10468578,-0.30928898
FGR,-0.003969193,0.53638077,-0.24961758,-0.17290115,-0.02193451,0.27684593
KCNA10,-0.87180716,0.00379324,1.1506968,0.91533065,-0.83172536,-0.8833568
MCTP2,-3.8370874,-2.6373734,-2.5563703,-3.48061,-4.1270514,-2.9266164
RGS19,0.24023438,0.49059868,0.788147,0.35339928,0.66004276,-0.25020123
POLDIP2,0.11966133,-0.20103455,-0.092188835,0.2233162,0.544817,0.26941013
RGS16,-0.42316914,-0.5996742,-2.6049063,-1.3597269,-1.1904402,1.3715992
PON1,-0.5527516,-0.62953544,1.3614032,0.39971066,0.46771932,-0.9465771
DBF4B,-0.31963015,-0.9281471,-0.56406426,-0.24898577,-0.9979148,-0.06676245
RPH3AL-AS1,0.4268577,1.3700285,-0.57665277,1.8821611,0.6550751,-1.3555704
HSPD1,1.257658,0.42806435,0.47629738,0.40372086,0.6012907,0.9139643
STRN3,-0.5072427,-0.37299156,-0.3519106,-0.01772356,0.6281414,-0.38382673
DLL3,-0.8481876,0.3188095,1.262911,0.3603505,-0.012782931,1.513991
ACAN,-0.028582573,0.00420332,-0.31083393,-0.082621574,-0.37726355,-0.109796524
SLC22A18AS,1.8803225,1.890254,0.8593111,-0.47876072,1.6990194,-1.167036
NRIP1,-1.2905531,-0.7699785,-2.6094747,-1.7696066,-0.63914585,-0.8412342
PDE6C,-0.933385,-0.7275148,1.300437,0.2766013,0.4184246,0.18917632
CLASP1,-0.03356743,0.006670952,0.35389614,-0.15335894,1.0012541,0.34354305
PTCD1,-0.24529934,0.12342358,-0.043580055,0.10422611,0.40009785,-0.047449112
NIFK,-0.28302097,0.2344904,0.2382536,0.84081745,1.3784828,0.17638874
SGTB,0.117444515,-0.58278894,-1.2639194,0.3065529,-2.613307,0.04169035
ARID3B,-1.3344574,-1.4352207,-2.0239124,-0.66902924,-0.98034,-0.56974316
MEIS3,1.2404029,1.4245217,0.5147083,-0.29229915,-1.527596,0.760561
MEIS2,0.19537377,-0.48756945,4.3654475,0.46344733,-1.3789632,-0.88066036
SH3YL1,-0.316442,0.27883768,-0.3357334,-0.4999361,0.984992,0.06688833
POMK,0.23622656,0.036422253,0.39878702,1.6730533,-0.16416931,0.26435375
RGS12,0.24971199,-0.43146324,-1.1988058,-0.52510643,-0.88901997,0.00186348
RGS11,0.41152334,0.15355062,2.5873375,4.0842943,2.6682224,1.1374578
PDE7A,0.21820259,-0.5593953,-0.347085,0.2426405,-1.8665981,0.30778408
ATF1,-0.23490143,-0.5770526,0.13459492,-0.03209448,0.8520565,-0.511889
POP5,0.33883572,0.50536823,0.7543917,1.0299807,0.68962383,0.069018364
POP7,0.11607838,0.13988781,0.1323986,0.52756786,-0.10499668,-0.073744774
PRMT5-AS1,-0.8485586,-0.66867816,1.4075308,0.33509886,-1.4070667,-0.9959413
POP1,0.78463745,0.9990392,0.21690893,0.000949,1.5797086,0.69347906
TESK1,0.029202461,-0.09545803,0.17787743,-0.017569542,0.38954735,-0.5312977
F11R,0.21455097,0.34044743,-0.33829212,-0.27733707,0.39646435,0.19296265
ENDOV,-0.57437515,-1.1150818,0.7178483,-0.16357613,-0.3586445,-1.0631189
C3AR1,-0.6306591,-0.023584366,-1.4296656,-0.06430054,-3.7162209,-0.89828587
ENDOG,0.44510746,0.6024828,1.4018059,1.0227728,1.0785637,0.37628365
LDOC1,0.49729443,0.25855827,-1.1754191,0.38628435,-0.35233498,-0.91841626
FRS3,0.353487,0.3349018,-0.15587139,0.000883,0.405653,0.06701374
THAP7-AS1,-0.17520428,-0.10181904,-0.85851717,1.1936355,0.633533,0.37858534
FAR1,-0.24572897,-0.8316493,0.103321075,0.41236305,-0.14729023,-0.6772127
FAR2,1.65168,2.0863895,-4.0442524,-4.9532657,-0.006995201,2.560402
ATF3,2.100998,1.9320755,0.1506648,0.096853256,1.0438318,3.133174
RABL6,0.096898556,-0.21309972,-1.0918775,0.33250618,-0.5749612,-0.19883013
FLG,-0.77336544,-0.62331957,1.3619772,0.43774366,-1.3494084,-0.58043987
CDCA5,0.3770218,1.5121288,-2.7714586,-1.965714,-1.9821157,0.04664612
GATA6,-0.3187654,-0.6137834,1.3623363,0.6762427,-1.438876,-0.7365684
PDGFA,1.8121433,0.16958237,-0.37781096,-0.1825366,0.8426595,0.8277235
GATA3,-1.5810614,-1.6127728,0.01722622,-0.56794965,-2.039207,-0.14322567
GATA1,-0.27677214,-0.9514458,1.0898287,0.047806263,-1.5204831,0.060187817
RPL21P19,0.1427517,-0.11691666,0.029572487,0.3161831,-0.637969,0.03075695
EPB41L5,-1.697865,-1.4472029,0.49335432,-0.38259876,-1.1611149,0.079472065
EPB41L2,2.6182604,3.0053644,1.2058,1.2699137,2.211996,2.9200163
EPB41L3,-0.68712044,0.8965378,-1.9980679,-1.2731991,-0.7736473,-1.1394653
PDGFC,0.46239185,0.53490114,-0.9161587,1.4334722,-0.408916,0.58200216
PIP5K1A,-0.016980648,-0.25013113,-0.3607087,1.513886,-0.54445314,0.038792133
ATG7,-0.72797394,-0.48119545,-0.6023884,-0.41061783,-0.9041033,-0.71932983
ATG5,0.028430939,0.27493095,0.042022705,0.17199135,0.49606228,0.4220066
FUCA1,0.48250198,1.3297081,0.14151096,1.6352844,0.4558668,1.435545
YWHAEP5,0.43337727,0.34066105,-0.39759254,0.7588701,-0.007486343,0.011769295
FN1,4.7049227,5.908433,-3.5396225,-0.9403019,-2.3318868,4.0257607
OR4N4,0.27503324,-0.42412096,1.520272,0.6497295,0.39153814,0.69205594
FAT4,0.8691251,0.4383893,0.56097126,-0.37046528,-0.44922233,-0.6012864
MTMR12,-0.30668306,-0.05553627,0.8965821,0.19782877,2.3604083,0.14519215
GALNT7-DT,-0.5533843,-0.44104004,0.052707672,-0.3475008,0.32958078,-0.55650616
CFAP97D1,0.4496112,0.5327158,-1.013298,-0.22598076,-1.8468852,-0.89438915
SMPD3,-1.2958145,-1.8369546,1.7075648,-0.11152649,0.18276215,-1.8257761
GGTLC1,1.2210169,0.597806,-0.98795795,-0.70237637,-0.023457527,0.8332882
PANX2,0.5559602,1.2637291,-0.38149738,-0.16032028,0.19632196,0.5557151
PIN1P1,0.44566154,0.970829,0.55645466,-0.21500397,-0.5945959,-0.007587433
SMPD2,0.61679554,0.48451948,1.5273542,1.5979185,1.6639576,1.0197725
CHAF1B,1.0885539,1.8164225,-1.1575675,-0.61746454,0.018036842,0.64828825
PINK1-AS,0.38205576,0.34160614,1.419013,0.27864218,-0.30039024,0.25177002
ATIC,0.58387566,0.80376244,-0.12793064,0.28517914,1.0732536,0.4171753
OLR1,-0.9198711,-1.0667696,-1.4499285,-2.5235937,0.16896772,-0.30955935
GATD1,-0.16886711,0.42489243,0.000514,0.46821976,0.32382774,0.066970825
SPHK1,0.54183483,-0.071017265,0.35628033,0.052235603,-0.4380703,0.19990253
FOS,-0.44375992,-0.948061,-5.9224973,-4.4783955,-0.22684574,-1.6019526
GATD3,-0.55721855,0.35321617,-0.001681328,0.5635834,0.3712082,0.5075331
PHF20L1,-0.40938854,0.042794228,0.007582665,0.101346016,0.46391773,-0.42298126
SLC7A5,1.828279,2.17246,-1.1675038,-0.92311144,1.5196948,1.276628
SLC7A6,0.68198967,0.7497678,0.6284976,0.72896814,0.92187595,0.6569319
SLC7A7,-0.7565212,-0.17472267,-3.1806355,-2.4500542,-1.6374769,-0.86886215
SLC7A8,2.3490462,2.5004158,1.1010537,1.5246239,2.1649237,2.2199993
CYP21A2,0.6839061,0.47606802,-0.15302801,0.65304756,0.40632677,0.44623327
CINP,0.1400156,0.510375,-0.41068554,0.26687527,0.23740482,0.12557602
NUP62CL,-0.37297893,-1.301605,-0.3839922,-1.1874807,-0.477916,-0.23725009
ATL3,0.22334671,0.17561531,-0.00377655,0.6589298,0.8195305,0.625329
ATL1,1.456594,0.7232585,1.7276788,1.2203431,3.0061865,1.7064085
FAXC,0.5948949,-0.97565687,1.0477822,0.14745867,-1.8260943,-1.2344601
ATL2,0.68512845,0.07536769,0.43913627,-0.4031328,1.4029984,0.4322734
SLC7A1,0.60273075,0.9869585,-0.006061554,0.07275438,1.7217083,0.6927433
WRN,-0.36623,0.020483494,0.11822796,0.26588583,0.42565632,0.17748547
GAPDHP27,0.6850319,1.2132378,-0.43110085,-1.4503517,0.6862469,0.37912083
MFN2,-0.3629284,0.14842796,0.14518452,0.15152168,0.58908176,-0.02159977
SAMD3,1.0376847,0.10460639,-0.122647285,0.6651161,-0.06264949,1.8251603
C4orf3,-0.22667217,0.034680367,0.17221832,0.858243,0.44541264,0.3496008
GOLM1,-0.74669254,-0.47566873,1.4161274,0.6022295,-1.3854562,-0.78763276
NOC3L,-0.7171049,-0.32632494,-0.3202057,0.38025188,0.049758434,-0.1374588
TMEM272,-0.77415144,-0.6115946,1.4892448,0.39671457,-1.3233554,-0.92898613
TMEM276,-0.496233,-0.416996,0.8460617,1.3731022,0.532114,-0.17617035
FAM200A,-0.29291487,-0.06748104,0.052321434,0.2467084,0.4875679,-0.04095936
SLMAP,-0.501029,-0.13583088,0.12624836,0.27075863,0.28678226,0.22694969
TTC30A,0.005630016,0.7643857,5.709405,-1.3442211,0.60281277,-0.005630255
TRAV8-4,0.34796214,-0.1179235,-0.4344592,-0.75447893,0.1986494,0.08703923
YPEL5,0.07419014,-0.53666306,0.0545187,1.0435467,0.70893097,1.1134434
FRK,0.8964429,-0.77782327,1.3750985,0.205912,-1.7154782,2.3798754
YPEL3,-1.26017,-1.2013168,-1.3777332,-0.8189888,-1.0738182,-2.0554538
LIMS2,2.7324667,1.935626,2.4457617,2.2817497,2.5806828,1.4293194
YPEL2,0.034996986,0.54705715,-0.034996986,-0.2872324,0.6386881,0.36218834
HYCC2,-0.49543953,-0.16511822,-0.7692461,-0.50805473,0.14526749,-0.41116714
MPV17L,-0.60400534,-0.15160847,0.88988495,-0.63753223,-0.82124996,-1.2827258
ATN1,0.8217602,1.2604523,1.1881742,-0.19913197,0.44507217,0.94947624
PLOD3,0.8348675,1.0950508,-0.2111969,0.02130127,0.62836266,0.16729069
FRY,-0.093809605,-0.22263336,0.25773573,0.19911051,-0.02564764,-0.118609905
ATXN3L,-0.78642094,-0.666846,1.3706049,0.3906058,-1.3586516,1.3659803
ADORA3,3.160222,3.364993,1.8947954,2.383193,3.15279,2.9622412
GARIN2,-0.7393471,-0.5667912,1.4754689,0.46037292,-1.3017367,-0.8757175
ADORA1,0.9587519,-0.29229927,1.9200418,-0.5575237,3.1655967,0.3772967
CIR1,-0.5684643,-0.6098366,-0.46734333,-0.3981533,0.47735882,0.011738777
GARIN6,1.165479,-0.43873316,1.6519458,0.5380688,-1.3719943,-0.8393927
SYBU,0.10958099,-0.65613276,1.3086743,0.36752677,0.41851664,-0.9949918
BNIP3L,-0.36477757,-0.30600452,-0.8693466,-0.6797972,0.4623499,-0.89751244
TENM3-AS1,-0.7676465,-0.5275809,1.423879,0.504359,-0.5635036,0.62724817
SPAG11B,0.3123449,-0.19713438,1.3595198,0.40266955,-0.56457007,-0.99200004
CISH,0.8831959,1.1349735,2.0627384,2.4772778,2.0714865,0.90441036
EIF1AY,-0.45718575,0.001064301,1.4542384,0.40347886,0.7607355,-0.001064301
EIF1AX,-0.21863365,-0.07916832,0.5149689,0.7683945,0.6873932,-0.20853424
RAD21L1,-0.70657295,-0.5451836,1.5780112,0.3995489,-1.3063785,0.04226458
CDC25C,1.3000069,2.380353,-1.2745233,-2.253685,-4.0070486,-0.18194461
CDC25B,-0.0690794,0.22103786,-0.082639694,-0.6572809,-0.19170475,-0.6893635
TPST2,0.18886757,0.46829224,-0.025554657,-0.10823631,0.9773512,0.02555561
MFNG,-0.08158779,0.011406899,0.8764343,1.4710188,1.0008545,0.3387413
LPAL2,0.74950504,0.66237164,4.3860345,0.45005333,-1.2686062,-0.8866099
IL6ST,0.6130514,-0.23632717,0.2412157,2.0761557,0.025680542,1.1389904
SLC27A3,0.97729015,-0.12898731,2.352645,2.1169062,2.4529285,1.1397486
LINC02303,-0.73017275,-0.57571584,1.3574512,0.5335934,-1.4043758,-0.80652744
CD274,2.8069487,2.1822042,2.036623,3.4580336,2.6916943,4.3058805
DLX1,0.28312206,-0.10252833,0.37437344,1.0819454,-1.6226866,-0.737555
DLX2,-0.5414821,-0.45755816,1.605717,0.9385412,-1.1690404,-0.81193674
SHC3,0.013748646,0.11516237,0.042459965,-0.6074939,0.3816204,-0.44316816
DLX5,-0.6024966,-0.4599303,1.43836,0.6141207,-1.274876,-0.76509804
LIN7C,-0.34427547,-0.14921474,-0.53763294,0.53397465,-0.45321846,0.1124506
CORO1B,0.7607384,0.63224983,0.32148933,0.5144329,0.13027668,0.42099476
CORO1C,0.30701256,0.67630386,-0.32731438,-0.49801064,1.4563932,0.34084034
EIF4EBP2,0.13125134,0.32014608,0.6924242,-0.0712142,0.8236723,0.016886711
ENSG00000271776,-0.47763777,-0.38358617,1.559216,0.70700264,-0.7943027,-0.7175214
LINC01003,-1.1860061,-1.100533,0.23379421,0.85521317,-0.06900501,-0.5990124
SLC14A2,0.47517347,0.27426434,-1.0373387,-0.44961357,0.18971777,0.22109413
LTO1,-0.5618644,-0.72489166,-0.5034566,0.17819977,-0.69204044,-0.36754274
FUZ,-0.07136154,0.13132477,-0.14318275,0.33168888,-0.64493847,-0.6738086
NDC80,1.2383883,2.1893995,-0.8293083,-1.6305987,-3.5568433,0.2519405
IGSF11,0.21829665,-0.19745493,1.6008049,0.44533086,-0.4459213,-0.8699541
SYCN,-0.661541,-0.24850297,-0.91447115,0.52350354,-1.0528343,-0.5167041
LCN2,-0.71565837,-0.66721547,1.3331337,0.4481969,-1.5312436,-0.9419594
LCN1,0.6443596,0.43294048,-0.75632286,0.17949939,-0.09429741,-1.045047
ACO2,0.9715805,1.0038338,0.613574,0.58112717,1.6065292,0.90636635
MT-CYB,0.425951,0.41607094,0.08075142,0.96578026,0.018598557,0.66737175
LCN6,-0.8544858,-0.60761774,1.3006613,0.44066,-1.4746923,0.3104427
NIT2,0.14589787,0.3495245,0.21218204,1.1170359,0.41879654,0.9042177
OR7A10,-0.46272004,-0.47888857,1.5308492,0.89108014,-0.9193331,-0.6999058
LRGUK,0.35884786,-1.8670955,5.487746,-0.90062904,1.3136559,0.70952034
LEAP2,-0.9827452,-0.37235355,-1.246347,-1.5414062,-0.7778435,-0.89236975
AKAP8L,-0.39087868,-0.39022827,-0.104782104,-0.21406174,0.010894775,-0.34371662
TOB1-AS1,0.06058693,-0.4547081,1.1083641,0.5775976,0.03614092,-0.32485247
RLBP1,1.1598072,0.31757498,-0.37302017,0.017531395,-0.7191882,2.3471837
TAGAP,-0.7251644,-0.18693542,-1.0920043,-0.07527542,0.99203014,-0.9632759
ACP7,-0.10908842,-0.6794336,0.7685437,-0.21738362,-0.46549058,0.021656036
UNKL,0.013339996,-1.234379,-0.4675355,0.25338554,-0.18757915,-0.20089483
ACP1,-0.59246993,-0.5579996,-0.44343877,0.68004775,-2.055547,-0.1453898
EIF5B,0.60303307,0.61143875,0.11292267,0.32247543,0.82239056,0.6105633
ATRX,-0.42836285,-0.107066154,-0.6397486,0.3462,0.62470055,0.2050581
SYF2,-0.19730043,-0.4459262,-0.7398057,0.25079918,-0.41576147,-0.09936333
HAND2,-0.7063408,-0.62085295,1.7953944,0.37790227,-1.3575007,-0.9941699
LCOR,-0.6154289,-0.18318748,-0.7344918,-0.8109999,0.9899893,-0.42874432
LCP2,-1.060175,-0.69789314,-0.39005184,-0.17839813,0.13451958,-1.3494873
SCOC-AS1,-0.32656503,-0.74953485,-0.9340291,0.32662916,-1.0845227,-0.049588203
MGRN1,0.074142456,0.018493652,0.29086113,0.9268074,0.5684414,0.68442535
SLC5A10,-0.121171236,-0.36619043,-0.47415614,0.49513245,-2.78184,-1.2362835
TSPAN32,0.7227311,0.27048588,1.0151024,1.2933903,0.9544611,-0.07736397
TSPAN31,0.7376926,1.4820969,-0.14524603,-0.30616617,-0.41783357,0.44168305
CDC42,-0.016880035,0.15099335,0.37735367,0.41741848,0.1863966,0.17775154
CDC45,2.1717124,2.5296264,-1.7575555,-0.4422598,1.0566564,2.3752418
ATXN1L,0.9617696,-0.90785885,0.5850339,0.13911057,-0.06803608,-0.7933626
FYN,0.7707224,-0.38679028,0.9790344,0.40058994,1.3216858,0.12400055
FSD1,0.36725593,-0.042562723,-0.089071035,-0.6104467,-0.044288397,-0.58599806
EIF4E,0.353446,0.7107096,0.022779465,0.1802969,1.1759386,0.33559608
H2AZ1,0.4108162,0.7348423,-0.31001282,0.015171051,0.2973938,0.35305405
NTRK1,3.577611,1.4767625,0.49594307,-0.036059856,-0.236763,0.22019434
GADD45GIP1,0.54092026,0.63541985,0.5763674,1.2626839,0.3688898,-0.005282402
MARCKSL1,4.654854,3.3145256,0.887167,2.589323,3.0791922,5.327016
NTRK3,-0.005748987,0.24267697,3.9395063,-0.103263855,-0.5245545,0.2767732
MID1IP1,0.000451,-0.070456505,-1.8634081,-2.5030713,0.34118938,-0.03724575
CDC5L,-0.9785894,-0.5670109,1.035127,-0.04712522,0.25372016,-0.3232416
SYT15,0.42981148,-0.68255854,-0.9663408,1.021205,0.46715593,-0.08117294
SYT17,3.0342035,2.7310266,1.5047331,2.4120703,2.7031555,3.6025953
TSPAN16,0.7439196,-0.08051205,-0.34073997,-1.1370845,2.5608096,0.26054215
TSPAN13,-0.017593384,0.42274237,-1.3506608,0.39511776,-1.2383976,0.26824856
SYT10,1.7780211,0.56107044,0.13269138,-0.8550757,-1.9247208,0.07641339
EIF3H,-0.28772926,-0.32409477,0.16878891,0.57551193,-0.35319424,0.16168118
EIF3E,-0.32929707,-0.21677685,0.23654366,0.2825632,0.2298727,-0.11887932
CD247,-0.1866169,-1.5026431,-0.44809198,0.43463516,-1.2093825,0.35802794
PIK3AP1,0.041412354,-0.22452736,-3.9804444,-3.1307454,-1.2841005,-0.92171955
RECK,-2.6012583,-0.8741498,-0.6455474,-0.6858702,-0.27776337,-1.2924118
EIF3D,-0.1285057,0.26123333,0.16460514,0.48641396,0.12529469,0.21996403
CD244,-2.597797,-2.6437628,-3.6946604,-3.370461,-3.5268307,-3.5065162
RPL21P68,-0.72936916,-0.012375832,0.1609497,0.1371603,-0.19026184,0.3206463
DMGDH,-0.7555135,-0.65332055,2.7576623,0.33476055,-1.3882728,-1.0227909
FLJ46284,1.4863982,-0.49956948,1.4288559,0.5948136,-1.3618147,-0.75862175
PPAN,0.33394718,0.33876705,-0.34316635,0.36519814,0.26028824,0.3421116
NUDT1,0.11099243,-0.14183235,-0.7037592,0.2812767,-0.56801224,-0.4816656
NUDT2,0.001145363,-0.32938862,-0.060798645,-0.09693813,0.013160706,-0.7344303
ACTB,0.062171936,-0.34636116,-0.5311699,0.87498283,0.8570032,-0.608922
NUDT3,-0.8416743,-0.91767883,-0.12781048,0.4496317,0.20937538,-0.82323265
IL27RA,1.3479776,0.9973459,1.7392368,1.7013121,1.1734581,0.6362753
CDC20,1.0069318,1.8749294,-1.2720947,-1.128408,-1.522459,0.33911514
CDC23,0.077607155,0.45787907,0.12104416,0.09009266,0.68465805,0.19608593
EPC1,-0.9569869,-0.68179274,-0.25675297,0.22937965,-0.29123974,-0.423666
EPC2,-0.46469212,-0.3606062,-0.3128214,0.2349844,-0.04067993,-0.094569206
SRP9P1,-0.18532181,0.07421303,0.3788042,0.030183792,0.27760696,0.39437103
CTRB2,0.7993469,1.1436119,0.9070244,-0.7460613,0.4485569,0.024583817
CTRB1,0.60371125,0.4203664,1.4419385,0.29007208,-1.4020419,1.646762
CIRBP,0.12915993,0.21737099,0.019890785,0.81825066,1.659565,0.59246254
MFSD12,2.3288736,2.2268724,1.9478035,0.39165974,1.0840158,2.1533556
CDC34,0.39127922,0.28602982,-0.11111641,0.12632751,-0.12791061,0.094275475
PPA2,0.18454552,0.6818142,0.80674267,0.6621952,1.3430986,0.51320934
KCTD10,0.59408474,0.5017004,-0.19244957,0.079707146,1.4487906,0.16023636
PPA1,-0.49961472,-0.25638008,0.06742096,0.2694702,0.6246538,-0.24184895
CSNK2B,0.7731619,0.96718025,1.033741,1.3344917,1.561451,0.25771713
CD226,3.3698702,2.6605883,4.585741,4.507024,5.0205593,3.3280067
TRIB1,0.011484146,-0.42691994,0.38694096,0.80711555,0.93645096,1.0352526
TRIB2,2.1697993,1.3367414,5.712487,1.813384,2.1134706,1.6995578
KCTD18,-0.21426058,-0.22604561,-0.17264223,0.21536541,1.4273753,-0.100408554
KCTD15,1.1842985,0.8819461,0.7121234,-0.036860466,0.6609225,-0.1624484
LPAR1,-1.9121685,-3.0346513,-1.9276462,0.42687988,-1.333211,-1.6440916
XRRA1,-1.4966197,-0.007939339,0.079790115,-0.25210595,1.5630188,-0.0682354
ATP6V1C1,-0.09510422,-0.7806864,-0.5697193,-0.24940205,-0.028614998,0.13463783
ATP6V1C2,1.152215,0.8797455,0.07848549,-0.10948467,-1.5328794,0.96418047
SMIM10L2B,0.024433136,-0.1339364,-1.3580642,-0.70036316,-0.5856929,-0.8977537
STAT5A,0.46832085,0.022460938,0.9100456,0.7557373,0.5800829,0.8530092
ZNRD2-DT,-1.3742299,-0.85756683,-1.8911734,0.113116264,-1.9378228,-0.7191615
GREB1,-1.7305831,-1.5470865,0.5005753,-0.603822,-1.0486152,0.6556089
KRTAP8-1,0.6559181,-0.101094246,-0.4868908,0.5493355,-1.049912,-0.78773594
RAB27A,-1.2166128,-1.2760873,-1.2862968,-1.506979,-0.25479555,-0.9784684
FTH1P8,-0.16784286,-0.13935089,-1.2062654,0.67666626,-0.68125916,0.036628723
OSGIN2,-0.2092247,0.13618183,-0.41094303,0.51161003,0.44684315,0.09538174
PPBP,-3.7287397,-2.1420276,-2.2343397,-3.1825936,-4.336384,-4.426595
FTH1P2,-0.51779366,-0.39841652,-1.6934481,0.021181107,-0.7803154,-0.24627686
IL1F10,0.17528582,-0.09605169,-0.60021734,-0.13112068,-0.3181486,-0.24874401
FTH1P4,-0.3937149,-0.47750473,-1.8327608,0.107694626,-0.9430351,-0.20391846
AIMP1,-0.23799372,-0.32518578,0.33590984,0.74717,0.19575977,-0.41785002
ALDH6A1,-0.35590744,0.15963554,-0.06437874,0.68346405,-0.09995079,-0.1080513
CD209,3.846054,4.8554115,4.8150635,5.2631583,3.9532862,3.7719297
LPAR6,-1.6332645,-1.2798481,0.8870096,1.0129471,-0.77648544,-2.5710354
CDC16,0.006146431,-0.10109615,0.054214478,0.06826687,0.673995,0.20987892
MRAP2,-1.2989911,-1.1780852,2.919979,1.7410831,3.1782775,0.29766774
SUGP2,0.1728487,-0.00265789,-0.06367302,0.12782001,0.10875893,0.08017731
IL21,-0.34871042,-0.4406216,1.6187912,0.5127667,-1.2285892,-0.47015512
WFDC8,0.70216274,-0.4332366,0.5011077,-0.4863279,1.3781724,-1.8570633
IL22,-0.3296733,-0.42528105,1.5281293,0.6762017,-1.3321152,-0.84739625
WFDC9,0.554441,0.17689848,-0.10629082,-1.0899484,0.70329833,-2.4589038
DHRS13,0.3784623,0.10516214,0.53512573,-0.02220583,0.6795511,0.22199106
IL20,-0.6148334,-0.49075902,1.5566834,0.5827069,-1.3310826,-0.8076529
ACY1,0.3370142,0.3233366,-0.81196594,0.1465292,0.5191288,-0.1438837
IL25,-0.4561538,-0.39017302,1.6144567,0.63027215,-1.2151703,-0.7249851
IL26,-0.009678364,-0.42289305,-1.162741,1.4702568,-2.681717,-0.9040849
NPM1P7,-0.25313473,-0.33185673,-0.3107195,0.003142357,0.30302525,0.03640747
NPM1P6,-0.06823063,0.13801861,0.09431553,0.30696583,0.610054,0.1520853
WFDC1,3.7384944,1.7325205,1.0101954,0.036174655,5.0948663,3.6712947
SH3RF1,-1.688086,-0.48793125,-2.5689206,-1.7655754,-1.3746171,-1.4489594
WFDC2,-0.8879793,-0.61437774,1.2731262,0.4681331,-1.5287344,-0.9220147
AKAP12,4.724547,4.72126,3.883834,1.7231401,5.1287355,5.5227532
AKAP13,-0.5625906,-0.5254297,0.079714775,-0.36127567,0.18645573,0.2066307
CRTAC1,-1.4707243,-0.5773102,0.7064378,0.64337635,-2.2524533,-1.5862441
EPG5,-0.08698654,-0.33150434,-0.98650885,-0.4016676,0.5132446,0.097127914
OXGR1,-1.2023039,-1.1388776,5.3910985,-0.16410768,-1.9343066,-1.5436847
IL10,2.6501389,2.9619713,0.27395344,2.00734,0.08467007,1.1088462
ATMIN,-0.13080978,0.17028046,0.523057,0.06533241,0.8623133,-0.006213188
GAA,0.49004364,0.4651718,-0.23422623,-0.15999794,-0.9289732,0.0000696
IL13,-0.6816945,-0.63022846,1.3308375,0.42862344,-1.375736,0.0782423
IL18,-0.7662678,-0.74098015,-1.200614,-1.789011,-0.23537827,-0.33848667
IL19,0.6229818,0.124549866,1.4822891,0.37601113,-0.058585882,-1.2059784
IL16,0.18053675,-0.08560991,1.5727342,0.5158559,0.72298336,-0.5770766
PLAC9P1,1.061718,1.1227417,0.84820175,0.1917324,1.1423435,0.9150133
SYN2,-1.0709511,-0.89149845,1.241861,1.1038319,-1.6496408,-1.2418424
GAK,0.25312996,0.24398994,-0.1954956,-0.14038277,-0.13788319,0.25944424
IL1A,-0.884884,-0.95399344,0.55834484,-0.7746582,0.9031346,-0.24727511
GAN,0.52581644,0.22373724,0.007230282,0.8736563,-0.47127342,-0.19474888
IL1B,-3.4690723,-2.9398904,-5.2449074,-5.8622885,-3.6725445,-2.0457516
DMC1,-1.2069588,-1.3933556,0.55059266,-0.27881718,-1.3469856,-1.6200931
PABPC3,-0.2614975,-0.05513954,-1.2436008,0.50536346,0.95519924,1.2572346
PABPC1,0.69826317,0.16862106,0.9645233,0.7863407,0.08236313,0.5229492
RELA,0.31884575,0.3970127,0.2637577,-0.25735855,0.5705681,0.61070156
RELB,0.740592,-0.17725468,0.527915,1.5662737,0.5827818,2.1342878
NFIL3,2.0243654,1.342082,2.3830156,2.7235212,1.8242731,2.9225292
MGAT3,0.8712001,-0.0696516,0.26957464,1.8209834,-0.58374405,0.785017
MFSD4B,-0.23906231,0.23380041,-0.5481186,0.19465828,-0.17744112,-0.27630806
IL32,3.3352313,1.9716907,0.21722841,4.290542,0.9140916,3.8247418
IL31,-0.7393391,-0.5611117,1.4611518,0.4992261,-1.308657,-0.77108896
GCA,-1.1297531,-1.3564792,0.8919587,-0.33879662,0.33330917,-1.728863
IL37,0.4635706,0.7102127,0.6628475,0.39701605,0.857564,0.5398588
H2BC3,0.3126316,0.11611557,-0.41749954,0.7427921,-0.42351913,0.6724081
PCDHB14,-0.6249046,-0.4525519,1.5005362,0.616704,-1.2382114,-0.72568107
PCDHB10,-0.5300063,-0.3955115,1.5665915,0.68533015,-1.3804952,-0.6532343
VEGFA,0.040153503,-0.383749,-3.6271653,-2.106691,-1.6625443,-0.6434078
SH3RF2,0.35300446,0.9843571,0.10470915,-1.0363394,-0.115878105,-0.05725956
KITLG,0.5847635,2.1199193,-0.72349834,-1.0776548,-2.405463,0.33018398
EPGN,-0.56184757,-0.36704534,1.7207041,0.55064726,-1.2009453,-0.74595416
CFHR1,-0.41487867,-0.5232762,1.4865746,0.5160682,-0.9902185,-0.863223
CFHR4,-0.69364077,-0.55912435,1.5013864,0.48481345,-1.2502964,-0.20949268
CFHR5,-0.5741278,-0.4146319,1.5873263,0.61869586,-1.2414715,-0.7430811
CCNYL1,0.6505432,0.43385315,0.4484415,0.8713255,1.1432571,1.0736246
LINC02249,0.3229139,-0.14635527,1.4594128,0.4890988,-1.5871596,1.0619586
UBE3D,-0.08303499,0.7544017,0.38684034,0.5865493,0.934649,0.3754673
RPP30,-0.3506055,-0.5886781,-0.5832143,0.9118304,-0.25556135,-1.0463183
ZFAND6,-0.2486906,-0.116410255,-0.12697601,0.38411617,0.21956635,0.5464115
WASHC2C,-0.33252716,-0.44851875,-0.55076885,-0.90042305,0.22943401,-0.398489
UBE3B,-0.11395311,-0.37803316,2.8202038,-0.2807641,0.7082186,0.19837856
UBE2Z,0.29381752,0.36958885,0.47618198,1.1899033,1.5796385,1.4412594
SRP14,-0.016176224,0.093011856,-0.5907068,0.42604065,-0.1323061,0.065481186
TMEM266,4.38072,4.2363834,1.500864,0.78870726,2.459488,3.3444262
BORCS8,0.049645424,0.30785847,0.41893005,0.4903984,0.25370407,0.1732111
IL6R,0.05705166,-0.54022694,-0.37430096,0.04051304,-0.010579109,0.24846268
BORCS7,-0.5377016,-0.5978365,-0.08730793,0.58692646,-0.4579525,0.18775558
BORCS5,0.62124634,0.4970913,1.0149183,1.2797375,1.5661268,0.9313879
GEN1,-0.17871237,0.04851532,-0.19936895,0.7798033,-0.7150316,-0.07736397
DTX2P1-UPK3BP1-PMS2P11,-0.088260174,-0.6762762,-0.23361921,-0.14165735,-0.7494998,-0.505424
IL4R,0.547843,-0.25271797,0.15224743,0.924489,0.21453667,1.2902765
TMEM250,0.2524376,0.28281784,0.000443,-0.5585766,0.62408733,-0.19322681
POU3F1,0.45651436,0.62733793,-0.86741424,0.766572,-0.468153,0.06852913
TMEM251,-0.17567539,0.2232542,-1.0388899,-0.3690176,-0.18165684,0.24850655
POU3F2,-0.83514744,-0.840444,1.2801919,0.1000793,-1.6114239,0.4634936
GEM,1.5862741,1.0271268,-2.594556,-3.075234,1.8264723,1.448236
POU3F3,0.33755302,0.9405327,0.2513466,0.34640503,-0.85727215,0.038689613
POU3F4,0.08627534,0.47663593,-0.432508,0.7968049,-0.26291132,0.3836391
ST13P7,0.719821,0.21189404,0.5646267,0.21652317,0.8569441,0.7667694
MAP7D3,0.24379826,0.10251999,-0.24128103,0.64944935,-1.5496306,0.4917593
ANKS6,1.4858928,1.6259227,1.9129858,0.7397187,2.888403,1.5869286
ST13P2,0.8306141,0.30511475,0.3968916,0.22994614,1.0823927,0.88807106
PPIA,0.10963583,0.15871382,-0.027760029,-0.022235394,0.7336259,0.17398119
ST13P3,0.71488667,0.622653,0.30621815,0.43429184,1.6129618,0.8756037
DLGAP1-AS4,-0.6148018,-0.59805775,1.2723069,0.4725262,-1.4381567,-0.88929987
CACNA1A,0.16582823,0.6108022,0.100877285,-0.4710455,-0.18756914,-0.36181736
BHLHE22,6.540345,4.72225,1.2909062,5.0029907,3.1323974,9.037428
CACNA1C,-0.39565372,0.46609402,1.3369442,1.0428648,-1.0831165,0.30750942
CACNA1F,0.25878787,-0.46406293,-0.33941054,-0.6203413,0.3068347,-2.1561747
TMEM242,-0.1583643,0.14987993,-1.002471,-0.28159094,0.12115574,-0.84775066
CACNA1I,-0.28825545,-0.9881582,0.965127,0.086079836,1.0805779,-0.95110655
TMEM248,0.060977936,0.004457474,0.5497627,0.4110775,0.8903856,0.22525787
DHRS7B,-0.13179016,0.05324745,-0.31616306,-0.11424923,-0.19205952,-0.46079445
UBE2F,1.0563498,0.8926649,0.375885,1.3011293,1.2521305,1.5212345
SYT5,-0.53551537,-0.10061109,1.5240804,0.7180728,-1.2305005,-0.6348807
UBE2I,0.22581196,-0.099720955,0.9727192,0.73927975,1.2297974,0.22379112
TFAP2D,-0.6396281,-0.45416015,1.6421102,0.49079692,-1.2620034,-0.8166271
SYT2,0.53366184,0.9570317,-0.021408081,-0.36615038,0.06566,0.76728153
RPP40,-0.06270599,0.313632,-0.007281303,0.11630678,0.70023346,-0.22451067
GGH,-0.15619564,0.48214626,-3.1832185,-2.2751846,-1.732316,-0.25585747
ADA2,0.12251663,-0.78310204,1.2293301,1.6808357,-0.8789396,-0.81541634
UBE2A,-0.012509346,0.13163662,0.25274944,0.04882145,0.52756023,0.34707165
TMEM230,0.08961105,0.07918739,-0.034805298,0.032855988,0.028507233,0.28897858
HIGD2A,0.35428047,0.11854935,0.6704626,1.3379021,0.63606167,0.24344063
TMEM232,0.03378439,-0.51352376,1.6000813,0.44154084,0.40156496,-0.90750384
UBE2W,-0.27678108,-0.47338867,0.4773798,1.3701935,0.22777271,-0.36032867
TMEM237,-0.63099766,0.24121237,-1.0259848,-1.4608517,-0.90911794,1.0448053
TMEM238,0.9231701,0.58097076,1.5826197,2.0337372,1.3886576,0.35860538
BHLHE40,-0.023260117,0.24950409,-1.012373,-0.36341858,1.3415575,-0.28671646
UBE2N,-0.06521559,0.000641,0.4828267,0.17517376,1.4105859,0.2829075
IL7R,1.4598074,-0.8230181,-1.773387,0.3203802,-1.4343672,2.3060694
MXD1,-0.5890074,-0.86837673,-1.2407188,-0.62213993,-0.023324966,0.70043564
MXD4,0.092850685,-0.0374918,0.6235037,0.5772238,0.14073086,-0.14382076
MS4A5,0.9271002,0.17334867,0.13983631,-0.7568686,0.278677,-0.78271174
ADAL,-0.2623315,-0.07488251,3.9240947,-1.3630805,-0.21920013,-0.5372176
GHR,-0.83705175,-0.56946117,1.2877461,0.66081226,-1.5096456,-0.8038849
ST13P18,0.47854042,0.57606506,0.47921658,0.23672485,1.6905107,0.74426174
RASGEF1B,0.31516314,-0.30111408,1.4366684,-2.577581,-1.9285746,-0.019059658
MAN1A2,-0.44781542,-0.36036348,0.0938077,1.0203581,-1.3319964,-0.48115396
GET3,0.30825043,0.10595322,0.016104698,0.079050064,0.11170101,-0.2553091
ARFGEF3,1.0734012,1.4525576,1.2038325,0.07289696,1.9483094,2.3023834
DACT1,0.92945194,1.0371165,2.4564562,2.3383293,2.0907326,2.9477787
SNTA1,0.75199175,0.53480387,1.1696815,1.5640402,1.2156258,0.55394316
SPIDR,-0.37156057,-0.33269215,-1.0815868,-1.1696348,-0.25875473,-0.8517828
GREM2,0.4325267,-0.6708236,1.1964569,0.42980576,-0.24642038,-0.38786995
TMEM216,-0.44965935,-0.650692,0.42210293,0.68984413,-0.04796791,-0.8815794
TMEM217,0.8840728,0.23175097,1.5386562,1.1720047,2.38594,1.59132
MS4A2,-0.83322215,-0.7771975,1.2017615,0.28657508,-1.5301777,-0.72627324
MS4A1,0.13903475,-0.2898736,0.33271027,1.5604019,-0.6253085,0.24886608
FBP1,1.7781191,2.5211573,-1.7234516,-2.3604956,0.9760561,1.1243973
IL9R,0.44310427,-0.038065434,0.18422651,-0.43694687,0.03650427,-0.5110779
ADD3,-0.12725353,0.49403286,0.96445656,0.9955759,0.76865387,1.3682289
ADD1,0.5902457,-0.8656688,0.78242016,-0.21740532,-0.7869601,-0.02483797
AGPAT4,-0.422163,0.3840418,2.4920464,-0.39896297,-1.0952921,-0.53336
ADD2,3.3119836,1.7387133,4.698544,4.7204638,6.7441177,5.09678
PABPN1,0.71754265,0.056768417,0.15751171,-0.03196335,0.23034859,-0.012926102
SPOCK2,0.26501036,0.048103333,-0.21881437,0.67116356,-0.97322655,0.4922104
MXI1,1.2543507,0.03954506,-0.35911465,0.16229296,-1.8005915,-0.8659258
MAN1C1,-0.4008212,-0.11441326,4.3734455,3.2421694,3.2236624,-0.24579096
SPOCK1,1.8668926,1.4394119,-0.40008712,-1.2042209,0.25116134,0.53822446
RPP14,0.05917263,0.21291018,0.03723049,0.5934038,1.2196064,-0.009434223
ATF7IP,-0.52579784,-1.0152836,-0.36473465,-1.2548847,-2.3767858,-0.15106869
ARFGEF1,-0.24628162,-0.13538647,0.072834015,0.056563377,0.441535,0.5023384
RAMP2-AS1,-0.40075946,-0.36007714,1.5719717,0.7951243,-1.3559638,-0.7068678
ZNF804B,-0.7540494,-0.5744292,1.5449696,0.39852023,-1.3211591,-0.91722584
KICS2,0.10799837,0.09858656,0.49593592,0.5242071,0.83926296,0.27392912
ZNF804A,0.47708726,0.57237625,-0.43442512,-1.315268,2.5594277,0.037343025
ZNF300P1,-1.2475078,-1.1004138,0.887259,-0.03917575,-1.0091522,-0.13843286
ACKR4,-0.07479215,-0.81145024,0.18468308,-0.30785608,-1.9740424,0.003458738
ACKR2,-0.21175468,-0.93071234,0.76242447,0.002816677,-1.2678566,-0.60048664
GLA,0.12412262,0.5445366,-0.17226791,-0.0993309,-0.2989664,0.39785385
MAP10,-0.6084051,-0.37946415,-0.69208527,-0.08108282,0.11596632,-0.46885395
ANKLE1,0.24190283,-0.38309145,-0.59480643,-0.53918433,-0.72767305,-0.52738214
ARHGEF26-AS1,-1.0244424,-0.8668537,1.1033899,0.42632473,-1.882716,-0.32622087
DMP1,0.11018765,-0.4713661,1.6034694,0.451424,-1.3391403,-0.8605945
FAM95B1,0.36389184,0.9874406,2.547213,2.561143,3.2704525,1.1708446
ANKRD20A1,-0.53888136,-0.4160186,7.1500635,0.53434443,-1.2804226,-0.81245697
CSPP1,-0.32600212,-0.53676844,-0.001610756,0.6160879,-0.9342246,-0.6815672
CDK5RAP1,0.10548544,0.25400877,0.22264862,0.08880997,0.4559784,0.4485674
PROK2,-0.4683504,-2.1182742,-0.11441994,1.5421605,-4.502952,1.0175214
AP1S1,1.3103142,0.95026684,0.56801367,0.14923382,1.4955025,0.4080987
AP1S3,1.7416644,0.47492218,3.4660006,2.8926353,4.195507,2.0216055
CDK5RAP2,-1.1448212,-0.21632004,-0.78482914,-0.4284668,0.0581398,-0.8714695
GML,0.41819954,0.66632557,0.001342773,-0.007258415,0.026342869,-0.134696
REV1,-0.08696318,-0.1544838,-0.019579887,-0.067920685,0.45097637,0.021508217
GTPBP6,0.07449913,-0.14090157,0.10439539,0.7538414,-1.2816095,0.092377186
GTPBP8,-0.093580246,0.15582085,0.6128912,0.32834435,0.35652065,-0.058220863
GTPBP2,0.11124039,-0.07099056,-0.49455214,-0.49283075,-0.40379477,0.05872965
GTPBP1,0.14684391,-0.17381954,0.29461575,0.17160892,0.061732292,0.39159966
C21orf62-AS1,-3.1760516,-0.011839867,-1.2303963,-0.21261263,-0.9167013,-0.40439224
ZC2HC1C,-1.3923013,1.0762162,0.8034036,1.0473158,-1.5393499,-1.6208742
MAP1A,3.5919838,2.359118,2.534378,1.6249313,4.4594746,3.085209
ADPRS,0.0800333,0.111187935,0.73520947,0.40485668,0.28802204,-0.01096344
FAHD2CP,0.22789574,0.30527306,-0.39723682,-0.11962128,0.28228474,0.07303333
SEH1L,0.084630966,0.40687752,0.15803623,0.33810902,0.9847355,0.38406086
RPS4Y2,-0.022167444,-0.3108579,0.9285562,0.15925431,-1.6173099,-0.21461797
C10orf62,0.96630406,1.9305794,0.49611306,-0.6903415,-0.876811,-0.3208785
ADH5,0.06701183,0.06487179,-0.40316677,0.27050304,0.029362679,0.25220966
C10orf53,-0.520175,-0.32744408,1.730929,0.5985044,-1.1974325,-0.71653336
RMDN2,0.011108875,-0.317245,-1.1224613,-0.7777877,0.86869526,-0.100345135
RMDN1,0.07276821,0.43248272,-0.15139675,0.09672642,0.6020794,0.44738388
GP6,0.35742903,0.070617676,-0.1898408,-0.72014594,-0.3439932,-0.49584532
GP5,-0.673944,-0.4956771,1.6233286,0.43371212,-1.281783,-0.86082983
FOSL2,0.3745594,0.20132637,1.1105528,1.0566921,1.5929594,-0.24194431
ADI1,0.13873672,0.7081146,0.29724884,0.67393684,0.5283365,0.41448307
TOLLIP,0.49124527,0.4138584,0.6712637,-0.83484125,1.1028795,0.042862415
SNAI2,0.44936275,0.06436014,-0.8192022,0.49600792,-0.73249483,-1.1398141
PPT2,0.69212866,0.45171738,0.034878254,-0.10382748,0.27572918,0.181211
PNISR-AS1,-0.66152334,0.2390399,-0.4941392,-0.28912735,-0.356493,0.10886383
PCDHB7,0.43753958,0.61545277,-1.0708079,-0.37548947,0.37529373,0.12548542
GPI,0.87869835,1.4230595,-0.21296692,-0.35870934,2.0655184,0.5483818
ARPC1A,-0.06256294,0.23443985,-0.05988884,-0.07204437,0.51730347,0.03457451
TIMP2,-0.25321198,0.14931107,-0.92639256,-0.70464134,0.14038181,-0.1376257
TIMP1,-0.31543732,0.34026337,-1.5596714,-0.4978962,-1.5317812,-1.555109
PLEKHN1,0.15192366,-0.9937897,0.2712798,-1.079515,0.29594564,-0.050392628
TEAD2,-0.56724334,-0.60244656,1.4199741,0.37932825,-1.073138,-1.0216813
TEAD3,0.5179846,0.12017822,0.007151842,0.61226106,0.2888224,-0.03127241
SHPRH,-0.73663807,-0.50388956,-0.21115875,0.25087738,-0.27954292,-0.7324796
BRD7P2,-0.4799862,-0.51439476,-0.27278328,-0.7378063,0.001551628,-0.41454124
NUTF2,0.64751625,0.87628746,-0.5345192,0.5249195,1.2286167,0.23507595
FAM210B,-0.03489113,-0.29236412,0.77809715,1.0535622,0.54766273,0.737587
FAM210A,0.35949087,0.48893785,-0.0926137,-0.22481108,0.7470298,-0.29575205
CDC123,-0.022889137,0.33020878,0.09771919,0.12381077,0.86770916,0.15459347
GRN,0.14620781,0.23134422,-0.038196564,0.28825188,-0.5939255,-0.3705635
APOLD1,-0.43415737,-0.0911088,0.16141367,-0.38646173,-0.808146,-0.5032444
SCAF8,-0.09666157,0.017565727,0.18373585,0.448905,1.5102186,0.0899086
GPNMB,0.009683609,0.50014496,-5.514845,-4.1207523,-2.0271711,-0.313509
TP53TG3,-0.0228014,-0.0973587,-0.52564144,-0.07570934,-0.43550014,-0.25380087
FBXL9P,0.20483351,0.16278338,-0.88187766,0.4835167,-0.20823431,-0.5001471
SIAE,0.93239594,0.8330169,0.78751564,-0.13038158,1.7824774,0.538435
RUNX1T1,0.0000172,0.35660315,1.069232,0.19696832,-1.787795,-1.1432024
C10orf90,-0.49040866,-0.43761533,1.5901841,0.61169636,-1.17805,-0.790451
GSN,1.6324463,1.6720943,1.9609709,1.5695381,3.6060686,1.4852104
YTHDF3,-0.5088153,-0.5507064,-0.80049896,-0.1188221,0.3826475,-0.21766472
MGMT,0.35558128,0.26284218,-0.26251602,0.4822197,-0.66651154,-0.26006126
CSNK1A1,-0.05853176,0.17689037,-0.20162058,-0.31267786,1.3113728,0.13749886
GSS,-0.26161575,0.21620178,-0.1831379,0.2572708,0.037147522,-0.32108974
SLC8B1,-0.10013771,0.40695572,0.37027168,0.9025936,0.55799866,0.55877686
SLC8A3,0.59045744,0.9711833,0.5441594,0.33268976,0.49089956,0.19765997
SMOC2,-0.10444236,-0.6134368,1.4691141,0.34326482,-1.6131991,-1.0278713
NUCB1,0.5647373,0.6147194,0.05772209,0.19916344,-0.6129904,-0.42232037
TMEM39A,0.18520641,0.05522728,-0.8019643,-0.39344263,0.3839264,0.95861626
TMEM39B,-0.72603416,-0.61135864,-0.6359873,-0.06833649,-0.15222359,-1.104145
RAB3B,1.7649263,-0.53231496,2.3857927,0.4021982,-1.404104,2.527299
ANKRD13C,-0.6751094,-0.06554508,0.010781288,0.42426777,0.45125198,0.17950726
RAB3C,-0.6918555,-0.5087236,1.5285366,0.53355813,-1.496084,-0.31502986
TEDC2-AS1,0.25017214,0.6703384,0.14833069,-0.5156753,1.5035298,1.0345442
PROS1,-2.165444,-1.6292596,2.7160673,2.2788057,0.35853004,-2.119176
RAB3D,-0.24240589,-0.29915047,-2.590966,-0.6416893,-0.31831503,-1.5567231
PRORP,0.5664387,0.980381,0.01875496,-0.3423643,1.3859262,0.1751852
CEP120,0.077111244,-0.044898987,1.5027213,0.112718105,2.0744247,0.58778715
SYAP1,0.047016144,0.3813572,-0.04335594,0.050453186,0.80887127,0.24681282
IL5RA,-1.0233202,-0.81454587,1.1768899,0.27546346,-0.3021021,-0.55155766
FAM216B,-0.005712688,-0.46286416,2.188441,0.49469155,-1.2083383,-0.8208382
CDC14A,-0.419878,-0.8823676,-1.012928,-0.002711296,-1.1534009,-0.36893606
HID1,0.25655174,0.13508224,-0.04867363,0.24479103,-0.3892107,-0.030019045
RAB43,0.4214468,0.29149723,0.59811497,0.743886,0.82676506,0.8052168
IGHG4,0.76859283,1.7700839,-0.8456707,2.1679082,1.1786814,0.65173006
IGHG1,0.30936813,0.2867775,0.16651344,0.5766449,-0.38118267,0.49053764
SALL1,-0.21432257,-0.3870592,1.7060416,0.5686828,-1.3700253,-0.8224651
RAB42,1.0182476,1.0682659,-2.24896,-0.07683754,-0.7687521,1.627758
SALL2,-2.047754,-0.4071622,-0.4000678,-0.09064031,-0.3265214,0.13477206
SALL4,0.53270614,0.16873193,1.7470785,0.5664271,-0.50933003,-0.24950051
PHYHD1,1.2382965,0.5582762,2.6616745,2.38933,2.2956076,0.065107346
SLC39A5,-1.06339,0.09476137,-1.3295522,-0.42709494,-0.6027527,-0.67060924
PLXNC1,-0.63437986,-3.14753,-3.9077268,-1.9165287,-4.7321563,-0.01376915
SNRNP35,-0.40121365,-0.40645027,0.481102,-0.49142456,0.41182947,0.07072592
PLEKHJ1,0.065719604,0.12521553,-0.023620605,0.6305065,0.1873951,0.2548275
SLC39A3,0.14276886,0.17782354,0.053831577,0.67652464,0.24503136,-0.2829275
TLE4,-1.1240005,-0.56746864,-0.56698895,-0.14899445,0.054429054,-0.90188885
RAB2A,0.12364197,0.2713585,-0.16932487,-0.007347107,0.48246765,0.15394306
CSNK1G3,-0.14720392,-0.4336381,5.6869774,0.38995838,0.7640705,0.37713242
TLE3,-0.35938025,-0.14269733,0.10939741,-0.3478284,0.6501384,-1.2867026
SUPT16H,0.19823647,-0.85388947,0.42521286,1.063839,-1.8285475,-0.07564545
CEP135,-0.13502216,-0.39062548,-1.2073033,-0.70709944,-0.61191845,-0.056806087
SPICE1,-0.30059338,0.04398966,-0.645658,-0.02998066,0.26161385,-0.7692747
ILF2,0.05857086,0.3833847,-0.15276909,0.00318718,0.8742199,0.12639046
TRGV5,0.02931118,-0.056987762,-0.3459077,-0.610528,-0.35507584,-0.77527046
TLE6,0.2923975,1.7233896,-2.001737,0.28457928,-0.5766673,0.003177643
TLE5,1.0754938,1.0030107,0.7957754,0.087296486,0.54607487,0.55095196
ILF3,0.27747297,1.0041332,0.5984812,0.2943411,1.5569582,0.16689968
RAB30,4.191655,2.9180236,6.2331357,6.2697825,5.6018653,5.1892495
PRELID1P3,0.043930054,0.2607479,-0.0995245,0.24445534,0.78262043,-0.027089119
RAB37,-2.6051106,-1.9048116,-2.6293128,-1.3126402,-5.503782,-5.02709
SNRPE,0.070064545,0.17885399,-0.15264797,0.87690735,-0.300519,0.007122994
SNRPF,0.19665241,0.57308865,0.581378,0.41862774,0.51257896,0.33751488
CSNK1G2,0.3720188,0.26218033,0.78794193,0.9947109,-0.21452999,0.3688259
CSNK1G1,0.3781004,0.26501274,1.1917629,0.009695053,0.004926682,0.48084974
LINC02223,0.003034353,0.6841359,-0.366153,0.37832665,-0.5631952,-0.2921152
BRSK2,-0.6760558,-1.0069178,0.89722586,-0.048592806,1.1724799,-0.90906715
FAM114A1,-0.64431953,-0.035865307,-3.2613628,-2.627394,-0.72413397,-1.9327159
TBX5-AS1,-0.39275628,-0.6071567,1.4620615,0.39388502,-1.3559536,-0.94001937
DDRGK1,0.14574242,0.23946762,0.17035007,0.41930008,0.21595192,0.00252533
TTC21B,-0.2351532,-0.006187439,-0.29705572,-0.077157974,0.16545105,-0.4668002
PLXNA1,0.07671261,0.072485924,-0.7163124,-0.9929857,0.4497137,0.29164028
SRGAP3,-0.9243239,-1.6137177,0.2539618,0.2053504,-1.5884423,-0.4227903
SRGAP2,-0.4219036,0.10431099,-0.6623068,-0.39024925,0.9147711,-0.10942078
RAB6B,1.1057396,0.30535352,4.8900146,0.84086394,1.1567485,0.86484766
AP1M2,-0.096572876,-0.17077398,-1.4882777,-2.8554769,-0.1443429,-0.48458624
NIFK-AS1,0.64726686,-0.27504945,-1.0652764,-0.37422967,-3.5328326,-1.5971398
PLXNA4,-0.5618203,-0.4784341,1.5538199,0.58517504,-1.1844202,-0.8068754
PLXNA3,0.80781317,0.26157284,-0.004121304,0.7192192,-0.639297,0.32591534
SEC16B,-0.47484398,0.36914444,0.16621399,0.10562706,-0.03543949,-0.10013962
RAB4A,-0.26034164,0.18319511,-0.41047573,-0.2435875,0.3073597,0.058922768
CEP112,3.0738204,1.6573613,4.725609,4.688758,5.1882114,3.4047945
FAM217A,-0.6142725,-0.37380004,1.5709743,0.65871286,-1.2233372,-0.71844035
MIR4453HG,-1.5413923,-1.3351185,0.6466527,-0.31037915,0.001577139,-0.42846334
FAM217B,-1.07621,-0.8342533,-0.000791,0.0157547,-0.424222,-0.6103802
SLC7A6OS,-0.6238327,-0.15736961,-0.10579395,-0.11972237,-0.44524574,-0.30423164
P4HA1,0.73296833,1.1567011,-0.7127619,-0.23457813,0.970253,0.16124344
P4HA3,-1.256882,-1.5331559,5.2700605,-0.5648637,-0.34404373,-1.9777973
SLC26A7,1.2609884,0.5274683,1.4813884,0.46710575,-1.4439647,0.621225
PLXNB1,0.5401416,0.671926,-0.82833314,-1.0663757,-0.49425936,0.19990182
SLC26A4,-0.1468432,0.27767777,0.50837445,-0.38680983,1.308156,-0.7890246
SLC26A6,1.6367531,1.887146,0.6110544,0.30747795,1.006958,1.2223167
DUSP5P1,1.4359207,0.58342457,0.964262,1.2624521,1.9172344,2.9168367
WDR1,-0.20359278,-0.41790104,1.7498813,1.5414824,0.89762163,0.23472452
ADPGK,0.46001625,0.64219093,-0.24849987,-0.5698471,1.086853,0.6215267
WDR3,-0.10748339,0.45361328,0.18913841,-0.047923565,0.34544182,-0.031316757
WDR4,0.35694122,0.8127136,0.17207813,1.0118294,0.001882553,1.2533369
FCAR,-1.0774693,-0.6536269,-1.6613214,-2.6474016,-2.3499613,-2.454401
AP1G1,0.26369286,0.061130524,-0.21399021,0.44936943,0.65743923,0.12465668
WDR5,0.0141325,0.3256464,-0.46073103,0.78999615,0.19859505,-0.07063484
TLK1,0.3213277,-0.09807968,0.31387854,1.0227695,-0.23814726,0.034166813
EIF2B1,-0.27548409,-0.109861374,-0.31244373,0.43592072,0.3077402,-0.21851349
RFC3,-1.0583239,0.45547628,-1.4720058,-0.9595156,0.50067425,-0.45457506
ENSG00000257550,-0.58618057,-0.3995815,1.6443762,0.53705776,-1.2685183,-0.01233089
RFC1,-0.2742424,0.13662529,-0.6453409,-0.5188217,0.21621037,-0.40508175
RFC2,0.31528282,0.35733223,0.2537365,0.18916512,0.67959404,-0.2034607
CHPF2,0.4333105,0.39635944,-0.07365322,0.18478489,0.7625847,0.1316042
CEMIP2,-0.9520025,-0.66836643,-3.0219302,0.117661476,-2.8161917,-1.5224714
SKIC8,-0.08762455,0.15244198,0.63798904,0.51323795,0.96806335,-0.3045206
SKIC2,0.1423893,0.117248535,0.20248318,0.21809006,-0.18395042,0.16792107
CATSPERD,-0.81952226,-0.7049557,1.3965247,0.3134687,-1.3920072,-1.036377
MTFR1,0.15832281,0.39141846,-0.215209,0.21088219,1.5041218,0.012404442
AQP7P1,-1.3214475,0.004156113,1.8888483,1.7250173,1.3884516,-1.334738
CATSPER2,-0.31257868,-0.27098513,-0.8726945,-0.2228036,0.22643232,-0.009256363
FRG1-DT,0.6314523,-1.2455828,5.358034,-0.43692875,-1.4094868,-0.15827203
HERC2P2,-0.014102459,-0.52700377,0.27093792,1.0977869,-2.25143,0.118077755
P2RY4,0.23520589,-0.5368469,-0.5174992,-0.82167673,0.48845148,0.16684389
RAB25,-0.76896363,-0.5154934,1.3410184,0.40128136,-1.3654001,-0.40342665
PRKAR1B-AS2,0.97755027,-0.7481009,1.005652,0.4682548,-2.6209867,-0.5051868
RAB23,-0.29129648,0.13197803,-0.32388115,-0.55769825,0.09857035,0.081513405
P2RY1,0.9122491,1.6600242,2.6050386,3.1496,2.0366435,1.5463843
RAB29,0.39876556,0.11736679,-0.3662548,-0.19168377,1.0676689,0.66264915
RAB28,-0.87065315,-0.037822247,-0.50947666,-1.3725355,1.0150342,-0.5140877
ANGPT4,0.47171926,0.9756646,-1.0915577,-0.47606707,-1.5347877,-0.9020066
PPIL1,0.09753609,0.48218346,0.23291302,0.5100765,0.999979,0.36628246
ANGPT1,-0.677317,-0.4215628,1.5069523,0.64056695,-1.3141305,-0.7494972
KRR1,-0.20782566,-0.004249573,0.15670872,0.4125018,1.0987787,0.5109272
FBXL19,0.87926674,1.2657967,0.723217,-1.1047764,1.5581312,0.66116333
CEP152,-0.052660465,-0.36979198,-0.3894105,-0.31833982,-1.8793664,-0.8496685
SNX29P2,0.15979958,-0.47600746,0.85800934,1.3411522,-0.25748634,-0.15376854
FBXL17,0.5014305,0.5010853,0.7575731,0.4717903,-1.3477983,0.6545191
FBXL12,-0.019702911,0.23670769,-0.23770714,0.102745056,1.0457859,0.032191277
P2RX7,-2.1413612,-1.9631672,-1.6735353,-1.929472,-1.0168877,-1.8363991
P2RX6,-0.31632423,-0.67732835,-0.37846065,-1.054079,-1.1540103,0.047881603
P2RX5,0.73125076,-0.12412286,-0.51006174,-0.35014153,-0.058019638,-0.56978536
TAFA5,-0.6177294,-0.023607373,1.6587033,0.4907477,-1.3379068,-0.8408967
TAFA2,-0.99208164,-0.90706015,0.055574417,0.3773632,-0.4203167,-0.10369778
VAPA,-0.11034584,-0.19429398,-0.104976654,0.18895912,0.8673668,0.19819927
KIAA0586,-0.002654076,0.148345,0.32687664,0.22693348,-0.16112518,0.26402664
P2RX1,-0.4903593,-0.5673542,-1.955339,-1.2804494,0.21880531,-2.1445065
RAB12,-0.080883026,-0.29464722,-0.31971264,0.4758091,-2.188428,-0.051493645
TLL2,0.11972642,-0.914623,3.5772438,0.067736626,-1.6643378,0.09656191
TLL1,-0.11629224,-0.538006,1.5743022,0.38806117,-1.331603,-0.90259165
PPIL6,-0.5552063,0.29433012,0.6634965,0.13879657,1.1096759,0.7588792
PANK2,-1.179812,-0.7490554,0.40460968,0.6635375,0.3287754,-0.980639
PANK3,0.7188816,-0.090526104,0.952528,-0.36703444,0.21969032,0.72854614
TRAF3IP2,-1.4037888,-1.1683248,0.73046684,-0.10996294,-2.037704,-1.4826405
PPP2R2A,0.035333633,0.32841492,-0.30649662,-0.15862656,0.5669813,-0.24299717
PPP2R1B,0.93254375,0.86036587,-0.806057,0.33227777,0.40909767,2.1883345
RPL36AL,-0.19652748,-0.0000248,0.19209576,0.5310459,-0.1495409,-0.05381298
KDM7A-DT,0.33019018,0.43472862,1.1304584,1.8549099,1.9938774,0.25760126
KAT7,0.036304474,0.039791107,-0.12219,-0.18975306,0.80557203,0.1315527
SEPHS1,-0.22340584,0.6889515,3.1726475,2.9867153,2.3480444,1.8178759
ICOSLG,0.8384671,-0.31768894,-0.1598382,1.8530746,0.97121716,0.654901
TKTL2,-1.3607163,-1.1760685,0.9071419,-0.097975254,0.87474966,-1.5338513
IL15RA,-0.8900957,-0.7085004,-1.8948383,-0.36622238,-0.57720566,-0.43748713
KRT8,0.28103828,0.08044815,0.037885666,0.14678383,-0.4778738,0.19107151
FLT3LG,-0.5698271,-0.65243816,-0.6311326,0.30694246,-1.6647453,-1.2252965
DLEC1,-0.33944273,-0.4055519,-0.85858107,-0.33662462,-0.25358105,-1.5609529
MAPK8IP3,0.18113708,0.045252323,-1.0013304,0.19205856,-0.89131546,-0.33647776
SIK3,-1.6321441,-1.7846497,-0.14876747,-0.96286106,-0.82809615,-2.3343573
SIK1,0.19576263,0.8292923,0.32315826,-0.79943275,-0.5366621,0.6776047
PGAM1P5,0.54024696,0.403471,-0.21234798,-0.7090645,0.8551855,0.08937836
TWIST1,-0.8429768,-0.7511447,1.2019849,0.31681705,-1.5155928,-1.0295393
ATP6V0A4,0.1391604,0.24990726,0.6636479,1.2579162,-2.0790684,0.073637724
TP53BP1,0.31931305,0.49429893,0.045258522,-0.23064041,0.5519638,0.34995556
TMEM167AP2,-0.57172203,0.005565643,-0.6962261,-0.121328354,0.19830608,-0.01956749
CCR10,-0.49199963,-0.8739481,-1.0706587,0.23897934,-0.43745804,-0.8985052
SPTBN2,1.1655726,0.6060591,0.5537152,-0.43667507,0.52741194,-0.41467476
ATP6V0A1,-0.14920235,0.38306808,-2.0576925,-1.2458801,0.0659256,0.09449005
VAT1,0.7829647,0.8974838,-1.252636,0.19827652,-0.15580177,0.25257683
FUT8-AS1,-1.3227859,-1.2260549,-0.2890637,-2.180551,-0.46943045,-0.4081974
SETDB1,0.16384602,0.001419067,0.3492937,0.17479706,0.25364876,-0.0634346
TINCR,-0.26310968,-1.0330386,-0.87838316,-0.46628046,-0.20660734,-0.49474907
CCSER2,0.42181492,0.25200748,0.2732849,0.3656988,1.3140707,1.1710892
SIM2,-0.79253364,-0.62498224,1.2679307,0.46606898,-0.8842931,0.35593963
TOP2A,1.1883292,2.7072248,-3.1158783,-4.066128,-2.9470592,0.69146013
FTH1P14,0.29249883,1.0399251,-0.5837841,-1.130342,-0.0844717,-0.7747319
LIMD1,-0.22497892,-0.4704857,-0.35155916,0.34521103,-0.9298239,-1.3615985
LIMD2,1.4251137,0.7274685,1.7955418,1.2988567,1.7645721,-0.003277302
DNER,-0.80348116,-0.61883956,1.4990106,0.32130527,-1.3998232,-0.97662604
TINAG,1.0071312,0.5070492,0.737512,-0.14409482,0.17666757,-1.4865057
CBFA2T2,0.5652189,-0.006803989,3.5953922,1.0249305,-1.5422468,-0.1910119
RENBP,0.88599014,1.056881,-0.5801954,0.75704575,-0.10148144,0.11030769
VAV1,-0.7129679,-0.52759266,-1.1761961,-1.0597277,-0.37894917,-1.2796421
KRTAP9-9,-0.66158605,-0.53666115,1.3901176,0.5426781,-0.037640095,0.17278194
VAV2,1.2088137,0.6471987,0.3244276,1.1240053,0.7948799,2.4019833
TLR1,-1.295167,-0.57770824,-1.4154358,-1.0773115,-0.81588745,-1.4016066
ALDH5A1,3.4862103,2.012259,3.8567567,1.4704137,1.3519478,2.6712928
CDCP2,-0.085776806,0.20866632,0.8217497,-0.52463627,-1.9237565,-0.8709457
TLR8,-0.5576668,-0.8318672,-1.6283426,-1.2830667,-0.66578007,-0.9857187
TLR7,-3.7505698,-2.3953953,-5.7748804,-3.3352942,-5.3239317,-3.8101454
CD302,-1.0280037,-0.7910366,-0.8918371,0.0931263,-0.38877392,-0.3321066
TLR6,-0.9554658,-0.51231337,-0.99679995,-0.30692053,0.391284,-1.4299664
TLR5,-0.43527222,-0.1405406,-0.25357723,-0.38269567,-0.41355467,-0.5267792
TLR4,-0.6398363,-0.30945873,-2.7395449,-0.42428398,-1.3043613,-1.0726261
TLR3,-0.42625427,-0.65496445,-0.19250345,0.63464403,1.4171929,-0.48701334
TLR2,-1.0534925,-0.17216015,-2.641202,-1.8573542,-1.6362553,-1.2363138
RAB7A,1.1621685,0.31010437,1.3747959,1.1765175,0.7944231,0.7255497
ZNF3,-0.3752308,-0.23568916,-0.16813946,-0.09251404,-0.34413815,-0.43109322
NKD1,0.42009377,-0.4175775,6.902379,0.5513351,-1.3315856,-0.86067104
NKD2,1.524663,1.2028818,1.3849707,-0.15331173,-0.027589798,0.31043053
UBTD1,0.41379166,0.66051865,-0.5138912,-0.571084,0.009892464,-0.019845963
APBB2,-1.6328602,-2.6292925,-0.72025967,-1.5274234,1.5937719,-0.06066513
SPTSSA,-0.11359024,0.18093872,0.14737415,0.23057747,0.3326683,-0.08466053
APBB1,2.4646988,1.4805503,-1.3722157,-0.002510071,2.1503153,2.6298752
KANSL1L,-0.7691498,-0.4671979,-0.7361002,-0.5134616,-0.5887904,-0.59834385
GABRD,-0.7193309,-0.18944001,5.9551134,-0.54226935,0.23843789,0.111539364
GABRQ,-0.019311428,0.13294768,0.25992155,-0.6683574,-0.27995586,-1.7650702
ENO1-AS1,-0.46815777,-0.5485563,-1.0104728,0.27587366,0.1859603,0.013478756
CAPZA1,-0.098249435,0.003684998,-0.07642174,1.1698093,0.38388157,-0.34233952
CAPZA2,-0.4940033,0.14092064,-0.098908424,0.70570374,1.1225739,-0.6113367
FCN1,-3.8989887,-3.1171389,-9.36122,-9.47249,-9.561715,-5.2396126
FCN2,-0.27641952,0.07776129,1.2981323,0.6449691,-1.5627968,0.13924527
FCMR,-0.105559826,-0.81996346,-1.7579918,-0.6888957,-1.1324053,-1.358572
HFE,0.34874487,-0.48762894,0.37976837,-0.3238032,-0.6498828,-1.3600373
H2AB3,0.7942605,0.51589346,-0.188694,-0.18194437,0.30301905,-0.002912521
RASEF,0.13455284,0.17023444,1.6355515,0.5017078,-0.25638294,3.4212577
RPS27AP17,-0.092829704,0.00839901,0.085440636,0.45652294,-0.7595682,0.388978
HAPSTR1,0.016991615,-0.013958931,0.43718433,1.3570452,0.53500366,0.027446747
HOXA13,-0.53239834,-0.37977606,1.51226,0.69243395,-1.1749917,-0.6817985
TATDN2,-0.19874287,0.13831234,0.705245,0.47525883,0.96034336,0.0531435
SIT1,1.5344071,1.304358,2.4391603,0.78774977,2.7950768,0.58275414
COTL1,1.2305112,0.55938387,0.91285753,1.1888814,1.068006,0.6027818
TRAPPC12,-0.31043577,-0.76312304,0.6294761,-0.020187378,0.29876375,-0.0163064
MIGA2,-0.29947805,-0.56090593,-0.49142694,0.55238485,-1.3215537,-0.53296995
SPDYE12,0.18656635,0.66576576,-0.605603,-0.24849391,0.13126469,-0.26046705
H2AC4,-0.3927908,0.31030655,-0.76788473,-0.1471138,-0.7865877,-0.5053668
HGF,-0.6738553,-0.21699667,-1.089035,-1.2742596,-1.5741167,-1.4910111
NANOS3,0.5029435,0.1091423,-1.5863631,-1.2804997,-0.8991027,-0.18719053
SPDYE14,0.29184484,-0.08321047,0.2657013,-0.49999475,-0.15389538,-0.034665108
ALG14,0.61949825,0.8028517,0.13905811,0.90235233,0.8558893,0.9479923
NOSIP,-0.3280506,-0.1676197,0.007174492,0.40327263,-0.40410233,-0.56137276
ANXA11,1.1154995,0.77337646,2.0597348,1.1771231,2.234426,1.1602621
SHISA2,-0.21334016,-0.024833202,1.2411638,0.38863885,-0.8430761,-0.95200324
SHISA7,0.85211754,0.48438787,-0.1462121,-0.11944342,0.009652138,-0.58397055
MYCL,0.7509184,0.04813671,2.606534,2.459714,2.564189,0.626132
PACRGL,-0.61425734,-0.1069603,-0.68435955,-0.26396894,0.033503532,-0.6027341
RPS17P2,0.37017727,0.36766148,-0.2721386,0.6235914,0.12465763,0.7328396
PRPF3,-0.26262474,-0.12959719,0.45261288,-0.059508324,0.09173584,-0.5178795
ENSG00000290964,-0.100925446,0.26778412,0.0915966,-0.47678232,-0.10769129,-0.23256302
FBLN1,0.05434394,-0.38198066,0.05354309,-0.8726193,-0.5064621,-0.84104633
GS1-24F4.2,-0.57506424,-0.38642627,1.6741303,0.54591024,-1.2369814,-0.7639318
EFNA5,-0.7018321,-0.5179564,1.4281158,0.5486305,-1.3360813,-0.79814994
PRPF8,0.21108437,0.12964821,0.6507883,0.5519867,0.41801548,0.30636597
EFNA4,0.104332924,0.22980213,-0.008776665,0.13934898,0.67376804,-0.7540531
FBLN5,0.40208006,-0.07502699,3.8180804,-0.14885712,-0.4261775,-0.76756907
SCUBE2,3.2375364,2.1204891,-0.915334,-1.1114917,1.7822671,3.5074105
SCUBE1,0.62170506,0.28625917,-0.11147237,0.3254764,0.16900921,-0.24259114
RPRD1B,-0.28958178,-0.96543074,-0.7709255,0.6525798,-1.6820197,-1.1979184
ATP5MG,0.028989792,-0.063776016,-0.2528906,0.82123184,-0.4453497,0.29293728
ATP5ME,0.16929626,0.37932396,0.22260475,0.90246964,-0.19472218,0.19545555
POU2F1,-0.2124486,-0.8332772,-0.30035877,-0.28355074,-0.16237307,-1.3183832
HAND2-AS1,-0.6709141,-0.54879093,1.4370008,0.55063796,-1.5252074,0.18646121
LRRC52-AS1,-0.32717407,-0.3721581,1.5392263,0.7146919,0.66901684,-0.6384632
NKG7,-0.18650389,-1.0580134,-0.16535282,0.81182003,-2.795721,0.28480244
POU2F2,-0.3541441,-0.9489851,-1.0093937,-0.874877,-0.53272533,-1.0014935
EIF2S2,-0.18618202,-0.48011208,-0.5141487,-0.38776445,0.043183327,-1.2159481
CRLS1,-0.23127365,0.05078125,0.38205338,0.17163086,0.20370483,-0.15960598
EIF2S3,-0.45418262,-0.3773508,-0.65788364,0.49941158,-1.1415482,-0.4380312
TLX2,0.63050103,-0.53163147,-0.42919374,-0.20146227,-0.34444642,-0.052400827
PRPH2,-1.2418892,-1.0684128,1.0130131,-0.060707092,-0.67662334,-0.28077376
TLX1,0.12262881,-0.5278139,1.6785171,0.40235662,-0.8939984,0.006349206
PI4KB,-0.71346855,-0.2151413,-0.41936398,-0.17134094,-0.01763916,-0.58235073
DYNLRB1,0.17921352,0.223485,0.41659164,0.6787367,0.523366,-0.060453415
TMEM35A,0.5715513,-0.4960127,-0.37081385,0.03443098,-0.012895584,-0.41709995
IGHV1OR15-1,0.110388756,-0.93762255,-0.28828573,0.021064997,-2.1095145,-0.3895855
SIX1,2.0152924,2.4568079,0.6356113,-0.3361969,1.572017,4.6201134
FBLL1,0.14310408,-0.46528673,1.7167001,-0.23384976,0.6702695,0.13563776
HAPLN3,1.0121818,0.23917365,1.483388,1.4187918,0.5224328,2.1046853
HK2,-0.70523643,0.8744812,-2.017912,-1.2445068,-2.3468266,-0.035988808
HAPLN1,-0.31500888,-0.48935294,1.5871756,0.43171763,-1.3294245,-0.8687965
HK3,0.36114693,0.4597149,-2.3596334,-1.7993546,-1.357894,-0.040667534
SIX4,-0.48903877,-0.49772257,1.5490385,0.46779525,-1.2461848,-0.21176732
MCF2L,2.083695,0.5136013,2.0401764,0.6224055,3.640028,0.63365626
SIX3,1.0398774,0.3194251,-0.83228683,-0.49742508,-1.2809472,-1.3030999
CPLANE1-AS1,-1.462764,-0.8951969,-0.7928071,0.0777235,-1.850246,-0.8441577
RHBDF1,2.054587,1.56743,2.162147,1.1524348,3.0481858,1.6350589
AKTIP,0.25659704,0.34396362,-0.256958,-0.1312108,0.83109665,0.44874
MYEOV,0.09590912,0.58747864,-0.5861926,-0.9522319,-0.23439693,-0.5834751
PPP2R5D,0.06827736,0.029491425,0.16016102,0.20178604,0.24806786,-0.16892815
AXIN2,1.5431571,0.72034264,-0.22634959,2.4442759,-0.822927,3.4002051
TMPRSS11E,-0.54248387,-0.37472606,1.6390209,0.5972676,-1.2728096,0.71034336
MYH1,-0.5031573,-0.38505185,5.906353,0.5738385,-1.1682906,-0.7696239
RASA3,-0.6258526,-0.49673462,-1.6197004,-0.71697426,-0.99457836,-1.4445963
RASA4,0.62838936,-0.40459824,0.6651125,0.7228174,0.84361744,0.2198782
TRAPPC6B,-0.03917885,-0.7236452,-0.21399832,-1.387294,1.6746869,-0.5999131
RASA1,0.5024166,0.83545685,-1.1209154,-0.80903816,1.1545458,0.12828827
RASA2,-0.62064886,0.019133568,-0.6371193,-0.39260864,0.7894678,-0.30033016
MYH9,1.0617466,0.7937441,0.47899628,-0.001978874,1.6135406,0.8357096
SOWAHA,3.158585,1.3982364,3.8479633,4.228464,1.8966984,5.563885
MYH6,2.8899856,2.213623,1.1440328,0.7457936,2.5218525,3.3064623
MYH7,-0.95008373,-0.7822956,1.3619802,0.1811781,-1.5094861,-1.1196818
COLEC12,-3.7865553,-1.3462329,-3.9678674,-0.87620544,-2.2592726,-3.8375106
STOML2,0.1206398,0.2876644,0.1406002,0.3029232,0.2156992,-0.06335354
STOML1,0.004835129,0.17569971,0.10028887,-0.004834652,-0.76075506,-0.29284906
ABRAXAS1,-0.36923265,-0.32933474,-1.265737,0.4088416,-0.22974014,-0.40184355
LEF1,-0.31603956,-1.434443,0.18697453,0.45622587,-1.9225235,0.9132118
RASD2,0.005489826,0.37591076,3.3499513,0.57978773,-0.35503054,-0.60212994
MAPK9,0.51580524,0.08923817,1.7511029,2.1880207,1.9053884,0.9990926
RASD1,0.80699277,0.33675432,-0.2339375,2.5492952,-2.4584007,-0.31279016
PPP2R3C,-0.50384617,-0.39131832,-0.4730997,0.039708138,-0.6543045,0.061361313
HLX,0.8243427,-0.1209774,1.6845236,1.1981869,1.2750998,1.4626236
MAPK1,0.7563038,0.6826267,1.4877005,1.1752434,1.4772482,0.8076067
MAPK6,0.15486431,0.5642314,-0.5187931,0.022287369,2.1553793,-0.19531679
LIMK2,-0.47488976,-0.6274214,-1.2614164,-0.7433977,-0.74396324,-1.352973
OR2T29,0.3680551,-0.20889401,0.004902601,0.56709504,-0.8604512,-0.5261195
ANXA2R,-1.3708897,-0.5462475,-0.65226364,-0.3440733,-1.6957293,-1.9286146
CKLF,0.22823906,0.39534187,0.50906086,0.63624,1.2663507,0.48802567
MAPKBP1,0.5370488,0.06509066,-0.64162445,0.5505252,-0.000244,0.86008024
CYBC1,-0.038230896,0.14984131,0.35180378,0.2512436,0.5424051,-0.34331703
PGAP4,-0.7776769,-0.59487873,1.4417144,0.3484987,-1.4700679,-0.87342054
EQTN,-0.40473938,-1.999507,-0.060577154,1.0111709,1.2283673,-2.2461123
GHITM,-0.21068573,0.36326408,0.24887943,0.2581463,1.1323566,0.6375761
ZNF826P,-0.04011154,-0.4733467,-0.92117786,0.6402645,0.6279955,0.5743742
RPL35P5,-0.01666832,0.41890526,-0.12920189,0.4942417,-0.22280025,-0.19901276
ENSG00000264845,0.7145262,1.653666,2.415546,-0.09411383,1.375145,0.3490591
MRTFB,-1.2192807,-0.8756728,-0.5887308,0.06878376,-1.0971355,-0.44332552
MRTFA,0.94446564,0.5252838,1.8477459,1.0552902,2.3120737,0.688282
RFX1,0.1788435,0.42263126,0.41034317,0.367661,0.07942009,0.017475128
HDHD5,0.2618637,0.63041496,-0.15279865,-0.5110874,0.8364401,-0.4018631
HDHD2,-0.1850996,-0.27367687,0.10934734,0.18405628,-0.11042595,-0.10403347
MYL4,0.23439121,-0.5122583,0.39756107,-0.47259498,-0.48712182,-0.9676354
CTBP1-DT,-0.08000374,-0.04501915,-0.102684975,0.82002735,-0.1685524,0.33557415
RFX6,-0.45541704,-0.38336945,1.5494425,0.740401,-1.3833477,-0.70519453
RFX7,-0.48641396,-0.501709,-1.3526621,0.5126152,-1.2872162,-0.94923306
ETHE1,1.063694,1.1921444,0.105116844,0.8101959,1.6892195,0.9185591
MYL3,-0.19819617,-0.002697945,1.2884089,0.19346845,-1.2507268,-1.0480025
UQCRC2,0.1080122,0.4295435,0.008735657,0.2287302,0.43589115,0.52112865
MYL9,3.2557373,3.3694897,-0.80451536,-0.44626045,4.25825,3.0701752
FABP5P3,2.6472063,2.570609,0.026281357,-0.22814846,2.0368662,2.5552921
AGAP10P,-0.28652096,0.18301678,1.2482586,1.049243,-0.1493311,-0.08284187
GIGYF2,0.8749676,-0.47130394,0.8626003,-0.029209137,-2.2141476,0.018285751
IL22RA2,2.3782096,2.3167834,0.24421,0.578084,1.4192314,2.3008356
HSD11B1,1.8882399,2.0189447,0.38917542,0.20304775,2.1502886,2.8535109
HPX,-0.013570547,-0.29528332,-0.63404036,-1.7912245,-0.5737481,-0.48096895
CYB5R3,1.1215706,0.6997986,1.0805264,1.1390333,-0.291708,0.6624956
PRRT1,0.47842646,0.5279312,0.23609114,-0.7241273,0.9043536,0.3559637
GPR12,0.08405495,-0.04872513,-0.011321068,1.1528988,-2.096243,0.13871479
SCDP1,0.39950514,1.2724676,-2.1206598,-0.4165349,-0.6318321,-0.35678244
SNUPN,-0.13125753,0.15924788,-0.37191296,-0.5144129,0.17993498,-0.21606874
LYPD6B,-0.4555453,-0.50105155,1.5122706,0.5048312,-1.3862859,-0.8873674
NOSTRIN,0.30599713,0.51334596,0.4288206,0.8592584,-0.57195663,-1.0427365
CYB5RL,-0.11353779,-0.37492752,-0.09935665,-0.36675024,0.31663275,-0.5183482
AVL9,0.35357141,0.59616804,0.44137478,-0.55903864,2.1754675,0.30037975
GPR19,-0.06357837,1.0220942,0.30476642,-0.5149312,-1.1029267,-1.8776531
GPR27,0.39681053,-1.300415,1.5657377,2.6892624,1.1754694,1.9695549
LRRC36,-0.9153335,-0.21558523,-0.16231918,-1.0998361,-1.1669714,-2.0111225
GPR25,0.52561474,0.4157467,-0.117266655,0.37211084,-0.052054882,-0.08234501
GPR26,0.07827282,-0.798406,1.2329929,0.30156195,-0.57077265,-1.0796776
MYPN,-0.59598166,0.1969775,1.2712272,0.20036829,-1.5113261,-1.1395173
LRRC31,-0.14737391,-0.7494459,1.2379518,0.35367393,-0.70705223,-1.0420511
LETM2,0.007918835,0.54572487,-1.0641496,-1.9456803,-0.7607322,-0.6839695
JPH2,0.0704968,2.029606,-0.041292906,-0.6283505,0.06593728,-0.62020326
NIPBL-DT,-0.7043729,-0.91494083,-1.0291147,0.09824991,-0.4346137,-0.5019183
SH3BGRL3,1.5545101,1.3842659,0.7157955,0.35015106,1.3253918,0.9876232
RNU6-892P,-0.7348156,-0.31708956,-1.1755476,-0.6853051,-0.10419083,-0.444726
CGNL1,0.026094437,1.347801,6.2651486,5.8407,5.4861846,2.6227999
MYOG,0.21898985,0.22290611,-0.25075674,-0.40626574,0.2024684,0.050077915
TMC1,0.76703405,-1.0763677,0.39909315,1.0699887,-1.8980205,-0.003054857
GPR35,0.3607707,-0.23720407,0.09128952,0.077041626,-0.386271,-0.1773572
GPR32,-0.048419952,0.022024632,0.5040097,-0.88250947,-0.24852467,-0.059172153
MYOF,0.0451746,-0.24544954,-2.1820264,-0.30125904,-1.3670282,0.3777485
PGAM2,0.22820926,-1.1584527,0.75407577,-0.057082772,-1.1273766,-0.6799779
LRRC40,-0.40948677,-0.2861023,0.093655586,0.2636814,0.020003319,-0.25211716
TMC5,-1.719028,-1.6772962,3.6407375,3.1410856,2.1268263,-1.9398859
PTGR2,-0.16159964,-0.7698784,0.04923868,0.32444382,0.9232998,-0.076376915
TMC2,0.3274145,0.109152794,1.5844064,0.4703169,-0.86929727,-0.9278927
LRRC42,0.08721113,-0.06356907,0.46156502,0.6829314,1.7491732,-0.21975565
VAMP1,0.58636045,-1.0484068,-0.31775236,1.0001712,-0.34949446,0.7333007
PGAM5,1.1900139,0.64514685,0.17473459,1.0456014,0.5117712,0.81189346
VN1R3,-0.77371734,-0.58567375,1.4883697,0.41078115,-1.3386612,0.1516037
VN1R4,-0.6657458,-0.5029665,1.380089,0.5703242,-1.3037822,-0.79579204
VAMP4,-1.3078775,-0.5593028,-0.8187461,-1.8662653,0.31235218,-1.6744399
KANK2,-1.0133429,0.3757248,-4.1106577,-1.5468817,-3.0696764,-2.1650372
LRRC14,0.63788795,0.47811317,0.38054657,1.0394096,1.515832,0.59621525
PELI3,-0.2893963,-0.50471306,-0.38529396,1.0917854,1.1525583,-1.0064297
PTGS2,-3.313284,-1.3754587,-1.9813075,-2.9795218,-1.9825187,-2.774006
PTGS1,2.5330372,2.8410091,1.0847197,1.4334412,2.3929996,2.5049257
GGA2,0.33287334,0.41886425,-0.13202286,0.20960522,-0.5547066,0.6541271
TCOF1,0.2018795,0.044210434,-0.7998638,0.27331066,-0.022162437,-0.13835764
MICALL1,1.1756577,1.2910714,-0.3834648,0.20167112,0.28747845,1.0183911
MICALL2,1.2609444,1.0699959,0.5358238,0.3608322,1.4207649,1.2551708
LEO1,-0.15475655,-0.09179306,-0.048926353,0.261837,0.38908195,-0.12707424
RABAC1,-0.10785103,-0.17062569,-0.4971037,-0.03230858,-0.5187979,-0.83428574
YKT6,0.47442913,0.30803776,0.1875248,-0.43090725,-0.19102764,0.19913769
SRSF10,0.27819538,0.43746662,0.18750477,-0.43624115,1.0435543,-0.0803175
EXTL3,-0.3572483,-0.50850844,-0.86407065,-1.5154377,-0.95807314,-0.13880754
SRSF11,-0.15003109,-0.14709759,-0.11061096,-0.35138226,0.77649975,0.3440323
SRSF12,3.7027364,2.4029374,0.7015927,2.8465438,1.6671238,5.1675024
LRRC23,0.4572482,0.3748498,-0.045010567,-0.58049726,0.1408515,-0.3538847
ATRNL1,-0.43834186,-0.43073124,1.5226918,0.767908,-1.2007871,-0.7382121
SMAGP,-1.9573345,-0.683208,-0.83456993,-1.4857521,-0.044377804,-1.9169791
LRRC28,0.001540661,0.13040113,-0.043718815,-0.21044207,0.70551014,0.13172436
LINC01232,-0.4902072,-0.4246273,0.48258066,-2.3342059,-0.56485415,-0.051573277
GPR68,0.30944824,-1.4420896,2.0698156,2.4743843,2.9862843,1.3437386
GPR65,-0.7453041,-0.42449188,-1.1642628,-1.60218,-0.91849804,-1.1030436
LRRC72,0.37974024,0.46009922,-1.3230598,1.1597896,-4.032107,-1.4508772
GPR62,0.29125977,0.5943527,0.6744876,-0.6867087,0.07765865,-0.00059
PRDM10-DT,-0.2194184,-1.1333687,0.9506668,0.2746898,-1.8501127,-1.448133
SLC9C1,0.102769494,-0.79185987,1.2138214,0.30522823,-1.750514,-0.47296894
YY1,-0.2161808,-0.22213936,0.041998863,0.5808773,0.7950258,0.29542732
RUVBL1,0.20202684,-0.11007452,-0.068570614,0.008627892,-1.3201065,-0.008627892
LEPR,0.27415752,0.385221,0.70449114,0.5385294,1.9610252,0.8593831
SH2D5,0.6831403,-1.2322958,-0.3710432,-0.043961525,-1.0060062,-0.66739917
TCP11,0.49811506,0.32833195,1.4834993,0.47753096,-0.7145376,-0.068400145
SH3GLB2,0.2076168,0.06652641,0.5010214,0.44719124,0.29556274,0.08594322
SLC38A1,-1.6683846,-3.014265,-3.5905087,0.29877138,-0.05636692,-0.18925524
AGTPBP1,-0.56228447,-0.5853901,0.05314827,0.09101677,0.64425373,-0.5785551
GPR75,0.60559464,0.36384273,-0.6811092,0.000867,-0.8528509,-0.06675339
FTSJ1,0.289073,0.44858646,-0.31218052,-0.22780895,0.30289364,-0.28086996
OLFM1,-0.7439921,-0.19180703,1.4261327,0.50254416,-0.4104874,-0.8569442
FRMD6,1.0737686,0.15788603,2.107061,1.9830713,2.1826415,0.37588215
TXLNA,0.33482742,-0.3866148,0.3228836,1.3523674,-2.1547265,0.30448818
MAPKAPK3,0.7437153,0.8747215,0.23079872,0.47742844,0.8892164,0.35576153
TXLNB,-1.0653572,-0.9734545,0.38604355,-0.42199326,-0.00124073,-2.0510516
FRMD8,0.71035576,-0.2556554,1.3701866,0.34180737,-0.52412224,0.85487556
SAP25,0.22727203,0.09835625,0.15854645,1.0346794,-1.2557974,0.14289856
MAPKAPK2,0.30889225,0.31005192,-0.4902649,-1.5216174,0.37593699,-0.000689
SLC9A9,-0.51013947,0.35692596,-2.3861837,-1.198082,-2.7789536,0.7346325
ANAPC4,-0.74668884,-0.17972755,-0.10935497,0.042942047,-0.15598106,-0.16152859
S100A4,0.6417532,0.3127966,0.26730633,0.50405025,0.8135729,-0.2359066
ANAPC5,-0.044161797,0.016367912,0.19666004,0.5498228,0.38151836,0.41404343
S100A3,1.2688842,-1.0545554,0.99808025,1.0121951,2.0518732,0.2367158
IGFALS,-0.07448864,-0.76391125,-0.39679956,0.71632004,-1.8430614,-0.68553925
S100A9,-2.9542723,-2.1370516,-6.567104,-3.6655912,-6.2804465,-3.5695238
S100A8,-5.423996,-6.56352,-9.8412895,-5.105982,-6.670789,-6.979626
S100A7,0.3832693,0.51100636,-0.5757718,-0.31925845,0.18954992,-0.20810533
LRRC59,0.43614006,0.14606857,-0.08655548,0.093925476,1.0030174,0.46391296
LRRC57,0.12848473,0.4665451,-1.1918607,-0.1861391,0.90351534,-0.15657902
UBFD1,-0.20638561,0.16557598,0.8951311,-0.19979668,-0.04827404,0.23449326
GPR83,-0.605094,-0.45259666,1.5684553,0.557518,-1.2460673,-0.7093984
LRRC55,-0.5751812,-0.38578278,1.6759591,0.54521334,-1.2356459,0.8691504
CRNDE,-0.18096972,1.4097872,0.06800318,0.3555541,0.4386139,-0.04563141
SLC38A6,0.68854713,1.2056732,0.008402824,0.5953102,0.74270153,1.0706635
SLC38A9,0.37277126,-0.00940609,0.23429775,0.19258022,0.4206829,0.8411331
LRRC61,0.98109865,0.09713793,-1.9370356,0.640419,0.7993412,2.4016228
NFKB1,0.052663803,-0.46541977,-0.047478676,0.9640446,1.2398939,0.8133669
NFKB2,0.9031677,-0.09698725,-0.30704117,0.5193691,0.30140877,1.1464119
TMIE,-0.2322483,-1.5340004,0.047775984,1.1916127,-1.8631365,-0.40847683
GNL3L,0.050872803,0.17300797,0.31052017,0.43449783,0.21434784,-0.11734676
NALT1,-0.87343025,-0.8956809,-1.6860762,-0.28626776,-0.8513231,-1.8804679
SLC25A3,0.08290863,0.20493126,-0.06395435,0.39580917,0.072953224,0.55101013
CRYBG2,-0.000296,-0.63140225,0.81717396,1.3331985,-1.6978331,0.4850936
TSSK1B,0.65610313,0.9486239,0.60519576,-0.19586277,-0.1249249,-1.560066
EFCAB14,0.24074173,0.07290077,-0.23006058,0.31723976,-0.24926662,-0.41323185
EFCAB11,-0.08412123,-0.3717811,1.567878,1.0557642,0.8136978,-0.2699821
FCGR3A,0.43613815,1.3703079,-3.189795,-3.2831926,-3.1008997,-0.70831394
EEF1A1P10,-0.08544922,-0.033966064,-0.000767,0.41008186,-0.2167244,0.34311295
PRB1,-0.5930338,-0.42999202,1.4759281,0.6471472,-1.2113465,1.1566823
EEF1A1P11,0.15927029,-0.040060997,0.3848734,0.2075262,0.5925484,0.7026253
EEF1A1P12,0.3907957,-0.47259808,0.49131298,0.52112675,0.30014324,0.87605095
PMEPA1,0.3023405,-0.60462856,1.1041241,1.9469061,1.7128572,-0.4947319
UPP1,0.28121567,0.44927216,-2.712183,-1.9949884,-0.54977226,0.7053671
DNM1L,0.31012917,0.32494926,0.7991133,0.40218544,0.8337698,0.18583679
ERC2,1.1481371,0.6892817,1.4417999,1.2133379,1.986819,3.0815094
KSR1,-0.024610043,-0.4161017,1.0805752,-0.09810352,-0.112828255,-0.95718765
VEZF1,-0.66017056,-0.30603695,-1.8715935,0.15778065,-0.43612194,-0.6230602
GIGYF1,-0.38050938,-0.32697964,-0.60646534,-0.017306328,-0.77665997,-0.057315826
NT5C3B,0.24063587,-1.1495509,0.60617256,-1.758924,0.07610226,-2.2641935
PPM1B,0.6873436,0.297287,0.46254158,-0.089754105,1.4158134,1.6184931
SLC25A5,-0.064403534,0.38307762,0.22631359,0.1938324,0.46212673,0.43857574
SLC25A4,1.0976901,1.0275826,0.46618938,0.91706085,0.49392033,2.1390562
SLC25A6,0.26326275,0.3983488,0.82617664,0.95317364,0.044733047,0.13102436
SEC22C,0.4462576,0.46539974,0.78953886,0.69693136,0.658257,0.58299303
RUSC1-AS1,-1.4237666,-1.11975,-2.1674478,-0.2924347,-1.3881989,-1.2597094
SEC23A,-0.00182724,0.114982605,-0.5430732,0.012405872,1.5107236,-0.06107521
GTF3C4,-0.6611705,-0.07269764,-0.004159927,0.033802986,-0.057970047,-0.63574076
PPM1L,1.5161462,1.6567311,3.7857609,3.1664648,2.807641,2.279727
PPM1J,1.5180111,0.49303484,4.0387177,3.1087375,4.11939,0.6123638
PPM1K,0.83071136,-0.6904826,0.9814501,1.6026077,-0.11737633,1.944356
PPM1E,-0.3771783,-0.45593858,1.594007,0.5100391,-1.0568665,-0.8935387
PPM1F,1.262353,0.9833207,2.0353518,1.7283735,1.3416605,1.2634382
IFI16,-1.6051254,-0.68512535,0.381114,-0.05492401,0.46234512,-1.8281069
TP53INP2,-0.041953087,0.37286997,-0.14435768,-0.6595764,1.2687664,0.47790575
TP53INP1,-0.40358257,0.079512596,-0.44967175,0.9468579,0.5580368,-0.20936108
SH3BP5,-1.1524944,-1.0032272,-4.290089,-1.8042631,-3.1222334,-1.3482752
D2HGDH,0.7833595,0.118386745,0.12391472,0.2481513,-0.10367918,0.028515339
LINC01208,0.31312513,0.66253185,0.31079435,-0.5722399,0.90245056,-0.0565691
FCGR1A,-3.1448975,-1.441267,-9.313251,-10.070709,-7.100531,-3.641098
SH2B3,-0.0091362,0.29951096,-0.2625494,-0.26208496,0.9667187,-0.0535841
SEC23B,0.39892006,0.6699848,0.15783405,0.1883297,1.4511127,0.5761719
BEND5,1.7921133,0.54032564,-0.39778972,0.13984942,3.5144033,3.0761404
LRRC8E,0.07610226,0.55357265,0.3872795,-0.47114396,-0.4029801,-0.18363881
SLC12A2,0.07808781,0.73078394,-0.24467802,1.365233,1.0098109,1.1577811
SLC12A3,0.12309861,-0.3816564,0.2896304,-0.9033469,-1.2595925,0.11813402
SLC12A4,0.43401146,0.23324394,0.3241701,-0.28359318,0.4746456,-0.40638304
SEC24A,-0.41003466,-0.28249025,-0.59943485,-0.1805129,0.14605284,-0.057658672
ERAP2,0.943594,-2.344654,1.7539101,-1.705708,1.6418896,-1.6926394
ERAP1,0.023456097,-1.2444279,0.8602843,0.24218273,0.6378379,1.3000288
PRRX2,-1.857614,-3.3487184,3.756155,3.3318653,5.006402,-1.919759
LYSMD4,-1.0507901,-0.47338724,-1.4057627,-0.005172968,-0.74307895,-0.30444503
LYSMD3,-0.8500204,-0.13497066,4.424652,0.079937935,1.1143587,-0.4010954
FCGR2A,-1.4452534,0.1506195,-3.257432,-1.5123806,-2.6126204,-2.8033
DOP1A,-0.9761486,-0.39085627,1.1553817,0.39713764,0.5599289,-0.17678952
TTTY12,-0.44906974,-0.39985144,6.0469456,0.5739454,-1.2089721,-0.8116408
TTTY13,0.5846827,-0.11550212,0.65084004,-0.29024196,0.6261575,-0.11792326
FCGR2B,-0.14240456,1.1039352,-1.638547,-1.5324173,-2.6403131,-3.4264917
AHCYL2,-0.10869312,-0.22327518,0.2905302,0.42722797,0.75472355,0.784791
JPT2,0.6346779,0.78746796,0.01540947,0.2646103,0.7669153,1.145833
ZAN,-0.10315943,0.61364317,-0.36285257,-0.08941269,-0.4495411,-0.053761482
PRF1,-0.19437218,-0.5493672,-0.27695847,-1.2317853,0.17553997,-0.13000417
JMJD1C,-0.6825533,-0.5084238,-0.12185621,0.023769379,0.029273987,-0.21541739
IFI35,-0.70144844,-0.7267914,-0.21690464,-0.031496048,-0.885766,-0.9401283
RASSF1,0.316288,0.04981041,0.52310944,0.66864014,-0.16448879,-0.03519249
RASSF2,0.5453148,0.15499306,0.26504946,0.8996959,0.4690733,1.7428303
PAQR6,-0.9891815,-0.82969093,-1.8072176,-1.731597,-1.7977982,-1.9303885
PAQR5,0.09801984,1.1898305,-0.10098362,-1.2294817,-0.8503957,-1.1497202
TM4SF5,0.13748646,1.0191774,-0.8808043,-1.9189117,-0.35298157,-0.7742162
HNF1A,0.9263859,0.07753539,0.11812401,0.531672,-0.53061914,0.0986948
TM4SF1,-0.06549382,-1.6447484,-1.2342627,-0.76359725,1.8356259,1.1574571
EREG,-2.3990405,-2.6147833,-3.5559087,-3.8118198,-3.3723617,-3.0884774
PPP1R3F,0.66935396,0.4580698,0.9098673,0.88767767,0.79300594,0.3061018
IFI27,-1.0509987,-1.1520944,-2.2785263,-0.40505505,-1.289083,-0.8222103
PPP1R3B,1.7872953,2.7420225,2.846879,2.4983988,3.1441727,1.4487543
LORICRIN,6.694591,4.183724,5.5691123,7.839645,7.1236243,7.7384067
TMEM123-DT,-1.0255246,-1.550137,-1.1518941,0.06453943,-3.2476294,-1.3841217
PPP1R42,-0.48551917,-0.45979947,1.5532525,0.60681725,-1.250506,-0.79935926
PREB,0.22548771,0.43529415,-0.33664227,-0.14462948,0.17656517,0.059399605
STX1A,0.44864368,1.9011841,-0.48927593,-0.42826128,-0.3833871,0.31291103
PLA1A,0.52251434,-0.530751,-0.046899557,-0.47290444,1.4267547,0.52591825
L3MBTL1,-0.100066185,0.09391737,-0.054809093,-0.22129393,0.863266,0.48494816
PPP1R36,0.49568033,0.3823037,1.9547455,1.3381565,1.5437086,-0.113040924
ACE2-DT,-0.4960029,-0.43215066,1.5534297,0.6700469,-1.2413267,-0.72996706
PPP1R35,-0.3712082,-0.05719948,-0.18129635,0.587471,0.24004841,0.008237839
PCDH15,1.2899749,-0.41220874,1.6728461,0.5833726,-1.3465418,-0.7691383
OR7E121P,-0.9178239,0.60180664,0.2798252,1.0508664,-0.31475902,-0.6745814
PRH2,0.15872669,-0.15399885,0.36373997,0.67099,0.200109,-0.07189655
C5orf24,0.21963549,-0.29451752,0.40809298,0.45572662,-0.3539424,0.12734938
C5orf22,0.017888546,0.48055172,-0.14816236,-0.6514354,1.4945884,-0.12301254
MAP3K4-AS1,-1.239905,-1.8462627,-0.15097237,1.4584408,0.81860733,-1.2252249
PGBD5,0.29409695,0.07154322,-0.62111974,-1.6754117,2.8369937,1.1297975
ERI1,1.966497,2.7220225,1.3587413,1.8710227,3.2603927,1.7835212
TSPAN6,-0.06729567,-0.3030883,0.83073103,0.037628412,-1.8915297,0.7355586
TSPAN7,1.8964696,2.8598256,2.8909054,4.6288657,3.3579988,4.7646904
TSPAN3,0.004863739,0.3506508,-0.61695385,-0.5067024,0.56302834,-0.28233433
HMGCLL1,-0.19863391,0.237746,3.6281097,-0.7016554,0.57442164,-0.5974014
PAG1,-1.8296542,-1.0474329,-2.3774571,-3.148645,-1.037549,-2.4055705
XRCC2,-0.14545822,0.25585294,3.6746054,-0.62448823,-2.4991086,-0.83457243
TRAV12-2,-0.62985766,-0.41390687,1.5970488,0.59386516,-1.2208738,-0.76548845
XRCC3,0.43375444,0.770957,-0.014493942,0.08931732,0.11243868,-0.15697098
EAF1,-0.48905373,0.3401804,-1.1684875,-1.3604174,0.2957468,-0.3943305
PRG2,0.53004503,-0.38982248,-0.86959076,-1.8233027,-0.7248688,-0.94997954
DCLK3,1.9166961,-0.9359156,5.075061,3.343438,5.113492,3.5906122
XRCC1,-0.08846474,0.12117386,-0.38453197,-0.15735054,-0.30703545,-0.35967636
RASSF8,-0.9318266,-0.46724033,-0.83008075,-0.38647723,-1.1662016,-1.0320499
DCLK2,0.9094796,0.40738678,-0.016726494,0.7266612,2.4972305,3.095881
PRG4,-0.5998974,-0.41573828,1.616992,0.5264112,-1.3118274,-0.81045306
PRG3,-0.12935925,0.07536268,-0.549242,-0.49900723,-0.1708827,-0.49940872
PNMA8C,-0.7299962,-0.58323616,1.349884,0.5393183,-1.4207441,-0.80064493
ATOSB,0.8114586,0.81033516,0.08690643,-0.571723,0.99289894,1.0212636
ATOSA,-0.594718,-0.15333271,-0.54570675,-0.811162,0.8622122,-0.015537262
C5orf34,0.5129771,0.5259414,-1.3161612,-2.2849717,0.9180031,-0.7872982
BPIFB3,-0.81197584,-1.236577,1.0206714,-0.4566512,-0.9269812,-0.85578704
ID2,1.9842892,0.50884056,-0.4765482,0.42186546,1.5363684,2.318653
PPP1R1C,3.3310478,0.89224315,0.004729509,-0.3103063,0.92880034,2.9830968
ID1,2.830122,3.4020863,-1.9315314,0.1970706,-0.7541332,1.279644
PPP1R1B,-0.48037982,-0.49372637,2.4167528,0.47268605,-0.5104811,-0.93055415
ID3,0.85233307,0.35653305,0.047569275,0.6254177,0.72165203,1.4002085
PAEP,0.7724838,0.49844098,1.0344367,-0.06341982,-0.21381688,-0.082003236
HBBP1,-0.07214713,0.033272743,-0.37346005,1.1484354,-1.4383221,-0.92609525
CALM1,0.07021332,-0.1292553,1.2145395,0.979414,2.0381966,-0.42120457
CALM2,0.46221828,0.39775562,-0.01984024,0.8964968,0.4219818,1.5271177
BARHL2,-1.0871456,-0.13017869,2.275917,0.19449615,-0.3756857,-1.3058934
LINC02482,0.14342022,0.000607,0.9500818,1.330081,-2.1690478,0.4344635
KIF14,1.4431229,1.1254549,-1.5714085,-2.724989,-4.451853,-0.64532876
AKR1B1,-0.5168028,-0.2250967,0.005176544,1.1727457,-0.20318413,-0.49624825
SECTM1,-2.5264301,-1.7563648,0.28594112,0.5637741,-5.0139694,-3.4760437
MIA2,-0.26745415,0.002410889,-0.008601189,0.22822571,0.53643227,0.06395149
BRCA1,0.23882198,1.0981283,-1.4474807,-0.46132803,-0.65186834,0.29049826
KIF11,1.0965424,2.2046623,1.4555807,-1.3114195,-0.6769619,-0.049040318
INTS15,-0.22124767,-0.08240414,-0.33488464,0.18404484,0.12156105,-0.44955254
KIF17,0.8163018,0.006175518,1.1779995,0.7174878,2.5063553,-0.5351329
PPP1R18,0.28779316,0.24393177,-0.02158165,0.39605427,0.4223032,0.68172836
KIF19,-0.24766612,-0.4505846,1.5623511,0.57132816,-1.2583783,0.021498322
KIF1B,0.11351967,-0.103645325,0.042167664,0.84221077,-0.56642246,0.275486
KIF1A,-0.032022476,-0.32922506,-0.44784403,0.10140324,-0.7147217,-0.34955168
NDEL1,0.20824051,-0.08031082,0.035223007,0.30745697,0.7605448,-0.05603695
NBPF4,-0.039981127,-0.50123286,4.942866,-0.15409994,-0.4280095,0.59415936
LYNX1,0.407084,1.0099149,-1.0179682,-0.82240295,0.99550104,0.75223875
TMEM198B,-0.018826008,-0.15375614,-0.3658948,-0.045684338,-0.85971355,-0.7115507
ZFR,-0.046108246,-0.8015709,0.14713669,0.43442726,0.24443054,0.05146122
SORCS1,0.73352003,0.43986225,1.1842074,0.04691577,0.18023872,-0.391729
KIF23,-0.16477394,0.56762505,-1.0726023,0.079852104,-1.7408752,-0.77523994
SORCS3,0.5868404,-0.669442,1.4699938,0.28703153,-0.5963628,0.9623842
TLCD3B,0.8194866,0.40737915,0.61218834,0.41274834,-3.3136387,0.032157898
ZFX,-0.49216557,-1.102221,-0.25749636,1.4563289,-0.8893566,-0.3456788
KIF27,-0.1424377,-0.42455196,-0.813416,0.5854273,-0.002718449,-0.13699532
CFL1P2,1.3820953,1.3167648,0.74413204,0.50867844,1.5325308,0.6328211
KIF2C,0.5716219,2.1947298,0.08919239,-0.6947231,-0.6840296,1.0503798
CFL1P1,1.2821674,1.1936073,0.16734123,0.6371746,1.609189,1.0306177
PDZRN4,-0.641358,-0.6659242,1.2853041,2.3800561,-1.546292,-0.9461484
LINC01138,-0.29457855,-0.78039837,-1.3110821,-0.18885374,-1.8555498,-1.2405233
POPDC3,-0.18922055,0.92615044,0.8783494,-0.0817914,-1.861764,-1.4777331
STX17,-0.28244781,-0.2790146,0.4004221,0.848793,0.32291317,0.12510586
TMPRSS6,0.3199482,-0.33691645,1.345655,1.3879571,-0.38903737,-0.58453226
TMPRSS3,-0.771188,-1.2994285,0.7207844,1.5805268,-2.0739589,-0.10811901
DERL2,-0.09791756,-0.009916306,-0.29666996,-0.1408844,0.12010765,-0.3298483
COL19A1,-0.5471632,-0.5293178,1.4867454,0.57278883,-1.3802923,-0.82370234
NDUFB4P12,0.27814388,0.5311003,0.26896858,0.70994663,0.36880493,0.26522827
RXRA,0.43886852,0.45906162,0.07896328,0.70320225,0.15511703,-0.27466393
EXOSC4,0.061982155,0.26610088,0.13447285,0.67418957,0.41940594,-0.13912487
EXOSC9,-0.79771805,-0.46769905,-0.596467,0.015607834,-0.07794762,-0.49220085
DGLUCY,0.12214661,0.11382675,0.51089287,0.4298458,0.40459824,0.01266098
POLR1HASP,-0.53599215,-0.9243138,-0.67268276,0.50676703,-1.4839797,0.53776145
PAK6,-0.6014383,-0.09839916,1.2325034,-1.0845925,-0.07160044,0.15087938
PAK2,0.67375565,-0.5569668,0.968709,1.2833023,0.017718315,-0.38279915
MICA,-0.08596802,0.87727356,-0.26347637,-0.13695335,0.63539886,0.25471306
MICB,-0.18545341,0.5524101,-0.14594746,0.13434792,0.12151241,0.043161392
TSNAX,-0.53531885,0.016529083,-0.2746687,-0.7970052,0.9300928,-0.3259058
PLEKHA2,-0.5264392,-1.1237798,-0.64748335,1.0615048,-3.2204137,-0.001913548
CRYBB3,0.2909205,-0.90084827,0.9101651,0.005537033,-0.64980245,-1.3657513
PLEKHA6,2.259626,0.34508085,4.607582,2.865819,5.3591833,2.483365
AP2B1,-0.38145018,-0.12530088,0.5844779,-0.09749174,0.059004307,-0.4763918
PLEKHA8,-0.16759491,-0.01522398,0.06536627,0.18544531,0.03140068,-0.4399972
MIB1,-0.27917337,-0.74500895,0.35195732,1.1326847,-0.48111248,-0.093928814
RGP1,-0.68351316,-0.6991155,-0.6171789,-1.4563167,0.021999836,-2.810617
STK17A,0.3621931,0.5519204,0.031356573,0.34470797,1.4538145,1.3596244
MIDN,0.061130047,-0.51087,-0.13226175,1.4239826,-0.6974988,-0.843276
PLGLB2,-0.549386,-0.3719964,0.23254538,-0.31572723,-0.1579194,0.17994404
COA6-AS1,-1.5211251,-1.6990685,-1.6924224,0.39815855,-0.70077133,-1.7435329
JADE3,1.1461582,0.32175207,3.1423578,1.5858183,0.59810066,1.5485077
KNDC1,-1.1588104,0.6548619,1.138758,-0.00782609,-1.7123528,-1.3212658
CLGN,-1.5582402,-1.1489687,-0.84578586,-1.8555037,-0.9203315,-1.5404382
RGS2,-0.032521248,-1.0254622,-1.5645161,-0.89166164,-0.684103,0.8569298
RGS1,3.6204405,2.0480204,-1.6355481,1.8351316,2.5625,5.061656
CCRL2,-0.40027714,-0.28824425,-1.3660908,-1.3137236,0.33100796,0.25107956
KIF5A,0.80860734,-1.232567,0.90943766,0.55542636,-0.94845676,-0.025613666
WWC3,-0.83282757,-0.85255146,0.13242817,0.60854244,0.1693201,-0.6077442
BAALC,-1.5164672,-1.8940475,0.2156496,0.4092958,-2.5722039,0.48104763
PRND,-0.7146332,-0.57007754,1.5560752,0.39803374,-1.2960113,1.3876251
RGS6,-0.2946726,0.6490499,1.1162072,0.31222546,-0.9939655,-0.7139188
G6PD,1.7017345,1.4325562,0.81683826,-0.01612711,0.63908005,1.6491642
MAT1A,0.14924622,0.58604527,-0.78069186,0.38934016,-1.1855955,-0.6741903
PRLR,-1.7465801,-1.9185324,-1.1180971,-2.0592146,-0.32023478,-0.9801543
ERN1,0.06396675,-0.5512085,-0.27748108,2.1942406,-4.5131607,-0.008584023
ERN2,1.4617863,1.2263684,2.1044016,0.5368986,0.74053097,-0.019002438
GPANK1,-0.5802479,-0.3395748,-0.46802235,0.17991257,-0.78335285,-0.14665222
DOK3,-0.59220123,-0.16078377,-5.1547365,-0.8800583,-1.0351925,-1.0291796
TMX2,0.20906544,0.53312397,0.2036953,0.5725794,0.68856525,0.37511063
TMX1,-0.29340935,0.04691887,0.20072079,0.44324112,0.1422224,-0.01079464
DOK6,1.0039954,2.0567517,3.038485,1.4812317,3.575119,1.5360599
PLA2G10,-0.60575455,-0.52945554,1.4775053,0.5493022,-1.2603596,-0.8514866
MASP1,-0.063010454,-0.22571874,2.3493583,0.6185647,0.06564379,-0.37592733
PSMD10,-0.15303707,0.19601727,0.09773016,-0.03575611,1.5704031,0.06285286
PSMD12,0.007871628,0.4100628,-0.2717924,0.032503128,0.5423107,0.16832352
TMED10,0.33176708,0.49546337,-0.3575697,-0.18756962,0.79082584,0.25256348
YTHDC2,-0.5625167,-0.69923687,1.2808604,0.32606173,-1.9913163,-0.4709096
SEL1L,0.26815033,0.12365723,-0.49148846,0.82728577,-0.9801426,0.172081
PSEN2,1.8579311,0.9690647,1.3634014,1.62397,1.653575,2.7768316
PSEN1,-0.22534513,-0.43340063,0.35440826,0.57184505,1.1171131,0.24239063
MCHR1,-0.5456502,-0.3903134,1.5355911,0.6739049,-1.3405489,-0.67235106
CALCR,0.6635783,0.064831495,1.446742,-0.06286144,0.14440966,-0.41950083
DYNC1I2P1,-1.837781,0.3037367,0.18775272,0.29964733,0.90579605,0.5663748
KIF3B,-0.21588135,0.006958008,-0.5278044,-0.12802315,0.6364317,-0.22747993
CYP11A1,0.4414463,0.5202923,-0.5592756,-0.6504514,-0.0688386,-0.21731472
CALD1,3.2199593,1.8148532,2.2637804,0.7950187,3.4857144,4.305754
FUT9,-0.79779494,-0.63822216,1.5073144,0.33227468,-1.353746,-0.97181094
DSP-AS1,-1.4512706,-2.0038955,0.085864544,-1.0141762,-0.63114285,-0.23279452
CAMTA1,-0.022520542,0.20715308,1.8972149,2.0681987,2.440794,0.7384677
NPHP3,-0.27439308,-0.07454109,-0.04505062,-0.12698364,-0.08653164,-0.15711689
ISOC2,1.5862656,1.3562698,1.1495714,1.4162245,1.5150328,1.2112312
PRNP,-0.014669418,0.8034229,-1.1428089,-0.7483082,0.13687038,-0.44813251
GGT7,0.18871737,-0.5007267,0.4634843,-1.0397844,0.0768013,-0.36824465
VTA1,0.1397891,0.15098572,0.37322187,-0.47194195,0.5115261,0.038907528
PHF12,-0.757997,-0.7245883,2.3551931,1.0154692,-1.5139508,-0.4447534
CACFD1,0.48200035,0.257761,2.7017546,2.472454,1.4025707,0.030226707
CLK4,-0.9937892,-0.57359314,-0.38396502,-0.24974346,-0.06474638,-0.34374762
IL2,-0.48187125,-0.4410087,1.5190159,0.78883016,-1.3378223,-0.7550095
CLK3,0.12948418,0.13209343,-0.1633482,0.29828262,0.18676376,0.15316296
IL4,-0.2518232,-0.6099282,1.4358307,0.4562062,-1.4030249,-0.9331288
IL6,1.117888,2.5523028,-1.8728333,1.2284503,-1.3203521,1.3601165
IL5,-0.6452093,-0.6757913,1.1603723,0.5241473,-1.521678,-1.0801556
IL7,-0.78409433,-1.3609881,0.2845068,0.020014286,-0.87384033,0.77731276
CYP11B1,0.7455015,1.14256,-0.05947113,-0.1506443,0.17076015,0.462533
KIF4A,0.89463806,2.2748098,-3.0058787,-3.8361366,-5.7555313,-0.022631645
IL9,-0.7511869,-0.58302027,1.4480009,0.4458617,-1.3277409,-0.56320095
PHF14,-0.6287546,-0.44772768,-0.6680732,0.25205898,0.46839,-0.6692605
GSK3B,0.012633801,-0.063091755,0.7499094,0.47455454,0.99739885,0.17265415
MAST4,0.023864865,-0.6999045,1.3111233,0.37193453,-1.4120717,-1.019676
CSE1L-DT,3.1148634,2.1517458,1.2288766,1.294601,1.151556,2.6131735
MAST3,0.023041725,0.0488863,0.034971237,-0.7186861,0.2245264,-0.42920113
PRKCSH,0.43833923,0.44711304,0.25603676,0.23107338,-0.4887495,-0.27257347
ILK,0.33958244,0.26159668,-0.36164093,0.0000496,-0.053135872,-0.12994576
TRIAP1,0.12718487,0.23814678,0.33766365,0.27365208,0.4968958,0.19008923
TMEM191A,-0.29866314,-0.07744503,-0.17267323,0.8303652,0.1584568,-0.19966602
AFF4,-0.08001232,-0.35042763,-0.47776747,1.1686306,-1.0218439,-0.19620228
DNAAF10,0.58148575,0.8254528,0.41478062,0.02017212,0.33619118,0.42017746
TMEM191B,0.6749191,0.85703087,0.7955675,0.11971474,-0.3641491,0.33524895
MLST8,0.8244281,-0.117381096,-0.19247389,0.14052534,-0.5870309,0.018036366
TIMM17A,0.3826418,0.551486,0.29012585,0.47647572,1.2095318,0.5802393
TIMM17B,0.28474045,0.37337112,-0.31559277,0.04306984,-0.0634222,-0.10212135
CNPPD1,0.31752968,0.07408142,1.5332327,1.0011997,0.27986622,0.1674366
HSDL2,-0.22525406,-0.05730629,-0.55141926,0.10443497,0.43730927,0.27937508
NCBP1,0.27074432,0.66677284,0.17454147,0.002784729,0.84492874,0.7111883
PLA2G4C,0.98006773,0.39968967,0.1975131,-0.60817385,-2.09059,-0.07664776
PLA2G4A,0.13221312,0.7277055,-0.5683646,-0.17003965,2.3887382,-0.15173054
ARHGAP27P2,0.2654152,0.2810974,0.85252094,0.99355316,-1.7612352,0.2718544
MASTL,-0.5550394,-0.18813515,-0.9544816,-0.22504234,0.05355072,-0.7770066
SSTR2,-0.68592477,-0.5856085,-1.4150994,-0.46110034,-1.5115917,-0.604594
SSTR3,0.99519634,-0.9442129,1.042428,0.46838856,-2.923253,0.15568161
VCAN,-2.9149184,-0.73298454,-4.4993834,-4.249544,-3.405395,-4.3428407
LMBRD2,-0.37977028,-0.39007235,-0.5203929,1.034347,-0.14839077,-0.7623129
NCBP3,-0.93056107,-0.37214422,-0.84682226,-0.5665722,0.4099884,-0.48399878
ZP3,1.2116976,-0.6017642,1.336875,-0.79791546,0.24465132,-2.0046363
HSPA12A-AS1,-0.95278764,-0.5563934,1.1943121,0.649459,-0.26261854,0.21581352
MAT2B,0.056049347,0.08388519,1.0840101,1.2036877,0.8891258,0.88763237
SAMHD1,-0.43859005,-0.8426299,-0.510726,-0.028981209,-0.11445427,-1.2138481
PTHLH,-1.0463719,-0.9684629,0.95087767,0.14996767,-0.8233137,0.9379225
INS,1.0025697,0.867394,-0.067956924,-0.05336523,0.9596906,0.22062254
PRTG,-0.45604503,-0.39840627,0.6051562,-0.18929708,-1.8099217,-0.52337456
CLN3,-0.24196434,-0.11926079,-0.52928734,-0.73975945,-0.5558729,-0.9327259
PDLIM2,-0.40173292,-0.16598749,1.167398,0.61081886,0.010867596,-1.0267143
SH3TC2,-0.5810094,0.8350091,1.0511885,-0.026975513,-0.7039094,0.42062688
KTN1-AS1,1.7267232,1.1078706,1.8970532,2.067175,2.57277,2.2555966
PDLIM5,-2.353909,-0.024331093,-2.2243772,-0.8032265,-0.14848185,-0.07283163
WARS2-AS1,-0.7055776,-0.8907602,-0.5407448,0.48437548,-2.3971,-0.28607988
SMNDC1,-0.21592712,-0.23360252,0.23675728,0.28138638,1.0150089,0.3195839
PDLIM4,0.72903824,0.30037403,1.9735093,-0.08038902,3.6612568,0.586143
MBTPS1,-0.034376144,0.4179325,0.14354038,0.1582241,0.34554005,-0.021993637
R3HDML,0.3130877,0.9588666,-0.07513189,-0.4103949,-0.58566356,-0.40907788
PLA2G2D,-0.08438444,0.23756886,-1.0849214,0.4865799,-1.2238278,-0.92526245
PLA2G2E,-0.6674622,0.1284908,0.8452078,-0.10654557,-0.7982639,0.38958204
CHURC1,0.70165443,0.24454689,1.3013487,0.48616123,-0.63054085,-0.4778962
MIIP,0.00452137,-0.13156223,0.43246078,0.000407,-0.10935974,0.26701832
MAPK14,-0.14886665,-0.37931633,0.13118553,0.46873903,0.19766521,-0.2250843
U2SURP,-0.48767757,-0.7796774,-0.5115347,0.33693027,0.061403275,-0.6482897
MAPK13,0.45639324,0.9499178,-2.6488934,-1.6665173,-0.7821541,0.40235233
TMEM161B-DT,-0.7537823,-0.39634323,-0.33357048,0.5252538,-0.9901657,-0.49778175
CEP170P1,-0.5408406,-0.42686796,-1.296176,-0.023192883,0.52412605,-0.5544882
NPHS1,0.7034433,-1.0440384,0.8625672,0.054367065,-1.9756131,3.3246508
CHPT1,-0.72514725,-0.22223854,-1.9480295,-0.86699104,0.13005543,-0.736598
MBTPS2,0.028104305,0.02983284,-0.50413847,0.61069155,-0.6383219,-0.06120205
RPL32P17,-0.06799126,-0.03127289,-0.20358372,0.9070835,-0.13132954,-0.055865288
PATJ,-0.8884603,-0.7076644,1.2055688,0.3406558,-1.6478382,-0.760563
SERPINE1,1.2178779,1.612309,-1.308922,-0.71901774,0.53893375,0.72405577
BACH1,-0.7588997,-0.5012226,0.7140311,-0.22621405,0.35929012,-0.8204031
SOX17,-0.6404695,-0.5151236,1.5795078,0.41392004,-1.3280423,-0.6023786
HENMT1,-0.744442,-0.6467972,-0.9216299,-0.32880402,-0.3282156,-0.2971182
DCANP1,1.3489199,-0.11539936,3.866063,4.1847315,3.7955017,2.1264095
CLP1,0.07680321,0.22986984,0.29702187,-0.15937233,1.2759104,-0.013975143
DIP2A,-0.06950712,-0.639472,-0.66956186,-0.23478222,-1.8266087,-1.264072
HOXA6,-0.41576934,0.28422832,0.6810434,0.51702404,-0.24836206,-0.35133338
HOXA5,-0.493752,0.33651638,-1.2983718,0.9831896,-0.8599701,-0.57528925
ACOT9,0.1594944,0.305521,0.32206345,0.42655182,0.48283386,0.47719383
UNC13C,-0.77922034,-0.5817384,1.3752804,0.4633429,-1.3901097,2.5940652
ACOT7,3.2231236,2.8524933,2.9302187,2.597145,3.5527353,3.4273806
SERPINF1,0.07788277,-1.3344288,0.14204693,1.8612537,-1.1737604,-0.610754
LGALS14,-0.69892824,-0.69524044,5.7487717,0.2851436,-1.6181813,-1.1185546
SYTL5,-0.5503729,-0.4639039,1.5514369,0.6088829,-1.1772639,-0.78548634
SYTL3,-1.3270912,-0.90774345,-2.3437386,-2.1098652,-1.3194523,-2.4887066
ZNF529-AS1,-0.519794,0.08245373,-0.3809104,-0.1511383,0.052143574,-0.36194372
FCAMR,0.18273735,-0.005837441,-1.8055234,-0.44567108,-0.28991556,-0.3965187
NISCH,-0.21885252,-0.30096197,-0.3902707,0.6328707,-0.33670044,-0.1893444
HOXB9,-0.4870348,-0.68208337,-0.06019497,0.72471786,-0.66137075,-1.6344754
FDX2,0.9892492,1.0250235,0.5632391,0.5243559,1.0435925,0.4173956
ANOS1,-1.7033641,-1.1162438,-1.8678062,-2.751042,-4.6263175,0.018013954
SERPING1,-1.46737,-1.3285952,-1.5677032,-1.7428617,-1.5009236,-2.2558713
YME1L1,0.10971546,0.28639126,-0.06952667,-0.14127445,0.08350372,0.38473988
HOXB1,0.6584616,-0.63469476,2.3489962,0.3623557,-1.4405909,0.078623414
HOXB8,-0.5551349,-0.37556213,1.6490607,0.5725553,-1.2637318,-0.759993
HOXB7,0.7045555,0.38591385,-0.3506632,1.6086674,-3.2481232,0.16585064
PRR14,0.30929375,0.32714653,0.49891663,-0.2484951,1.1744814,-0.000000954
ENDOD1,0.04308319,0.7089596,0.53151894,0.47453117,-0.36961174,0.3151064
SKA1,1.5267496,2.7952304,1.3233547,-0.21229243,-1.9831692,0.92309856
SKA2,0.3440776,0.96157455,0.42129374,0.7438445,0.7065058,0.49504805
INE1,-0.116671085,-0.80204153,0.29841805,0.4059677,0.008194923,0.28589535
KIAA0319L,0.7182903,-0.6565585,1.5418711,-0.16135883,-1.0590277,-0.12413025
HOXC8,-0.40754235,-0.39061964,1.6816145,0.5747056,-1.2542038,-0.82012403
RREB1,-0.008705139,-0.4441967,0.31749535,1.1306558,-1.0844083,-0.64080095
S100A11,0.8183384,0.9789734,-0.98044205,-0.098371506,0.8776932,0.03971958
NXNL2,-2.0370648,-0.4459672,0.23293519,1.0401566,0.9327669,-0.6834723
ELANE,-1.2725937,-1.0062559,-1.3514366,-1.2487679,-0.9107499,-1.9422212
S100A10,0.03452301,0.34793282,-0.27942753,0.09724808,0.73801327,-0.3044157
PRR30,-0.37662554,0.7457826,0.82853365,0.0000294,0.16621733,-1.3426806
MTHFS,-1.1497269,-1.9745655,-4.381106,-1.9660587,-2.3478336,-0.0097332
NPLOC4,0.21840477,0.13366318,0.029453278,0.030397415,0.121450424,0.21631622
TFDP1P3,0.114751816,0.2643218,-0.59807444,-0.5184598,1.0919046,-0.058423996
TNFSF4,1.5031719,-0.69727707,-0.7541888,0.6090026,2.2177854,2.5834303
UNC119,0.40836525,0.16822052,1.8763046,1.184145,1.4229431,-0.09752369
RAD17,-0.17754889,0.03361368,-0.004593849,-0.50221443,1.3213911,-0.08699608
TNFSF8,-0.14976406,-0.5246439,-3.0670283,-2.0895798,-2.658688,-1.0516882
SERPINI1,-0.8947692,-2.0456066,1.7348092,1.9387782,3.105704,0.014876604
HOXD3,-0.7490865,-0.5828175,1.4150202,0.46756935,-1.324879,-0.8749492
NCOR1P1,0.16502333,-0.44246578,-0.34221172,-0.16570425,-0.2967329,0.24131203
CLTC,0.33145905,0.59269905,0.035752296,0.5958595,0.46604252,0.38089085
LPCAT1,0.11497736,0.56733894,0.14416027,-0.6222892,-0.11449146,0.37991714
HIF3A,0.051469564,-1.3251425,0.9171283,-0.29402578,-2.3443022,-0.055817127
ING1,-0.089848995,0.08010864,-0.134758,0.33325005,-0.32961464,-0.11220646
ING4,-0.25540733,-0.092853546,0.30361938,-0.104896545,-0.36967182,-0.5283756
LFNG,-0.017715454,0.57699585,0.9645748,-0.21963406,0.7539711,-0.34512615
ING5,-0.14553976,-0.9531832,0.15670109,0.73465633,-1.4351692,-0.17286968
ING2,0.048817635,0.39021397,0.23750305,0.45213032,0.99254894,-0.04426956
ING3,-0.44190884,-0.8221159,-0.32436943,0.61113644,-0.8530283,-0.039639473
PIP4P1,0.07928181,0.18737888,0.05736065,-0.19389248,0.60043526,-0.25217342
SERPINB4,0.45245504,0.87760067,1.371263,0.32879496,-0.81154466,0.1814084
MIOX,-0.08064127,0.20501137,0.5239849,0.6199012,-0.8561754,-0.57002735
BATF2,-0.44431448,-0.58784056,0.4762249,0.28595543,-0.06099415,-0.9732046
SERPINB2,-0.79650784,-0.77730227,0.09928274,-0.83708227,-0.91291046,-0.83549213
MIOS,-0.34037948,1.3448069,-1.2523375,-1.1337364,0.6713207,-0.50702214
HSBP1,-0.001879692,0.39774418,-0.050811768,0.001879692,-0.5459385,0.005702972
FCRL3,-0.5625901,0.05194068,0.094040394,1.5324287,-2.7896876,0.26826453
FCRL4,-0.9729924,0.14900589,1.0209212,0.21562076,-1.9030069,-1.2578146
TTC3P1,0.53955173,0.09003925,0.776104,0.23632336,0.05437851,0.080955505
PAX4,0.3205905,0.2954712,-0.35305262,-0.12570763,-0.49946642,-0.6542411
PAX5,-0.061184406,-0.7114258,1.1394413,0.14319229,-1.3752372,-0.96208286
FLJ42393,-0.28402662,-0.6838505,1.1195049,-0.09868622,1.4277864,-0.3559742
SERPINB6,0.008127213,1.0566807,-0.5821104,-0.110609055,-0.8023453,0.5815058
BACE2,1.9264865,2.2845473,2.1064272,3.1698937,1.5640922,2.5952258
PAX8,-1.0296863,0.10084212,0.87626636,-0.23581588,-1.9387429,-1.5598314
PAX7,0.3157053,0.9548726,-1.1148083,-0.61423373,0.2253871,-0.6477804
PAX9,0.37773705,0.34434366,-0.31241417,0.67097616,-2.055626,0.018540382
DYRK3-AS1,0.32408106,-0.9066205,0.53309095,-0.38318658,0.46850216,-0.2196548
AHNAK,0.34952354,0.000714,1.0760546,2.6297169,0.6021061,0.46833038
SERPINC1,1.990102,-0.20337439,3.0628922,-0.3830254,1.4269764,0.55976367
TM9SF4,-0.14561558,0.2755766,-0.7025957,-0.14448452,0.2770691,-0.35317326
CHRNE,0.9867792,0.054625988,0.09197283,0.86149883,1.743535,0.8743396
C17orf78,0.054933548,-0.97642255,1.1879196,-0.027401209,-1.6952318,-1.4052659
METTL7A,0.507844,0.6090536,1.1446047,1.1586103,1.0757036,0.96028423
WWOX,-0.37203312,0.40220737,-0.2966671,-0.15663815,-0.11992264,-0.32514286
SERPIND1,-0.60593355,-0.43472874,1.3701768,0.59273124,-1.3325609,-0.7464294
ZFTRAF1,-0.14817429,-0.16127968,0.18380356,0.21282578,-0.17778015,0.491148
WWP1,-0.22272587,-0.26284504,-0.5360403,0.5457487,0.20227814,0.005937576
SEPTIN3,1.1768423,0.62989366,1.0081569,0.9875275,-1.8151053,0.32122362
WWP2,0.30787134,-0.10310125,0.6515598,0.30254078,0.43994808,0.060671806
SRP68,0.01811409,0.05130768,0.11464977,-0.63763714,0.4482317,-0.017166138
SEPTIN9,0.26483345,0.11443329,0.8239956,0.10560036,0.07210636,0.03627491
SEPTIN7,0.5533438,-0.30813694,0.4067135,0.6460829,-1.3817673,0.547349
ADAT2,-0.6096735,-0.063831806,-0.38785458,-0.002463341,0.110738754,-0.94918203
KTN1,0.77693367,0.74884987,1.8629379,1.34799,2.3059444,1.3094339
RYBP,0.4364109,0.16986847,0.408473,0.67627716,-0.006324768,0.9932184
INGX,0.16069794,-0.7171998,1.8206868,-1.355971,-0.5363381,1.1297016
LPCAT4,1.4762559,1.1254072,3.0031624,1.748075,3.171401,0.46698666
C17orf67,-0.40593672,-0.050568104,3.9745393,0.52080107,0.46751642,0.19711351
LPCAT2,0.89115906,0.22891808,0.71802235,-0.075258255,2.7698145,0.23115158
INHA,0.40375042,0.5395143,-0.1398735,-0.23219466,0.00122571,-0.25448346
CYB561,-0.32135296,-0.1396532,0.021483421,0.6398897,-0.04438877,-0.79835415
HSPA1B,-0.44890308,-0.2012434,-0.33885002,-0.052371025,-0.86094093,0.065823555
HSPA1A,0.23069096,0.1448164,0.54149055,0.32595348,0.022780418,-0.1597786
SEMA5A,-0.001202941,1.0607121,1.3929958,0.42854607,-1.3571193,-0.97069556
CHRM3,-0.45183945,-0.5428829,2.9928637,0.40297663,-1.3112705,-0.9082868
LINC01111,-1.2045437,-0.9863081,1.0194824,0.023121595,-1.1038084,-0.119746804
ATP8A2,-0.44347835,-0.5005787,1.4656758,0.5834398,-1.3231536,-0.64468694
CHRM4,0.7942703,0.09101772,0.21421003,1.0360756,-0.7897706,-0.80970573
TUSC1,0.20290089,0.596179,-0.543519,-0.5029011,0.5434027,-0.07561016
FABP12,-0.60405266,-0.43932796,1.4616382,0.6197829,-1.3559859,-0.7342697
PYCARD,-0.30424786,-0.28560925,0.21456337,0.4906454,0.33013916,-1.0727558
LINC01106,-0.15008211,0.18109751,-0.9960704,0.7836437,-1.7523756,0.2201891
SMARCAD1,-0.10600567,0.24683094,0.03113842,0.16919231,0.5044069,0.19386292
TECTA,0.42510128,-0.7880008,1.3697933,0.1826365,-0.5610212,0.9719932
TPD52,0.7614002,1.3431339,1.1864481,2.3120813,1.5028591,1.1689849
TOR3A,0.9606695,0.4515791,0.006612778,0.26442623,0.6182432,1.4538088
BIVM,-0.37454462,0.012874126,0.089850426,0.46457577,0.35372543,0.13729954
SEMA6A,0.9259162,-0.024634838,-0.5573571,1.29673,-0.70826054,1.2933946
IGFBP4,-0.60216093,-0.992887,-3.4011009,-1.8152065,-0.51644135,-0.40907383
MITF,-0.22619152,0.31533337,-0.7023096,-0.92088985,0.7722044,0.18716526
CYB561A3,-0.32328606,-0.72353554,0.12133026,0.19553947,-0.50640965,0.18602943
GTF2F2,-0.7668371,-0.44887638,0.6021538,1.105237,0.41615582,-0.267354
ZNF962P,0.20340967,0.27452135,0.24919891,0.46789503,0.6012378,0.637486
ADAM9,0.03801155,1.3246784,-1.567276,-1.307908,1.721509,-0.27849865
ADAM8,0.79640675,0.71363544,0.24750137,0.8267908,0.21871948,0.67784023
TNIK,-0.5189142,0.3548336,-1.2806406,-1.3571572,-2.5131822,0.11906195
SEMA7A,2.2536025,0.3809805,2.2527747,3.8719363,1.4571509,2.7063737
MINDY3,-0.5544596,0.13986683,-1.1503472,-0.6140084,-0.17987633,-0.27703
RTL10,0.8288932,0.92842627,-0.49548864,0.08506727,-0.80891085,0.19001818
TNKS,-0.53552914,-0.3975811,-0.79992056,0.048707485,-0.9080076,-0.14562559
METTL2A,0.08230686,0.21157217,-0.009280682,0.7388735,0.7109046,-0.004609108
VTCN1,0.23995328,-0.91637915,1.239645,0.11781895,-1.8578805,-0.3210261
RHOBTB1,0.48244715,0.7521596,-2.483777,0.63284254,-3.2704225,-0.79144
ITPRIPL2,0.6107855,0.73173046,1.4969206,1.2607374,1.2867308,1.4101257
ITPRIPL1,4.141877,3.0947943,5.770605,5.602313,5.1257277,3.7202559
ADAP2,0.60597515,0.748559,-0.56613827,0.44060993,-0.364295,0.059965134
LINC01128,0.25876236,0.42746544,9.100126,-0.14300776,1.1085377,0.099547386
LINC01126,0.41286135,-0.06722021,-1.2307653,-0.72360325,0.42001295,0.6080079
LINC01127,1.3050528,0.13571262,-3.6491873,-1.7588215,0.94858646,-1.0406585
ATP8B2,1.3028235,0.39240026,-0.8176012,0.7252612,-0.77885103,1.2328734
GON4L,-0.026894093,0.032269955,0.1537199,-0.74437046,0.12604094,0.08367491
SERINC3,-0.13622093,0.09467316,0.33373928,0.6274376,0.491704,-0.18164921
ANKRD33B,7.2679815,5.7312326,3.2601585,6.2263308,5.0426607,8.801532
SYCP2,-0.095846415,-1.516626,1.7385244,1.0651381,-0.696378,1.967319
PSD2,-0.5692221,-0.6649015,1.3692057,0.34099233,-0.97652483,-1.0220146
OPA3,0.3352027,0.18977642,0.000524,0.1965704,0.01879692,0.016800404
PSD4,0.7310257,0.56614494,0.3783245,-0.23562813,0.3290558,0.020109177
PSD3,0.8271055,0.17949677,-0.92243576,-0.36548615,0.63456345,1.9892683
HYDIN,0.81529427,2.248402,1.4596499,0.66745055,-1.2578465,-0.25429583
ELAC1,0.16162395,0.28555775,0.090444565,0.3811283,0.9926834,0.22337532
RTN4RL2,0.45370102,0.5762315,0.21826744,-0.34252644,0.009035111,0.05457592
TBX18-AS1,0.08583784,-0.81685185,1.0521352,0.14987493,-1.906207,-1.3405523
NIPSNAP2,-0.123945236,0.26691628,-0.004915237,0.29062462,1.1883535,0.25322723
PTP4A1,-0.010302544,0.41742992,-0.226264,0.28225994,0.794775,-0.37746143
TNMD,-0.50090533,-0.32995057,1.5722132,0.72494054,-1.2548159,-0.62470347
DMRTA1,-0.9185853,0.5522343,1.1329993,0.3318696,-1.6034887,-0.6052569
RPL37A,0.08531189,0.26633263,-0.6903219,0.40927887,-0.5928068,-0.033384323
SEMA3C,0.96020985,1.5277152,0.6110382,-0.050024033,2.91152,1.715446
UNC93B1,-0.31462955,-0.15072346,-0.11042595,0.016461372,-0.016742706,-0.7803936
SEMA3D,-0.8108365,-0.6412827,1.2342243,0.42125738,-1.4474488,-0.94153184
RPL36A,-0.04956913,0.06179142,0.23296309,0.1520338,1.3698959,-0.26610756
SEMA3E,0.18778896,-0.47049683,1.657478,0.4661914,-1.2359246,0.16533267
SEMA3F,-0.7643527,-0.6428117,1.4689076,0.36668944,-1.3324955,-0.9747416
UNC93B7,-0.10065651,-0.30835724,-0.13710594,0.1795845,-0.83323574,-0.69930077
GOLGA8EP,0.57039833,0.038791656,2.7428417,2.805811,4.0484295,1.2689552
LINC02411,-0.37561458,-0.46392602,1.5015117,0.5675894,-1.2705702,-0.78697747
SEMA4A,0.5149746,0.6990776,-0.39913082,0.66897583,-0.633379,-0.01397419
SEMA4D,-0.49850702,-0.091154575,-0.55535173,-2.583221,0.43576622,-1.1352701
SEMA4C,1.5615673,1.2129173,-1.340806,1.2810421,-0.13884258,2.530201
ADRM1,0.2648945,0.5075512,-0.02720642,0.16691017,0.4452381,-0.14719296
CFLAR,0.41238785,-0.27515602,0.040825844,0.43780518,0.72975254,1.6582193
CDC42BPA,0.26326942,0.3959465,0.84762,0.1520009,0.8097415,-0.35497332
TPCN2,0.3856411,0.45343018,-1.4930329,-0.16323471,-1.2080727,0.23380184
RAD51,0.9608989,1.8746066,-1.2090778,-0.9761071,-1.076714,1.0852199
SH3D21,0.38061333,0.5006294,0.39861298,1.2553654,-1.1436701,0.33606243
CROCC,0.19230795,-0.040686607,-0.12604046,0.61692715,-0.49830723,-0.38960934
ESF1,-0.1253233,-0.085375786,-0.043839455,0.09793663,-0.7333393,-0.39885426
SLC24A5,-0.11689079,0.5499016,1.4007134,0.33068526,-1.3803278,-1.011366
TP53RK,-0.24777889,-0.027704716,0.33576202,0.5150118,1.334373,-0.23474073
DNM1P51,-0.9373557,-0.8961597,2.783802,0.092882514,-1.2897809,0.45433807
DPH3P1,0.5495081,0.5961447,0.047035217,-0.30351543,0.7457285,0.60968685
ANTXR1,-0.98242414,-1.0377147,0.9930426,1.7188984,-0.77757585,-0.0746125
SOGA1,0.15060043,0.08096123,1.1099758,0.8620949,-0.9745369,0.22744083
DPF1,-0.9289187,-0.7416342,1.3453212,0.24723125,-1.4960524,-1.0834442
CHAC1,-0.15273857,-0.03848648,0.23973274,-0.11531067,0.011962891,-0.11047745
TNS3,-0.18930721,0.03591633,-2.2975998,-1.8597288,-0.38759136,0.7599249
RPS7P3,-0.17482758,0.19562721,-0.027274132,0.717577,0.09446621,0.16845036
SKP1,-0.1622572,-0.021559715,0.21123505,0.516469,0.5835018,0.1566124
CMC4,0.097299576,0.19986343,0.18306446,0.057714462,0.5793123,0.025560379
SLC6A13,-0.61966944,0.6517329,-0.3054204,-1.821475,0.7367339,1.5706477
PSG1,-0.5131345,-0.46544564,1.5625117,0.5703242,-1.1282696,-0.8299114
EBF4,0.2077465,0.41844368,0.90678596,0.4084015,-0.81611824,-0.24020863
RUNX2,0.69771385,0.2845831,-0.07588315,-0.1540134,0.5438442,-0.47881985
ZPBP,1.0163832,0.6107445,0.56237745,-0.3117559,-1.0573936,-1.1087447
RUNX1,0.002077103,-0.12058449,1.2032852,1.295227,0.760767,0.6870403
PSG9,0.906785,-0.55484766,1.4357983,0.5438621,-1.344009,0.43883193
PSG8,0.33424234,0.58797073,4.302923,-2.4295676,0.018414497,-0.12724876
PLPP6,-1.2473736,-0.8419132,0.41119528,0.7857566,0.4214263,-0.05295515
MARF1,-0.44187546,-0.39094162,-0.40632725,-0.3009014,-0.534997,0.054751396
PLPP3,1.6127758,2.1721401,0.8362837,0.92458916,3.2723236,2.243701
ALDH7A1,-0.17027283,0.634655,-1.122077,-1.1245708,-1.7419128,-1.3823538
PLPP1,0.6830454,-0.2346096,4.660708,4.7684007,3.2948375,1.2163978
RWDD2B,0.82299995,1.1073937,0.69933844,0.09090614,1.543572,1.175694
LMAN2L,-0.006015778,0.23112297,-0.973793,-0.9971504,-0.12764072,-0.062059402
LINC01095,-2.2398205,-2.461504,2.1520681,2.8976302,3.1864462,-0.78824306
EBI3,2.723606,2.3159065,-3.119934,2.7012348,1.45786,4.9474096
PTDSS1,-0.10041618,0.062124252,0.07246494,0.042692184,0.51741695,-0.20187664
DPH1,-0.022731781,0.0929718,-0.3174801,-0.000479,0.20388031,0.14672852
DPH2,0.3076887,0.40001965,0.74049854,0.70906734,1.100131,0.70640373
DPH3,-0.025968552,0.112026215,0.39937305,0.11717987,0.7945852,0.7409048
DPH7,-0.17098618,0.08472824,0.23736525,-0.31341887,-0.11997986,-0.24529648
IGKV6-21,-0.54002297,-0.47082257,6.752673,0.49610472,-1.3660015,0.2255671
FMO9P,-0.32052708,-0.64126766,1.3837601,0.85544837,-0.8338567,-1.047181
SRPK3,0.74694014,0.3124485,-0.006516933,0.91212463,0.07571411,0.21670532
TMEM50B,-0.3178892,-0.07203579,-0.31390572,-0.11973667,0.006425858,-0.09032154
AMMECR1,0.07260132,-0.17818928,-1.3105655,1.4523401,-0.015773773,0.10616398
NOTCH2NLC,-1.6404343,-1.8139038,-1.1321259,-0.31376123,-0.329422,-1.8928609
TMSB4XP4,0.9275484,0.58557224,0.23087502,0.9377575,0.5890608,0.72318935
MARCO,-0.9880295,0.53069687,-3.1411486,-3.4245663,-0.46453667,-3.0202656
GPAA1P1,0.40229607,0.24466085,-0.40112448,-0.2742133,-1.2158155,-0.17558384
RYR1,0.53511333,-0.09534979,0.5088954,0.6801386,1.4894896,-1.0102115
LINC02363,-1.5773107,-0.57556605,-0.28555036,-1.1806834,-1.2289946,-0.6452844
ZMYM1,-0.10993385,-0.094276905,-0.3042636,-0.088329315,0.28408623,0.2441659
EPB41L4A,-0.94029665,-0.8008055,1.1501172,0.34382248,-1.6951668,-0.8231454
ZMYM2,-0.8339672,-0.4255829,-0.7154331,-0.5109005,0.03154373,-0.97419834
ZMYM4,-0.26616573,-0.11241245,-0.2512684,-0.46419144,-0.2430687,0.10343742
NKIRAS1,0.078294754,0.34268713,0.5093689,0.7263651,2.0629005,0.6395755
NKIRAS2,0.13803005,0.29426098,0.18699837,-0.23412228,0.4476633,0.033659935
LINC02359,-0.74648803,-0.5874963,1.5544989,0.37453413,-1.311723,0.24771094
CAMLG,-0.65463114,-0.72726965,-0.12106371,0.005577087,0.38281536,0.29412174
RHOH,-0.058237076,0.2534418,-0.936183,0.39716768,0.5555072,0.38415623
AP3B1,0.17706108,0.04286194,0.2713375,0.40163612,0.55698586,0.098480225
TUBG2,0.94500256,0.77633953,0.47128582,0.050456047,0.50861645,0.5960169
RHOF,3.2727857,2.2530599,2.1739602,2.975964,1.9499068,3.7179732
IL17RD,-0.99089533,-0.8247454,1.0621946,0.2571249,-0.9719708,-1.1006485
RHOA,0.16245556,0.46745205,-0.19796753,-0.004384041,0.670002,0.102080345
UCHL5,0.052041054,0.29734898,0.23776627,0.7394743,0.95722485,-0.004426003
CEACAM1,-0.27467918,-1.2432871,-1.636646,-0.68984294,-1.8497534,-1.6503601
NME6,0.06606102,0.16155434,0.046601295,0.30324554,0.21023273,-0.199296
CEACAM5,-0.08616018,0.1820631,1.5850534,0.41954255,-1.3311695,-0.08859563
TNNT2,0.2296834,-0.38466048,-0.71116424,-0.11682844,-0.819994,0.44504595
NME9,0.1418891,0.5828624,-0.77387357,-0.412138,-0.322824,-1.0621953
RHOJ,-0.7860263,-0.6661306,1.3766053,0.38921905,-1.3562219,0.8324487
RHOU,-1.4102659,-1.1418142,-0.7212105,-0.47345638,-1.1068001,-2.115656
CEACAM8,-1.1069947,-1.011425,1.0241966,0.08605552,-1.2942445,-1.382669
DNASE1L3,8.189545,10.143888,12.734732,13.3489,9.251984,11.276009
RHOQ,-0.93812776,-2.3016486,-0.5151799,-1.6938801,-2.1259227,-0.025884867
OPRD1,0.026557446,0.6395135,-0.49702072,-0.1703453,-0.18173599,-0.43064928
UQCR10,0.20052338,0.3185978,0.23404312,0.7882099,0.10295963,0.38283157
RAD54B,-0.084478855,0.73359346,-1.8671169,-2.0106897,-1.1331663,-0.22545528
PBLD,-0.45680952,-0.4586258,0.5621834,1.269001,0.26813698,0.43131638
TBL1Y,-0.29752922,-1.7621784,0.35462284,1.2357483,-0.682477,-0.52296734
JHY,0.20377135,0.2376647,-0.37231874,-0.25493526,1.1824255,0.25975132
TBL1X,-0.12491131,-1.1542311,0.49228287,1.0373564,1.3880119,-0.33207607
LY6G6E,-0.000547,0.08433771,0.49695587,-0.5095651,-1.3035781,-0.69230366
ADAD2,0.20298052,-0.47917795,3.4370947,4.3129168,3.4321918,0.004703045
IGHV5-78,-0.96038616,-0.7417066,1.154139,0.33621585,-1.6204791,0.70801544
B9D1,0.36909723,0.7975769,-2.3453794,-0.29159355,-0.88007593,-0.61243916
ZNF354C,-0.26341772,-0.2175138,-0.4796586,-0.18268895,-1.6522079,-1.738545
NALF1,0.6106454,-0.4418149,1.2219309,0.082464576,-0.8297409,-1.2250886
ARHGAP44,-0.4452752,-0.43611526,1.5887914,0.5506444,0.8630328,0.42048955
ARHGAP42,-0.804295,0.36580706,1.4788148,0.3018782,-1.4694306,-1.0065762
C14orf132,-0.2742735,-0.2905572,1.7809296,0.636487,-1.1684623,-0.68226075
GHSR,3.7719479,1.8659706,0.038505554,0.120340824,3.802208,5.105872
RAP2C-AS1,-0.018231392,-0.73566484,0.2925434,0.8412967,0.8982167,0.07830763
LINC00265-2P,-1.6039438,-0.8000765,-1.1081877,-0.98481274,-0.49413013,-1.4961348
KCTD2,0.10360956,0.037728786,0.36735153,0.36653328,0.92692375,-0.2305212
KCTD3,-0.048249245,0.33141232,-0.66447353,-0.015694618,0.5151539,0.33598328
KCTD4,-0.8919351,-0.7600963,4.341504,3.2148707,0.000861,0.1371398
KCTD5,-0.15362072,-0.22194958,0.92734146,0.97274876,0.9290943,-0.23493099
DPM1,-0.45856953,0.3144827,-0.28624249,-0.012907982,0.7878523,0.18209553
DPM3,0.1138072,-0.1476407,-0.11129284,0.3814249,-0.6951685,-0.5684843
BTF3P11,-0.1757145,-0.1183548,0.014988899,0.5939617,0.27555943,0.09267712
TIPRL,0.006559372,-0.28104973,-0.08182526,-0.005329132,0.05417347,-0.026169777
STEAP1,-2.6351905,-0.8121679,-1.9412594,-0.84531164,-1.1410446,-1.7452109
TMEM59L,-1.3538206,-0.21503711,0.6434331,0.3159411,-0.8702781,-1.6508323
ARHGAP19,-0.77037144,-0.43563795,-0.77576923,0.29239225,-0.13013268,-1.2763052
ARHGAP17,-0.21929741,-0.20650673,0.18037033,0.025455475,0.9345436,0.07524967
PALM2AKAP2,3.5724468,2.6135507,0.051729202,0.0640564,3.3900676,4.1970725
DPP4,-0.73769474,-0.64330316,-0.4572177,0.57403994,-0.6884589,0.36291242
PDZD2,3.1064067,1.9407482,0.7272837,1.3309538,2.2858248,4.2647204
DPP8,0.07697773,0.42759848,0.3910308,-0.19192791,1.6217713,0.001979351
DPP9,1.6503363,0.48011446,2.1488423,1.1081076,0.38130045,1.0532956
MAN2A1,0.6940937,0.81303406,-0.41509438,0.5743294,1.8400621,0.9834919
MYH10,0.4387002,-0.6955092,7.0852685,1.0857837,-0.06044054,0.38257527
PDZD8,-0.8646922,-0.82547617,0.28776407,0.7958956,-0.48994684,-0.88252974
MARK3,-0.077552795,-0.3350544,-0.1502266,-0.0000401,0.0000391,-0.19114399
SMAD2,-0.42007065,0.0797143,-0.5710678,0.066084385,0.96404934,-0.013075829
SMAD4,-0.5124235,-0.35086966,-0.59726286,-0.47763777,0.7074728,-0.9173136
SMAD3,0.12318134,-0.011007786,0.21908712,0.956017,0.6571455,0.011007309
ARHGAP29,0.25747967,-0.56231236,1.436578,0.5202445,-1.4553906,-0.6357626
SMAD9,-0.6863209,-1.0953424,0.946028,-0.06602466,-1.3494693,-0.11080766
TDRD7,0.37063217,-0.26007652,0.5710993,0.4844494,0.7797899,0.7923498
SMAD7,0.86960316,0.34460163,-0.707798,-0.32809734,1.1194696,0.638422
ARHGAP33,0.44450426,1.0058932,-0.09809303,-1.070117,0.7269325,-0.7971678
RADIL,0.502728,-0.2473278,6.560059,3.0140047,3.290625,-0.10027695
ULBP2,2.3916478,0.12096858,-0.5955019,-0.57824755,-0.7608795,0.12320328
ULBP3,-0.42608154,-0.6384689,1.3892753,0.38290012,-1.3668154,-0.9824359
PRAC1,0.026230335,-0.4805336,0.56992936,-0.32391357,-0.15650105,-0.7348932
CRISP1,-0.73309475,-0.5637479,1.580283,0.39108825,-1.2979275,-0.90550435
TAS2R9,0.59085464,0.4999857,-0.9882057,-0.33101964,0.004115105,-1.3031561
TAS2R8,0.68111587,1.0011199,0.8242767,-0.3154136,-1.2623558,-0.1311214
SUMO2P3,0.12396717,0.2497015,-0.34923553,-0.15429592,1.0898705,-0.032273293
CRISP3,-0.5667647,-0.44346702,1.5255284,0.64329183,-1.3281572,-0.7529922
BDKRB2,3.2550168,0.36586452,6.7301345,6.064868,7.8926835,3.6021075
BDKRB1,1.6105363,0.70445156,4.0171213,3.857827,5.7031765,1.177572
MADCAM1,0.18704605,-1.0845609,-0.69185996,-0.46569824,-0.6794858,-0.012032747
MAN2C1,0.35292053,-0.03173828,0.23431587,0.927372,-0.1357193,-0.033917427
PTGIR,0.6453161,-0.47028255,-1.4119024,0.726882,-0.26826763,0.9311886
PTGIS,-0.48130584,-0.42778873,6.4127073,1.3678888,-1.3180182,-0.84290916
DESI1,0.14075279,0.30153942,0.41512012,-0.742085,1.352848,-0.20598888
LMNTD1,-0.4852395,-0.4231971,5.86643,0.55356205,-1.2162652,-0.44280034
URB1,0.24868202,0.28758383,-0.10037279,-0.45718765,0.38474607,0.8882346
RNU6ATAC27P,-0.8835068,-0.13766623,-1.7130883,-1.0761034,0.053288937,-0.83037615
UACA,0.109333515,-0.16422749,-0.074080944,0.1529584,-1.5749264,-0.86003494
PRRG4,0.058895588,-0.097604275,0.39576912,0.4351387,0.63651276,-0.11851597
ERBB2,0.15983105,0.040783882,-0.6219702,0.37102318,-0.9642296,0.058455467
NT5DC3,-0.10885763,-0.58085203,2.5243168,1.2074766,1.7455044,-0.16628885
LRIG1,-0.18025398,-0.3438573,3.1888952,2.0685863,2.5641088,1.4709167
S1PR1,1.4156628,-0.114284515,-3.088161,0.67878294,-0.041482925,2.169551
BPNT2,0.09785557,0.33170033,0.055239677,-0.091807365,1.0607176,-0.2812605
BPNT1,0.4572487,0.5417118,-0.056175232,0.6765423,0.929821,1.2255225
RWDD3,-0.49114895,-0.32975864,-0.55981445,-0.022976875,0.38123608,0.13249588
LGI2,-1.3385096,1.0489259,-1.1466613,-1.4581599,-3.8846679,-2.7499022
SSBP3P1,-0.42215252,-0.94779825,-1.1467581,0.87363005,-2.2677336,-0.46527672
NAP1L3,-0.5014091,-0.3445723,1.6654216,0.77315056,-1.2558634,-0.69638944
NAP1L2,-0.6233048,-0.43857837,1.6213799,0.5035753,-1.2885747,-0.8110952
OPRK1,0.48879194,0.8108077,1.5754721,0.6318288,0.54349566,-0.061624527
NAP1L1,1.4550982,0.86206675,0.862123,1.1140819,2.3133488,1.6162133
SGPP2,1.8779302,0.28962588,-0.6462755,-1.8329959,0.50392437,3.2261782
NAP1L5,0.46688318,0.065309525,-0.81561184,-0.31838965,-0.33572245,-0.43762326
FMNL3,0.6738186,-0.17488146,0.6167493,1.3478374,0.055162907,1.2733421
FMNL2,0.9252453,1.090929,0.9891453,0.037662506,1.9787741,1.6080055
XPNPEP1,0.45869827,0.48561668,0.38136578,0.3624344,1.0175056,0.97563744
XPNPEP2,3.4824333,3.2362976,0.6146078,1.5587559,2.8889723,1.9074893
XPNPEP3,0.012509346,0.5452781,-0.03451395,0.6147995,1.5456295,-0.12073994
SSBP3,0.10010147,0.15311623,-0.91109943,-0.3539486,0.36932182,-0.21644688
SOX5P1,-0.7465006,-0.68568957,1.3051665,0.41229725,-1.4787234,1.1303256
SSBP4,0.44196224,0.12399387,0.35763073,0.112259865,0.3494835,-0.3499813
ZPR1,0.000934,0.22886181,-0.051020622,-0.04593754,0.7500124,0.11367512
ITSN2,-0.85074186,-0.7001724,-0.047510147,0.6761651,-0.7049012,-0.6281867
NUP107,-0.6734133,0.00571537,0.98214054,0.6647577,0.88138676,-0.13321304
ITSN1,1.0540876,0.86508083,0.19892788,0.09313965,-2.0153456,0.18152237
TEX44,-0.82495123,-0.6118006,1.3652165,0.41020083,-1.4163985,0.12219739
SPINT2,2.3277092,1.707592,2.0907688,2.3215542,2.3772783,2.110777
TEX48,-0.743651,-0.637342,1.370028,0.43309593,-1.3440409,2.042557
SLA2,-0.46741784,-0.8371154,0.5543959,0.19698524,-2.314307,0.39415002
ZC3H12C,-0.381701,-0.31530285,-4.518877,-1.1161451,-0.18975353,1.0610037
ALKBH5,0.27587986,0.2513075,0.2297821,-0.24752522,0.6799269,0.08132076
DPYSL4,1.5546532,1.6054287,-0.3120699,0.26073456,0.7255955,0.8133602
KIAA1586,-0.3581457,-0.23896074,-0.25149488,0.29255247,-0.9771576,-0.6882849
FAM110C,-0.4030174,-0.34689867,1.6081576,0.7826741,-1.325327,-0.72157705
ALKBH1,-0.3670125,-0.07044506,-0.24964142,0.12659836,1.0240693,-0.18082905
DPYSL2,0.21347618,-0.3106537,1.4334993,1.6006489,1.0862284,1.1905594
FGFR1OP2,-0.86849403,-0.5699558,-0.7982712,-0.32015705,0.0918808,-0.6080284
DPYSL3,1.7829323,1.3646088,0.1832273,-0.88565934,1.2659664,2.494317
FAM110B,3.151208,3.6161032,0.77619267,1.0998278,3.1340637,4.217786
ANKFY1,-0.9720764,-0.059696198,-0.32316732,-0.59640694,-0.5476551,-0.18405342
CKMT1B,0.9930062,-0.6085601,1.5208447,0.33057952,1.6371062,0.97860694
PWWP2A,-0.7608719,-0.77791834,0.33043957,-0.14033127,0.33064556,-0.04856205
ALOX15P1,6.961139,6.330114,6.625232,6.4075847,5.877565,5.807895
FNBP4,-0.9009495,-0.39046097,-0.8839884,-0.14919472,0.44378757,-0.3229561
HEMK1,0.14037704,0.28944588,0.6614733,0.6587839,0.9037037,0.35263348
TEX51,-0.40421396,-0.090167165,1.6053915,0.56997955,-0.19485426,-0.83417666
CXADR,0.654732,1.7011702,0.03946781,-0.84775233,-2.7279143,-1.2568915
FNBP1,-0.020133018,-0.46155262,-0.17875767,0.09237194,0.67453194,0.6782646
IGHV3-33,-0.6888044,-0.6637111,0.5671685,1.469841,-0.4130168,1.1926501
PKD1L1-AS1,-1.291685,0.78020906,0.98754454,-0.14157379,-1.838292,-1.4613868
CACNA2D1,-0.7198723,-0.5444692,1.3927069,0.5407586,-1.3851018,-0.80767095
KIAA1143P1,-0.42901325,-0.694335,0.041787148,0.7299681,-0.34601688,-0.76543045
SPINT1,1.4462452,1.7510757,1.2891197,0.6215,1.8656082,1.8045788
EWSR1,0.17256355,0.32797432,0.12730217,-0.28351784,0.34465313,0.42396736
FEZ1,0.21345055,-0.23541653,1.491078,0.36693394,0.26720643,-0.9715926
FEZ2,-0.1940136,0.30826187,-0.14395428,0.3882904,0.34295273,0.37980175
TXNIP,0.05871582,0.19179726,0.2081356,0.4240551,1.1010151,-0.53983974
JTB,-0.13338566,-0.04647541,-0.21614075,-0.19131184,0.21063232,-0.21605396
TCEANC2,-0.076880455,-0.00204277,0.64637613,0.23215818,0.35031366,0.3279147
ASPHD2,0.5430145,-0.48293495,0.84504557,0.30937147,2.3346949,-0.99080086
MPPE1,-0.81266785,-0.86611176,0.06939793,0.045604706,0.07378483,-1.020009
CLOCK,-0.18459463,0.034881115,0.20942593,-0.07625818,1.0850396,-0.14232492
SLBP,0.34031296,0.2785282,-0.008104324,0.13858223,1.1049223,-0.22791386
SAR1A,-0.59843063,-0.3965206,-0.68818283,-1.1209507,0.7048702,-0.1616497
SAR1B,-0.18631363,0.2279396,-2.1485386,-0.07729912,0.68745613,-0.24079609
ZC3HAV1,0.31749249,0.48888302,0.4481125,1.3077154,1.4781265,0.48656368
TEX28,0.6011827,0.67992926,0.5251715,-0.5443249,0.9056752,0.84584284
PRPSAP1,-1.9653864,-0.4511156,-0.08746052,-0.4473734,0.62429905,-0.5367899
FAM245A,0.72056675,0.12011075,4.4573717,2.3078365,2.4103875,-0.21929479
PRPSAP2,-0.46933174,-0.06368637,-0.053548813,-0.087875366,0.99733067,-0.42900085
HLCS,0.29469204,0.15347195,1.9791727,0.6356783,1.0461569,0.16921997
MOV10L1,-1.1694117,-1.1586941,0.0673852,0.8111987,1.1539545,0.4431603
LTA4H,-0.9724083,-1.2964668,-0.7511215,-0.4976616,-0.7648115,-0.7471762
JAG2,0.9591665,0.1120553,-0.04104042,1.0052519,0.36439943,1.5839186
HEXIM1,0.26015472,-0.017734528,1.0296526,0.80724525,0.96894836,0.94527054
HLA-DRB5,1.267889,-0.33760834,1.4904175,2.0821133,-0.2563982,0.3467636
JUN,0.6768532,1.4308338,1.3285141,0.6842766,1.6303673,0.91468906
CREBBP,-0.3833351,-0.5911331,0.07725334,1.1050205,-0.31063175,-0.36195755
BTBD19,0.33675575,-0.1284213,0.4036746,0.9322486,-1.5003371,-0.30070925
JAG1,2.1399117,2.188179,2.1108675,2.0214891,3.1327944,3.083908
HLA-DRB4,0.2502594,0.78567123,1.2911806,2.1451988,0.7954149,0.280859
EIF2AK2,-0.93115616,-0.72017765,-0.04282427,-0.005787849,-0.16256046,-0.94028854
LNPEP,-1.2699633,-0.09938955,0.048615456,0.1996727,-0.5658212,0.23514414
TEX38,-0.5411527,0.51772714,-0.45505857,-1.2793506,0.6485157,0.034478426
PBX1,1.6909448,-0.68732816,1.1893591,0.35958874,0.048357368,3.8825798
FAM111B,1.8949485,2.979539,-1.6775641,-2.581016,-4.447417,1.4093938
FAM111A,-0.74639034,-0.317132,-0.40081024,-0.9053507,-0.5835314,-0.799016
AGO4,-0.40320158,-0.37278605,0.3181033,0.59620714,-1.3878598,-0.184484
AGO1,-0.5636778,-0.23712826,-0.732193,-0.3974409,-0.2380352,-0.6443682
AGO2,0.14293385,-0.16970348,-0.023072243,0.8516989,0.36617088,0.28452682
NMT1,0.02186203,0.029251099,0.39586067,0.07103157,0.08192539,0.6880827
HLA-DRB1,0.7339382,0.6378212,1.5407295,2.0909824,1.2581081,0.23613548
CRYBB2P1,0.88084745,-0.04553461,0.6403117,-0.10315466,-0.34464312,0.46448183
NCAPG2,0.44791603,1.7561836,-0.9692645,-1.1237264,0.3773842,0.3493886
CASP10,-1.144577,-1.3019633,-1.7113237,-0.22858,-3.1109223,-1.8406267
JAK2,-0.060320854,-0.5375223,1.2292252,1.1573477,1.072465,0.2626915
JAK3,-0.08532381,-0.67193174,-1.1365266,-0.035880566,-0.697032,0.50437355
DUSP4,2.3115406,1.0619259,0.12034893,1.574995,1.4775152,3.3187838
DUSP2,0.7720318,0.1987915,0.122504234,0.16824341,2.158718,1.070056
DUSP3,0.38091946,0.54284954,-0.36025858,0.75321007,0.41926765,0.2154913
DUSP1,0.55886555,-0.67670345,-2.1357927,-0.63434315,0.28879738,1.6255465
TEX14,-0.21100557,-1.3180724,5.8494687,0.9735379,0.21841288,-0.9266397
DUSP8,0.31222534,0.24512959,-0.66738033,-0.33360577,-0.064610004,0.21677732
DUSP9,-0.010721207,0.070631504,-0.9205589,-0.37873363,-0.9935956,0.28766298
TTC28-AS1,-0.7140696,-0.53108364,1.5421526,0.4412048,-1.3643556,-0.8887493
PLSCR3,0.13696289,0.34983063,-0.022406578,0.1522255,0.6693773,0.004788399
SDHAF3,-0.35158253,-0.010210991,0.21530914,0.5299902,0.7349596,-0.4192543
AGPS,-0.6670885,0.09475374,-0.11775875,-0.74206257,0.87062836,-0.61126184
CHST1,2.4676428,0.7248471,0.16169667,-1.1891763,2.748335,1.3486085
CHST4,0.15853119,0.20090199,-0.61631775,-0.67273426,-0.47343397,0.5545597
SLC18B1,-3.787609,-3.338982,-4.797302,-2.7010136,-6.3378816,-4.292839
PAFAH1B2,0.25034904,0.25306702,0.44857502,0.05885887,0.97558117,0.17919445
PAFAH1B1,0.21923542,0.3439436,-0.44779968,-0.18467045,0.10600376,0.18341541
ECHS1,0.27788448,0.60179234,0.6436024,0.91211987,1.20053,0.75853825
URM1,-0.625679,-0.31061316,0.112885,0.123067856,0.15617275,-1.0593843
ZC3H12A-DT,0.8417959,0.5276575,0.9962845,1.5892096,1.0802565,0.9370842
SNX32,0.2926011,-0.91344297,1.5743642,0.076069355,-1.8229717,-0.9578301
FAM117B,-1.2262998,-0.74316645,-1.5632498,1.3284926,-0.2845435,-1.4784067
FAM117A,1.5115223,0.33590317,-0.959424,-0.00000572,0.58022213,2.7642736
RIDA,-0.028120995,0.28088093,-1.2451863,-0.57347584,0.1493845,-0.43279266
SNX25,0.11749649,0.60716724,-0.115959644,0.01809311,2.106762,0.89285946
TP53I11,1.8324327,1.3824501,0.74174595,0.46710348,2.2061195,1.5497155
RIC3,-0.70616144,-0.5092317,1.4995006,0.5106174,-1.2847786,-0.086771965
SLF2,0.20231104,0.42360258,-0.05874157,-0.49752378,0.8078909,0.15153694
RIC1,0.37661076,0.28394032,-0.19999504,-0.33605766,0.8665123,0.48888206
CKMT1A,1.0509019,-0.20714903,-0.12722492,0.44017506,1.5975456,1.0139818
ATAD2,0.4600439,1.3665748,0.71768427,0.4801178,1.6693516,0.79634
MATCAP2,-0.52628946,-0.6206242,6.4555774,0.35433173,-1.5644995,-1.0122439
PASD1,-0.6227227,-0.43038338,1.6617544,0.4879645,-1.2708051,-0.8116142
KIR3DL1,-0.27559137,0.044012308,-1.0679944,-0.154737,-1.0684848,-0.5405488
SNX21,-1.2294726,-0.5715022,-2.145894,-1.4715719,-0.8732319,-1.6518464
SNX22,0.33617783,1.083231,-0.15533495,-1.0998745,1.397749,0.064520836
KIR3DL3,-0.8684406,-0.23104143,-1.8534985,-1.0031936,-1.6923175,-0.5592756
SNX20,-0.013164997,0.3230772,0.6576681,0.72496223,1.0914125,0.5681534
DCBLD1,0.7855954,0.20278215,1.060121,0.56347084,0.09582615,-0.24874449
SNX19,0.33968925,0.34866714,-0.35244656,0.013751507,0.7328882,0.21993065
CIAPIN1,0.21377373,0.14606285,-0.12295151,0.36551094,0.49229622,0.13416195
AGRN,1.9808474,1.2912769,1.3466878,1.0528698,1.3986769,1.3537769
LGR5,-0.6081675,-0.44954967,1.4919995,0.6586261,-1.3065602,-0.68801856
LGR4,-0.082885265,1.371098,1.2188635,1.6920943,1.9892712,1.5949554
DPP10-AS1,-0.6197073,-0.5105333,1.5799487,0.47810352,-1.2374498,-0.75894666
ALDH1L1,-0.819012,-0.6067187,1.3421609,0.43040133,-1.4274138,-0.7059169
RIF1,-0.58487797,-0.42347145,-0.62564135,0.15632057,0.5025072,-0.30811787
TMEM167A,-0.417037,-0.05169201,-0.5706425,0.027356148,0.6548109,-0.21642113
LY75,2.8856497,1.7376299,1.4615688,2.465394,3.363844,4.292838
MAP3K7CL,-3.0848355,-3.0867136,-1.2768178,-2.2299047,-0.6878791,-2.5125225
ALDH1L2,0.34745765,-1.0269377,1.1400018,-0.100828886,-0.94432807,-0.07284188
SMG7-AS1,0.59349966,1.0121274,0.38820505,-0.18279648,0.7287607,0.07694483
KMT5B,-0.6324086,-0.37127018,0.14019012,0.08629513,0.29385662,0.14919424
KIR3DX1,0.8473537,-0.57345927,7.30608,0.39211833,-1.4503936,-1.0019772
EIF2S3B,-0.06310272,-1.1535206,-0.16814137,0.94026756,-2.7616158,-0.52724934
ATP11B,0.15497303,1.4707513,0.18608475,1.3323102,1.0115252,0.13981342
ATP11A,-0.03710842,0.2859068,-0.85595894,-0.736804,0.6793089,-0.17565536
LY6D,0.012279034,0.19881535,-0.38052797,-0.276227,-0.15756369,0.22162056
SRSF3,-0.4966507,-0.17248535,-0.30332565,0.47944832,0.41121578,-0.2283287
SRSF4,0.04200554,-0.112550735,0.18277836,-0.06557083,0.52275944,-0.03756523
PTPRCAP,-0.030696392,0.46729803,-0.8416276,0.30649853,-1.0696425,-0.51217747
SRSF6,0.2948761,0.18668175,-0.24803829,0.3960533,0.6774788,0.22309113
LY6H,-0.745941,-0.54145676,1.4839151,0.4647758,-1.3234781,-0.8841152
SRSF9,0.28822327,0.69877434,0.064572334,0.08377266,1.5509071,0.06798172
LY6E,0.7070856,-0.1197176,-0.95053196,-1.5189867,-0.004900932,-0.9013424
KMT2E,-0.4802704,-0.838747,0.3069334,0.8170414,-0.121967316,-0.37210274
KMT2A,-0.058269024,-1.097589,-0.26651525,1.4301434,-2.6971636,-0.032523155
KMT2C,-0.70158434,-0.5434451,0.1522007,0.27732992,-0.40242386,-0.03214979
LY96,-0.43307304,-0.006072998,-0.2879715,0.41184044,-1.088335,-0.06624222
CREBL2,0.6209326,0.20161152,1.5582743,1.9260283,1.5503244,0.94200325
PKMYT1,1.210597,1.8372946,-1.0881748,-0.038693428,-0.19663143,0.37193775
ARL17B,-2.4141984,0.31003618,-1.7127328,1.0768819,-0.001785755,0.83121824
ARL17A,-0.78937197,1.6299462,-0.6167431,-0.016702652,-0.37153673,0.42793417
AMDHD2,1.112773,1.1302137,-0.45079422,0.6283455,-0.3738966,0.95236206
TNFRSF17,-0.7016076,-0.5479439,1.4369818,0.541172,-1.442024,-0.84712946
TNFRSF14,0.22307014,-0.017175674,0.3695717,0.5560589,0.043286324,0.6239834
KRTAP4-2,0.8767178,-0.534003,0.20459795,-0.20773077,-1.1581659,-0.69636106
KDSR,-0.00369072,0.003347397,0.47691536,0.67976665,0.78471375,-0.20271444
IP6K1,-0.39763927,-0.68549156,-1.0558801,0.1095314,0.12394905,-0.5646367
SAC3D1,0.335474,0.5786247,-0.46380997,0.016393661,0.18589497,0.03532219
GRIA3,-0.75295466,-0.587784,1.3575034,0.48263502,-1.3541272,-0.8650459
IP6K3,-0.10174775,-0.29128098,-0.34490466,-0.92783856,0.14341784,-0.47993326
GRIA4,0.4735403,0.27025127,-0.8113148,1.073411,-0.39863873,-0.18707561
IFNA21,0.7544353,-1.3351885,0.92227316,-0.6536963,-2.1911063,0.19942665
KRTAP4-5,0.5720277,0.27555633,-0.16320848,-1.3148129,-0.42790365,0.07434368
LY86,-0.7276926,0.017424583,-1.042923,-0.3179369,-0.95118237,-0.9806433
BFSP1,-1.0228853,-0.35552025,0.72723913,-0.5742855,1.1175303,0.3033266
RHPN1-AS1,1.3965347,0.855212,2.2376473,2.8461902,2.4528773,1.0137827
TRIM72,-0.7457218,0.2775154,-0.88341665,-0.20549393,0.23352242,0.58291197
IGHV3-66,-0.94264364,-0.8161707,1.7629248,0.2124914,-1.7672675,-0.07140875
ZBTB20-AS1,0.54581666,0.18707585,0.54158926,0.8325589,-0.30689788,-1.3918157
PTEN,0.13140678,0.4663658,0.00680542,0.06602478,0.20757389,-0.028654099
ECE1,1.7510233,0.23137426,0.5683999,1.5112662,0.9966116,2.9294949
ETFA,-0.95052004,-1.1377845,0.42149258,0.27373457,-0.97994375,-0.2235794
ECE2,0.58479774,0.82254636,1.0986446,0.12551367,-1.2404364,-0.3949114
RESF1,-0.6131859,-0.76716423,-0.48477745,-0.015577316,-0.1832447,-0.40921974
TRIM69,0.27600384,0.22565174,-0.021923065,0.000453,-0.32864857,0.5950012
TRIM65,0.2759905,-0.03978014,-0.24733305,1.0093627,0.37851048,0.08986187
NKX3-2,-0.47001088,-0.39651442,1.5485085,0.6589434,-1.023723,-0.44727695
NKX3-1,0.40792227,0.71539354,0.32657862,0.78120995,-0.39783478,0.09376192
ZNF880,-1.3634222,2.6292858,-1.0050015,1.900784,0.5476613,1.902494
IGHV3-74,-0.2309115,-0.86533177,0.23774385,1.6992016,-1.4327092,1.3347864
GRID1,-0.6172561,-0.47369623,3.8164482,0.4798907,-1.2366406,-0.84144706
TNFRSF18,3.0010505,1.1413727,-0.98840714,0.38968277,0.82869387,1.5815992
TNFRSF19,-0.1953733,-0.25164223,1.7883296,0.46625304,-1.3500357,-0.1945939
TNFRSF1B,0.02832222,-1.008173,-1.721303,-1.2465916,-1.9763355,-0.2609768
ARFGAP3,-0.18486118,-0.06650829,-0.14746952,-0.6505556,0.7595358,-0.19578552
ARFGAP1,0.48144817,-0.16580248,0.22678137,-0.3772602,-1.4631748,-0.002401829
ARFGAP2,-0.13468456,0.24859142,0.4092331,-0.11458397,0.12260628,0.17618656
TNFRSF1A,-0.22089577,0.264143,0.0676651,0.22478867,-0.9324236,-0.7171116
PCCA,-0.62250996,0.71436405,-1.7727499,-0.3599577,-1.4471989,0.015036583
SMCR5,0.51236916,0.55947876,0.21295643,-1.2595997,1.0450411,-0.12092304
TRIM58,-4.414769,-0.49924326,-2.3314524,-0.7716541,-1.7811604,-0.9065008
TNFRSF25,0.60669994,-0.90608025,2.9612722,1.1723781,2.9181395,1.0909624
ETF1,0.13126087,0.47258282,0.08443165,-0.14683819,0.58065224,0.3358326
TOP1,-0.100660324,0.38972855,0.096009254,0.51916313,1.8659868,-0.06387806
AGXT,-0.6960617,-0.66440344,1.3516071,0.38917542,-1.4398683,-1.0168152
TRIM55,-0.7153662,-0.52692825,1.5668213,0.39535594,-1.3782514,-0.9110436
TNFRSF21,0.68146706,0.9051075,-5.8821125,-4.2413588,0.20170021,0.43778515
SAA3P,0.07438183,-0.95773345,1.0567706,0.6278746,0.2314651,-0.09549129
CANT1,0.41308975,0.50852966,-0.035063744,-0.83952856,0.09103489,0.46781063
SRSF1,-0.114583015,0.35855007,0.24633694,0.47203732,0.63951397,0.06640148
ATP10A,0.14865494,0.12094307,-0.9742465,-0.12519789,-3.0520325,-0.6798954
PTH2,0.81677103,2.2818356,-0.7264247,-0.19803524,0.41118908,-0.77024317
ENSG00000267260,0.22529292,-0.9352757,4.574851,0.019344926,0.35392535,-1.3138933
UBQLN1,0.13520813,-0.6169543,0.23694324,1.3935719,-0.17056751,0.01250124
E2F2,0.28295517,0.8161292,-0.8814373,-0.17306519,-0.25292587,0.6702261
TRIM47,1.5590124,1.8827448,-1.3822107,0.89758205,-0.3670082,1.0796537
E2F6,-0.18240547,0.07395172,-0.15628052,0.8579006,0.6497469,-0.001527786
UBQLN3,-0.05015087,0.1941979,-0.18569422,0.059885025,0.2697959,-2.1247208
TRIM45,-0.054949284,0.3387003,0.55112934,0.14774609,0.13923168,-0.56598186
UBQLN2,-0.49906254,-0.19314098,0.08001423,0.001973152,-0.03075695,-0.13205147
TRIM41,-0.24511099,0.63452244,-0.20683193,-0.65954924,-0.38814354,0.31525517
SMIM10L1,-0.012400627,-0.023409843,-0.228858,-0.012284279,0.2767105,-0.068327904
GZMA,-0.16702747,-1.5538259,0.5267644,1.2935262,-3.286727,1.146987
MAP1LC3B2,0.1489029,-0.041711807,0.27422142,0.4175663,1.22507,0.4093914
GZMB,-1.0706978,-0.84982777,-1.9749746,-0.8731928,-1.4077721,-1.0168285
KIAA0232,-0.514904,0.018245697,-0.6753273,0.15337563,1.3697319,-0.35306358
TM6SF1,0.27381516,0.34529686,-0.06645012,-0.14889145,1.8854733,0.13817596
TM6SF2,-1.4269822,0.09114313,-1.2466726,1.2622647,-1.1246324,0.18123674
GZMK,0.16696,-0.33647585,1.2486162,1.2391267,-1.682153,0.57108974
DBNDD1,0.567405,1.5906744,1.1595762,1.4776108,3.154233,-0.4335425
TRIM39,-0.26163054,-0.36775875,-0.07457733,0.63503075,1.1092424,0.057686806
UBQLNL,-1.0988996,-2.8653603,-0.36147928,0.7902665,-0.46972275,-0.3255663
TRIM37,0.07045698,0.1370492,0.11616993,-0.10844612,-0.35959816,0.31268692
ZNF850,-0.85146713,0.10801554,-0.4746375,0.95708466,0.69123745,-0.79844475
TRIM33,-0.3551197,-0.4740696,-0.14993572,-0.15733337,0.2373991,-0.09805775
ECI1,-0.1530428,-0.2235136,0.11982536,0.54518795,0.15150261,0.19910526
ICAM3,0.106095314,-1.9282293,0.80754375,0.5677824,1.6369829,-0.75697803
C16orf89,-0.39315438,0.62282753,0.95289326,0.11356962,-0.6098032,-1.2505007
IKZF2,-0.8418708,-0.6859417,2.3879375,0.5417867,1.4322948,-0.9804654
C16orf87,-0.17838097,-0.31429482,0.18082237,0.63370895,0.73040295,-0.14798546
ANPEP,2.031824,2.5001316,0.5584669,0.11273956,0.8480797,1.4507751
KDR,-0.17893612,-0.9519564,0.92177486,-0.040108085,-0.93115187,-1.443976
TRIM26,-0.16934967,-0.09672928,0.4934349,1.0070705,0.6479187,0.06214142
TRIM27,-0.03157997,-0.5028095,0.2638235,0.017255783,0.46848297,-0.104008675
TRIM22,-2.0704503,-1.5538616,-0.4679556,-1.1467037,-0.5197773,-2.5392385
TP63,5.5001335,2.641541,2.1965384,3.6756492,4.872311,6.5172668
ARL10,1.6547899,1.3288617,1.1328034,1.348917,2.4085994,0.7106075
ARL14,0.05698073,-0.5652762,1.4512248,0.5491868,-1.4351459,-0.84135586
ARL15,-0.5953727,-0.2546525,-0.6545787,0.46242857,-0.8777981,0.007772446
ECH1,0.23950386,0.21139336,0.02768612,0.48586464,0.708416,0.19421005
TMEM170A,-0.42599583,-0.41766644,-0.060709,0.46959972,0.19147205,0.034431458
SNHG14,0.26526344,-0.6160702,1.3213071,0.50028956,-0.25574815,0.40750694
SLPI,-0.026977062,0.42577505,-0.89697933,-0.83376694,-0.6248503,-0.06798506
RIN3,0.10508728,0.5959511,-0.012563705,0.24485016,-0.8003254,-0.43106556
TRIM10,0.09717369,0.18587065,1.8032074,0.534358,1.0328922,0.02664566
RIN2,0.10414171,0.8112221,-1.3313541,-0.7656021,-0.79451084,-0.89974976
TP53,0.81470346,1.031177,0.43244982,-0.30694008,1.2350621,0.19864416
ROPN1,-0.6082623,-0.5009858,1.587565,0.49057114,-1.2258375,-0.8633256
WWC2-AS2,1.0097666,0.8156371,-0.93267965,-0.71715164,0.34957075,1.104928
ACTR3B,0.25074244,0.05392599,0.35252953,0.5752239,1.4222097,0.95964575
MED12L,0.045379877,1.6610463,0.58579326,1.8636999,1.1034021,0.15943241
SYNGR1,0.25255108,0.5492859,-0.95594263,-1.5127263,-0.34262133,-0.3811245
HLTF,-0.553586,0.33435678,-0.4213872,-0.5346813,0.8480687,-0.6865597
B4GALNT1,1.3019159,0.9544282,0.5188713,-0.028418064,0.31698656,1.3029397
B4GALNT3,-0.5046842,-0.8164493,1.1669483,0.42864275,-2.5437632,-2.1634204
B4GALNT2,0.1940124,-0.4067868,1.3325472,1.2962456,-2.1113725,-0.9659047
PCK2,-0.43720245,0.6883621,-1.3572445,-0.6565323,-0.6032591,-0.26317692
HARS1,-0.032567978,0.23089218,-0.10025692,0.010904312,0.7498493,0.10349655
FAM9C,-0.5711622,-0.3885461,1.6721368,0.55994546,-1.2375861,0.62680125
CNFN,0.098005295,0.15868568,0.030023575,-0.037067413,0.01598835,0.16948509
C16orf54,0.9646344,0.52895117,-0.014214993,1.0236735,-0.16415596,-0.5877023
PTK2,-0.19237041,-0.27905226,-3.7360055,-2.5163133,-2.143764,-0.84044313
ZNNT1,-0.35183144,-0.27391577,0.7058449,-1.342463,-0.006221294,-1.5433393
MAGI2-AS3,0.5186753,-0.13893509,-1.1011515,-2.083016,-0.52866316,0.34972143
UBE2FP1,0.8120098,1.0188332,-0.33095598,0.49246407,1.3366365,1.5550394
NDUFAF1,-0.07961273,0.14677429,0.06593704,0.17202568,0.5752306,0.39746475
MON1B,0.4396019,0.2411995,0.6274185,0.63137436,-0.9265938,0.11540413
SPAG17,-0.010243416,-1.103894,0.9071791,-0.065189004,-1.9589667,-0.7977637
ECM1,1.1121054,1.6704416,-2.867434,-2.1134405,0.9771013,0.22220325
AP4E1,0.13854885,-0.11701107,0.43852043,1.0432725,0.55842304,0.2233448
GRIK1,-0.51475185,-0.44333845,1.5409355,0.67048,-1.3339382,-0.70948243
KHK,0.060875893,1.4322691,0.000169,-0.96929264,-1.1479435,-0.19584751
HERPUD1,-0.2263794,-0.8927684,-1.9404318,-0.52407455,0.30324984,-0.91868687
ACTR1A,0.21410751,0.36330605,-0.5017004,0.014322281,0.24994373,0.2800007
PCM1,1.0747023,1.1386194,0.6193094,0.028197289,1.4910107,1.3859701
NMRK1,0.1864605,0.19582939,-0.8434515,-0.060850143,-1.046052,0.773386
CNTRL,-1.0199313,-0.8850546,-0.41911364,-0.012035847,-0.8831935,-1.5333519
MCF2L2,-0.48887414,-0.41995335,2.3238275,0.57323754,-1.1802812,-0.8079735
CTTNBP2NL,0.022842407,-0.49640083,1.4441233,1.2642193,0.77608776,0.6330633
TOX4,-0.5061302,-0.15849495,-0.017867088,-0.041330338,0.15144634,-0.011200905
ANKFN1,-0.7373739,-0.5830309,1.559299,1.4550724,-1.2978585,-0.9192225
SLTM,-0.686388,-0.37565613,0.18195248,0.35108566,0.49953842,-0.31211376
KIT,0.005720258,-0.6307363,1.3910227,0.64891696,-1.2977636,1.5490229
AFAP1-AS1,0.81011295,-0.09518194,1.8323259,2.8537674,1.5185952,1.4902139
PTMA,0.5400677,0.42653275,-0.059552193,0.5700035,1.0267248,0.34007645
ARHGEF5,-1.1332278,-1.7312849,1.9664056,-2.13863,-1.806278,-1.1832552
ATPAF1,0.26163864,0.5787473,0.10817909,-0.07609725,1.3030696,-0.44117498
OR10D1P,0.08811593,-0.39927316,0.39467835,-0.38939285,-0.7178459,-0.17666245
AHCY,0.7419472,1.9300003,0.11181545,0.809927,-0.3280487,0.9730463
GPALPP1,-0.5336766,-0.47077227,-0.8580551,0.35200262,-0.17274094,-0.88751936
NOXO1,1.1311297,-0.15753984,0.34480095,1.5653172,0.809638,1.9303803
FITM1,-0.103328705,-0.2287364,-0.07367563,0.26968527,-0.66188526,-0.78256893
FITM2,0.011809826,0.35234833,0.28837872,0.45047474,0.114212036,-0.15068865
AHSA2P,-0.45142317,-0.73953724,-0.26386356,0.1823988,0.08445263,-0.07004547
PCNT,0.03455925,-0.01136303,0.4187832,0.76592827,0.6870861,-0.090932846
ELF3-AS1,-0.7753688,-0.654817,1.4558003,1.7603273,-1.3502643,0.15216565
CYP8B1,-0.6092697,-0.4054659,1.5297558,0.6474968,-1.2374308,-0.7092991
YIF1B,0.87929726,1.0595226,-0.047249794,0.44120598,-0.0328331,0.19512463
GRIN1,0.2663343,0.9554336,0.67261314,-0.46871173,-0.9125681,-1.2748923
RP1L1,0.24784184,1.0477467,-1.1028485,-0.27999377,-0.7086134,-1.5031683
SEC23IP,-0.11543846,0.07448721,-0.22337627,0.08528328,1.1478758,0.20257711
SGSM3,-0.067453384,-0.09840965,-0.22540951,0.35476494,0.086483,-0.34959698
SGSM2,0.014446259,-0.20978355,0.77997875,0.26606178,0.009661675,-0.40829659
ACTR10,-0.16388035,-0.17550182,-0.033629417,0.02345562,0.67714024,-0.29913998
IL18R1,2.6348438,2.2526808,2.3031783,3.1092148,4.227846,3.8312984
AKR1C6P,-0.42089152,-0.28834116,1.7181046,0.7342533,-1.23582,-0.69190687
NEK11,0.60503197,-0.12636375,-0.28610492,-1.7447722,1.5270209,-0.3722124
PRDM7,0.33216262,0.10869408,-0.4087925,0.23032784,-0.6304133,-1.4033442
NUP188,0.77700233,0.18598509,0.53210163,0.14463186,0.42575645,0.6801958
PRDM6,0.8255274,0.7495246,1.1206727,0.22876883,-0.40348864,0.32090092
PRDM1,0.1146183,-0.19615936,1.0574832,1.452662,0.7036104,-0.122657776
ETS2,-2.7936459,-1.3678398,-3.7049713,-1.2362747,-3.298129,-3.6202059
POTEKP,-0.592472,-0.6720568,1.1616287,0.15008736,-1.5534285,-0.06478751
GNPTAB,-0.46386528,0.024309158,0.25584888,1.1268215,-0.1257019,-0.47122192
LINC00933,-0.7896478,-0.98293,6.554051,-0.030522704,-0.57124007,0.14750946
TMOD4,-2.6226597,-0.2710967,-0.377872,-0.45375824,0.07423353,0.4963565
SPINK6,-0.07722974,-0.3556273,3.7275715,-1.698353,-3.5467343,-0.08367729
ACOT11,0.6584244,1.0487957,-1.3772392,-1.2150788,-0.4224615,0.017846107
HNRNPA1P53,-0.5365133,-0.007157326,-0.08154011,0.39999485,0.7231798,-0.16047287
TMOD2,-3.7007098,-2.9787068,-1.2257352,0.63213825,-2.6477795,-3.146366
KMO,0.50695515,1.2339964,-0.12782001,-0.012288094,0.72393894,1.1884346
TRAV34,-0.45317507,-0.29638577,1.6930176,0.68777657,-1.223287,-0.6862477
CENPCP1,-0.56018686,-0.09622288,0.05653572,-0.19626665,0.27420235,-0.36691523
SLFN12,-0.86002254,-0.3947258,-0.35051346,-0.13267756,0.318038,-1.3926501
LINC00929,-0.5451463,-0.42931056,1.5051415,0.6598979,-1.3074228,-0.7157843
PCP4,0.9005904,-1.7903621,1.2960429,0.004074097,-0.06588364,-0.07732439
TYROBP,0.35539436,0.090703964,-0.8879852,0.03312683,-0.78622055,-0.004817963
NDUFB10,-0.07583618,-0.064352036,-0.036722183,0.60627365,0.3518324,-0.25990772
UBA6,0.12613773,0.1294365,-0.87502384,-0.8268552,-0.73147964,-0.36350155
SLC41A2,1.1791325,1.0520325,0.57868767,0.84132576,2.0372057,1.7686138
UBA5,-0.28357697,0.28243446,0.07276535,0.33870506,0.69279385,0.050252914
SLC41A3,-0.62548256,-0.45394516,-0.64640236,0.35744476,-0.32847977,0.31881714
GLYAT,-0.59769154,0.81125236,-0.66177225,-1.5973115,1.8631332,-0.53504753
INAVA,0.9936063,0.43818593,0.088421345,-0.73186874,0.30846214,-1.0225201
CNN2,0.63786507,-0.17830276,1.3112326,1.1377373,1.0830841,0.57684517
LINC00957,1.0254192,1.5317345,1.9110317,-0.308136,1.0066833,0.5361109
LINC00958,0.2206564,0.69174814,0.43263674,-0.16629171,0.77515936,0.12280369
TCAF1,-0.1522212,0.27446127,0.6141195,0.16719723,1.2142258,0.1789937
NUP155,0.11585617,0.32539415,-0.23769855,-0.008321285,0.36473942,0.30486012
USB1,0.37621355,0.44110394,-0.18904305,1.2252669,1.1609335,0.887475
UVSSA,-0.15529442,-0.36739922,0.85523605,0.48273087,0.5373535,0.011212349
CNTN2,-0.291597,-0.46057373,1.5543325,0.5736401,-1.2505947,-0.83031666
UBA1,0.5943136,0.63024235,0.3000841,0.44777203,0.4448309,0.36368656
CNTN4,-0.6440912,-0.49060363,1.4207027,0.6238315,-1.3238134,-0.72090673
NEDD8P1,0.3675661,0.41639805,-0.002791405,0.73655224,0.17955875,0.11353207
TTC26,-0.07819438,-0.8975853,0.37207413,-0.119957924,-0.05749488,0.7310803
TNFAIP3,1.241642,-0.26074028,-1.2867169,0.96319914,0.5709448,2.643036
TNFAIP1,-0.03668976,0.07883072,0.054815292,0.76693344,-0.032601357,0.3305025
LTB4R,0.42426014,0.45751953,0.06071806,0.47872734,-0.24949026,0.101744175
LMNB1,-1.0029936,-0.52859545,-1.9942818,-1.8927636,-2.7719479,-1.59623
LCMT1-AS2,0.26955128,0.89922905,-0.41208053,0.53913975,-0.05344677,-1.7675662
TTC31,-0.08878994,-0.15967894,0.09616661,-0.49795103,0.3734188,-0.56138134
OLIG2,-0.94719464,-0.8512101,1.2262384,0.15163791,-1.5713626,-1.1895578
SYNGR3,1.3362527,0.17091131,0.9125042,1.5587773,0.9316282,1.2516022
ETV5,2.108038,2.992095,-2.160326,-2.7439604,1.9891987,1.2198253
OXLD1,0.2840786,-0.1545353,0.1728468,0.7885151,0.49468422,-0.27578735
ACOX3,0.2839284,-0.66249466,0.19429207,0.6056566,1.2826166,0.6016302
CYTH3,-0.8603363,-0.8030596,-1.4741325,0.2902093,-1.6041212,-0.94271517
CYTH2,0.23956823,-0.4426322,0.12394953,0.44189978,-1.8977199,0.1703763
FOXN3-AS2,0.021086216,-0.69018275,1.8209808,0.2820251,-1.6080631,-1.1301785
CAND1,-0.35842466,-0.2702875,-0.69398785,0.14891434,0.39636278,-0.11061239
CYTH4,-0.1892705,0.06299019,0.5357914,0.5779724,-0.24707222,-0.64064026
CNR2,0.3286171,0.18429756,-0.15827799,1.1449232,-0.35667658,-0.3074026
BNIP1,0.31351805,0.52644444,-0.3342266,0.21934223,0.71415424,-0.033129215
PTK2B,0.3088503,-0.38782024,-1.68538,-1.6396213,-1.1097078,0.59690857
PRPS1L1,2.395718,2.6550965,1.8375297,0.89661264,3.460649,2.8534732
ABRAXAS1P1,-0.14865017,-0.62334585,-0.50108147,-0.23715949,-0.8030584,-1.0256803
TRDMT1,-0.17799759,0.5125618,-1.0424976,-0.28742838,0.28941822,0.02691555
CYTH1,-0.016493797,0.077843666,0.16013336,0.78841496,0.42588615,1.019762
TIMM8B,0.35144997,0.4132042,-0.07668877,0.8508053,-0.33626366,0.5191288
NIPSNAP3A,-0.3401127,-0.021514893,-0.390193,0.38337135,0.4221182,-0.00369072
TTC17,-0.06765127,-0.37126446,0.36893845,0.28013325,-0.086826324,-0.2427721
LINC00905,0.01880002,-0.23074949,1.2556443,1.3313851,-1.2608352,-0.124023795
SMUG1,-0.28058147,0.2392497,-0.25564337,-0.53027344,0.059423923,-0.094967365
ERCC4,-0.4557848,-0.051270008,-0.2386136,-0.4097886,0.42192745,-0.3037958
POLE2,1.1137834,1.8739309,-1.5669138,-0.69593716,0.06339693,0.37359333
PTX3,3.0776825,3.625414,-4.9935255,-3.866429,-0.7097254,3.0390816
GPD1L,-0.081796646,0.12694168,2.396781,2.114708,3.351942,0.13146687
ERCC6,0.5936575,-0.3501737,1.6366134,-0.6190131,2.289905,0.6266408
PI4K2B,-0.15391636,0.59474087,-0.2161417,-0.31200743,1.3145008,-0.3705635
WIPF2,-0.27288055,-0.12351036,-0.5167608,-0.04060936,0.23761272,-0.289567
SLC4A1,-0.76988196,-0.6256609,1.3513663,0.7742431,-1.5668231,-0.0923897
SMC5,-0.561275,-0.029240131,-0.002743244,-0.7102022,0.56966305,-0.49015856
WDR83,0.10854912,0.33561516,0.005989075,0.57060814,0.15501118,0.4327507
SMC6,-0.32798243,-0.09136391,-0.015080452,0.49288177,0.01137352,0.001788139
SLC4A3,0.72938776,0.14160061,-0.1425848,0.3226514,-1.2671556,-0.23445225
WDR89,0.15221071,0.23254347,0.59319305,1.1245918,0.35550404,0.18485832
SMC4,-0.4192934,0.46684837,-0.7661438,-0.6195805,-0.20615673,-0.56088257
CNST,-0.35907936,-0.89720917,-0.50520563,-0.09489536,-0.7910824,-0.67586374
ZMIZ1,0.7211957,-0.00072,0.38267708,0.5798168,-0.87286997,-0.2120719
WDR90,0.105084896,0.4876275,-0.011403084,-0.22750616,-1.0335207,-0.57479954
ZMIZ2,0.20156002,-0.033194542,0.2728672,0.8981447,0.21481419,0.44226837
NAMPT,-1.4667621,-1.2349639,-0.97789574,-0.68699265,-0.9006996,-1.3527737
LINC00899,-0.60739064,-1.0039847,0.8287128,-0.095011115,-1.4638413,-1.4958347
PRSS8,0.002659798,0.22877932,-0.47732067,0.5095563,-1.1738601,-0.89249086
LINC00896,-0.6326964,-1.3528384,0.6059656,-0.21186936,-2.0120068,-0.6810931
NUP214,-0.3216238,-0.29734707,-0.27407265,-0.6312456,-0.56600285,-0.5249586
NUP210,0.34765482,0.49092674,-0.72562695,-0.5664339,-1.30793,-0.11070824
XAGE1B,0.053272963,-1.674097,0.3523774,-0.5482261,-1.4702003,-1.9268838
ARMC9,0.49841642,0.15450764,-0.93812466,-0.89242506,0.6551943,0.6802964
ARMC7,0.062132835,0.16688061,0.009710312,0.8773508,0.09210873,0.027993202
WDR72,-0.81789136,-0.65115994,1.3559997,0.39499187,-1.3904492,-0.9461391
ARMC8,-1.2238231,-0.71815014,-1.0610843,-0.007516861,-0.37569046,-1.110362
FAM86EP,0.7550616,1.3009086,0.16795683,0.56670284,0.5511203,0.3472314
HCFC1,0.35254145,0.3412776,-0.7976055,-0.21540642,0.7536726,-0.006411076
WDR77,0.60297203,0.7423725,-0.43148708,-0.47864914,0.8528099,-0.003153801
DEPDC1B,0.002471924,1.6145129,-0.84429026,0.8441324,0.32715273,-0.002472401
ADCY9,-0.087444305,-0.001670837,0.43504333,0.48133802,0.36845207,0.094911575
WDR82,0.15278149,0.047527313,0.85480213,0.71852493,0.41178322,0.18063259
ARMC6,0.7389488,0.3605709,0.36524582,0.3959751,1.0059576,0.43252563
PARD3,0.21705198,-1.4931785,0.5349622,-0.16548729,-2.4268327,-0.36936617
AKAP17A,0.43522358,-0.24956512,0.37179232,0.19125557,0.19220638,0.23971558
RPS20P14,-0.18393326,-0.07492638,-0.007139206,0.6083336,-0.92875004,0.05025673
ARPP19,0.53998184,0.788023,0.3842287,-0.9167652,1.3179054,0.73716354
PLAC8,-1.1966553,-1.369143,-2.6136975,-2.1184263,-2.3270931,-2.8851686
BLOC1S6,1.1792936,1.109664,2.573433,2.4408617,2.690877,1.6621208
NCSTN,0.19686508,0.47442627,0.23944378,0.5098705,0.68776035,-0.07935619
XKRY,-0.3810569,-0.2995323,1.6390926,0.7975973,-1.2805684,-0.6578868
BLOC1S2,-0.002532959,0.053497314,-0.34100437,-0.28465843,0.4497366,0.16255951
PLAC1,0.903239,-0.27831888,0.95314145,-0.22319412,0.5343659,0.7197943
HLA-DQA2,0.47153664,0.11444855,1.0696259,2.577406,1.3844767,0.8153734
HLA-DQA1,0.66638374,-4.451132,1.8261595,1.8435364,2.6611347,0.045283318
RPL23AP8,0.089686394,0.19217777,0.3561058,0.906085,0.23005962,-0.21401405
RPL23AP1,0.004796982,0.06495285,-0.06738567,0.93240166,0.2121706,-0.15772152
RPL23AP4,-0.08855438,0.049861908,-0.20142937,0.8353443,-0.059962273,-0.14051723
WDR54,1.5549259,1.0198421,0.41059208,1.0353394,1.4903269,0.7021799
POU6F1,0.587482,-1.5545433,-2.2601783,-0.16772175,-0.23404217,-0.8191824
GPR32P1,0.19393742,0.36458683,6.2164326,-0.050312996,-0.95672035,-1.3932564
GJB4,0.63540983,0.23933911,0.22305632,-0.6159835,-0.069280624,1.728344
ARL2BP,-0.5011797,-0.107598305,-0.18749523,0.28767872,0.3836918,-0.09941101
GJB3,1.3603528,0.852767,1.3123369,0.46766853,2.1163685,1.2766156
GJB6,-0.69530714,-0.8453998,1.095181,0.16258049,-1.5770673,-0.8147905
SMG1,-0.30408096,-0.29603577,-0.16146088,-0.64953804,0.51378155,0.4140396
WDR44,-0.29412222,-0.07618523,0.3140955,-0.6003685,1.2455482,0.08977699
UBL5,0.3694353,0.45275974,0.37458515,0.9802809,-0.061034203,0.28207588
UBL3,-0.16614914,-0.07615852,0.8229847,1.0844498,1.173274,0.37212658
HELLS,2.011038,2.7111466,-0.12788391,-0.14645815,-0.33169007,2.9342625
WDR33,-0.61755466,-0.04644084,0.015089512,1.0082633,0.547971,1.066499
GJD3,0.29628754,0.3575344,-0.047480583,0.87589455,-1.486414,0.020264626
KIFC2,1.1111422,0.34672832,2.5050106,2.6938257,2.1850834,0.77399254
KIFC1,1.858737,2.961862,-0.5827174,-1.1516261,0.3937478,0.9090595
LINC00842,-0.5411982,-0.4072405,1.5034685,0.6709986,-1.2678819,-0.70440847
AHRR,1.6045952,0.580873,3.344903,3.4290562,3.088892,1.8900795
HLA-DQB2,1.0972748,-2.2247143,2.0069008,1.9422073,0.7284641,-0.17062092
LINC00840,-0.70290476,-0.5250129,1.610276,0.42440915,-1.2773545,-0.87267953
HLA-DQB1,1.2751198,-0.5153103,2.096959,2.0690079,0.8872442,0.26220512
LINC00841,-0.59918386,-0.44282234,1.4920691,0.62773395,-1.1971474,-0.7315109
ADCY2,1.020777,1.0971043,0.061367035,-0.7729869,0.86462164,0.717458
SPTY2D1,-0.023869038,0.1503005,0.039004326,-0.30372238,0.2607832,-0.38272953
TRBV7-4,0.032004356,0.12740314,1.0197713,-0.08829975,-1.6389235,-0.9889421
ADCY6,-0.025076866,0.09829855,0.5223694,-0.012951851,1.1383324,0.184937
FGD3,-0.4568081,-0.122709274,0.43974686,0.28614426,-0.5613136,-1.592124
ARFRP1,-0.05907917,0.45581913,0.67094326,0.25330734,-0.34648705,0.9049425
FGD4,-0.21484375,0.06510353,-0.5570307,-0.93596077,-1.4281025,-0.25923824
FGD6,-1.2001748,-1.1601081,-0.98088074,-0.9574032,-0.7958574,-0.70209074
GPAT4,0.40021896,0.25649452,0.6697836,0.65906334,0.36522388,0.58997154
UBN2,-0.73784566,-1.6090412,-0.58064175,1.1254611,-2.425414,-1.0557716
ASPDH,0.80253506,0.16059709,4.835952,-0.8674967,-0.107804775,0.93634367
AHSP,0.8511126,0.7895763,0.31854153,-0.01645875,0.18798065,-0.27454066
SLC17A7,0.6450834,0.7269163,1.5514269,0.9372549,1.1981707,-0.4407177
GPAT2,3.5059109,2.073265,2.2827501,-0.099876404,1.6275339,1.1001682
SLC17A4,0.5223055,0.95722914,-0.26441813,1.3530426,-2.5609221,-0.55012035
WHRN,1.1299539,0.14658642,-0.8410368,-0.94648457,-0.28669643,0.40833664
PCGF5,-0.35995388,-0.26442719,0.42986774,0.46951103,0.24158955,0.269516
KIDINS220,-0.11526203,0.32257557,0.16046524,-0.23284817,1.2634048,0.13376617
PBDC1,0.29430676,-0.24908161,0.38789368,0.38062286,0.41552734,0.17418575
IGLL1,-1.0585208,-0.49297905,-2.6845987,-1.5058613,-2.0823278,-1.115623
LINC00869,-0.7230139,0.06683302,-0.83652925,0.45239067,-0.9649205,-0.73947906
MROH2A,-0.8630364,-0.63948107,1.3320231,0.46944785,-1.5811844,-0.92946225
POGLUT2,0.32866144,1.2305679,-0.6069555,-1.2541816,-0.6430235,0.0918293
MRE11,0.5864365,-0.93462825,1.1383898,0.039843082,-1.8652545,-1.3371034
TPMT,0.6431136,0.6651783,0.9399662,-0.20527792,1.6290503,0.2662382
TMEM179B,-0.003294945,-0.06803799,-0.023610115,0.41593266,-0.23533058,-0.32125854
PARK7,-0.016710281,0.20168114,0.15735912,0.933033,0.13606453,0.29637527
FGF1,-0.41349995,-0.4874146,1.4205569,0.67541826,-1.4089003,-0.7791394
IPO5,-0.27424145,-0.12863445,0.40792274,0.81021595,0.64348316,-0.35121918
EDC3,-0.030538559,0.07980347,0.30618477,0.18445206,0.6071758,0.0419569
PPP1CB,-0.16879845,-0.18535805,0.258049,0.6587696,0.11565876,-0.16703606
RIMS1,-0.6810578,-0.5598289,1.5509233,0.45250463,-1.2474989,-0.88975847
PPP1CC,-0.2952423,-0.0814724,-0.5798273,-0.41045952,0.47421932,-0.3130331
FGF7,-0.37468708,-0.31851554,1.613658,0.8153255,-1.3109689,-0.667191
RIMS4,0.31763792,0.20572376,-0.6617212,-1.530612,-0.17183304,-0.8313992
IPO8,-0.68308973,-0.66163063,-0.34419155,0.6251917,-0.9571862,-1.1421528
IPO9,0.21583366,-0.3001604,0.26661015,0.2972746,-0.6079016,-0.46988392
FGF9,6.2972536,4.1857824,0.7753415,3.0478158,2.191903,7.4816914
SLC26A11,1.3727913,1.8799763,0.08840656,0.61016846,0.4379263,2.415926
OR13D1,-0.14149737,0.73625803,4.555743,-0.07064986,-1.2120675,-1.4057629
LARGE1,0.91295576,0.7427697,-1.1484118,-2.0462432,2.1236076,0.53560877
POGLUT3,-0.23356009,-0.51706934,-0.14293861,0.68987894,-0.3056345,-0.9581857
LARGE2,-0.026503086,0.22562885,0.14583111,0.06831932,-0.08329582,0.5181818
AP5S1,-0.18846703,-0.009124756,-0.35282707,0.5676079,0.2020874,0.06072712
CSGALNACT1,-2.2791207,-2.8639631,-0.85533714,-1.5051951,-0.016756058,-3.2657497
IFNAR2,0.82681036,0.88391685,-0.2712474,-0.8217015,-0.39275932,0.8787613
USP7,0.20487118,0.20354939,0.26469612,0.17158794,0.4789915,0.3715906
TMEM178A,1.3193874,-0.028024197,0.62294436,-0.36278784,0.11461687,-0.07155347
SWAP70,-0.94645023,-0.35909748,0.5499096,0.81894875,1.0697489,-0.15718317
CSGALNACT2,-0.08522129,-0.44061804,-0.24833441,0.43397474,0.17335129,-0.28588724
USP2,1.1877494,0.7942703,0.1495347,-0.78943586,1.0858927,0.9737196
THOC1,-0.8527727,-0.723691,-0.12574577,0.20688248,0.43794823,-0.9769721
DYRK1A,-0.93807936,-1.1736712,-1.0017171,1.9883895,-2.1851497,-0.6461129
KERA,-0.76076543,-0.6338908,6.582198,0.31376266,0.6779635,1.7005656
THOC2,-0.35848427,-0.0357666,0.1354742,0.37413216,0.5700064,-0.23112774
THOC5,0.002866745,-0.16908073,-0.38833618,-0.09080887,-0.40939617,-0.16218472
PYGO1,-0.6298124,-0.444771,1.6483362,0.5147226,-1.2516621,-0.80358016
MORF4L2,0.9867339,0.44171143,0.6844754,-0.35152578,0.6063452,0.31394386
SPINT1-AS1,2.290719,2.0309358,3.01931,2.756549,2.9260817,3.326171
ERICH6-AS1,-0.7587037,-0.5553975,-2.2445483,-0.22629738,-1.8777184,0.4743657
OR13C4,-0.24410295,0.73700845,0.9576222,0.12995875,-1.4782178,-1.2278141
IPPK,0.15785217,0.43072128,-0.14832401,0.0753994,0.92030144,0.722105
ZNF792,0.3833995,-0.14337873,0.343503,0.10909557,0.28582144,0.30538702
ZNF790,0.15234327,0.36140966,0.47798204,0.03929615,0.5096111,-0.052653313
UBR4,-0.6511712,-0.3567779,-1.222584,-1.3064415,-0.84857416,-0.27555418
GLT8D2,0.5587754,-1.8577416,1.3574839,0.13629556,1.6270566,0.068630934
UBR7,-0.31551552,-0.18210983,0.14652729,0.22268867,-0.21494102,-0.26467514
MAP3K20,-1.1835952,-0.4518776,0.6352825,0.8562107,0.12626266,-0.5894623
MAP3K21,0.9962678,1.6131668,-0.089898586,0.06400108,1.5505948,0.18382359
ZNF787,0.22838497,0.2261076,0.51578903,0.7585497,0.23388577,-0.07802677
DRD1,-0.573308,-0.42027372,1.4832196,0.6525433,-1.1962957,-0.7186186
ZNF785,-1.9755177,-0.4952402,-0.37040615,0.69973135,-1.872612,-0.4749689
FANCI,-0.029384136,0.91417646,-1.2321453,0.22388124,-3.0713303,0.1643672
ZNF781,0.51653886,0.069072485,0.44345832,0.122131586,0.617249,-0.20468283
OSBPL8,-0.39297867,-0.52781487,-0.2926302,0.21039581,1.1246119,-0.18029737
OSBPL7,0.67234683,0.3945048,0.62626386,0.51938033,-0.44106793,-0.5846865
OSBPL6,-0.13443828,0.17817819,1.0202278,-0.094061255,0.3062116,-0.95437264
FANCC,-0.17263508,0.36189032,0.5723095,1.1678262,-0.19249773,0.16368008
DAB2,0.07557106,0.68076515,-1.8388472,-0.7464962,-0.8754215,-0.17842293
LHX2,1.8416977,1.8212943,-2.0829384,-0.8009672,0.9175644,2.1867862
LHX6,-0.8691386,-0.10578942,1.377537,0.49600255,-1.4967271,0.84451675
TPP1,0.4085865,0.43787193,-0.29271126,0.3098297,0.47140694,0.431571
ZNF777,0.09053421,0.059846878,0.38931847,0.6554737,0.42591476,0.14657784
ZNF776,-0.1514554,-1.1297193,-0.105911255,1.4400091,-2.268064,-0.6109481
ZNF773,0.08403921,-0.1816411,0.1748786,0.44867563,-0.08406973,-0.38648224
LAT,-0.12845802,0.28892136,-1.4731302,-1.7234211,-0.94149494,-0.02518177
MAP3K11,-0.01581955,-0.020788193,0.08985233,0.156744,-0.45676517,-0.22084904
BCL2L1,0.683053,-0.029522419,0.171844,0.98341084,-0.14287949,0.8973565
MAP3K12,0.41920662,0.16247559,-0.46634388,-1.1646285,0.088012695,-0.8040042
IGKV3OR2-268,0.42430782,-0.29145002,-0.7977481,0.5328183,-0.6213708,-0.7555113
ZNF768,0.3860321,0.26818275,1.006217,0.82003975,-0.16453648,-0.065966606
PHACTR2,-0.403512,-0.4166174,-0.575428,0.63369846,0.8468094,0.04928589
OR8D1,0.26672387,0.13891363,0.47835708,0.32796597,1.5673232,-0.7741759
ZNF761,0.29157305,0.18605042,0.22878265,-0.71507025,1.1974006,0.19740963
ILKAP,-0.13885355,0.00530529,-0.2793665,0.05850029,1.0934086,0.30406666
PLA2G12A,-0.8013134,-0.079898834,-0.4280181,0.33068562,0.031229973,-1.2337213
PLA2G12B,-0.75592315,-0.69804054,1.2917054,0.40869462,-1.5258374,-0.8749636
CKAP2L,1.6388483,2.6896577,-1.1339281,-2.151648,-4.078832,0.50812817
COBL,-0.3143413,-0.16707945,-0.5963464,-0.48041606,-0.22862792,-0.6278746
ZNF75D,-0.31138802,-0.17968988,-0.021945953,-0.118367195,0.15077972,-0.39275455
SMC1A,-0.5754266,-0.4431243,0.6367817,0.64735985,-0.3293867,-0.5826969
TIRAP,-0.010706902,-0.31152058,0.1593728,1.4298844,0.1517601,0.26927853
LCK,0.5869312,0.89297295,0.41108036,0.5492039,0.4181242,0.58379745
MEP1A,0.54059315,1.0724435,0.001117945,-1.0524575,0.90717936,0.5295801
DAD1,0.51836777,1.0755024,-0.690691,0.107816696,-0.09650707,0.56146145
NOA1,-0.122140884,-0.2172203,0.034283638,0.013952255,0.33519268,-0.08199978
DNAJC5,0.05576229,0.2415762,0.09050274,0.016770363,0.6479902,0.2573948
RPL22P11,-0.02371502,0.3452673,0.29886627,-0.18066502,0.034659386,0.4950304
DNAJC9,0.06863499,0.61980724,-0.19269371,0.060038567,-0.58761024,0.2430811
DNAJC8,-0.021371841,0.30789375,-0.16566372,-0.11930084,0.49151134,-0.19710064
LCORL,-0.37515354,-0.038477898,1.3615923,-0.13188267,0.74740124,-0.40685368
RPL34P18,0.14403915,-0.001775742,-0.018776894,0.6953964,-0.3246975,-0.09381199
HCG18,-1.3620796,-0.6177559,-1.4536643,0.0349679,0.59817314,-0.7326603
FGL2,1.1114254,0.96261215,2.9311895,3.1831703,2.7385778,1.3703661
DNAJB2,-0.30226898,-0.28741264,-0.17697811,0.24560165,-0.15071869,0.09719753
DNAJB6,0.3826084,0.42144203,0.4382515,-0.023738861,1.9313087,1.0065413
ZNF746,-0.39585876,-0.9462662,-0.16474056,0.8746567,-0.59861946,-0.28602695
WDR97,-0.5168872,-0.45437527,-0.2512951,-0.2599697,-0.6135931,-0.35654926
MFAP1,0.059456825,0.056780815,0.15997696,0.1281004,0.46200275,0.07078552
ZNF738,0.0534029,0.41662884,0.052124023,0.18450832,0.8208556,0.91290903
LEP,0.50246644,-1.9460934,0.1555779,-0.9809071,-2.8886726,-2.395734
DNAJA3,0.109233856,0.40743256,0.06582165,-0.04478836,0.61134815,0.039161682
MFAP3,0.9316459,0.31325865,0.49282217,0.3542323,-1.6941752,-0.47211504
DNAJA2,0.22702026,0.20898438,-0.4902401,0.07983208,0.7781248,0.6987953
HCG22,-0.5968066,-0.4374678,1.4461286,0.6280103,-1.3004413,-0.7393476
ZNF732,0.12434006,-0.12747574,0.3635502,0.93598557,-0.062078476,0.6262531
IFITM3,-4.39913,-2.0871525,-3.1523495,-1.9629955,-3.3500662,-5.0217094
LINC03013,0.7569287,-0.46498168,0.803916,-0.112247705,-0.15751433,-0.9727739
RSC1A1,-0.8209653,-0.77972984,-1.1053948,0.44754696,-1.0205393,-0.48054314
IFITM1,-3.1547165,-4.7679367,-2.649046,-1.9678936,-4.510003,-3.4260306
IFIT5,-1.0037589,-0.24079132,-0.5746155,-0.15208244,-0.5281887,-0.6520443
IFIT1,-3.9091754,-3.120409,-6.288676,-4.913839,-5.356167,-3.8636456
HS6ST1,0.020839691,-0.026363373,-1.2253942,0.060041428,0.6890507,0.79459953
PDCD2L,-0.16303349,0.13039303,-0.11856079,0.011738777,0.04160118,-0.07038307
IFIT3,-2.3711486,-2.0598083,-3.665289,-3.9355512,-3.4387941,-2.8348927
HS6ST2,-0.7205195,-0.5279549,1.5549635,0.45339358,-1.3149027,-0.88127226
ENSG00000268655,0.18403518,-0.68214065,1.2751114,0.41421127,-1.498924,-0.9795094
IFIT2,-2.2487707,-2.4553504,-3.5621371,-3.9115887,-3.685214,-2.8238406
HS6ST3,-0.8507837,-0.6983403,1.441859,1.1024287,-1.4137186,-1.0360571
TIAL1,-0.46185684,-0.33106232,-0.20465851,0.24832153,0.074474335,-0.3938465
RPS19,0.23884869,0.17891407,-0.2204094,0.39459324,-0.19696045,0.15946102
YBX1P10,0.3089714,0.6670971,0.051178932,0.2779007,0.6627455,0.60597134
PDK4,-0.4918642,-0.37130928,-0.33146524,1.5314183,-1.3882799,-0.7543464
DAG1,0.7812824,0.6536255,0.5538149,-0.3726678,1.3116713,0.752388
PDK3,-0.008381367,-0.63961864,-1.6912966,1.3472457,-2.7692592,-1.3964005
HMCN1,-0.043010235,0.01439023,0.14120698,-0.72028625,-0.24106956,-1.3062408
RPS13,0.030099869,-0.03341484,0.47677135,0.9797306,-0.1199007,-0.051646233
BRICD5,0.25859928,0.281991,0.9722376,0.11358929,0.6040497,-0.61788607
RPS12,-0.3058586,-0.015468597,-0.45802402,0.21206474,-1.261138,0.030918121
SRRM3,0.2696414,-0.6981323,-0.5562761,0.50220823,0.1715622,-0.45401835
ARRDC5,-1.0083404,-0.7876806,0.17442274,0.10100937,-0.40316725,-1.6281309
COG7,0.078650475,0.34092617,0.36720276,0.21974659,0.34972572,-0.10000038
COG5,-0.122636795,0.16173935,-0.27164078,-0.07342148,0.55768585,-0.10374737
P3H2,-1.0976,-2.3854127,3.3231335,3.3633575,2.7241726,-0.17853498
HLA-B,0.056960106,-0.010294914,-0.20549774,-0.49076557,-0.8455601,0.24917126
COG2,-0.7455654,-0.25231695,-0.7509093,-0.27250767,-0.27130747,-0.31810856
HLA-A,0.25060654,-0.15275192,-0.4927883,-0.49141693,-0.4529791,0.2907772
HCG4B,0.6959381,0.25175285,0.11818409,-0.62267494,-0.8807335,0.4407606
HLA-G,0.025598526,-0.20660973,-0.5829563,-0.062335968,-0.6585407,1.1372418
WFDC21P,5.1324835,2.9515944,6.089613,7.038398,6.4117813,6.4035435
HLA-E,0.18951225,0.14805603,-0.32354355,-0.24553299,-0.3944521,0.45724106
TIAM2,2.8886876,3.0159574,-0.21776009,1.0644817,2.3644128,4.809278
TIAM1,1.2755241,0.2479744,1.3601065,1.6776543,2.010457,2.171627
ZNF839,-0.10545921,-0.17286682,-0.20107746,0.026096344,0.8733959,-0.1587677
DDX10P2,0.47235632,-0.113649845,0.7118559,-0.29212713,-0.5017357,0.51122046
GK3P,-1.5236559,-0.9775648,-0.57136345,-0.40347052,-0.09073353,-1.3493857
TMEM185B,0.23000383,-0.100358486,-0.21361732,0.3355255,0.71013117,0.33798742
TMEM185A,0.35063267,0.48595142,-0.115582466,0.6062193,0.41052532,1.13381
CSTF3,-0.07751846,0.08967018,0.66995716,0.81261635,0.93368816,0.47733116
GSKIP,0.2268591,0.58975744,-0.056415558,-0.7378845,2.6328697,0.37145996
RPAP3,0.33656216,0.3630271,0.4717064,0.6177764,1.5719061,0.950757
CD79B,1.5292573,1.558629,-0.4908557,1.5400343,1.642797,0.8401556
FXR1,0.046391487,-0.45779943,0.46499634,-0.053352833,0.71721745,0.54768085
CD79A,0.46364784,0.31778908,0.52420044,1.0304985,-0.5683727,0.2280531
SCFD1,-0.0790329,0.2758255,0.27225113,0.4745083,0.14667797,0.4602003
AP5M1,-0.0455904,-0.20035505,0.056121826,0.3998418,1.9525476,-0.166924
ZNF827,3.1550257,1.2066817,6.1024075,3.7851923,2.4740841,3.9499385
PDCD11,0.076164246,0.20763779,0.24875546,0.61644745,0.97087383,0.4453497
PDCD10,-0.32530403,-0.03602791,-0.037194252,0.50201035,0.96017075,0.08199024
ZNF823,0.35862875,0.84625864,0.655468,1.0734968,0.42382145,0.30776882
STXBP5,-1.0029926,-0.091938496,-0.728528,0.3766141,-0.16373014,-0.24498749
HLA-P,-0.061760902,0.006201744,-1.0780153,-1.7551737,-1.247674,-0.07474041
TMEM184A,0.16542268,-0.07849431,-0.1325481,1.6793721,-0.50845504,0.4954369
TMEM184C,0.076961994,0.47907114,0.12999535,-0.8419652,0.8251095,0.14184332
LINC03021,-0.74833596,-0.571257,1.5613607,0.3895775,-1.317359,-0.9155756
LIF,0.34250736,1.6550527,0.27295494,-0.81036234,-0.40909433,-0.23626947
PARVA,0.48381114,-0.41335416,1.3632369,0.4769528,-0.632884,0.08569074
PUM3,-0.19225883,0.11722183,-0.5161247,0.49809456,-0.17464828,0.08783245
PUM2,-0.6958771,-0.5109024,0.03998089,0.089632034,0.32752323,-0.49479294
TRIM52-AS1,-0.9444983,-0.9685036,0.97453785,0.63265395,0.030397892,-1.2370185
TPX2,1.3816395,2.4970322,-1.7962122,-2.917513,-1.0484805,0.4106679
RPS25,-0.05178833,-0.049072266,-0.3349905,0.8699646,-0.6182623,0.18261147
SMTN,0.5185237,0.6574874,-1.3148179,-1.2077937,-0.43496847,-0.5945983
RPS27,-0.09185791,-0.37971497,0.0766716,0.95085907,-0.65465164,-0.16664886
ADCK2,0.6213827,0.44102383,1.1893978,-0.7054405,1.1506863,0.1275158
ZNF813,0.6744747,0.6561508,0.61935234,-0.4412136,-0.038611412,0.30980206
RPS20,-0.04668045,-0.12054825,-0.2539978,0.55812836,-0.9894514,-0.004306793
RPAIN,-0.29379082,-0.14909554,-0.032967567,0.2954979,0.21802711,0.22108364
HOTAIR,-0.67835146,-0.5119293,1.4474065,0.54201174,-1.5166539,-0.78194475
ZCCHC12,-0.9299363,-0.861516,1.0928848,0.20964885,-1.8472759,0.07337284
ORM1,-0.34118366,-0.81503344,0.63686514,0.4311595,-0.2997613,0.26914883
AHCTF1,0.55036354,-0.51105213,0.10182285,0.34212303,-1.8438234,0.52115107
UBXN1,0.013454437,0.015851974,-0.3226509,0.83502007,0.006916046,0.31818676
ZCCHC10,-0.3941059,-0.43903732,0.40870762,0.62376595,0.32077503,-0.13878632
C2CD3,-0.24547958,-0.07054186,-2.053933,-0.44366598,-0.07222271,0.09404659
ZCCHC14,0.2350173,-0.24564552,-0.14597607,0.7444687,0.79666233,-0.09262991
COIL,-0.40745974,-0.08874798,1.6123123,-0.26896715,0.8333225,-0.61636496
C1QBP,0.1566658,0.40351105,0.1940794,0.4805584,0.63441086,0.48665524
UBXN8,0.10961723,0.22852135,-0.7083206,-0.6108761,0.8897152,-0.2479248
UBXN6,0.17474174,0.2326355,0.07805538,0.07081413,-0.13485622,-0.032349586
PARP6,-0.32674026,-0.28058434,-0.66452694,-0.40791702,0.21023941,-0.373847
EDN1,1.3237305,-0.15447044,-0.25538993,-0.7109716,0.026420832,2.121016
PARP2,-0.06493473,0.29370022,-0.20272827,-0.043244362,-0.48428154,-0.6309576
PDCD1LG2,2.5857973,2.0354471,1.8032346,3.586872,1.9565048,3.1077428
ZDHHC11,-1.4384258,-2.053741,-1.381455,-1.327409,-0.25166416,-1.0705447
PPHLN1,0.12283182,0.4377451,0.20183611,0.34976435,1.3350067,0.31179142
CYP7B1,2.6084003,0.11588287,-0.75523996,1.5819664,-0.3925748,3.2036362
ZDHHC17,-1.3692312,-0.8226576,0.48443985,0.004210472,0.50613403,-0.6291914
MLF2,0.46929932,0.38372612,-0.038632393,-0.2831173,0.6997585,-0.20245743
VWA8,0.02255392,-0.1199584,0.32452297,-0.7392726,1.3168664,-0.5777292
SLC66A2,0.07150459,0.41184807,0.7663307,1.0072365,0.3989277,0.19441128
ZDHHC20,-0.81604385,-1.3859229,-0.8498001,0.7877579,-1.8773384,-1.2453165
ATP13A4-AS1,-0.53621435,0.07571554,1.6126376,0.6893891,-1.3322068,-0.63482153
AMIGO1,0.37538815,-0.4282,4.374463,0.017968416,3.0787656,2.1337683
AMIGO2,-0.60844135,-0.71741295,-2.1997209,-2.022652,0.016867638,0.36414194
NOL7,0.026717186,0.120778084,0.13009071,0.28464222,0.20523167,0.29628944
NOL8,-0.287035,-0.26838875,0.26092148,-0.3468666,0.10182476,-0.41462708
GDPD3,-1.0244322,-0.7026515,-1.4075484,-1.9179883,-1.6568532,-1.568223
ZDHHC22,0.63203526,-0.41890264,6.4241495,0.5194839,-0.20680356,-0.8003782
GDPD5,0.3790369,-0.26551628,1.4401851,0.67537546,0.7711201,0.31886482
AIF1,0.47522354,0.2690158,0.1880722,0.23054647,-0.07248926,-0.009218216
NOL4,0.1481328,-0.41555828,1.4683746,0.65394986,-1.3020754,-0.72144246
NOL6,0.11945248,0.19870234,-0.69638586,-0.475389,-0.01622343,-0.34662676
PURB,0.25296354,0.052410126,0.37480736,0.8643961,0.3572712,0.27880478
PURA,-0.27354574,-0.14535475,0.7586708,1.2203374,1.0343456,-0.029357433
PPP2CB,-0.36658,0.006175041,-0.09922123,0.3350649,0.037917137,0.11314297
ZDHHC19,0.09742141,0.5354152,-0.18884254,-1.0824931,0.000707,-0.85828686
CHRAC1,-0.37124825,-0.6138706,0.34059334,1.1639175,-1.1146021,-0.68610287
RNF7P1,-0.009015083,0.20134258,-0.26504326,0.047888756,0.68792915,-0.1348505
LAIR2,-0.8893776,-0.10869455,-2.5715854,-2.6012936,-1.6784072,0.027183056
TRAM1L1,-0.332453,0.22953355,1.3395007,0.17770052,-0.3833356,-1.1772225
PURG,-0.606499,-0.22294927,1.4980947,0.391124,-1.3078127,-0.93923974
GINS3,0.7882962,0.69349384,-1.6521094,0.11893034,-0.4123907,-0.049663067
AIG1,0.22638083,1.5383363,1.4824524,1.7805486,1.9096646,0.4504137
GRHL2,-0.6329032,-0.44041723,1.6394498,0.541487,-1.2381706,0.26784182
ATAT1,0.14911222,0.41359854,-0.69229937,-0.546592,0.4696188,-0.100762844
CD40LG,0.21954703,-1.1173455,0.48582911,-0.034321308,-1.8695228,1.2587748
TRIML1,-0.38682878,-0.80320865,1.2268915,0.2850405,-1.7071317,-1.0951095
F2RL2,-1.1193638,-0.9234439,1.1419439,0.06722617,-1.7389908,-1.2780712
FOLH1B,-0.8734276,-0.7381157,1.3559272,0.29124022,-0.46652007,-1.0485862
NDUFA10,0.3150692,-0.13459444,0.574136,0.64754105,0.77006507,0.6723652
ARHGDIG,0.33654714,-0.252841,-0.03231573,-0.9707093,-0.11594725,-0.9890623
ARHGDIA,0.7076168,0.75777435,0.21631908,0.6950283,0.55856895,0.32705307
ARHGDIB,0.23972797,0.47749233,0.062447548,0.43731594,0.2885685,-0.26023865
AZI2,-1.2508621,-0.6412239,-2.0140572,-1.7918987,-1.6143713,-1.2064514
RPL7P14,0.20423222,0.110340595,0.013052464,0.031092644,0.53338623,0.2483697
RALBP1,0.07310486,-1.0044231,0.015898705,0.06661987,-2.6441193,-0.12048054
LIG1,0.23162365,0.7074747,-0.06686878,-0.03503704,-0.35737705,-0.22284889
ATP1B3,0.15624714,0.22566509,-0.23126888,-0.085570335,-0.3711996,0.8025656
VWDE,0.19320226,0.25863528,0.79803634,-0.04321003,-0.78601694,-1.3910029
ATP1B1,0.54948044,0.49093246,0.15969467,-0.55669594,0.95086193,1.2675791
PUS7,0.3465929,0.24459362,0.7612181,1.3208323,1.3961554,0.66582394
LOX,-0.38133502,-0.40675437,1.682264,0.51726496,-1.2011374,-0.8594281
SRARP,-0.18736267,-0.8611649,0.45293903,0.41428185,-1.1696665,1.1672511
CERCAM,3.2466302,2.5146093,2.175006,0.86011696,1.9320073,1.6365962
UCA1,0.019299269,-0.32639408,0.046580076,-0.7835256,-2.3473601,-1.5586175
ADCY10P1,-0.7811632,0.059548378,-0.8675227,-0.21192312,0.16325235,-0.29494286
LMO7DN,-0.74796367,-0.26793277,1.2500753,0.22835934,-1.4599053,0.30090177
COPA,-0.22745037,-0.17026043,0.058712006,0.38070774,1.0412579,0.020702362
RPL7P22,0.054121017,0.06173706,0.06354046,0.57372475,0.29462528,0.13601589
RANBP1P1,-0.053239822,0.9382186,0.47461033,0.023392677,1.0461874,0.47943354
GABPB1-IT1,-0.7220535,-0.4300537,-0.07324505,0.85289764,-0.17574501,-0.6105528
CDH23,0.96506023,0.18849993,-0.016381264,1.2007952,-1.9828,0.70294
PMAIP1,0.40076303,-1.4422927,-1.3770189,-0.9172621,1.514113,1.1030269
SPECC1,0.24721766,0.09749794,-0.7761035,-0.58007145,0.23290253,0.3131237
MLKL,-1.7231836,-0.86973953,-2.750184,-2.495915,-2.6746464,-2.5938787
COQ5,0.15506363,0.0836792,-0.20851994,0.06875801,1.0109911,0.23576546
GRHPR,0.3539753,0.43280983,-0.16618824,0.29182434,-0.21654129,-0.0495224
ZSCAN4,0.01776278,-0.5668874,1.8982638,0.3689984,-1.3446351,-0.9312866
BRWD1,-0.41681862,0.015618324,0.072442055,-0.008841515,1.1750822,-0.1624589
COPE,-0.17249632,-0.16138983,1.6945887,0.13671207,-0.57668304,-0.53583956
BRWD3,-0.6144419,-0.22746944,-0.8946371,-0.40672064,0.19189024,-0.79925776
GPSM2,-0.9821484,0.22187209,-0.22216535,-1.0243019,-2.859664,-0.53211355
ASNSD1,-0.75597,-0.6514244,-0.50754166,-0.17712402,-0.06289673,-0.23670769
SLC40A1,-2.0933719,-0.87737846,-1.9164762,0.9891319,-4.0425105,-1.4261942
ST8SIA6-AS1,-0.6229027,-0.5551927,7.252348,0.40544736,0.3931973,0.09306574
RABEPK,1.0076609,1.0680189,0.5373974,0.5941458,1.4693375,2.1720095
OASL,-2.1659975,-2.6272554,-2.8610458,-2.2398696,-2.5166855,-1.3982816
RPS4X,-0.17256927,-0.000523,-0.19518852,0.31093788,-0.012400627,-0.123036385
MFSD8,-1.1569524,-0.5185385,-0.34633112,-0.41131115,-0.25275564,-1.0778112
MFSD5,0.08834934,0.16827297,0.4316187,0.5958042,0.26526642,-0.039416313
BLNK,0.3285699,0.117422104,3.9773102,2.8236008,3.1208687,0.26835585
GPSM3,-0.12178421,-0.18964005,-0.77312183,-0.08482933,-0.018425941,-0.97503376
MAPK1IP1L,-0.31380558,0.16628361,-0.19136238,-0.330163,1.0274353,0.11011219
HGSNAT,0.80913496,0.8690491,1.1696401,-0.013590813,1.6791458,-0.28589392
LINC03040,1.8555999,1.2263346,1.2132909,-0.6765499,1.9932141,0.9488039
LSR,1.2100039,0.7227354,2.3730922,2.6260166,1.3954468,1.7665777
FCHSD1,0.3036518,0.000623,0.027258873,-0.21218348,-0.06575346,-0.49505186
ALDH1A3,-0.58276695,-0.4359241,1.515048,0.6328156,-1.1745267,-0.7325036
IQCK,-0.6814461,0.13006783,0.6011095,-0.14892435,-1.0559344,-0.9926238
AIM2,-0.7734499,-1.4491363,-1.4804688,-1.6439958,-0.87247086,0.017250538
RABEP1,0.000137,-0.024139404,-0.07096481,1.0220394,0.811944,1.1363211
OAS1,0.6671791,0.51605797,-2.2226238,-1.4580154,-1.5066051,0.23119068
OAS2,-0.98379326,-0.94667387,-0.14206982,0.09455681,-1.2465672,-1.2737045
THRAP3,-0.15681839,-0.047092438,-0.022593498,0.19337654,0.33514786,0.18588734
OAS3,-0.8033447,-1.1442113,-1.598021,-1.311316,-1.775063,-1.0220385
COL6A2,3.1211197,3.5117948,-0.8755293,-1.2219119,0.150882,2.6399877
AKT1S1,1.5862155,0.6644659,-0.10033417,1.0534863,0.31046724,2.2242994
CDH11,-0.65797085,-0.44217104,1.4284537,0.6149533,-1.387051,-0.72341937
LTA,0.7735605,0.10959625,0.6827545,-0.21416306,0.2566743,-0.4242642
CDH13,-0.89327836,-0.43465328,1.2858922,0.5857055,-0.37663984,-0.6140806
COL6A3,-0.81764776,-0.7616901,1.2712817,0.24862349,-0.16653156,-0.79107124
COL6A5,0.2952199,-0.3853525,0.9265895,0.074291825,0.23503804,-1.3012118
CDH17,-0.5260005,-0.35143954,1.6897309,0.60684836,2.1422412,-0.753151
LTF,-1.0311923,-0.92365414,1.1487358,0.04946506,-1.3367038,-1.0604184
LTK,1.0206404,0.20279312,-1.0405192,0.7637701,-0.6955285,1.390521
XPOTP1,-0.89451647,0.17183256,1.4674482,-0.4783497,1.6090803,-0.6257901
ATP1A4,-0.541269,-0.36792284,1.5032429,0.70275486,-1.2178823,-0.46124548
ATP1A3,0.32576752,0.77806854,-0.96473026,-0.9868212,0.46696472,1.0268593
FAM86DP,1.1437254,1.6624446,-0.04217577,-0.77420235,0.42647982,0.8705988
OGFRL1,0.020088196,0.112659454,-1.3165178,1.0240154,1.7120981,0.81166744
FAM120B,-1.8092346,-0.15555477,0.113657,0.12513685,0.76062965,-0.5317068
FAM120A,0.09347725,0.038419724,-0.29707718,-0.22580862,0.38319397,0.11147165
ERICH4,-0.5352324,-0.47746575,1.5133839,0.62558794,-1.2898022,-0.7750158
S100PBP,-0.66256905,-0.37069702,0.2491703,-0.24106026,-0.07331085,-1.0663652
OPCML,0.30504084,-0.23519492,-0.4480002,1.3024261,-1.0867202,-0.15153193
LUM,-0.5899196,-0.4448827,3.909196,0.5013287,-1.3237221,-0.8369472
SLC4A7,1.084753,1.6810589,-1.9138575,-1.8012114,0.4682474,0.9625511
SLC4A8,-0.4492569,0.14528847,-1.2687795,-2.1610243,0.000351,1.3856254
SLC4A9,1.3073573,-0.14151764,-0.37522197,-1.2208921,-1.0946748,1.4863796
SLFNL1,-0.14284468,0.91909194,0.06295347,-1.036233,-1.669491,-1.2763005
PAXBP1,-0.73977137,-0.7689934,0.39739513,0.44252634,-0.78933144,-0.44788027
GAGE1,-0.355478,-0.5960846,1.3476564,0.47352254,-0.6374215,0.15833187
USP6NL,0.028264523,0.21403933,-1.4137292,-0.211267,0.5194435,-0.1432705
LIPA,2.2602644,1.9950933,2.1781588,1.939704,1.5273943,2.1096582
TSEN54,-0.54836416,-0.038346767,0.027514935,0.20883322,0.22954178,-0.70648813
PREX2,1.1158934,0.16519022,0.21351671,0.42833233,0.23173857,-0.18228984
ATP5IF1,0.002071381,0.18424797,0.16411972,0.8082676,-0.30899715,0.10549641
NSDHL,0.30385542,0.61423445,0.008708477,-0.35776567,0.6804848,0.37995243
LIPC,-1.9610242,-2.598693,-0.71344733,-0.9126787,-1.9533858,-2.8861277
LIPG,3.786478,3.062015,3.6531835,1.0083153,1.0897079,6.2422214
NKX1-2,-0.16433144,0.4210806,0.75030684,-0.07072055,-0.89420414,-1.448582
SAMD10,1.0509777,1.5776587,-1.0325999,0.26312065,-0.74059343,-0.8545356
STARD3,0.62584496,1.1774483,0.81636715,0.23776245,-0.40280914,0.09814358
GABARAPL2,0.06539726,-0.28334808,0.33878708,0.60777473,0.17348957,0.5599079
STARD4,-0.15372992,0.6426611,-0.92354536,-1.792253,0.1388855,0.008479118
STARD7,0.90147305,0.38120747,1.1975117,1.0036936,1.1547956,1.2626047
CFAP91,1.1280591,-0.8077604,4.5302935,0.1690563,-1.730644,1.1805389
DNTTIP2,-0.25277805,0.100598335,0.08283901,0.1664877,0.5450611,0.052552223
SLC5A7,-0.5191771,-0.3727458,4.6863923,0.5699189,-1.1191163,-0.75359356
SLC5A8,-0.6415615,-0.5056458,3.2434418,0.4603567,-1.2463881,-0.8660698
AKIP1,0.077708244,-0.045508385,-0.6954384,-0.06537151,-0.62832165,0.85840416
PADI3,0.22134209,0.4084003,0.64127636,-0.23670208,-1.6246059,-1.198399
PADI2,-2.2025528,-1.7168787,-1.448668,0.36024237,0.5340729,-1.401998
PADI4,-0.9034706,-0.90869826,1.0919975,0.14689028,-1.5494925,-1.0792737
CFAP97,-0.24940872,0.33478785,0.38469458,0.37120628,0.2792797,0.003890038
HACD1,1.9538302,2.2046032,1.6710958,2.8961592,2.8793945,2.805955
MTMR2,-0.20950508,0.5753994,-1.0430899,0.014080524,-0.7301817,-0.24764681
AIRE,0.98783684,0.15640593,1.4918003,1.465447,3.5723,1.0859804
MTMR9,0.09297228,-0.12141943,0.06807995,0.5725508,0.38989067,0.2328825
AIDAP1,-0.13379526,0.21269608,-0.59134674,-1.23352,0.9316373,0.020900726
OAZ1,-0.0481472,0.051021576,-1.0944824,0.1421547,-0.5259819,-0.15096664
LY9,2.7705603,1.9966168,1.9075303,0.2789812,2.9340038,2.482699
SLC5A3,1.3273773,1.2063179,-0.5944643,2.1626759,-0.57134247,1.2957115
SLC5A4,0.40326226,-0.91227347,1.218944,0.04733312,-1.6456223,-0.42714155
OAZ3,0.083042145,0.36831427,0.3425088,2.0284653,0.74780655,-0.7153306
HACD4,-0.86523247,-1.9210849,-0.013008118,0.26893044,-0.71038437,-2.1579442
FAM221A,-0.5364976,-0.047894478,0.29871607,0.3366065,0.74756813,0.120707035
GUCD1,0.3607378,0.3872633,0.1942501,0.004172325,0.80740166,0.7025738
HMGXB4,-0.24730492,-0.003959656,-0.2714405,-0.16565132,0.34201717,-0.47329712
CFAP65,0.019625664,0.26456213,0.23832226,0.33628082,-0.49930048,0.0895834
PPARGC1A,-1.0088925,-0.92651576,6.4207296,0.042841434,-1.2958673,-1.3255413
PPARGC1B,0.001119614,0.5677328,0.7440529,-0.4606595,1.7532568,0.2082591
PROSER3,0.18336725,0.34951735,2.3699017,0.7769065,-0.26258945,-0.37454844
VTI1B,0.16054535,0.26441002,0.001857758,0.060951233,0.500803,0.33975792
GPIHBP1,0.29236078,-0.69522715,-0.28597403,-0.8378544,-0.13738823,-0.5054884
LYN,-0.53052044,-0.43257427,-0.27855873,-0.005185127,-0.28902435,-0.31851864
FYB2,-0.5523672,-0.3808043,1.4928102,0.6828195,-1.2425925,-0.67937183
FYB1,-1.0601635,-0.8278179,-1.8788214,-1.9102917,-1.2457647,-1.0018721
ERLIN2,-0.11639261,-0.032303333,-0.420115,0.11896992,0.16216278,-0.2567773
AZU1,0.10525417,0.44538498,-2.327353,-1.3427391,-1.0378747,-0.88079166
BBIP1,0.5385885,0.89734364,0.2260189,-1.0093107,0.41761494,0.4381485
MLLT10,-0.23913002,-0.0949955,-0.14018536,-0.03401947,0.52887535,-0.20791149
PCDHGA12,0.48150587,0.060829163,-1.2577877,-0.058722973,-0.6818967,0.28246593
NOX3,0.27297235,0.09374499,0.70273256,-0.38979316,0.18240285,-1.7175236
NOX1,-0.6399631,-0.47797495,1.4360237,0.598088,-1.252553,-0.75903803
STAG3L1,0.11073971,0.061758995,0.12852478,0.17081165,-0.59344673,-0.16745377
STAG3L4,-0.32249355,-0.47631693,-0.006686688,-0.049717903,0.52841043,0.000588
C7orf50,0.89142895,0.3106718,0.79472446,1.1176176,0.34692955,-0.016255379
NELFB,-0.56104946,0.28652287,0.64974403,0.298007,0.16218758,0.4888897
FGFBP3,-0.66588545,0.07906151,0.06364679,0.5657606,-0.10581303,-0.8747916
HLA-DPA2,1.4351873,-0.84678745,2.901864,2.652564,1.4921732,0.73610115
HLA-DPA1,1.2940435,0.29368877,2.679347,2.5324125,1.4193478,0.61520195
RIPK3,-0.2824459,-0.71907616,0.17804527,0.080062866,-0.2527752,-0.57463074
ELOVL4,0.15330362,-0.62380105,1.4284554,0.30554843,-1.487248,-0.36697996
ELOVL5,-0.005670548,0.025791168,1.0060787,1.1321859,-0.7565918,0.30648518
RIPK2,-0.15579414,-0.017255783,-1.1141863,-1.2212925,0.65341663,-0.16661644
NSUN2,-0.22686577,-0.2451706,-0.20708752,0.1448555,0.80132675,0.07508087
VWA5A,-1.0026917,0.22020912,-0.78384113,-1.0458136,0.9303646,-0.32153988
ELOVL6,0.49939013,0.60096407,0.5338659,0.35052395,0.5672116,0.14695263
NSUN7,-0.102344036,-1.5090457,-0.61216927,-1.1843386,-2.5487082,0.06551695
POU5F2,-0.2556715,0.32815218,0.056972027,-0.78230834,-0.18345213,-2.1668222
SLC29A4,1.7034192,0.92995596,-1.1269369,0.1900711,-0.8109331,-1.391715
SLC29A1,-0.27462006,-0.14700127,-1.8226604,-1.7349806,1.2329054,-1.3773966
SLC29A3,0.518384,0.6143365,-0.16025734,-0.9681153,-0.63646555,0.49234915
SLC29A2,-0.00620985,0.59142065,-0.14427519,-0.16658449,0.3569436,-0.5172415
OR10H1,0.91152,0.5743427,-0.67989683,-1.5428796,0.22251749,-1.0052469
C7orf33,-0.53070843,-0.49518788,5.5687413,0.48137748,-1.3098605,-0.90984327
RPS27L,0.7708988,0.4190216,-0.35858917,0.87659264,-0.015727043,1.396491
PROCA1,-0.6441021,-0.6085558,0.9286127,0.18325472,-0.22614193,-0.4639573
STYXL1,-0.049634933,0.18761253,-0.0786953,0.0349617,0.91206646,0.23600006
RECQL5,-0.98694205,-0.9070189,3.703339,-0.32943606,-1.0268211,-0.18085814
UCP2,1.3430634,0.8742237,-1.0960951,-0.13954926,1.1218357,0.770298
P2RY13,-4.0595107,-0.6358795,-4.040409,-0.18383789,-5.2909603,-3.6355977
SLC16A1,0.22765064,1.1489153,0.1468277,0.021510124,1.3264008,-0.322464
ANKIB1,-0.17723417,-0.61094475,-0.16677046,-0.50647306,-1.027298,-0.5441823
C20orf173,-0.9789674,-0.19232142,1.3216712,0.1636498,-1.2537229,0.6799364
P2RY14,2.3166747,3.3928719,4.136532,4.460123,3.0178928,0.24488688
MEAK7,0.3007946,-0.040617466,-0.81579304,0.32647848,1.5398111,-0.06613016
YLPM1,0.110919476,-0.79414177,0.35622025,0.80542374,-1.6129684,-0.15337944
LYRM9,-0.4937272,-0.46789408,1.426209,-1.4733202,-0.26353264,-0.5821657
FAM225A,-0.75031805,-0.35098362,-3.0619037,-2.838291,-0.6285858,-2.0513587
LYRM7,-0.4501443,-0.16316986,0.7308378,0.81435776,-0.2782364,-0.108673096
HLA-DPB1,0.8843651,0.38165665,2.059472,2.1172771,0.71202755,0.14940357
MPLKIP,-0.4395256,-0.10476494,-0.019655228,0.38553047,0.17851162,-0.06633568
OR10G8,1.3784075,0.79436255,-0.4031682,0.33355618,-1.0224032,-0.44279242
ENSG00000291179,-0.9155259,-0.5356283,3.2317162,0.6875181,-0.5657153,-0.7324786
C7orf25,0.09153938,0.056227684,-0.101984024,0.006374836,1.0661125,0.4201064
PECR,0.01470995,0.3622427,-1.5912738,-0.6608515,-0.2965002,0.6295824
IQCB2P,0.018668175,-0.9582262,-0.6145992,-0.2740016,-1.2410913,-0.35334444
HNMT,-0.63753223,-0.001896858,-0.53479576,-0.6816492,0.2413826,-0.9090729
CXCL13,-0.34338772,-0.74897826,4.5661483,3.4325953,3.611918,-0.5896456
ANKRD20A18P,1.2219567,1.2993708,2.9674406,3.4867392,1.125701,1.2650394
CXCL16,0.005111694,0.11279678,-0.83687305,-0.6906166,0.10225201,-0.27119827
SLC25A48,6.5178733,7.6349006,6.1884456,7.3488135,6.3034463,5.246457
STK11,0.18794775,0.08789158,0.059893608,-0.2121563,0.29775047,-0.003841877
OSBP,0.1490655,-0.41007757,-0.13642502,0.13633347,-0.21393442,-0.11121225
SLC25A43,0.7356434,0.6587372,0.7372103,0.3041458,1.7652674,0.82859135
KPNA5,-1.3561087,-0.9703913,-0.621583,-0.025428295,-0.3230405,-0.49331474
SLC25A42,0.71904683,-0.118400574,0.13694096,0.015049934,-0.26293683,-1.4820842
GPRC5D-AS1,0.47970772,0.3434167,0.17871046,-0.22216988,0.12062073,-0.16118002
KPNA2,0.18711281,0.7703972,-0.5546007,-0.21219444,0.002434731,0.105849266
ZNF687,0.5045767,0.23895168,0.15627098,0.1769948,0.21044254,-0.20554543
SLC25A47,0.6486001,0.43724012,-0.048919678,0.19648743,-0.046102524,0.20974445
CCDC144BP,-0.2475748,-0.9163699,1.51371,0.23215818,-0.9989691,-0.906044
SLC25A46,0.15547371,0.23872185,0.10132599,0.39609528,0.64117336,0.39831448
ZNF684,-0.49730206,-0.5250797,-0.5900898,-0.23357964,1.2066264,-0.2523632
MYLIP,1.7115755,0.31960773,-0.47491932,0.09637737,1.4922676,2.3115864
ZNF682,-1.0559735,0.35223675,-0.291533,0.9601021,1.0847168,0.5636034
CPA1,1.40061,-0.65506625,1.2581794,0.42406905,-1.5201913,0.4704671
ZNF680,0.49473953,0.49971676,-0.11493802,-0.39768505,0.34480906,0.42847824
FOXP3,-0.11983895,-0.08730602,0.9908178,0.07391131,-1.2196414,-0.5012307
FOXP1,-0.23188686,-0.5744715,-0.5195255,0.49231243,-0.27729702,0.2520008
ACAP3,0.64883375,0.23203993,0.6696882,0.80085945,-0.42583466,-0.054383278
MAF,0.54711246,1.3974333,-0.045066833,2.2144537,-0.09416485,0.19019794
FSCN1,4.008479,2.269143,1.3618135,2.1247864,2.3809242,4.425557
SLC25A51,0.3186841,0.20727825,-0.14443779,0.82588387,-0.16476727,0.43236732
MAL,4.238593,3.1613111,3.0218267,3.8137808,2.1642704,6.604558
FSCN3,0.1591382,0.3554144,1.1018505,0.87547016,0.39630127,0.31574297
ZNF678,-0.76882315,-0.6036682,-0.5211792,0.18255854,0.3625312,-0.9792843
ZNF676,0.12793827,-0.008031845,0.077979565,0.7766056,0.37788486,0.61075544
KIAA0408,-0.39800042,-0.36474907,1.6523957,0.6858027,-1.1370245,-0.71958035
KPNB1,0.3827734,-0.0488863,0.013180733,0.2028513,-0.13896942,0.600276
ZNF672,0.003071785,-0.07693577,0.18517113,0.53608227,0.24425983,-0.13601685
FOXO4,-0.5119982,-0.4801197,-0.72818327,-1.0035334,-1.055522,-0.9939432
FHIT,0.33503342,0.5824361,-0.99498177,-0.36865616,0.62407494,0.000218
ACAT1,-0.69200206,-0.15917897,1.8451555,-1.4475179,-0.35684133,0.050849438
STK35,-0.047250748,-0.18184233,-1.172899,0.43610287,-0.7121506,0.34746075
DSEL,-1.064672,0.8210354,0.68123627,0.293787,-0.45908976,-1.5819237
STK38,0.08610821,-0.15544796,0.43862534,-0.06215477,0.10096264,-0.02139759
MBP,0.12540054,-0.000189,0.6611538,0.79221535,1.0273952,0.35606194
ZNF664,-0.026096344,0.27001572,-0.40916538,-0.019741058,0.93884563,0.5915451
EVI5,0.04624796,-0.37072945,0.69199467,1.268683,0.86701965,-0.057031155
KRT18P51,-0.6287973,-0.16572285,-0.18229342,-0.4073794,-0.10222387,-0.44673252
DEFA6,-0.7886555,0.4000175,-0.30938387,-0.088894844,0.22057986,-0.40637374
SRD5A1,-1.5550175,-1.4290516,0.4893179,-0.34673452,0.74259806,-1.7260512
KRT18P55,-1.0396814,-0.6949272,-1.1118879,-0.59318686,-0.7378416,-0.70024633
TMEM277P,0.74294186,0.8548212,1.220336,0.45714855,-0.42878056,0.95474625
FOXN3,-0.006635666,-0.5563755,0.823081,0.5960579,1.7247171,0.51499844
EEF2,0.6302204,0.49865913,0.36496544,-0.11384201,-0.21422768,0.5916796
AICDA,-0.71901655,0.15783668,0.0566051,0.54800844,-1.2609301,0.7634649
CXCL10,-4.968768,-4.817575,-3.0887623,-4.187378,-5.941633,-2.0985112
CXCL12,-0.38453484,-0.3025,0.8613156,-0.10328233,-0.7775161,-1.5246869
STK26,0.57669926,1.367219,-0.70407295,0.9772558,0.5683117,1.392664
POMT2,-0.333786,-0.12794971,0.49720097,0.3334732,0.11773968,-0.82485294
KRT18P21,-1.3220365,-0.6507497,-0.98808,-1.797637,-0.9347005,-0.3183608
MAFIP,0.87698555,-0.3745947,0.19113064,0.13905287,0.52306366,-0.30623722
CELF1,-0.45030022,-0.7352333,-0.20242882,0.9808903,-2.1226187,-0.21089935
FHL3,0.6599798,-0.06057644,0.21236992,0.14153385,0.090019226,-0.52213097
MIR3150BHG,-1.1899793,-0.80436003,1.1247604,-0.06429982,-1.7564443,-1.3605938
CAPZB,0.40372467,1.0459824,-0.20291996,0.07024574,1.3143845,-0.10656166
SUMO2,-0.080999374,0.10951996,-0.13285637,0.12585068,0.7331219,0.057792664
ZNF646,0.29972267,0.26179886,0.13271046,0.14220619,0.51785564,-0.23912239
KRT18P32,-0.1309669,-1.3105944,0.33806586,-0.7362499,-0.2991538,0.31307435
COX6B1P3,0.07053757,0.61223793,0.43999386,-0.29291344,1.2599115,-0.83265877
ZNF385D-AS1,-0.6432478,-0.4755001,1.4893998,0.58730376,-1.2365384,-0.75703025
CD8B2,0.44017982,-0.3669505,0.17693758,0.53527546,-0.607368,0.1863184
SLC25A16,-0.61544037,-0.2407031,0.13199139,-0.008667946,0.30404568,-0.45601988
SLC25A15,0.7491684,1.2544222,0.11422014,-0.37602663,1.6759572,0.6508422
NPC2,0.42336655,1.0292912,-1.1443968,0.19488525,-0.5748949,0.30604553
SLC25A13,-0.01763153,0.3719082,-0.62552357,-0.286314,0.33578682,0.515605
MFF,-0.41107178,-0.04419899,-0.34009266,-0.001340866,-0.07629299,-0.09505367
SLC25A26,-0.2799983,-0.3042221,0.114598274,-0.1999507,0.80230236,-0.21812773
ZNF629,-0.03224945,0.03536606,0.4397068,0.587574,0.06219864,0.123812675
ZNF624,-0.21783209,-0.41256475,0.323205,0.33974028,0.18149185,-0.54051876
SLC25A20,0.6113968,1.0769005,0.64035225,0.1598587,1.3097982,1.2644215
ZNF620,1.9578457,0.35114813,-0.58525753,2.0393033,0.4999447,2.917367
CTHRC1,0.28246522,-1.204998,5.8109436,-0.2430172,2.3431604,1.4174056
KRT18P10,-0.4944811,-0.21811485,0.24186707,0.3583784,-0.19637585,-0.0649786
MMAB,0.8039217,1.4270296,0.3133421,1.0265894,0.55448246,0.8416252
MGA,0.013934135,-0.35991,0.31818008,0.805418,-0.6910696,-0.33933258
FOXJ1,0.59078693,0.11029482,0.5361128,-0.37953305,-0.2504015,-0.12630463
MERTK,0.7607546,1.5277758,-4.922781,-5.28598,-2.7548113,1.2170801
DHODH,-0.121592045,0.41339302,-0.092217445,0.7196255,0.2620468,-0.089044094
NELL2,-0.18783236,-0.55831575,0.49741793,-0.49157786,-1.2960796,-0.04715848
SNRK,-0.7669835,-0.6147275,0.10936499,-0.46737146,1.1690645,-0.83780384
SLC25A31,-0.37274873,-0.34049183,2.7324898,0.6680075,-1.1249347,-0.7308358
ZNF611,-0.042126656,-0.30129528,0.05538082,0.25619984,-1.3364086,0.030128479
SPON2,4.1485643,3.1753912,-0.8423662,0.5667505,1.3912096,5.560171
PTGES3P3,-0.29360104,0.001538277,-0.6796274,-1.0294638,0.69104767,-0.4874668
PTGES3P1,-0.580987,-0.22159481,-0.58163166,-0.09874439,-0.27400398,-0.51653767
OGFOD3,0.6403179,0.79766655,0.23980904,0.64770126,0.09132099,0.01587677
FOXI1,0.6542511,-0.24522209,0.52855253,0.036402225,0.33425617,-0.5456898
ZDHHC6,-0.18019485,0.0530262,-0.4067154,-0.9216428,0.25191784,-0.36443615
CCT6P3,0.22699165,0.41212845,0.18939114,0.061712265,1.0372543,0.47901917
ZDHHC3,-0.5951824,-0.46362877,-0.81035805,-0.022306442,0.4309225,-0.4511118
ZNF728,0.17219877,0.031778812,0.35749722,0.7516799,0.8321023,0.5413842
SRGAP2B,-1.0462646,-0.4498024,-0.3679247,0.07890892,0.12879848,-0.36044693
MIF,1.2052975,1.5696468,-0.04606533,0.66656876,0.37906933,0.49845886
THAP2,-0.1644082,-0.16502237,-0.015057564,-0.5604143,-0.254786,0.21171379
THAP1,-0.34861374,0.001989365,-0.12466526,-0.022769928,0.40565872,0.25491142
THAP6,-0.09740162,-0.653913,0.012743473,-0.09222078,-1.3972826,-0.6111021
THAP7,0.11626387,0.18885803,-0.36517477,0.3315544,-0.7411394,-0.33311749
CTXN2,0.62576675,-0.5173346,1.4976332,0.5590503,-1.3577889,1.7522299
TMEM87A,-0.4412098,-0.43066025,-0.3544588,-0.07957268,0.004350662,-0.002889633
TMEM87B,-0.16950607,-0.26530457,-0.6203594,-0.35389328,1.6132412,-0.45010948
CAPSL,1.3389878,0.4151156,-0.410403,0.5690179,-0.40491438,-0.012475729
LINC02061,-0.7668677,-0.20485175,1.4379236,0.37853777,-1.3348469,-0.9764443
EVPL,0.21020603,0.2926092,0.095466614,-0.18578434,0.023983955,-0.08090019
APH1A,0.1012764,-0.3232808,0.05460787,1.0650859,0.16016817,-0.2539153
SNX1,0.019794464,-0.18037796,-0.04395008,0.30465317,0.51261616,-0.103061676
ZNF707,0.21048069,0.014565468,1.372776,1.7475023,1.1170902,0.31851387
SNX2,-0.000175,0.550663,-0.2938547,0.22356987,-0.20139408,0.25430202
PENK,-1.2273734,-0.3865776,0.69638777,-0.14201224,-1.5779736,-0.94625103
ZNF700,-0.35843372,0.22937107,0.6000786,0.2759757,0.72740316,-0.013361931
RIMKLB,-1.5776198,-2.1872163,-0.7223797,-1.7641737,-2.596381,-0.67977
RBM10,-0.2709818,0.06457043,0.023324966,0.33549213,-0.2044239,0.107248306
TMEM86A,0.61597586,0.98017263,-0.38667202,0.052031994,-0.4401183,-0.043652058
RPE65,-0.60330355,-0.4436341,1.4897795,0.6820612,-1.3326002,-0.67115706
INTS6,-0.4515543,-0.37397623,0.018218517,-0.6845832,1.9868064,-0.4020853
RCOR2,0.22344208,0.066137314,0.2126236,0.65893555,-1.0994673,0.20050049
RCOR1,-0.18165016,-0.111269,0.6191454,-0.12589264,1.1319332,-0.042464256
SUV39H2,0.7310672,1.3148656,0.101631165,0.41036606,1.5924082,0.5050659
CCDC120,0.24909973,0.3123169,-0.3585081,-0.40106583,-0.035888672,0.009135246
CCDC126,-0.45255375,-0.31492567,-0.19136047,0.18420172,0.86517334,0.08852291
FKBP14,0.051385403,0.44599056,0.41997337,1.0288649,0.6607952,0.1085701
LHFPL3-AS2,-0.6979845,-0.48971254,1.4663436,0.546401,-1.3032067,-0.80940413
CCDC124,0.58062935,0.5190029,-0.20720959,0.36696815,0.42421055,-0.27499866
BMI1,0.1682272,0.12830973,1.41471,0.7802663,1.6570902,0.42606354
PEPD,0.9089184,1.1522064,-0.4974718,0.5825882,0.3547821,1.097311
ACADL,-0.6540957,-0.41109282,1.5441937,0.6348963,-0.07201624,-0.7503604
SBSPON,-0.66662794,-0.3562858,1.6249297,1.0144258,0.3179705,-0.002717733
CCDC112,-0.46812248,0.001867294,0.0926466,0.76548004,0.46161842,-0.35449028
FOXD2,0.99680805,0.83022404,1.7077794,1.503901,1.0399575,1.0009317
DBNL,0.71637344,0.28232193,0.22214031,0.47161484,0.15567112,0.480134
CCDC116,-0.87164307,-1.1871368,0.07457733,0.58898354,1.3060999,-1.219441
MINK1,0.9298172,-0.078724384,0.6627445,0.024339676,0.43479443,0.7364702
COMMD1,0.39865398,0.21602917,0.16700268,0.8410044,0.38795376,0.60009575
COMMD5,-0.61038494,-1.254494,0.0417614,0.43774605,-2.1168282,-1.4503691
KXD1,0.49167442,0.34143257,-0.20354939,-0.51849747,-0.23133945,0.1112442
FOXC1,0.47184515,0.6887846,0.17082691,0.35699654,0.65879583,1.1707826
RABGAP1,0.6314049,0.24020195,1.1313257,0.78487206,1.1862736,1.3261852
SATB1,0.6896515,0.8646984,-0.91182804,-0.938509,-0.5527773,-0.36126614
CCDC103,-1.0214245,0.63909864,-1.9154065,-1.0171986,-0.81428003,-0.033321857
DOT1L,0.089719296,0.083577156,-1.1301847,-0.3523593,-0.18258524,0.12150812
CPN1,-0.34941816,0.8732972,-1.17185,-1.238378,-0.1113801,-0.79485416
PGRMC1,-0.03946066,0.11441231,0.16452837,-0.14277935,1.0937333,-0.23133135
SERTAD4,-0.9648756,-0.7088471,1.6065164,0.3567171,3.1972895,0.934752
C20orf85,0.5600221,-0.76130867,6.4061575,-1.459593,-0.44623494,-0.38084936
NPM2,-1.490596,-1.6213434,-0.86792684,0.33048582,-2.1004012,0.065767765
CAVIN1,3.1007385,3.012169,-3.1686182,-1.4814878,2.580206,2.7695913
CAVIN2,3.3200965,3.5657463,6.0781035,5.7624364,4.2583823,5.2482724
CAVIN3,0.7575617,0.84621143,-0.51687336,1.442708,0.28676796,0.66695404
FRMD8P1,0.64522696,0.20859337,0.5641699,0.40864897,-0.7909856,0.42723656
DSPP,-0.6663097,-0.47207087,2.2635734,0.44617355,-1.3131342,-0.853256
PPP1CA,0.33905506,0.12800884,0.26787567,0.1523447,-0.13683891,0.26141453
ALDH4A1,1.0322332,1.8324695,0.023368835,1.6288028,1.872911,1.6952863
GFI1B,0.25618553,0.15066719,0.19044971,-0.41535568,-0.4566846,-0.075511456
PER3,-0.5358472,-0.10510063,-0.5418019,-0.5413513,0.5761881,-0.68940973
CSDC2,0.3681041,-0.8275353,1.1593417,0.15894437,-0.016120791,-1.2155645
FKBP1B,1.0138025,0.49722958,4.4935637,4.6122217,3.1973324,2.9568052
LNCPRESS1,-0.7603006,-0.478414,1.4399667,0.39064765,-1.3265731,-0.9657315
FOXA3,0.50527644,0.23773646,-0.8054533,0.37240052,-0.47504735,-0.33850336
CCDC167,0.7313881,0.88578796,-0.6161747,-0.15136147,0.3429737,0.35326862
FOXA1,-0.9531448,-0.7608747,1.2892383,0.24364936,-1.5209666,0.6864642
CCDC169,0.11772704,-0.17360139,-0.29812264,0.6166196,-0.62062335,0.7656262
CCER1,-0.5880746,-0.4954787,1.5782108,0.525923,-1.1996824,-0.84487724
CYP46A1,0.48426437,0.90814376,0.89971375,0.001814365,-1.9060894,-1.4008489
IFI44L,-4.803216,-5.261227,-5.5956383,-6.3274574,-4.4692483,-5.374075
CAPN8,0.40305376,0.6563096,-1.4141786,-1.1200106,0.24721289,-0.10532713
DUOXA1,4.44705,5.6453977,9.244758,8.883271,7.199785,5.331813
CAPN5,-0.20562887,-0.15525198,2.1333308,-0.6376076,-0.08063698,-0.7602334
ARHGEF40,-0.12335205,0.2869835,0.3959322,0.4945717,0.060046196,-0.7426338
ACAA1,0.11826229,-0.0000162,-0.13697815,-0.0771265,0.009057045,0.2135582
EOMES,0.5680413,-1.7315061,1.1317692,-0.52023697,-0.92734003,1.7866526
PCDHB17P,0.7074597,-0.46135938,1.5757773,0.7097466,-1.416812,-0.8679217
ADPRHL1,-0.22152042,-0.6118064,0.034300327,-0.19211054,0.9346404,0.364995
RPGRIP1L,0.35158348,0.45253468,-0.5362692,-1.6656535,-0.051094055,-1.636441
MR1,0.26234818,0.09449577,-0.87877274,-0.36841965,0.017276764,0.054338455
TANC2,-0.38135767,-0.04866314,-0.5116737,-0.8089123,-0.040248394,0.041503906
TANC1,-0.11754656,-0.08285618,-0.57309055,0.82597756,-0.5794437,0.774204
DPEP2,-0.11207104,-0.075974464,-0.5634165,0.053601265,-0.84703255,-1.6209908
PTMAP4,0.88927174,0.071614265,0.3928547,0.75939846,-0.9671011,0.73918056
LY86-AS1,-0.3675518,-0.7468957,1.2611036,0.3565954,-1.4449806,-1.043028
CCDC150,-0.051878452,0.5447855,-1.7754722,-2.0259418,-1.5368586,-0.57751703
UTP25,-0.15161085,0.031847477,1.5702715,-0.37895393,1.1947861,-0.031847
RBM8A,-0.13104725,-0.025730133,0.29087257,0.46236992,0.93515015,0.04627037
ARHGEF25,0.24368548,1.0002964,0.5594132,0.33344722,-0.4882927,-0.8396623
ARHGEF28,0.04504323,-0.5785349,2.6635103,0.3845836,-1.3206412,-0.9379706
NPR2,0.37568355,0.7298362,-1.0915079,0.92967105,-1.2793901,-0.3335564
CCDC146,-0.18739176,-0.62566423,0.29934883,-0.21829224,1.0712671,-0.525208
NPR3,0.34958577,-0.7382964,1.3102467,0.3179407,-1.4279456,-1.0587437
MIATNB,0.42429304,-0.19458723,1.3077292,0.12810922,0.14927769,-0.49835396
HMGB3P30,-0.19010973,1.1139798,3.262034,0.08019304,-0.04752302,1.2232718
KIR2DL4,0.6217561,-0.009477377,-0.6266527,-0.6086502,-0.7522011,-0.48782325
KASH5,0.78543234,0.4431131,-0.6350863,-0.96736765,-0.13702059,-0.98971295
VARS2,0.14960098,0.58771515,-0.08725929,-0.44672108,0.27756786,-0.48356438
ARHGEF37,0.7934928,-0.74302197,-0.059530735,-0.054993153,-1.0552697,2.5183473
CCDC138,-0.2549324,0.35421753,-0.32183313,-1.2225196,1.1470542,0.7928996
SLC52A3,-1.124547,0.36512625,1.0871309,0.071419835,-1.554643,-1.2876327
SLC52A1,-0.1993947,-0.5647404,-1.2877522,-0.06668949,-0.18372488,0.087495804
DSTN,0.7141516,0.46465778,0.7669587,1.8479705,0.86781836,-0.17508364
SHISAL1,-0.28539264,-0.431363,1.6250675,0.5370631,-1.4137553,-0.8312772
EVX1,0.6080723,0.43754387,0.8309679,0.8229866,-1.0540562,0.2388525
HMGB3P22,0.38125134,0.6505308,-1.4155083,0.42296028,-1.1824212,0.085483074
BMP7,-0.038164973,0.23297262,0.9385774,0.07695067,-1.7465262,1.7938466
BMP4,-0.8829306,-0.7575447,1.2491567,0.2724731,-1.4274138,-0.5158236
BMP3,-0.6545718,-0.5069186,1.7041441,0.5709108,-1.1170762,-0.7951333
BMP2,-0.45662117,0.77032304,-0.3276198,-1.2751606,-1.8894739,1.5218124
CPS1,-0.49482805,-0.22624063,1.576578,0.55150807,-1.287559,-0.7449055
TAB3,-0.5651393,-0.52801657,0.07020378,1.531909,-0.7488284,-0.12188387
RBM28,-0.27911282,0.2296753,0.5300002,0.40926266,0.8699112,0.14742088
TRIM64EP,0.86477995,0.047499657,0.91456413,-0.003150463,0.44846678,0.19675493
RHOXF2,-0.8009435,0.118659735,1.3815541,0.38881254,-1.3603865,0.9125285
TREH,-0.016829967,0.8536873,0.49282742,-0.41988754,0.15451074,-1.1639504
PSIP1,-1.0226208,-1.9448147,-0.015267134,0.46162558,-0.8347845,-0.39657593
ATP2A2,0.22883987,0.702261,-0.43315887,-0.17000389,1.4962711,0.11830044
ATP2A1,0.36066198,0.22988677,-0.19437742,-1.0983664,0.020627022,-0.30297375
SEC61A2,-0.57176113,-0.36063528,0.32575655,-0.32248068,0.71068764,0.35845232
BCL7C,1.0002861,0.61364365,0.9267359,0.9376602,1.1106796,0.94941044
BCL7B,-0.2023716,-0.16602898,0.22161436,-0.26649046,0.05396223,-0.2642007
OR2A1-AS1,-1.577158,-1.6731606,-1.5611033,-2.5056581,-2.3154662,-2.369484
CFAP47,-0.66225487,-0.44389057,1.4504395,0.6371163,-1.3256758,-0.7295358
UQCRFS1,0.08438969,0.36540318,0.19547176,0.47062588,0.4764061,0.5369282
ZNF385B,-0.52783173,-0.35544318,1.5169082,0.7192348,-1.1997467,-0.6398925
ZNF385D,-0.4832405,-0.35178542,1.6258519,0.6909491,-1.3017002,-0.69073397
RBM33,-0.64251995,-0.8411627,-0.48768187,0.98439693,-1.3396797,-0.9715104
HS3ST3B1,-0.060051918,-0.7632835,1.634079,1.9082184,1.2545953,0.5308318
ARHGEF10,-1.9689379,-0.9796126,-0.21220827,-0.15012503,0.5994549,-1.3292505
MMP7,0.5454998,-0.46921158,-6.2272434,-7.4708056,-2.146165,-0.54133034
CCDC197,-0.36082637,0.9829297,1.5701823,0.49792814,-1.338893,-0.85067093
ARHGEF12,0.27064252,0.21700096,-0.2590027,-0.54004145,1.4779444,0.22688031
RBM15,-0.19349432,-0.53717136,-0.21422291,0.99296,-0.3135748,-0.3943014
ARHGEF15,1.0966609,0.11963081,2.0806186,0.64135575,1.3977249,0.4186747
UTP11,0.07349634,0.54765177,-0.2953968,0.22765636,0.61732197,0.13060617
DYNLT3,-0.81781673,-0.4197402,-0.94366837,-0.81418514,0.97755337,-0.7381015
ARHGEF16,-0.45467067,0.5875797,-1.6443968,-2.684293,-1.039473,-0.9445698
GPCPD1,-1.1100769,-1.1167336,-0.914958,-0.77931786,-0.16032791,-1.6458254
MMP9,1.0474844,0.95732594,-3.7084255,-0.50705814,-5.022482,1.3320646
IRF3,0.370965,-0.032370567,0.07226372,0.24381351,-0.37637615,-0.022006989
IRF4,3.5368032,2.2017717,4.3174343,4.2822847,5.638253,4.8080072
GORASP1,0.41093874,-0.007146359,2.9373798,-0.37478685,0.53627205,0.22653818
IRF1,0.23384857,-0.7250819,-0.089598656,0.59016037,-0.8306093,1.2986956
CPTP,0.002685547,-0.43331528,0.2249937,1.0992241,-2.1226845,0.27707958
CDHR1,0.96470547,0.043243885,1.4491698,0.50988245,-0.8276496,0.7724819
PEX5,-0.001552105,0.10994482,-0.2067709,-0.71414614,0.22485447,-0.70261383
CDHR2,0.44555473,-0.43970966,0.2882805,0.042943478,-0.31073523,-0.6164222
CDHR3,0.27100778,-0.46329343,1.0015659,-0.05513966,0.29823184,0.45139742
IRF7,-0.73841,-1.3657808,-0.04376793,0.1908865,-0.67365074,-0.113975525
CCDC191,0.011167526,-0.4483075,0.15223551,-0.3997488,-1.6654997,0.2797222
CFAP57,3.366285,1.0976832,2.1846285,4.4442787,1.8789861,5.1976385
NAA35,-0.003519058,-0.13350105,0.35517406,0.18101501,0.5498562,-0.2860508
BLVRB,0.39993286,0.64437103,0.10472107,1.3439903,-0.9136238,-0.18211842
NAA38,0.0902195,0.11686325,-0.25762463,0.57691956,-0.20102596,-0.2759056
RBM24,-0.59043705,-0.39456218,1.5899725,0.6189873,-1.2085682,-0.724605
IRF9,-0.45312023,-0.6922045,-0.18526268,-0.2646513,0.45320702,-0.1311245
CCDC194,-0.9968219,-0.846251,-1.0041842,0.35266256,-1.3222299,-0.5738239
LAMA5,0.0081954,-0.029625893,0.37556744,0.47215796,-0.6771655,-0.18324852
RBM48,-1.7665503,-0.9635985,-1.2832057,-0.7376771,-0.8366251,-0.29711485
CCDC186,-0.5731211,-0.42676878,-0.3271494,-0.454885,0.18270636,-0.0738492
MVK,0.89479065,1.2210674,0.21819496,0.5393467,0.89707756,0.875329
LAMA1,1.0564091,-0.60721046,1.2791811,0.47714114,-1.497043,-0.6913959
MVP,0.150918,0.11396885,-0.087947845,0.516284,0.520689,0.34648323
PTMAP8,1.0838194,0.07479,0.58340836,0.8113718,-1.009489,0.7517147
LAMA3,-0.62695146,-0.5794718,3.473394,0.4081298,-1.3677832,0.7595804
HMGCR,0.063384056,0.60822964,0.008280754,-0.28234005,0.83762836,0.4122944
DNPEP,0.47677326,0.60065746,1.286726,1.5662031,0.7339153,0.4374504
RAB40B,0.46957302,0.3874793,1.323092,0.7925682,2.661161,0.45007753
MARVELD3,0.058344364,1.767169,-0.47758913,0.5441518,0.8453922,0.8426013
CCDC183,0.002296448,0.58071613,-0.8640883,-2.110168,-0.08810234,-0.504117
RBM38,0.41583347,-0.51770926,1.1122451,0.8795843,-0.006409645,-0.18434286
RBM39,-0.11304855,-0.29286957,0.312809,-0.17411804,0.18432236,0.16159248
CCDC177,1.502187,0.37305975,-0.45460725,-0.19654155,-1.0204694,-0.33432913
LAMB3,1.6353226,1.3412018,-0.19542599,-0.61734533,0.031669617,2.320116
MX2,-1.9436274,-1.6249285,-1.5421553,-1.7113905,-1.8084316,-1.8948307
MX1,-4.808179,-3.558548,-3.0323439,-1.9579182,-3.012474,-3.459694
ATP2B2,0.16673303,-1.031454,2.3427722,-0.0651207,-1.9204363,-0.21986663
SOD2,-0.063827515,-1.210043,-1.9173002,-0.95986176,-1.9100752,0.68756104
ESRRAP2,0.20237923,0.41184425,0.87399197,0.8811989,0.25453568,0.52680016
SCIMP,1.5494299,1.3653193,0.3201065,-0.24490261,2.0156202,1.1455898
NCBP2AS2,0.01320076,0.20747757,0.33485413,0.7068291,0.49837017,-0.001297951
RPS26P58,-0.70070744,0.19831371,-1.0723915,1.3096552,-0.47636795,0.47379017
BMT2,0.04299116,-0.11079216,-0.19261456,0.004044056,1.555563,0.37326717
BCL6B,-0.39138162,-0.9718659,0.97345805,0.061475754,-1.6495163,-1.3166306
CFAP36,-0.20542622,0.50337315,-1.0009174,-0.6739588,-0.5077572,-0.16263199
TAF8,-0.35955095,-0.36571407,-0.3651719,0.25914717,-0.8296299,-0.40713978
CCDC170,-1.2340713,-0.50448513,-0.3376522,0.30808067,-1.4004626,-2.8377707
THRSP,0.18454432,-0.8186743,1.2724364,0.1695534,-1.5700022,-0.54711795
NAA16,-0.46456337,-0.86753225,-0.71908283,0.10148811,-1.1238098,-0.875484
RBM46,-0.7116581,-0.5521749,1.4607615,0.49622035,-1.2793542,-0.84736705
RBM43,-0.005439282,0.22746563,0.3317814,0.33307743,-0.9885311,0.75097704
CCDC171,0.6476667,-0.20393777,-0.07625842,0.7905052,-0.27044106,-0.7605274
TAF1,-0.30966425,-0.29699993,0.8850765,0.76596546,0.2401905,-0.308136
GUSBP14,0.30385208,0.83841324,-0.07714081,-0.5768032,-0.68082523,-0.10299778
TRIO,0.085422516,0.35167313,-0.30673695,-0.6861305,0.807662,0.8413305
GLDC,-0.48828626,0.7179041,2.8328614,2.1411872,0.1705699,-0.3632741
TRIL,-0.9133184,-1.5313885,0.2217896,0.4711628,2.8181024,0.3484726
DCAF4,0.7135353,0.868124,0.33725548,0.7274246,2.4050083,0.87293434
GUSBP18,0.16844368,1.3409958,-0.9546747,-0.9356308,-0.46005535,-0.15863991
DCAF7,-0.07831669,0.19323826,0.37471676,0.07374668,0.6612663,0.07447624
H2AC18,-0.12328625,-0.9315195,-0.61227894,0.5156412,-0.46207905,1.0492373
MILR1,-0.22703743,-0.086236954,-1.4735003,0.15385818,-1.0343637,-0.5883646
H2AC11,-0.09637737,0.33116436,-0.6201563,0.5645189,-0.7973671,-0.26625633
H2AC13,0.12327099,0.0765028,-0.71093273,0.3798704,-1.4268456,-0.30583
CREB3L3,0.25768042,0.57246876,-0.24586868,0.17048979,-0.08422184,-0.06230545
MYC,0.41080475,1.096489,0.15715075,0.28043938,1.2330456,0.7105522
PIP4K2A,0.14144135,0.075862885,-1.148612,1.3235321,-0.2617569,0.019986153
RPL7AP75,-0.088076115,0.31258202,-0.03277111,-0.5389805,0.6977401,0.6395097
KHDC1-AS1,-0.6254282,-0.023433447,0.59233403,1.5124025,-1.3308661,-1.759464
SARNP,0.2621975,0.15558434,0.62916946,0.52838326,0.4095564,0.30853653
TYRO3,-1.0725014,-1.0748411,0.95117164,0.024014473,-1.9582642,-1.3626888
NHLRC2,-0.4273243,-0.5564847,-1.1415854,0.4555874,-0.0779953,-0.29638815
FICD,0.18925285,0.39993477,-0.38104343,0.63949966,0.46535683,0.1433878
CRACR2A,-1.486485,0.025856495,-1.6500888,-1.3798256,-1.5979743,-2.1006947
PRDX4,0.43860435,0.4465313,-0.6706009,-0.13408852,-0.07095337,0.065301895
PSMG3-AS1,1.6353283,1.1714821,1.0388241,0.70429325,1.7611723,1.545516
NKX2-3,-0.4507904,-0.14790916,-0.69449806,-0.8894558,0.33544254,-0.889647
FZD1,0.47851753,0.5652952,0.46943855,-1.2096264,1.1088123,-0.63126063
FZD3,1.7308564,2.0034513,4.1255856,4.588606,3.1012554,2.673562
DNAH11,-0.785275,-0.64073545,1.2550993,0.43257475,-1.4538729,-0.94577533
NSUN5P2,-0.32551765,-0.3732071,-0.112550735,-0.09761429,0.112724304,-0.5391655
KIR2DS1,-1.5323814,-1.3672532,0.50883603,-0.052214146,-2.1823413,-1.6618791
KIR2DS2,-0.44805455,-0.9451506,-0.21948719,-0.6311879,-2.0179102,-0.2303865
DNASE2B,-0.4642408,0.07756424,-1.3603144,-2.3563347,-1.4910941,0.36896563
DNAH14,0.42741394,0.2932124,-1.85359,-0.9534235,0.3803358,0.44568443
FHDC1,-0.5756158,-0.42435825,5.006286,0.51430297,-1.2659702,-0.81143713
PRDX6,-0.090688705,0.16763115,-0.44250202,0.43122292,0.27196598,-0.11434364
SLC6A6,0.3360319,0.2567644,-0.27715683,0.7841368,-0.8965845,0.289567
PPP5C,0.84122753,0.62350225,0.3451619,0.23151398,0.75725555,-0.031748295
RPL7AP47,0.10990524,0.11883545,0.023140907,0.58612823,0.117409706,0.018964767
H2AC20,-0.44878006,-0.7906971,-0.55174065,0.63461876,-1.537776,-0.33300686
H2AC21,0.022028923,0.65761757,-0.97733545,0.3536687,-1.3117495,-0.6596861
GIPC2,-0.7166335,-0.5034513,1.5034444,0.53947127,-1.3799679,-0.8388644
RPL30-AS1,0.27341032,-0.058147907,0.006239414,0.67206526,-1.7038746,0.3070321
CDK13,-0.33910608,-1.0894122,0.014061451,1.0700622,-1.9172769,0.12026644
GLI1,3.4588232,3.7076807,3.9793768,-0.9766345,2.0777817,2.4890475
SLC6A2,1.1297286,-1.042736,1.0414155,-0.017287493,-0.19787669,-0.23236835
GLI3,0.03335023,1.0180237,0.07604718,-1.047604,1.5462289,0.67823553
SLC6A3,-0.51326174,-0.37527484,1.5488822,0.69909453,-1.1369473,-0.68037635
MS4A4A,0.46263504,1.4334545,-2.8158455,0.4561882,-2.510171,-0.37144947
FAM102B,-0.637578,-1.0770445,0.002341747,1.7271004,-0.9469209,-0.18462038
IMPA1,-0.51117516,-0.32159424,-0.09695721,0.24465942,1.5065894,0.24483585
RIOK2,0.42027164,0.006412745,-0.5460329,-0.813879,1.8316312,-0.9954195
RIOK1,-0.23481607,-0.41725588,0.5654049,0.17973614,0.62301445,-0.32787323
RPS15AP36,0.2295723,-0.66947937,0.85490894,-0.003099442,0.8487768,0.18792152
FCER2,5.4119244,5.2915154,6.8316565,6.941393,5.629033,5.4664364
MS4A6A,-0.30494785,0.19450474,-1.2486267,0.048365593,-0.91401863,-1.333952
RIPPLY3,1.5424886,1.2265441,0.074501276,-1.0743089,-2.5954742,-2.2296264
TAL1,4.9493484,3.0611398,7.9335785,6.175021,9.896523,4.7762136
RPL7AP28,-0.095466614,0.5743809,0.19960594,0.047718048,0.4878559,0.35345364
ZNF599,0.4451716,-0.68318635,1.2629753,0.36004364,-1.4270121,-0.9961062
ZNF596,0.32375574,0.26936746,0.8086982,0.003453016,0.5730939,0.46395278
ZNF593,0.49155045,0.496706,0.38158894,0.3264389,0.74773407,-0.37351608
ZNF584-DT,-1.149892,-0.96838963,1.0889119,1.118467,-1.8215256,-1.1881126
ASAH2,-0.024843216,-0.35943222,-0.494946,0.78008175,-1.2219515,-1.2476027
GRAMD4,0.3756628,0.1252966,0.1000247,0.59303,0.22748137,-0.31421614
GCNT2,-0.8324535,-1.039887,-1.8719151,-0.74342465,-1.0294261,-0.5114341
ZNF587,0.003385544,0.31001663,0.002592087,-0.65799904,-0.3487711,-0.026313782
ZNF584,0.6248131,0.7496686,1.0076509,1.0325379,1.5452237,0.29569244
ZNF582,-0.26536155,-0.93309665,-0.742157,0.6811154,0.82198787,0.52095294
CARD8,-0.10832453,-0.30232906,0.99419475,-0.03483081,0.37882137,0.82917094
CLIP1-AS1,-0.6609239,-0.021967769,1.3942525,0.4909159,-1.3811913,-0.9140035
TCAIM,0.043765068,0.49730396,-0.15104198,-0.08452129,0.84265614,0.752079
LRPPRC,0.061338425,-0.14650393,0.80472326,0.13242388,0.9461756,0.3683734
TRMT5,0.44935226,-0.36688566,0.37593412,-0.60760653,-1.0950613,-0.9178026
SARM1,-1.070673,-1.2311988,-1.4259887,-0.6839862,0.018399715,-0.5855813
RLIM,-0.47499943,-0.22086048,-0.046159744,0.76308155,0.038401604,-0.004156113
EEF1AKMT3,-0.78941345,-0.3560214,-0.48236942,0.4662714,-1.1166959,-0.3359418
SLC28A2,0.7422651,1.1008753,1.108101,0.18882167,-0.98006296,-0.61237144
SLC28A1,1.0864859,-0.02770853,-1.1490622,0.22338009,-1.0250154,-0.6729641
SLC28A3,1.1285491,1.3277068,-2.82325,-3.9930716,-0.11072445,0.7608633
CSF3R,-1.5876637,-1.6152439,-3.073257,-2.8881817,-1.9227209,-3.1464024
IRS1,-1.6178687,-1.4784849,0.82068336,-0.50725365,-2.2040377,-1.8290675
FAM107A,-0.6510452,0.65506244,1.3102574,0.25701118,-0.1978004,-0.67175233
GUCA1B,-0.75994253,-0.7625923,-2.533199,-2.5477746,-0.93719435,-1.6726351
BEST1,-0.68070316,-0.66445684,-2.7516499,-2.2130604,-0.8139787,-1.0621319
HOXA-AS3,-0.20910692,0.016798973,0.6146555,-0.45257735,-1.7343819,-1.7973628
NBN,-0.67384243,-0.24958706,-0.8355026,-1.2959232,1.0049238,-0.27417612
ZNF564,0.050475597,0.14013481,0.5829711,0.27947235,1.0432935,-0.11455059
ZNF562,0.50180626,0.311409,0.73450947,0.64232254,0.2416172,0.81966305
SLC15A1,0.333228,-0.5551957,1.4467195,0.3285805,-0.5590677,-0.4954834
TAP2,-0.020932674,0.033358097,0.06348038,0.37497282,-0.049357414,0.38194466
TAP1,0.2549038,-0.24195099,0.47412205,0.5154114,1.0257769,0.8726511
FAM106A,-0.7248173,-0.87860966,-0.19151402,-0.9801431,0.41443157,-0.8359909
ENKUR,-0.7028478,-0.5971465,1.3582337,0.48716712,-0.18793893,-0.9067875
DISP2,-0.3861904,0.2678194,-0.534255,-0.013488293,0.9796529,-0.3286376
DISP3,0.45628393,-0.10969269,1.3386221,0.4543152,-1.4309685,-0.010083556
STIM1,0.5952141,0.47320342,-0.018472195,1.5836158,-1.176111,-1.3180541
MALAT1,0.013933182,-0.123542786,-0.61470413,0.42659378,-1.1223936,0.203022
PHLDB2,0.50095224,0.35519266,3.8994217,-1.938396,0.8346133,-0.056064606
NUTM2D,0.40312052,0.057106018,-0.027963638,-0.019526243,0.001943111,-0.001943111
CSF1R,-0.19901657,0.24070168,0.83182526,0.9128876,0.078876495,-0.91307354
BMS1P23,0.5186405,0.09303284,-0.1884489,0.31619072,0.31040764,0.55679226
CEMIP,-1.1005437,-0.9180944,1.0974665,0.11184764,-1.674707,-1.2278823
GLO1,0.14498615,0.5281248,-0.6763606,0.07723999,1.3698721,0.13289833
BMS1P20,0.47655678,0.08964157,0.09525204,0.33590126,0.45347786,0.7596512
NEUROD2,0.33495998,-0.024627686,-0.41182375,1.4125528,-2.2540307,-0.5586262
ZNF546,-0.208987,-0.14266324,-1.1764486,-1.4206378,-0.51245284,-0.518445
KIAA0319,0.08674276,-0.31749225,1.469287,0.58104265,-1.4787692,-0.70628154
SLC15A4,-0.5331192,-0.5205517,0.653224,-0.4416008,-0.75496435,-0.6385827
WDTC1,0.8303232,0.6628618,1.6553831,0.9261923,1.5812798,-0.06140709
IMPG2,1.0924537,0.9808488,0.531827,-0.5972533,-0.576061,0.15635419
PROS2P,-1.79529,-1.215563,1.6509018,1.1047244,0.2926998,-1.9638324
BMS1P11,0.1316948,-0.22260809,0.48937607,0.6180153,0.8023195,-0.054977417
RIOX1,0.038080215,-0.0695343,-0.21175003,0.5228672,0.43545914,0.9028797
RIOX2,-0.40451336,0.001337528,-0.99217415,1.4682488,1.5675664,-0.1887474
SPIRE1,-0.6734214,-0.73656607,-0.42599034,-1.2556391,-0.9198668,-0.51728654
LZTR1,0.21813965,0.30877876,0.22427082,-0.2990265,-0.068862915,-0.2377243
ZNF530,-0.11581802,-0.12575388,0.33662224,0.83818436,-0.1207118,-0.2594967
BNC2,-0.6303737,-0.082858324,-0.46513867,-1.265069,-3.1598096,-1.2396157
KIAA1671,4.2927756,3.0792446,6.4659,5.1281066,7.1861644,5.1891446
INSL6,-0.74877405,-0.60294425,1.4813006,0.42610633,-1.2982588,-0.9103707
PPP6C,-0.4428301,0.2389431,0.0315485,-0.15073633,0.58601284,-0.23428297
TOMM40P1,1.0917568,0.7691517,0.36497307,0.5534954,0.296216,0.63236046
GM2A,2.0420837,2.2978497,-0.6679802,-0.21609592,1.3841515,2.508276
ZNF528,-0.10388851,0.029310226,0.93113995,-0.43270826,0.94971657,0.33050203
SOST,-0.7645652,-1.025378,0.9205606,0.69892526,-1.9579015,-1.3239574
PGPEP1,-0.22185326,0.89507484,-0.29152966,-0.3209362,0.013875961,-0.5197544
C19orf73,0.16151714,0.26029778,3.0684652,1.4314194,-0.16300535,-0.15201569
GOLGA4-AS1,-0.65458727,-0.24087691,-1.459332,-1.7238486,-0.6656122,-0.8018184
VSTM2L,4.767217,2.4361987,4.253408,1.8546944,6.0142627,4.636531
PATL1,0.16599178,0.14238071,-0.540864,-0.5403471,-0.17476177,-0.44353294
BET1L,0.42212772,-0.1434393,0.21646595,0.34787655,0.5557699,0.09809971
SARS1,-0.5983095,-0.10215664,0.40882492,0.37022495,0.37726212,-0.21834087
SMDT1,-0.22932673,0.032091618,0.5055456,0.4109764,0.5024047,-0.32624245
ZNF517,0.5064001,-0.3996942,-0.48883915,-0.6923597,-1.5858445,-0.19072485
ZNF513,0.55911064,0.35822678,0.13642693,0.53087234,0.018996239,0.1345129
ZNF511,0.015925407,0.12926579,-0.24903965,0.5458784,-0.2484417,-0.5731096
ZNF510,-0.3504343,-0.42586565,0.020902634,0.43990183,-0.110505104,-0.5312505
SMPDL3A,-1.3798227,-0.40137577,-3.1019754,-2.294691,-1.6362362,-1.6706543
VSTM2B,-0.7214029,-0.53514314,1.5517054,0.39414716,-1.4129934,-0.6606486
CNGB1,0.04273033,0.05182314,-0.8456142,-0.031677485,-0.8581281,-0.49599886
CSN1S2AP,-0.71984595,-0.58436817,2.2491934,0.38429594,-1.3199056,-0.94233924
DENND10P1,-0.8120651,-0.6118393,-0.675828,-0.31259727,-0.50418186,-0.7821808
FZR1,-0.716681,-1.1236777,-0.8608446,-0.112561226,-0.7780123,-0.7261343
SCGB2B2,0.07634115,0.17550135,-0.89460707,-0.38618517,-0.15110588,-0.33456135
UGGT2,0.036868572,-0.24001312,0.6513672,0.34321785,-0.07710934,0.1321683
KCNJ12,0.36642504,-0.21179175,-0.9173329,-0.48430228,-0.8283591,0.36443567
CLCA3P,0.39498222,0.08505988,1.1918507,0.038989544,-1.6489029,-1.2746105
PLCL2,-0.9366884,-0.59986544,-0.44510365,-0.3112111,0.4688797,-1.1924591
MND1,1.700243,2.4323773,-2.6384165,-3.7677689,-4.5265884,-0.019303799
RPGRIP1,0.03492737,-0.85201025,0.51151085,0.21575832,-0.34386158,0.84961987
MARCKS,0.077923775,0.364213,-3.6742163,-0.29562664,-2.1753616,0.99753666
MNDA,-1.8489056,-1.3169727,-2.74858,-2.76902,0.2535448,-2.038334
INSM2,0.6145034,-0.5389973,1.3441086,3.1507177,2.8018613,2.3472428
INSM1,5.28901,4.3847456,0.7104908,0.7812406,1.331565,7.5754733
PFKP,2.448412,2.844101,2.46941,2.6343346,3.9996357,2.6104612
METAP2,-0.09500027,0.36287165,-0.13585567,0.16691923,1.1722646,0.11242151
CUL4B,-0.48662663,-0.09791279,-0.07540798,-0.97106266,0.37284088,-0.062859535
ARL6IP1,0.22231293,0.77171135,0.439229,-0.7004452,1.8678675,0.54333496
CHCHD3P3,0.044680595,0.4149866,-0.27014446,-0.3706417,1.0051174,0.01563549
RBM26-AS1,-0.15208101,-0.008689404,-0.8953507,-0.035053253,-0.53222704,0.5897331
PWP1,-0.1638794,0.04881668,-0.19498158,0.26831055,0.059744835,0.48036003
SOX2,0.32799697,0.28000617,-0.61675644,-0.59959674,0.020777702,-0.25253153
LRMDA,-0.15534687,-0.12575054,-0.23172474,0.35885143,-0.3130989,-0.5087795
EDNRA,-0.74954414,0.19366717,1.3766865,0.24282336,-1.4647998,-0.6388449
SOX1,0.2650318,0.7149162,1.4731275,0.78941727,-1.4547305,0.7990265
RUSC1,0.38166142,0.5241194,0.99675846,0.5037012,0.62310314,0.051078796
CHEK2,0.41901636,0.72284365,1.2698531,0.50828695,1.2223868,-0.005878925
ZNF605,-0.2703719,-0.6569905,-0.49718857,0.3843875,-2.4041796,-0.29700422
ZNF600,-0.26289368,-0.46948957,1.2860165,1.2312803,0.8388891,0.118768215
SOX9,0.30417585,-0.9091549,3.0489547,-0.2662933,-0.75139046,-1.0187423
SOX6,-0.6057341,-0.41790462,1.6688896,0.91764534,-1.2383956,0.45697904
SOX4,2.1107597,1.6614246,0.41975594,0.8321781,0.79798126,2.8090105
SOX5,1.4831779,-0.26432848,1.246393,0.1668688,-0.90738785,1.2800667
ACSL6,2.3731222,-0.4482231,1.5239387,0.62068903,-1.2925377,-0.7514546
C19orf38,0.09914875,0.06557751,0.047628403,-0.37159252,0.39586353,-0.86449814
PIMREG,1.3427,2.5107489,-3.1894403,-1.9422102,-2.9033842,0.50091743
JMJD6,0.06843567,0.09121132,0.40918446,0.3141842,0.5509815,-0.15647316
CENPBD1P,0.22073174,0.010793686,1.0209475,0.34765053,0.7496853,0.072665215
PFN1,1.001524,0.8820782,0.18208218,0.5906601,1.0987062,0.8582945
PFN2,-0.47984934,-0.4715389,1.5597982,0.5082278,-1.3034796,-0.8907678
WFDC12,0.04650283,-0.08962369,0.6687994,-0.023933649,-1.9009905,-1.7523543
TMEM161B,-0.2816658,-0.2433672,-0.57715654,0.20217466,-0.65112066,-0.4360876
MTARC1,0.40806913,0.818377,-0.36449575,0.01571989,0.78444815,-0.25688076
C19orf48,0.55923843,0.9337082,-0.64829445,0.045305252,-0.12600708,-0.11253929
C19orf47,-0.028015614,0.440763,0.11344814,0.32488585,-0.40723085,-0.840003
NLN,0.57436085,0.44814968,-0.32078457,-0.09972525,-0.1411457,0.56957626
OTOA,0.60046935,-0.85707796,0.4624312,-0.7553737,0.8834677,2.4333515
IRX2-DT,0.6611142,-0.16190863,0.005974054,1.251636,-0.50038505,-0.37924838
PATZ1,-0.7556977,-0.22205639,-0.27327204,-0.020707607,-0.9864836,-0.5816498
CARMIL1,-0.116924405,-0.9806363,3.2847877,-0.019833803,-1.7281517,-0.9145
CARMIL2,0.94101715,0.7574768,0.18572998,0.18244743,0.70081234,0.3323202
NMB,1.547205,2.0475864,-0.21362877,1.1289654,0.7659807,2.2723074
RABGAP1L,-0.5184469,-0.85699177,0.13011646,0.23159504,-0.025460243,0.47733307
C19orf53,0.4820633,0.3995533,-0.056453705,0.57865334,0.25866985,0.120204926
PARP16,0.53058195,0.5149679,0.7699561,-0.048050404,1.1040711,0.29016972
GJD3-AS1,0.52968025,0.25139236,0.98124886,0.9081726,2.2883253,0.4180193
NMI,-0.54457474,-0.36750412,-0.088555336,0.14766502,0.163517,0.14182854
PARP14,-0.8390584,-1.3119915,-1.5830054,-0.52491236,-2.467235,-1.3629422
SNHG5,-1.1684461,-1.3835394,-0.51978326,0.69231987,0.37482023,0.36609936
PARP11,-0.6853137,-0.61181545,-0.5967655,0.31037092,-0.43500757,-0.2540884
CREBRF,-0.89495945,-1.1787691,0.26333714,0.29820538,-1.1383915,0.18118
UBAP1L,0.43082,-0.02962184,0.12981701,-0.17631578,-0.15322208,0.064446926
NUTM2B-AS1,-0.7587662,0.6537967,-0.9599695,-0.31198883,-0.0891366,0.13906717
KRT23,-1.1900544,-0.97240674,0.9228091,-0.008782148,-1.0497818,-1.3910859
NNT,0.2075901,0.25836182,0.15573311,0.061491013,1.8893747,0.3730669
KRT26,-0.5462398,-0.38633102,1.5169082,0.6877725,-1.1636995,-0.67564064
CC2D2A,0.10978699,0.87336636,-0.6705289,0.23475695,-0.046439648,-2.565436
CC2D2B,0.07462287,-1.9120446,-0.4924171,-1.5225132,1.3004103,-2.893408
KRT35,0.068930626,0.034895897,0.50610924,-0.71915746,-1.2856641,-0.9938333
KREMEN1,-1.1442113,-1.1820855,-1.1729279,-1.4531493,0.42916822,-1.3857927
AMPD3,-0.9861336,-0.5662842,-1.7544899,-0.90968704,-0.94560814,0.21115494
OTOR,0.54386246,1.1031364,1.2344753,0.2961867,-0.2815162,0.17160904
KRT37,-0.42623615,-0.34282112,1.5944471,0.75378156,-1.3256062,-0.66310626
TOMM40,0.7510462,0.9397688,-0.05577755,0.2124548,0.5791588,0.5976324
KCNQ2-AS1,0.7261152,1.6880102,1.3647509,-0.2556963,0.71824455,0.81143284
CXCR5,-0.17223382,-0.8382125,-0.258327,0.7542932,-2.5671375,0.90559673
TAF9P3,-0.18340397,0.001433373,-0.39375496,0.2871008,0.100081444,0.19134235
CXCR4,0.24833775,0.000455,-2.7721815,-0.89750767,-0.59555626,1.3739882
ALOX12B,0.47585106,-0.043148994,-1.829668,-0.17129993,-0.2756381,-0.4453616
CTAGE11P,-0.05475998,-0.023593903,0.018880844,0.43998528,0.3577757,-0.1312828
NPW,2.6535134,1.3618221,4.2293863,-0.3985057,1.4954052,1.678585
CXCR3,0.18485498,0.003172398,1.0169907,1.6363034,2.2497396,-0.004514694
ARNT2,-0.16064715,-0.58900535,0.9060643,-0.031883717,-0.5770271,-0.8553479
CA11,0.38113642,0.15544558,3.4821434,2.8385305,2.1300344,-1.3909044
CTAGE10P,-0.20617676,0.13109493,2.2886457,-0.26533747,1.3565245,0.16633224
PRPF39,-0.5355501,-0.12944269,-0.50958586,-0.6008773,0.8080845,-0.110768795
KRT15,0.23680687,-0.25312996,0.22316551,1.1606503,-1.6313095,0.061198235
TRIP11,-0.15551186,0.19475174,0.27705526,0.4334569,-0.46816254,0.065647125
CDK5R2,1.2114029,0.99669075,2.2576447,0.51286507,2.2418709,0.67620945
NUCKS1,0.08914566,-0.035785675,-0.15070534,1.1184254,0.05435276,0.28149796
TOMM22,0.2106967,0.864439,-0.08144331,-0.5158458,0.3970294,-0.006169319
CHCHD5,0.19793797,0.17727947,-0.3120308,0.29441547,-0.13357353,-0.48544216
TTTY7,-0.63865316,-0.4433698,1.5694933,0.5759399,-1.2156014,-0.76842767
TTTY6,-0.10004258,-1.2773967,0.64789724,-0.20065212,-0.23979259,-1.0954353
CHCHD7,2.166689,2.1417751,1.7564716,2.170374,2.149682,2.9687376
TTTY5,0.50458574,-0.063972235,-0.35095668,-1.4345591,-0.61504745,0.37094927
NSF,0.31712627,0.40480328,-0.09694576,0.11335659,0.6154604,0.75550175
CD300A,-0.24955273,1.766654,-4.979124,-2.5941782,-1.3451767,0.15996647
SPNS2,0.2810545,-0.10469055,-0.45787764,-0.63163614,-0.028761864,-0.2146039
TOMM34,1.2805367,0.17826366,0.28366852,1.6351986,1.0497646,1.8134947
TSC1,-0.40536308,0.08133125,-0.38625336,-0.45140648,-0.44552135,-0.20630169
KRT77,-0.5845821,-0.8952205,1.045358,0.1421045,-1.7540474,-0.09818685
KRT73,-0.79578185,-0.37690926,1.4638369,0.34390664,-1.3496575,-0.98503995
ALDH3A2,0.2037983,0.4831009,0.2528181,-0.14250183,0.34902668,0.29537296
PREPL,0.18295193,0.6912441,0.5910945,-0.58071566,1.4836264,-0.66811514
KLRF1,-0.40847588,-0.9123707,-0.23635769,0.7874155,0.9640355,-0.9385381
CD300C,0.006814957,1.1714115,-0.09858036,-0.59485626,-0.055088043,-0.57187843
AKNA,-0.5669861,-1.068789,-0.002291203,1.3098888,-0.6458769,-0.47359467
KLRB1,-0.58738565,-0.64573336,-0.072854996,0.5555544,-1.7797499,0.20238113
HPCA,0.86387634,1.02528,0.18932247,-0.5870061,0.09934425,0.8439474
LTBP4,0.71636677,0.177701,-0.26239347,0.7041712,-1.0511856,-0.5865588
DTX1,-0.26518965,-1.0653007,0.86758256,0.001124144,-1.9029547,-1.3525758
DTX2,-0.080942154,-0.5990691,-0.09994173,0.34938526,-0.26926613,0.09582806
LTBP2,-1.4352562,-0.6376903,-0.32080984,-1.4156466,-3.2274222,-2.7481525
LTBP3,-0.42408144,-0.4877324,2.196971,1.0131302,-0.6590524,-0.49161577
DTX3,0.0715332,-0.007417679,0.561749,0.786155,-0.455292,-0.034130096
DTX4,0.34858775,0.11477423,-0.64487267,-1.0799682,-0.68942714,0.5462091
CPLX2,-0.70378256,-1.0661474,0.57625246,0.3561628,-1.5596957,0.29567814
CPLX4,-0.53099406,-0.3857525,5.4134016,0.55569553,-1.2087839,-0.7709612
OTX2,-0.6872236,-0.4962772,1.5542201,0.43229735,-1.3645239,-0.8830113
RIPK1,-0.34409142,-0.28837204,-0.33375072,0.4531994,-0.020266533,-0.28554916
OTX1,0.78347635,0.6812289,1.3564556,0.4506576,0.2154181,3.289136
ENKD1,0.18509674,0.51543427,-0.05052662,-0.006616592,0.15591335,-0.5094204
BTNL8,-1.4229939,-0.97097313,0.63024926,-0.20321906,-2.1657138,-1.5661635
KLRC4,-0.58025074,-0.50836515,-0.9056039,0.07929516,-0.35321236,-0.33126497
TBCC,0.15666962,-0.2782116,0.2880373,0.35020065,0.519557,0.657917
BTNL3,-1.1410868,-1.1274956,0.90286446,-0.1025548,-2.0760446,-0.113753796
MIR124-1HG,0.8135247,0.35426497,1.7950289,0.45891833,-0.33053064,-0.039475203
TBCK,0.2051115,0.39077187,0.31643105,-0.49079514,0.8977642,0.35163307
COL20A1,0.50300837,0.391541,-0.30458784,0.26077795,-0.19792795,-0.060270786
CXCL6,-0.9447134,-0.8042081,1.1332749,0.23913038,-1.6672674,-0.883313
CXCL9,-3.4208682,-1.8995132,-2.9145288,-2.6186585,-5.514775,-1.5638633
DOCK4,-1.3834057,0.012611389,-0.029756546,0.072265625,-0.40771103,-1.0631437
CXCL8,-4.2721353,-5.156293,-3.8868794,-1.0500531,-0.6433892,-2.3237581
DOCK3,1.3054991,1.9109583,0.21725702,-1.6914124,3.1931229,2.5379314
TSEN15,0.020191193,0.14422607,0.5307541,0.5558944,1.050426,-0.11939192
DOCK8,-0.24020767,0.025966644,0.046855927,-0.44840622,0.3638544,0.018092155
DOCK7,1.0515022,1.2252846,1.2772245,1.5168486,2.3487968,1.1405334
CXCL1,-1.9521971,-1.314167,-2.8167267,-1.2106576,-2.1602902,-1.7690091
KAAG1,0.4320941,-0.34101725,0.77737856,-0.5881498,-1.2098231,-0.31191993
CTDSPL2,-0.6486349,-0.12952709,0.08879089,-0.15493679,-0.1126709,-0.25242424
CXCL3,-4.172231,-3.6309927,-3.2075722,-4.2726846,-6.061176,-3.9892955
CXCL2,-2.317472,-2.6447673,-5.1257467,-3.024341,-4.7479663,-2.5764422
CXCL5,-0.11182022,0.108076096,-0.027822495,-0.44539833,1.0608025,0.007883072
SENP5,0.15239334,0.14233589,0.36620998,1.0312467,0.8191719,0.4320755
PLCZ1,-0.59781796,-0.38436735,1.5521641,0.65934706,-1.2156848,-0.70135343
CASTOR3P,-0.6219287,-0.17565107,-0.022031307,0.113541126,-0.3458624,-1.257513
KYNU,-0.1370697,-0.71159744,-0.4418316,-0.8228817,1.065793,0.32562828
FLOT1,-0.38549232,-0.7892761,-1.2439909,-1.5470891,-0.99929905,-1.123642
SPEG,-0.54882526,-0.861078,0.23340607,0.76808643,-0.41109776,-0.013051271
GLIDR,0.057599783,-1.565825,-0.5167475,0.74306583,0.50654125,0.8947902
RUBCN,-0.449234,-0.48662186,0.80552673,1.0903549,1.0492153,-0.109264374
EGFL7,0.934391,1.3091488,-2.6064525,-1.8050699,-1.1486826,-0.17517376
MRGPRX3,0.50686085,-0.5802309,1.4442502,0.46152604,-1.334685,-0.94084394
SSX8P,0.09260273,-0.57556385,1.3816998,0.48922276,-1.365843,-0.8531209
SENP2,-0.6045735,-0.20338368,-0.09714413,-1.5732145,0.5326462,-1.1034479
SENP1,-0.48774958,-0.16796207,-0.37324524,0.3524046,0.22889137,0.46913338
HSH2D,3.7110233,1.7598457,4.2086353,4.6954746,3.4449396,4.6227417
DOCK2,-0.15123177,0.4157734,0.68364906,1.2424698,0.48865318,-0.38838387
ITGB3BP,-0.06711149,0.22352982,-0.028828144,-0.36364174,0.07465649,-0.7299218
LUC7L2,-0.21394062,0.06797695,0.004144669,0.2867937,0.26259804,-0.000241
SASH3,1.2470093,1.2465935,0.7234659,0.5301399,1.3293304,0.72052956
HPGD,-1.0058522,-1.9621711,-0.6116073,-1.4805952,-3.1225872,-1.5048511
SPG7,0.41757107,-0.4087777,-0.71421623,-0.5078006,-0.46814013,0.4439144
U2AF1L4,1.0692611,0.65794134,2.063161,0.42913246,1.7264194,-0.1326313
GMDS,-0.31981182,-0.001891613,0.40325356,1.0604477,0.7472811,0.06452894
GTSF1L,-0.5806099,-0.43720198,4.3771915,0.5128925,-1.2126025,-0.8098383
SASH1,0.14818716,0.27881336,-0.25695467,0.16937637,-0.56016254,0.33982182
KLRG1,0.7227764,1.2718856,0.6367018,-0.2799747,0.09068966,-0.2285223
CMTM3,-0.16905022,0.16968727,-0.20346355,0.34147644,0.17219067,-0.1740942
CMTM5,0.2938609,-0.21470666,0.34941053,-0.582579,0.082303524,0.14595938
CMTM6,-0.59477997,-0.18487549,0.7717819,0.83724403,1.8124962,-0.15433311
PDE4DIP,-0.6084795,-0.50036716,-1.0252275,-1.0011158,-0.275465,0.34810066
PANTR1,0.43719435,0.14500713,-0.2092452,-0.20886898,-0.35581064,1.1851349
GDAP1,-0.026280403,-0.2741933,-1.1418197,0.071774006,-1.8136234,0.4137373
TICRR,-0.024371386,1.0989742,0.024371386,-0.8754616,-0.95308757,-0.12529707
RMC1,-0.270298,-0.4483981,-0.14761543,-0.056549072,0.78780556,0.008624077
CMTM1,-0.018026829,0.43437004,0.43574858,0.72973585,1.8299427,0.10360956
TBKBP1,1.1945372,2.5952024,0.6909518,-0.6763058,-0.04796219,0.79033375
ANAPC1P2,-0.4210348,-0.32750988,-0.33615017,0.009179115,0.7202511,-0.17104149
SPIB,0.84323406,0.9294667,0.54575014,1.0259771,0.043238163,0.7558055
SPIC,-1.3529115,-1.168138,0.70905375,-0.2101388,-2.0566764,0.39299154
TBK1,-0.47819996,-0.28445148,-0.15692806,-0.28084087,0.93405724,-0.118748665
SYNGAP1,-1.3434455,-0.21085095,0.21619058,-0.76828945,-2.1689987,-0.50456476
AKT2,0.52168465,0.09887743,0.8303218,-0.20228004,0.22915936,0.049331665
AKT3,-0.60586405,-1.9571996,-3.5442326,-1.1909432,-3.2592502,-1.1354723
MTERF1,-0.29242325,-0.056322098,-0.1871481,-0.3171692,0.3883047,0.07101488
MLYCD,-0.023472786,-0.016555786,0.12597656,0.14672089,0.92699623,0.5831585
PKNOX1,-0.32801437,-0.40905952,-0.5160017,0.2605133,-0.16647911,0.15915012
MNX1,1.578521,1.016648,1.1266742,0.64750576,-1.8294502,1.1540196
ISL1,-0.003828883,-0.44551635,6.954571,0.5207912,-1.313853,-0.8787326
SCGB1C2,-0.8354017,-0.6748561,1.2659647,0.43044806,-1.5288194,-0.91637653
LINC00524,0.18530333,-0.40654063,1.6606442,0.5547222,-1.3901662,-0.8202883
LINC00525,-0.48288363,-0.3741641,7.1244435,0.586743,-1.2680616,-0.772949
CTAGE6,-0.018324852,0.3121357,-0.39064884,-0.07617569,1.094842,-0.17670155
SKAP1,-0.08706474,-0.5978384,-0.5200534,0.5522723,-2.1885948,0.061938763
PLA2G7,0.30049324,0.23099136,-0.019236565,-0.5340862,0.8445673,0.7824335
SULT1A1,0.118985176,0.24343967,-1.1054096,0.016137123,-1.0538406,-0.43792534
RHOT2,0.06742668,0.009233475,0.20318794,0.25865555,-0.6167393,-0.027767181
RNF213,-1.1775656,-1.0534725,-0.53699684,1.2136469,-0.3526659,-0.07993698
RNF215,-0.7249062,-0.6184895,-0.114521265,1.2440863,-0.4723096,1.7547851
C14orf93,-0.62087727,-0.27572536,-0.54160213,-0.43790722,-0.28866863,-1.0969496
PRELID3B,-0.2454567,0.310421,0.12107468,-0.2804613,1.5678949,0.066880226
MTERF4,-0.43212128,-0.1615467,-0.18938828,0.5780201,-0.00315094,0.16414833
NR2F1,-0.86954665,-0.74945104,1.1569113,0.3605764,-1.6435488,1.0038096
NR2F2,0.95937085,-0.52305084,1.454171,0.55895627,-1.2627629,4.0564585
TBL2,-0.5271902,-0.101784706,-0.40407467,-0.15792179,0.22213364,-0.3354988
TREML2,1.8718338,0.56305885,2.9244013,3.3300953,4.2637444,2.4131126
RNF220,-0.13270187,0.07482338,0.191041,0.28100014,0.04970169,0.04648781
ZNF493,-0.53231287,-0.56789255,0.029227734,0.1685605,0.7688055,-0.54445314
SIGLEC9,0.042191505,0.5560007,-1.0274067,-1.2082529,-0.11200619,-0.6651459
ARHGAP8,0.61010194,0.7293229,-0.4559641,-0.23439312,-1.0254574,-1.7279289
ZNF492,-0.28583336,0.090343,0.7393637,0.5517626,0.590044,0.51833296
ARHGAP1,-0.3760605,-0.20438576,0.33829117,0.48660278,0.48180866,-0.002349854
ARHGAP5,-2.0849285,-0.65778303,-3.786139,-2.9573145,-4.6543694,-2.4810781
PEAR1,0.9129261,0.21257985,1.259312,0.56361663,0.7460209,-1.1610405
MED17,-0.5236573,-0.48128462,-0.5024638,-0.06614447,0.78375626,-0.11979914
ARHGAP4,0.55315304,0.7229986,0.094581604,0.37645817,0.75408745,0.2714548
MECP2,-0.037956715,-0.07368755,-0.0894866,0.2607546,0.7166424,0.25141287
MED14,0.14427376,0.002082825,0.67527485,1.2711258,1.3162651,0.7521801
MED13,0.11336279,-0.3630705,0.025927067,0.9777708,-0.44960785,-0.25008488
MECOM,-0.6015025,-0.38192385,1.575941,0.64563596,-1.2010126,-0.71633905
TSPO,-0.021953583,0.41757965,-0.18560123,0.5516777,0.36505318,0.039956093
DLGAP1,-0.9500828,-0.60904515,1.1669216,0.59865713,-0.5062077,-0.9553034
DLGAP2,-0.013799429,-1.5655242,0.08261585,-0.7334926,-2.0053792,0.58589244
ZNF487,-1.1159945,-0.69110537,-0.82120943,-0.8077512,0.14194202,-0.25406933
DLGAP5,0.866889,2.3280048,-3.4706166,-2.5567982,-5.5442963,0.5186906
ZNF486,0.13987494,-0.09086561,0.42991447,1.2468848,-0.45278788,0.2917018
SLC39A11,-0.22943783,0.12472248,-0.15187073,-0.2411089,0.93551445,0.05847931
BAZ1A,-0.25550842,-0.044538498,0.26395702,0.47287178,0.90394974,0.42423058
JOSD1,-0.027581215,0.04474163,0.15494442,0.012860298,0.5442381,-0.3869934
SLC39A14,-0.8038774,-0.683558,1.2842155,0.3949542,1.5630374,0.5880208
JMJD7-PLA2G4B,-0.8311119,-0.9170742,-0.38213634,0.06306267,-0.8955946,-0.4556837
PXDN,-0.07977724,-0.19696295,0.89257586,0.82774746,-1.9474913,1.3682531
OR52A1,-0.088002205,-0.15081549,-0.45960665,0.6589749,-0.007536888,-0.26350594
L2HGDH,-0.116485596,0.5321541,-0.6981354,-0.10577965,0.7578788,-0.001112461
PPARA,-0.22750998,0.03298092,-0.19261122,0.24303818,-0.24367428,-0.82815504
ERGIC2,0.006271362,0.18063164,-0.24837303,-0.26800537,0.3833351,0.17814732
ERGIC1,0.6985431,-0.3016405,-0.8497639,0.47317266,-0.5338845,0.945241
PPARD,-0.7909622,-0.47558212,-1.1663923,-0.64034843,-1.56985,-1.3975382
ZNF473,0.22981644,0.06761503,0.21068811,-0.3852744,0.5377488,-0.09955025
OAT,0.50773907,0.80689526,-0.24355507,-0.5762491,0.9646807,0.40253258
NUDT16L2P,1.6270204,1.79142,2.4625406,2.127109,2.7879772,1.9188857
TSR3,0.007375717,0.14535141,0.37345886,0.58493805,0.04660034,-0.11034775
CENPB,0.43684006,0.3283863,0.6011419,0.16181564,0.10896397,-0.49493408
PRR14L,-0.20917392,0.19253373,0.30651593,-0.3864373,0.4692607,-0.5331459
SPP1,2.5794935,2.5804968,-4.1657734,-4.507226,0.85267925,2.3864965
ZSWIM8,-0.17749882,-0.82376146,-0.8631859,0.34889603,-2.0283613,-0.5286393
ZSWIM3,-0.3269701,-0.05688715,0.061852455,-0.39458895,-0.070013046,-0.14248228
IL12RB2,-0.8074149,-1.5653248,0.3685031,-0.52819717,-2.4205432,0.43251395
CENPT,-0.20021343,-0.2810526,-0.1265173,0.5115509,-1.3504577,-0.41061974
CENPV,2.1282308,2.488838,0.46318793,0.8635442,1.3114746,4.090865
ZNF460,-0.6452861,-0.52505875,-0.3512349,0.8599777,-0.77251005,-0.11907673
CRBN,-0.34898472,-0.601655,-0.026411057,0.06132984,0.11118603,-0.39741898
COL22A1,2.563215,0.5922439,0.010441303,-0.9046304,1.5305502,1.465349
CENPE,0.12393856,1.031179,-0.66618395,-0.39504957,-0.45569277,-0.1564455
COL3A1,-0.56469923,-0.41316968,1.6499938,0.59742725,-1.221187,-0.76271945
ABCB10,0.63479424,0.41444016,0.1224947,0.8483677,0.8958006,1.7890072
SLCO3A1,0.35797405,0.04090023,0.6283512,1.3251715,0.65706825,0.5654383
LINC00506,-1.2653546,-1.6354071,0.09960604,-1.000512,-1.6487715,0.43958688
RBM12B-AS1,0.28113198,-0.61955404,-0.047268867,0.61596346,-0.9028468,0.15167236
CHROMR,-1.2944126,-0.49365807,-1.0065575,-0.212883,-0.90478706,-0.50702286
TAOK1,-0.20249271,-0.21216679,-0.1205492,-0.33570957,0.15704727,0.22071648
OR2A20P,-0.03783965,-1.2646879,0.007885933,-1.1860856,-2.8909059,-0.688514
CENPL,0.14996529,0.6318431,-1.1500726,-0.37389135,0.24013376,-0.37470245
TSR1,-0.06794357,0.41561127,0.4161291,0.67998695,0.8332453,0.5449667
CENPN,0.38958168,1.4507561,-0.22608566,-0.01204586,0.87483215,0.051675797
LINC00504,0.002126217,-0.39592052,0.08320212,-0.49143314,-0.100595474,0.35841584
ERVV-1,1.6247611,-1.329133,1.3553014,0.39635277,-0.8358216,0.3239951
CENPQ,-0.6712532,0.07920933,-0.710062,-0.27535725,0.2571802,-0.7865534
CRAT,-0.020178795,0.14568758,0.13191509,0.1376791,0.099001884,-0.9227085
CDKN3,0.98375463,2.259933,-4.3113217,-2.8046098,-2.4296598,0.5068693
CRCP,0.69933224,-0.22489452,0.7106409,0.12148476,-1.4737959,0.07538509
EXOC3L4,0.63566256,0.87931967,0.27189326,-0.53516316,-0.1087482,1.3658822
REG1B,0.4432137,-0.23615766,0.7228222,-0.19424653,-0.6574609,-0.44093132
ENSG00000248529,-0.581725,-0.37208968,1.5138323,0.6866461,-1.296938,-0.6574443
GMNN,0.018431664,0.6145754,-0.64573956,0.003289223,-0.51571465,0.1106081
NUDT18,0.8303423,0.5109911,0.069581985,0.20238781,1.1327362,0.94000435
ZNF444,0.16946411,0.09234238,-0.45606613,-0.061431885,0.18267441,0.28258324
NUDT13,-0.3008361,-0.1376133,-0.16671085,0.49604464,0.23294783,-0.01757145
NUDT12,-0.016963482,0.10707331,0.059993744,-0.22863007,-0.00565052,0.3767166
CDKL5,-0.36296988,-0.35069942,1.0963869,0.7159462,1.3847733,-0.10334015
BTN1A1,0.9283869,-0.9703739,0.79005265,-0.23893023,-0.21409702,-1.106147
TC2N,-0.29935932,-0.23807287,-0.42783356,1.3367715,-0.6265416,1.117765
NAAA,0.009466171,-0.061841965,3.0760908,3.1606884,2.2343931,0.051403046
ZNF439,0.25105667,0.135777,1.5004473,0.6278105,2.0070915,-0.4032445
ZNF433,-0.110108376,0.070207596,1.965373,1.8788409,1.7361403,-0.020963192
ZNF431,0.27775955,-0.04766655,0.41343975,0.58103704,1.0151234,0.4252205
SPATA9,-1.365185,-0.13844395,-0.3750081,-1.1687856,-3.1618958,-0.022217035
KHDRBS1,-0.4185295,-0.132864,0.024467468,0.09907341,0.70705605,0.025247574
KHDRBS3,1.6897907,0.52815104,0.6887002,-0.072725296,1.2483788,2.771698
BOD1L1,-0.09902954,-0.009963512,0.4684496,0.5341625,-0.18954372,0.08856535
AGAP11,-0.29249763,-0.33082247,0.6854725,0.20696068,-0.29711628,-0.3190422
SPATA3,0.53089714,0.6019037,0.38576174,-0.5924752,0.57996655,0.26991177
NRF1,-0.24620533,-0.19737196,-0.6358299,-0.10906315,-0.011474133,-0.29699326
NREP,-0.83104134,-1.1312866,-2.0551662,-1.7174702,-1.7914457,-0.26617813
SLC9A3R2,0.4258523,0.1320672,0.5251708,0.062880516,0.51316404,-0.42933035
MOBP,-0.47428823,-0.42038417,1.5299752,0.71252584,-1.4012029,-0.7911612
HNRNPDL,-0.65872383,-0.11322975,0.7242899,0.9017315,0.68013,-0.36066246
ZNF428,0.12877655,-0.57602453,1.4515209,0.7174244,-1.5749454,-0.2811575
G3BP1,0.44514656,0.053827286,-0.49868584,1.0293732,-0.47462177,0.18306828
PGK1,0.45987415,0.7267275,-0.46844006,0.08285236,0.6526089,0.16714764
TXNDC2,0.20693779,0.9464531,1.3495464,0.9630637,1.5953069,-1.087544
SMYD4,-1.3537059,-0.5348654,-1.2605133,-0.1746397,-0.9840684,-0.7726526
PGK2,-0.66784686,-0.5526895,1.5298398,0.48581934,-1.2334892,-0.8710949
ZNF423,-0.04860568,0.89888835,6.3444004,-0.4213779,1.2286091,-0.76001835
TXNDC5,0.03703785,0.98149204,-0.5835047,-0.82373714,0.802433,-0.19799614
BOD1,-0.014001846,0.07505989,0.13936138,0.27424622,0.45403862,-0.17181873
ODF4,0.120168686,0.29880333,1.9758568,1.756104,0.08796787,-0.16830373
HPS1,0.3038721,-0.1543684,0.6258459,0.69526577,0.5068369,0.24302673
HPS4,-0.35738945,0.16517639,-0.08803463,-0.37841225,0.4750414,-0.4111147
ARPC5,0.23976803,0.038155556,-0.008820534,0.2893648,-0.08112049,-0.003433228
TMPRSS12,0.33736038,-0.65411115,1.4049373,0.33934426,-1.5937662,-1.0593555
TMPRSS13,2.655198,1.3721967,1.9737225,3.4281826,2.2328558,4.4023733
RPS10P5,-0.001064301,-0.1425991,-0.006137848,0.5371895,-0.14082813,-0.24387074
ZNF418,0.13644361,-0.018413544,0.2229929,0.059563637,0.030625343,0.19158554
OGN,-0.6465467,-0.5665097,1.3455689,0.2789483,-1.5753249,-1.1242692
ZNF417,-0.32721853,-0.70063686,-0.046849728,0.91596603,-1.260611,-0.08756018
TBXAS1,0.85207653,0.40706635,-0.62841797,0.019267559,-0.7879324,0.68047047
ZNF414,-0.113852024,-0.23733711,0.23247433,0.94528484,-0.54585123,-0.2130332
ITGB1,0.3217554,0.5710039,0.3279171,0.34320736,1.4048615,0.4317999
CIITA,0.37922478,-0.28213692,1.5217714,1.5040665,1.2364378,0.30792046
ITGAM,0.9964714,1.1639748,0.30696774,-0.17292404,2.2216406,0.37047863
ITGB5,0.557806,1.3940487,-1.5789261,-1.3555765,-0.85109997,-0.5042572
ITGB4,-0.21567059,0.6696148,-1.8534946,-0.25089836,-0.16269445,-1.0846004
ITGB2,0.3725977,0.5523138,-0.50395966,-1.0070448,-0.09116936,-0.27596855
ITGAE,1.1638222,1.8310089,-0.32672405,-0.4159441,0.8445263,1.4077005
ITGAL,-0.47408485,-0.8397331,-1.4683399,-2.1188278,-1.1683607,-1.5942945
NKPD1,0.0000112,-0.095041275,0.20882607,-0.76748157,-0.96947193,-0.7914535
ALAD,1.5555735,1.2204752,0.11231995,0.5779276,0.3429289,0.8751526
ZNRD2,0.19573212,0.25092506,-0.29247284,0.6970329,0.3488531,-0.06657505
EXO1,1.2058644,2.5671606,-1.656487,-1.9141393,-1.5098186,0.7302313
ZNF408,0.2969823,-0.32552624,-0.041686535,0.45755768,-0.31122065,-0.13265896
PPP6R1,0.33024406,0.19580841,0.7461338,-0.11967659,0.24874115,-0.17520237
PPP6R3,-0.34988832,-0.68012905,-0.389246,1.0456634,-0.8385544,-0.36616516
ITGB8,3.4675865,2.9044442,3.3678117,-1.1772101,0.40056896,4.898041
PGM2,-0.014064789,0.38375664,-0.22600174,-0.2713871,0.8656874,0.4087515
PGM5,0.8497081,-1.4979525,-1.3739569,-2.262837,-0.3614092,0.48910475
PGLS,-0.28317928,-0.38198757,-0.0096035,0.35542774,-0.6208725,-0.36804485
LINC00574,0.27398157,0.38836956,-0.3879397,-0.42810988,-0.09485817,-0.022648811
SMIM12,0.41828537,0.24969673,0.4853878,0.7575302,0.84538555,0.57419777
SMIM11,-0.3059559,-0.43569803,0.054464817,0.18621826,-0.04914093,-0.33120108
ACTR3,0.12588882,-0.016239166,0.040102005,0.34722328,0.9963112,0.2712469
LINC00571,-0.790321,-0.6895997,1.2909518,0.39028966,-1.4231538,-0.14530885
SMIM13,0.7797475,0.87159586,0.016657352,-0.87687945,2.3801594,0.7358017
ITGA3,2.5707283,2.484312,-0.90838337,-1.8157601,1.015789,2.0834074
ITGA2,-1.3692937,-0.18753195,0.7331294,-0.1551305,1.3627146,-1.5197098
ENSG00000289047,-0.66658163,-0.33561993,-0.68840647,-1.0296421,0.71310997,-1.8389683
ACTR8,0.18143845,0.28488922,0.18585014,0.6580868,0.61396027,0.56583214
C14orf39,-0.54067355,-0.41613877,1.5058055,0.66746974,-1.2804891,-0.70958096
ADORA2A,1.707829,0.96337795,0.5893209,2.08469,1.3763385,3.8574657
ITGAD,1.6075897,1.3802667,-0.09493375,1.2137218,0.98618984,2.7635431
ADORA2B,1.6570454,0.580286,1.4547825,0.51116276,2.749486,0.23075104
UGT2B4,-0.70446205,-0.69191515,1.2419529,0.501528,-1.6930177,-1.0321196
SPACA3,0.6017842,0.6304374,-0.16753864,-0.25729084,-0.14780855,0.18718052
SPACA6,-1.9117994,-1.2839708,-3.403006,-1.3507266,-2.3524427,-2.0158587
YAE1,-0.30087662,-0.19580603,0.23422527,-0.026115417,-0.27082443,-0.492095
SMIM20,-0.28298092,0.044724464,-0.55284023,0.001820564,-0.10052681,-0.11587143
SPACA9,0.88783836,0.5567837,0.51173687,0.6125531,2.0933514,0.59323883
ZNRF3,-0.132128,-0.014890194,0.19825172,-0.9942006,2.5024939,-0.39667892
PHKG1,-0.2620027,-0.29593778,-0.12530279,-1.0911875,-0.9813242,-1.7369335
IGF2BP1,-0.09263861,-0.60655737,1.2941953,1.0850345,-1.6072233,-0.59683275
LINC00598,-0.7682484,-0.5456633,1.4415195,0.4691534,-1.361601,-0.89481753
HNRNPA0,0.0821414,0.20810556,0.5596156,0.4166975,1.1658106,0.39139652
TBX1,-0.14148223,0.6264763,1.5511724,0.6324712,-1.2481524,0.1551075
POLR2J4,-0.070207596,0.15617752,0.006327629,-0.09068298,0.16015148,-0.26377392
HNRNPA3,-0.39115334,-0.019177437,0.33728123,0.06313038,0.8564062,-0.4861498
MYO10,0.8145642,2.0451326,-3.721006,-2.5072525,-2.462924,0.57614994
CYP4B1,0.9668207,-0.5222938,1.4514561,0.48927176,-1.195041,2.0839694
EXOG,-0.19997168,-0.41076946,-1.3795269,0.6624651,-0.15353727,-0.122385025
TBX2,-0.02934885,0.5166825,1.0632371,0.4716946,-1.6988953,1.0343329
MYO1D,-0.08420372,1.3744025,0.4405036,-0.80255175,2.6852136,-0.16706657
MFSD14B,-0.087882996,0.7516861,0.034300804,-0.9775963,1.7956209,0.3604164
MYO1B,-0.09897518,0.24360895,-1.1583135,-2.2189863,-0.4520898,1.8866315
POU2AF1,0.35582447,0.32442904,0.8216505,2.7687092,-0.72540855,1.6700449
LINC00589,-0.6189291,-0.4316389,1.6102545,0.5038042,-1.3046064,-0.81661093
NAGS,0.13391638,0.006895065,0.42066193,0.64964056,0.49988413,-0.75503206
MYO1H,-0.62943906,-0.45498502,1.5028253,0.6100396,-1.2402985,-0.7319336
MYO1G,0.46733093,-0.001192093,-1.6259813,0.70672226,-1.2760057,1.2787294
CPNE9,1.0620198,0.6724677,-2.3116794,-0.38668346,-0.3138461,0.7348137
SMARCB1,0.80645084,0.4924345,0.28873253,-0.03471613,0.6275511,0.21891117
CPNE4,5.765355,4.5381193,0.91263866,0.5917032,3.488211,6.6168957
OR56B3P,0.53339887,-0.5674529,-0.68993473,-0.23463964,-0.5434549,-0.43192315
CPNE7,0.10401678,0.41939735,0.000415,-0.32961082,0.003670216,-0.12967062
LDLRAD4,1.9179924,2.1473253,0.618248,0.06145096,2.4362824,0.989979
CRKL,-0.18982935,0.18155766,0.0815382,-0.490726,0.77517986,-0.1964035
HERC5,-2.0334983,-1.5529356,-3.8110294,-1.9813643,-2.2079372,-1.4545732
HERC4,-0.25213242,0.07476616,0.26902866,-0.19012833,1.070859,0.057395935
ADGRA1,0.069315195,-0.36264706,0.77897906,-1.0726814,-0.9405849,0.05057025
SNRPD2,-0.29708672,0.30568314,0.11622524,0.43840408,0.27114487,-0.34139156
HERC1,0.20456314,-0.09359932,0.2176609,0.06753349,0.70110416,1.0558996
KLF17P1,-1.8654261,-1.135495,-0.3039534,-1.4577718,-1.8981588,0.10035586
CCDC97,-0.8983002,-0.78850174,-0.6227331,0.13380623,-0.8053427,-0.26886177
PTGFRN,0.8647475,0.978137,-0.4019208,0.53831816,0.083230495,0.83790493
SPA17,0.70566607,0.9963589,-0.7003236,-0.41878128,0.25247288,-0.003315449
CCDC92,0.5149641,0.44472218,0.20420265,0.74200535,1.2060099,0.585886
TBC1D22A,0.42525005,0.3962145,0.2931471,0.35202312,0.43946838,0.35550976
SCAPER,-0.6619797,-0.46081448,-0.055636406,-0.33831072,0.002353668,-0.78430176
CCDC93,0.22683811,0.5604925,-0.95482063,0.16260242,-0.50341034,0.12783718
SMARCC1,0.05079651,-0.053426743,0.30427074,0.2846508,0.67346764,0.23395157
ALG9,-0.27561712,0.38880968,-0.94637823,-0.7786765,0.45410967,-0.20469284
ACTN1,0.88124275,0.5517416,1.4519234,0.78855133,1.7363796,0.7504616
KCNK12,0.7896652,1.2861199,-0.4300704,0.50054646,1.1901231,0.8786483
ALG3,0.4939499,0.7074604,0.000198,-0.09497452,0.011025429,-0.45921516
TALDO1,-0.28291988,0.13062191,-0.34074497,0.49077702,0.14512062,-0.10107994
KCNK15,0.9638767,0.84023476,2.1545544,0.9207325,1.2138815,0.62743664
ADGRA3,-0.5182245,-0.39716733,1.5854043,0.69451797,-1.3710082,-0.69794
UNC93A,-0.38834774,-0.70345336,1.280121,0.34584737,0.88209975,-0.029597282
C2orf74-AS1,-0.104074,-0.26232123,-1.0139668,0.02194643,-0.63118744,-1.026061
ENSG00000289007,-1.399261,-1.4774492,-0.7811327,-1.321048,-0.2226839,-1.2863741
FLJ36000,-0.06624353,-0.24230766,0.8706088,-0.10565686,-0.51797175,-0.5595492
CCDC80,1.0027914,1.4874749,-0.043749094,1.4523921,-1.6835697,-0.9767618
ADGRB1,0.47992802,0.33336163,0.42999268,-0.003758431,1.4843445,0.9059782
CCDC82,-0.3663621,-0.41009617,-0.75588036,-0.992476,1.3820553,-0.70522165
NAIP,-1.0147357,-1.0999327,0.27854633,0.944087,0.15863705,-1.7791796
NRN1,1.6640816,1.3820286,1.0068941,1.3176594,0.6020498,1.2128448
EPB42,0.24395347,-0.16950846,-0.09554744,-0.09147835,-0.8157337,-1.3559853
GARRE1,-0.4976883,-0.08704567,0.8098068,0.17424202,0.1937418,-0.2548561
EPAS1,0.03276825,0.80371475,0.2808504,-0.038503647,0.6880121,0.72531414
EPB41,-0.08177948,0.015276432,-0.82445836,0.23030806,-1.3681495,0.61386156
PGS1,-0.25234985,-0.51664114,0.037657738,0.07335472,-1.2318916,-0.31938028
RPL19P4,-0.0871582,0.00185585,-0.514822,0.29309082,-0.4264679,-0.3053379
SEC14L1,-0.2568369,-0.25403547,0.22584772,-0.27687263,0.8990412,-0.38551855
TBC1D8B,-0.9955578,0.15783405,-3.0838754,-0.81521034,-2.773302,-1.1621585
MIR1915HG,1.2328343,1.3929827,1.19274,0.9697406,-0.23945856,2.5296056
EGR1,-1.413229,-0.95321846,-1.7720757,-2.1552773,-0.25196743,-2.0056782
EGR2,0.6310463,0.18156624,1.8751965,1.6618748,2.6812563,0.8765297
FAM78B,-0.93211895,-0.6741948,1.2482328,0.3886441,-0.730453,-0.15236473
PFKP-DT,1.4849672,1.7874413,1.4832611,1.6165333,1.8655734,1.8776469
CCDC9B,0.115933895,0.36044455,-1.7406192,-1.1779737,-0.42994022,-0.65190315
SMARCA2,-0.04439354,0.099573135,0.3378868,0.16861153,1.4805193,0.17493916
SMARCA4,0.28305626,0.35504913,0.26600266,0.18745232,0.50848484,0.3934574
CRNN,-0.3803146,0.84684825,-0.43709135,-0.5021198,0.05991912,-0.84978414
AMZ2P1,-0.9460699,-0.82422,1.1142931,0.25493002,0.57485414,-0.7185142
ECHDC1,-0.7624588,-0.18286324,-1.3811598,-0.6923466,-1.0268526,-0.6759844
GNRH1,-0.8673315,-0.5354438,-0.20734453,-0.17599916,-1.071249,-0.4954939
NOL10,-0.069383144,-0.32396317,0.32407475,0.7274647,0.66779757,-0.15912628
CALR,0.8342142,1.186101,0.22291756,0.8471174,0.793581,0.62504387
NRP1,0.020587921,1.1489592,-0.46788788,0.2576313,1.1981745,-0.30068493
NRP2,0.29427528,0.5654888,-2.9182277,-1.1876397,-0.8066349,1.3960581
ICA1,-0.16794205,0.38393402,-0.77773476,0.36525536,0.5148649,-0.09970045
OTUD7B,-0.11660671,0.20807552,0.22781658,0.4079585,1.0982018,-0.15584707
CROT,-0.46761608,-0.07502794,-1.7498446,-0.19270039,1.3762002,-0.58660555
BOLL,-0.18686926,-0.6100582,5.662254,0.37396324,-1.536325,-1.0191684
MIS18BP1,-0.899292,-1.0889473,-0.34952354,-0.6515598,-1.2089987,-0.544364
OTUD6B,0.14313221,0.00551939,0.4566164,1.9714513,0.8566942,0.6888509
MUC12,0.89829326,0.08316922,-0.19266057,-0.36680984,-0.16177988,0.060263157
HSPB1P1,0.45908546,0.41400528,-0.34052944,0.9623699,1.383666,0.8632717
HSPB1P2,0.49529648,0.4550743,0.023180008,1.0864964,1.4817743,0.5597067
CAP1,0.92326546,0.6971302,0.8840666,-0.000919,1.4413195,0.56171036
APOBEC1,-0.62341654,-0.45480418,1.4851916,0.6369711,-1.2930474,-0.70803976
APOBEC2,-0.93682265,-0.75043017,1.3461707,0.23157716,-1.5083055,0.6196947
SFTPD,0.92644596,0.06666803,2.2551332,0.8443222,1.3484802,-0.31717253
KIF6,0.09107089,-0.58151346,1.5686759,0.39825475,-1.5151286,-0.9742246
DUS2,0.43836594,0.5934615,-0.6124921,-0.54979086,0.28841257,0.017496109
KIF9,-0.96424556,-1.1247487,-0.83300376,-0.6536007,-0.7938714,-1.0898511
CANX,0.08265972,0.4715433,0.036179543,0.6303005,0.6719866,0.10213852
DEPDC1,-0.8681998,1.0284214,0.020540237,-0.8806169,1.9412956,-0.40360546
DEPDC5,-0.23492622,0.08513069,0.1739006,-0.02402687,0.24757671,-0.08782101
MFGE8,1.1838455,1.0427437,-0.55373573,-0.614084,1.2167382,0.32197428
DEPDC4,0.008243561,0.462543,-1.2540889,-0.72768235,-0.7787218,-0.6520395
YAP1,0.8836143,0.54969597,0.92929363,-0.2529893,-1.0686276,0.81796575
NAPB,-0.44121552,-0.21146202,-0.83030033,-0.022592545,-0.2581432,0.15910602
C1orf35,0.3606243,0.25224304,0.73284817,1.0492764,0.70556736,0.47472763
CAPG,0.98510265,1.2762995,-2.2423077,-0.94396496,-0.06203842,1.1760426
SLED1,-3.6996162,-2.0016766,-2.0967293,-3.1806924,-2.7655916,-1.1011839
HSD17B8,0.3107376,0.2715969,0.9181051,1.2338486,1.5773306,-0.686038
RANBP3L,-0.5954758,-0.47511435,6.6304846,0.4820795,-1.3662667,-0.87165385
HSD17B1,-0.19715405,-0.58299446,2.1293306,0.6072488,0.9669552,0.030970573
HSD17B2,1.9797271,0.6040343,0.7532121,0.5375675,-0.8600956,2.6574354
UVRAG-DT,-0.48566723,-1.1898079,0.015934944,1.0105748,-0.4117036,0.21422815
PGGT1B,-0.3847046,-0.35469627,0.28586483,-0.64489937,-0.3632412,-0.54918957
MAP3K5-AS1,-0.41882193,-0.51932776,1.4222407,0.37430394,-1.344614,-0.9876064
MON2,-0.9069433,-0.46909237,0.5479231,0.35087252,-0.4521675,-0.21413898
GABBR1,8.668776,6.9226303,2.0678358,4.532652,6.444189,10.186301
C1orf21,-1.7678857,-2.02172,-3.642899,-4.401925,-4.0390444,-2.1057367
RBM33-DT,0.37765837,0.49479914,-1.0789189,0.24559641,0.20871735,0.49755192
OSM,-1.8807001,-0.6091423,-0.03758812,-0.23634338,-0.48843956,-1.3786268
PNMA5,-0.22259617,-0.26878548,-0.4687462,-0.40786552,-0.6482029,-1.0414801
MYO9B,-0.23379326,-0.8296623,-0.9513006,0.10641098,-2.5634937,-0.3343668
PNMA2,0.41475296,-0.58991396,1.3908556,0.4474491,-1.4866778,-0.46109056
TTC9,3.2317305,3.6517096,0.77420807,3.4823236,0.74500275,3.380804
NOL4L,1.931694,0.53390217,0.89332676,1.0156689,1.6351256,0.45186234
TTC5,-0.12506151,0.15072298,0.45775747,0.16223478,0.73624563,-0.18795204
TCEA3,1.947968,-0.23215914,-0.47431302,-1.140346,2.0188112,-1.8056552
TCEA1,-0.33654356,-0.30622387,-0.3427658,0.49543095,0.21126747,-0.56155396
OTC,-1.168593,0.08606708,1.1041017,-0.002997518,-1.7846291,-0.14943671
UBXN2B,-0.031472206,0.5953913,-0.06666851,-0.8571043,1.0588388,0.10455036
TBC1D29P,1.2811182,-0.00027,0.48972535,-0.5638404,0.5243459,0.38741922
C1orf56,0.00253582,-0.009390831,-0.26367855,-0.28143406,-0.5772066,-0.017635345
LOXL4,-0.8827389,-0.693969,1.3905799,0.33889246,-1.4683348,-1.064007
BUB1B,1.1695013,2.2255135,-3.440745,-1.4779434,-2.2904758,0.5353713
CAAP1,-0.30922604,0.17637014,0.18713856,-0.045749187,1.9177232,-0.00421238
TTF2,-0.016465664,-0.59310603,-0.7791202,0.033251524,0.74178123,0.17145443
NR3C1,-0.50311565,-0.72877026,-0.7736263,0.107951164,-0.28535557,0.22137833
DRD5P2,0.7576809,0.61347675,-0.46239734,-0.26410365,0.05081463,-0.2458086
COX6A2,0.14276671,0.3529811,-0.2680552,-1.0646924,-0.591367,0.013771772
ACTG2,0.28780746,0.21917367,3.3513017,-0.0687623,-1.1065304,-0.8581606
LOXL2,-0.44719458,-0.57962584,0.22293472,0.06258893,0.42367125,0.11982012
TBC1D32,-1.1678172,-0.82665336,-0.016777039,-0.87133074,-0.72951365,-1.9331789
RPP38-DT,-0.20908189,-0.65916675,1.2824409,0.4284283,-1.4539676,-0.963835
TEKT4,0.63144827,-0.4487791,0.1518488,-0.097595215,0.48261642,-0.44426155
CAST,-0.07736397,0.14392853,0.19478416,0.67124176,0.058939934,0.015031815
MORC4,-0.20737696,0.72807646,-0.30857277,-0.10248327,-1.5196204,0.5935106
IRAG1,-1.8541799,0.35013294,-1.493156,-4.941893,-5.8892355,-2.8182483
CASK,-0.2455554,-0.12907076,0.34097338,-0.17661,0.5183563,0.099990845
TBC1D2B,-0.15813732,-0.4630022,0.6832228,0.69606113,0.056181908,-0.3305292
COX6B2,0.5842371,0.28658104,-0.33243465,-0.19307232,-0.13306475,-0.46555996
MUC3A,-0.9619816,0.25623155,1.1543664,0.12891269,-0.74276745,-0.4834373
YBX3P1,0.18360901,-0.2840271,-0.1458664,-0.6229248,0.76811886,0.5409956
EEF1A1,0.27154732,-0.061956406,0.251503,0.3105812,0.7850008,0.7316818
GPRIN2,0.115208626,0.6859822,0.19613743,0.38247347,0.61770105,-0.32580662
EEF1A2,2.1907003,0.19229198,3.445687,3.4772127,4.738805,1.2529805
TBC1D24,0.27939987,0.44694138,1.1041889,0.7628193,1.269207,0.81982136
WDFY2,-0.682251,0.21843338,-0.21659374,0.66405106,0.4669714,-1.3345823
WDFY4,2.1756058,0.96429825,3.8593845,3.7231903,3.0535984,2.9436321
CARS2,-0.03473854,0.1924324,-0.048246384,0.40205956,-0.32307053,0.42068005
EMID1,0.6741395,0.6043794,-0.48533297,-0.5572071,-0.711061,-0.44870996
DDX6,0.26109028,-0.24877453,0.25040627,1.524785,-1.8242979,0.864151
GNAZ,-0.009480476,-0.46418476,-0.3244071,-0.44920683,-1.6168098,0.19591951
TCF7,-0.005637407,-0.9643657,-0.07918358,0.08035231,-1.4363184,0.25264764
KCNC4-DT,0.8173921,-0.91373044,1.0119052,0.6455631,0.091305494,-1.2274342
ADGRG4,-0.7739517,-0.51333594,1.3816836,0.54833305,-1.4019274,-0.8360615
VCPIP1,-0.74590874,-0.25009155,0.70299053,0.6773472,0.2946596,-0.7253065
ODF2L,-0.4775076,-0.45654774,-1.4884894,-0.34121752,-1.0267296,-0.7800789
LINC01806,-1.8796147,-0.99965644,-0.5201273,0.009949207,-1.5510488,0.4032762
ENSG00000255647,-0.7996223,-1.2821585,0.6883681,0.9281397,-2.2140813,-1.1868045
TBC1D14,-0.9408226,-0.7093868,-0.13850212,-0.13232422,0.016911507,-0.99540806
MORC1,0.87767076,-0.36698103,-0.2414844,0.34470677,-0.85209966,-0.4915452
MORC2,0.03227091,0.34182024,-0.07952404,-0.345284,0.59632206,0.15231323
CAV3,-0.72185713,-0.56879276,1.4354501,0.48567224,-1.2912421,-0.863465
CAV2,0.79759526,0.0639348,2.0330873,0.07183337,1.3975105,-0.5639272
MUC17,-0.69970876,-0.4931466,1.5271266,0.5138812,-1.2789282,-0.8364869
RARRES2,4.869656,3.1128612,1.0522693,2.852713,0.06271112,5.278442
RARRES1,0.8087125,-0.37202883,-4.198633,-1.0604076,-2.300672,-1.2603645
HOOK3,-0.07305145,0.13302994,0.6160927,1.0030584,1.3908768,-0.026989937
GNAO1,-0.21427715,1.0315884,1.2321938,0.3288492,0.22948897,-0.83366627
HOOK2,0.44959545,0.32799244,0.3725872,-0.11795616,0.60925865,0.06402683
HOOK1,-0.5990181,-0.82986283,1.2911484,1.6343522,-1.8630741,-1.2438699
ALPP,1.0509894,-0.472409,0.96423674,0.8875859,-0.59948564,-0.052422523
GNB2,0.35935974,0.08780289,0.57773495,0.6633644,-0.103321075,0.15706539
GNB4,0.410532,0.25413322,1.0294142,1.5639267,2.198429,0.14049244
NABP1,0.6128025,0.95623016,-0.7056036,0.35908318,-0.29214954,1.1259365
ALPL,-0.33388615,-0.2862985,-0.9614873,-0.80191135,-1.4395785,-0.002655506
TCF4,0.25640106,-0.16245651,1.1643791,1.0277538,0.65890217,-0.039451122
DEGS1,-0.35175896,-0.21452141,-0.40933704,0.15470314,1.1087704,-0.5619631
AMOTL1,-0.92243266,-0.65893525,1.2037177,0.43925047,-1.5775639,-0.9345519
ALPG,0.38210106,0.2246952,0.2152052,-0.49972916,0.67347145,0.27644157
PTMAP11,0.9592829,0.066189766,0.49740887,0.7510538,-0.9388237,0.6182699
SLC35E2B,-0.30249405,-0.17834854,-0.045186043,-0.20360374,0.70350647,0.14242363
GALK2,0.19563675,0.3572464,-0.17614079,0.38412285,0.2186203,0.6321516
MRPL42P1,-0.76576537,-0.60237604,1.3449824,0.46676707,-1.363419,1.6302145
PINX1,0.6599741,-0.29372215,1.4092963,0.43765306,0.86636543,-0.10333443
HP1BP3,-0.6054487,-0.3689661,-0.1650505,0.30873775,0.25106525,-0.46164894
TCHH,-0.8677721,0.26907778,-1.4056349,-0.9059329,1.0275741,0.9116516
TENT4A,-0.51999664,-0.29119682,-0.24651146,-0.2223072,1.3134527,-0.17421532
RND2,0.7972894,0.7170553,-0.3504777,0.58020043,-0.05982232,0.28192258
TENT4B,0.9313178,-0.10986996,0.3900218,0.8620782,-0.5984063,1.7365355
RND3,1.4182,1.9956608,-0.5465784,-1.2285664,0.68950796,4.0009065
CABIN1,0.044772625,0.058561325,0.6532192,0.14325857,1.7960854,0.38523102
ADGRE1,-1.1811247,-1.1166563,-2.1111174,-1.4424472,-2.3510547,-1.9555631
ADGRE2,0.6803551,1.4764023,-2.0407934,-3.68405,-0.09438896,0.44535065
ADGRE5,-0.6395912,-0.5925312,-1.8819895,-1.2846546,-0.031931877,-1.4756479
MYO18B,1.9579508,0.76230264,0.73209095,0.75742936,-0.1960051,1.7724035
MYO18A,1.167036,0.8938637,1.6573572,1.1556034,1.9792976,1.0360022
CARMN,-0.039860964,-0.59029555,1.5201644,0.38824117,-1.3382702,-0.9324461
OR51G1,0.5839007,0.4624114,3.8628213,-1.1398408,0.63624215,-0.889724
PDPK1,0.26772976,0.10151768,0.46024132,0.73676395,1.3189402,0.63429165
IRAK3,-2.786571,-2.2664914,-4.066383,-1.9764113,-2.6512938,-3.147224
IRAK4,-0.2307744,-0.25833178,0.002462864,-0.24319124,-0.28935432,-0.046200275
QRSL1,-0.005897999,0.14063168,0.4254942,0.5150595,0.5120163,-0.0502882
TENT5D,-0.72960615,-0.54604894,1.5326273,0.45238948,-1.2906321,-0.8790404
TAPBP,0.515295,0.33825016,0.6198559,1.0159721,0.6292639,0.6322918
TTI1,0.15360737,0.045822144,0.23438597,-0.15598536,0.46132088,-0.21420622
ADGRF1,-0.605386,-0.45521945,4.564145,0.48465252,-1.3092006,-0.8443676
ADGRF4,1.0006483,-0.6580286,0.27461624,-0.7558552,-1.9072206,-2.102168
CRY2,0.1213274,0.13177705,0.3664508,-0.35280704,-0.3383956,-0.020198345
CHI3L2,0.38367558,0.6422682,-2.3514097,-2.9041224,0.5587621,-0.40255022
CHI3L1,-1.2223969,-2.210455,-7.7572346,-6.45214,-1.8911266,-0.21782398
RAD51-AS1,-1.3108592,-1.1634269,-1.1751523,-0.7659426,-2.1926985,-0.4027958
NAT8L,2.397585,2.3234005,1.4497075,1.7406111,2.1358786,3.3754082
OTUB1,0.40245724,0.26087475,0.3021145,0.5591936,0.36489677,0.301239
CLRN1,-0.57979226,-0.3759768,1.6521568,0.6487559,-1.2354519,-0.7193632
DNAH3,2.4504852,1.5188282,0.46727943,1.8931398,4.687011,3.2306042
DNAH1,-0.37128115,-0.27352762,-0.17564249,-0.67732286,-0.47173977,-0.858397
NAXE,0.6538582,0.5188408,0.00596714,0.38911057,0.8479223,0.22120285
DNAH5,-0.49398333,-0.37791574,1.5831947,0.6847875,0.76806307,0.007805944
DNAH6,-0.6220328,-0.39337057,1.5851494,0.6262301,-1.2232708,-0.7436083
RNF8,0.5958519,0.3291855,1.0763245,-0.04540348,0.65093803,0.4770441
ASAP3,0.09148288,-0.64783263,0.15432668,-0.95367813,-0.45494795,-0.84771156
PKD1L1,-0.9733178,-0.786391,1.3153678,0.18389332,-1.5642558,0.28981948
RNF6,-0.28605127,-1.1332669,-0.13234425,1.4374537,-0.43725348,-0.21055794
ASB11,-0.45903146,-0.43963367,1.6734074,0.48544347,-1.2332959,-0.804363
RNF7,-0.17955875,0.08046627,-0.3476963,-0.00465107,0.5923233,0.10299778
PKD1L3,-0.31191325,-0.93490016,0.42329288,0.36112666,-0.11200786,-1.204302
FTHL17,-0.41273308,-0.50424194,-1.6407452,-0.28616524,-0.8462744,0.053865433
CRYZ,0.7980938,0.25014305,1.829854,1.3236866,2.4657354,0.97437
FAM156A,-0.38978767,-0.20241356,0.31589222,0.08787918,-0.00567627,-0.65272045
GNG2,-0.002761841,0.03768158,-0.58053875,-0.45010233,-1.3871169,-1.0172558
GNG5,0.57510376,0.3996296,-0.06986904,0.64125824,0.27256012,0.2446928
ASB10,0.10983658,0.17017603,-0.62537336,0.29071617,-0.7087889,-0.1110034
GNG7,0.006914139,-1.124465,1.5074034,1.0722122,0.79218197,-0.40811777
TRA2B,-0.5289078,-0.536005,-0.8030729,-0.8448353,-1.0928764,-0.540535
CTAG1B,-0.2795738,-1.0329902,0.97850513,0.000104,-0.2406137,0.046140194
EYA3,-0.18363404,-1.1874857,-0.46394277,1.3388233,-2.6196656,-0.37140417
MUC5B,1.1903756,0.7641821,1.8561578,1.6855752,1.335957,1.0595219
RSPH3,0.6966796,0.8758087,1.1752605,-0.46450233,1.1736279,-0.21089792
MYO15A,1.1656551,0.4793749,0.48738098,-0.48126984,2.272522,1.3201613
ACTG1P10,0.7173042,0.4326687,-0.12899017,0.7842598,-0.22500992,0.7030525
NAXD,-0.04984665,-0.15769958,-0.36759377,-0.05940628,0.37069988,-0.37656212
OTUD1,-1.3726077,-1.7775006,-1.6123991,-0.5144954,0.09024811,-2.0286746
OTUD3,0.21487379,-0.3007288,0.70559597,1.2728186,-1.9195509,-0.11189127
GPATCH2,-0.3333845,-0.17060518,-0.15206957,0.63066673,0.35602856,-0.006203651
XYLT2,0.35175896,0.23429108,-1.1005735,-0.70275116,0.5152483,0.44000435
XYLT1,1.2434549,1.4051123,-0.08263636,0.8464699,1.7745457,2.0524187
GPATCH1,-0.16698742,-1.2077456,0.2863078,-0.28232288,-0.9053111,-0.7970357
PHAX,-0.3833561,0.042142868,0.57100964,0.2802105,0.31169415,0.13402748
ADARB1,0.67732096,1.1899238,-0.77155304,-1.6395631,0.9046078,1.0883875
GPATCH8,-0.2791481,-0.04165268,0.009207726,-0.022953987,1.1271076,-0.032613754
MIR22HG,0.3788929,0.55270576,0.4104252,-0.27706528,0.8951931,0.36533546
CMKLR1,-0.63364506,0.47006893,-1.1963816,1.861577,-4.7901416,-0.9470415
ALDOAP2,0.7147503,1.093132,0.023274422,-0.020746231,0.5588112,0.12339306
FNDC3B,0.12940454,0.6456208,-2.8823352,-2.4301927,-0.55098677,-0.08933115
ATG14,0.14428425,0.20894766,-0.07220793,-0.60924625,1.2013035,-0.47951794
GABRG2,-0.41605926,-0.4370221,1.6034681,0.5338291,-1.302809,-0.86880624
ATG12,-0.8634958,-0.21163082,-0.6272354,0.01494503,0.18625355,-0.37982082
GABRG1,-0.695636,-0.5912075,1.3803427,0.529016,-1.5865028,-0.87608755
OTULINL,-0.67694473,-0.7266159,0.5786772,0.72296715,1.1033792,-1.4306831
ASTN1,-0.21597648,0.22966123,0.5026655,-0.617159,-0.33405614,-0.8621979
RHNO1,0.53022575,0.59292984,0.93620586,0.5558138,1.0703783,0.17813587
ZNF397,-0.7211094,-0.5852866,-0.49219322,-1.0673919,-1.3049998,-0.23007631
ZNF395,0.25597525,-0.08017254,1.7109389,0.2696519,-1.3038945,-0.7546172
PRKRIP1,-0.018154144,-0.30306244,-0.0803175,0.18183517,-0.5763035,-0.32466602
NTHL1,1.0947495,0.7191963,1.7141905,1.342741,1.5867643,-0.053964615
TTPA,-0.74553245,-0.578796,1.428029,0.52576685,-1.5331393,-0.8646999
ALX4,0.5657611,0.2986281,-0.12077856,-0.549911,-0.3283267,0.30486488
ALX1,-1.1334941,0.36886334,0.05554247,0.9371309,-2.7346542,0.23255658
NHEJ1,-0.24618101,-0.2565961,0.14093542,-0.17288399,0.66816807,-0.011218071
NAA50,-0.11189413,-0.001429081,-0.14617682,-0.46970224,0.151371,-0.21354485
PRELID1,0.38111782,0.17766666,0.08482742,0.41305256,0.16598225,-0.04126644
STARD13,-0.29312325,0.6204052,-0.96813345,0.5021167,-2.7234745,-0.35305548
ICMT,0.61330223,0.830183,0.21376896,0.29436874,1.3195925,0.5894165
ZNF383,-0.15594912,-0.26642132,0.64860153,0.2865634,-0.63350964,-0.12129879
SNAPIN,0.013650894,0.19128609,0.10058975,-0.06385803,0.7194004,-0.16785526
NFATC3,0.19226074,-0.008822441,0.76084614,-0.026361942,0.62203217,0.093732834
NFATC2,0.5889993,0.845912,2.6389961,4.4440465,-0.5579145,0.28946567
PHC3,-0.6822114,-0.8029804,-0.6426525,0.5904722,0.023246765,0.06343031
HNRNPM,-0.2322998,-0.06418419,-0.12178326,0.82473946,0.58465004,0.3392582
GNPTG,0.349411,0.5035629,-0.6161423,0.07123947,-0.03372383,-0.15070248
EHD4,-0.26149893,0.72265005,-0.29039717,0.90238667,-0.057967663,-0.4165535
TCN2,-1.4290867,-0.8393979,-1.4992657,0.3409481,-2.9867358,-2.9457817
HNRNPF,-0.4461403,0.25442123,-0.65682983,-0.35805893,1.0914011,-0.35785675
HNRNPD,-0.28788185,0.030656815,-0.017531872,0.39566422,0.90121794,0.10529709
FNDC10,1.1293707,1.041522,1.1963711,1.4643946,1.0608444,0.09411907
ATG2A,0.04367876,-0.10488701,0.05410099,-0.105743885,-0.05869484,-0.1079855
HNRNPC,0.36577892,-0.051264763,0.133358,0.21541119,0.6117096,0.19620705
FARSA,0.6329832,0.7984266,0.5349703,0.67651653,0.62878513,0.31049633
PAM,1.6837854,1.4286089,-3.811129,-3.5149279,-0.01586914,1.646781
ITPA,0.081718445,0.079366684,0.13654041,0.73314095,0.08999729,-0.08379173
ATG2B,-0.29734564,-0.07525396,-0.15771055,0.35350227,0.6280327,-0.099368095
LINC01753,-0.130548,-0.40014076,0.32648325,-0.5441067,-1.4668899,-0.18861437
PHF3,-0.911438,-0.51128006,-0.28332043,-0.31916237,0.21766376,-0.4580269
SERPINA11,-0.6996319,-0.53242457,1.4050418,0.54432833,-1.3153075,-0.800523
SERPINA12,-1.5852538,0.88692117,0.6656847,-0.109086275,-0.46241093,-1.1954018
PHF2,-0.48234224,-1.1456628,0.09486294,1.1373224,-2.0584574,-1.03761
GABRB1,-1.0535535,-0.9306806,1.1828849,0.078695536,-1.6195165,1.1290836
SERPINA10,-0.7125036,-0.8583145,1.1602196,0.8141211,-1.6017262,0.050722837
ID2B,1.1746721,0.16470242,-0.99642277,0.47466373,1.7692509,1.8953629
PYGL,-0.18354988,0.47598648,-1.4902544,0.08325386,-0.6375103,-0.61774063
CSAD,-0.0659008,-0.67572594,0.5406022,-0.11642361,-1.1036263,-0.24091673
PHEX,0.07495725,-0.36139643,1.1954198,0.2854892,0.40651917,-0.6414553
PHF8,-0.30837345,-0.3382826,0.08333206,0.7120662,0.22000694,-0.062010765
ZNF280D,-0.8487654,-0.22761393,0.23688984,0.0510931,0.008677483,-0.37384415
C1QTNF2,-0.6435685,0.0878067,-0.7930231,-0.60886383,-0.9881544,-0.44124937
AIFM1,0.64397717,1.2210894,1.1674547,1.6868277,1.1473026,1.3428259
AIFM2,-0.6043377,0.0423851,-1.2063804,0.5210438,-0.69049263,0.5168228
PEA15,0.98733616,0.3773489,2.1391878,0.9793129,2.1219664,0.46638107
TCTN1,-0.15586758,-0.034497738,-0.823776,-1.7379546,0.014249325,-0.75377727
KRTAP1-5,1.0341218,-0.6523231,7.307933,0.32708,0.1148808,-1.0543284
JARID2,-0.25655174,-0.1862793,0.5201769,1.1012383,0.4484806,-0.10849953
KRTAP1-3,0.3732624,0.03169632,-0.8729954,-0.2506714,0.20252132,0.79388046
KRTAP1-1,0.32799625,0.89399505,-0.21977735,-0.30787945,0.14235592,-0.71576595
ZNF362,0.44113255,0.47978878,0.5313463,0.055146217,-0.5341196,0.0979023
ELMOD2,-0.19770432,0.16606236,0.96093273,0.06761646,0.430624,0.18585062
GNL2,-0.1540184,0.12857056,-1.3283482,0.24128532,0.72886753,0.025943756
KAT2B,-0.43598938,-0.20479393,0.46272278,0.28985786,0.54431915,-0.25713062
ZEB2,-0.8320017,-0.29440784,-0.8256197,-0.27833652,0.3324051,-1.0756569
ASCL3,-0.3422079,-0.30930018,1.2593597,0.5792115,-0.96888554,0.31171942
ZNF350,-0.25782776,-0.081668854,0.35650635,0.29279518,-0.3279848,-0.07419777
NR1I2,2.7146611,-0.5166275,1.5938582,0.41323018,-1.3107978,0.34213114
ASCL2,0.64019346,0.33885098,0.5876298,0.5708952,-0.5656686,0.45892572
NSD3,-0.41580582,-0.114830494,0.028673172,0.45472527,0.075544834,0.56992245
PDF,0.3599987,0.2787571,0.20695591,0.51696396,0.9019146,0.367198
EPCAM,-0.93944144,0.027211785,3.045623,5.525112,3.8029563,1.7198651
ALOX5,-2.9985542,-1.8806992,-2.8495264,-0.006031036,-1.9925518,-4.2291765
NSD1,0.15091515,-0.51361513,-0.06070137,0.8328476,-1.350429,-0.14331436
NSD2,0.5252857,0.7951603,0.43960285,0.7006841,0.82048416,0.2734928
ZNF346,1.48178,-0.014005661,-0.27876854,0.90686893,-1.4332848,-0.3152132
ZNF343,-0.60214305,-0.001684427,-1.2207046,-0.78614163,-0.6332369,-0.7575252
GABRA1,0.26028585,-0.5327239,0.4924183,-0.58319676,-0.001417399,-0.43439722
GABRA3,0.009058476,-0.37464952,0.66994476,0.09844446,-0.89874077,-0.112935066
TUBB4B,1.2767391,1.22892,0.30805874,0.6392689,1.1099653,1.202899
DHRS1,-0.36843586,-0.16899967,-0.1579752,-0.115057945,0.27249432,-0.58798504
DEF8,0.6682911,0.26474762,0.5572796,0.8605118,0.9934149,0.46441078
DHRS2,4.6117043,-1.4128374,12.10608,11.375609,12.270554,-1.7868607
DHRS3,0.25678635,0.87342644,-5.2152753,-3.9563994,-0.8371229,-0.17507172
GNMT,-0.4399829,-0.8915281,0.09066486,-0.46429396,-0.28480625,-1.1060843
CLCF1,-0.2684183,-0.219347,-2.1182203,-1.8530173,-0.8611169,-0.69074965
RPSAP29,0.037594795,0.24021626,0.26369762,0.63029766,0.13743114,0.04313469
C18orf32,0.0628109,0.4303875,0.7233591,0.7658882,1.0648718,0.5231056
CEP41,0.21049261,0.6231656,-0.20530939,-0.13478184,0.19485235,-0.31402826
ZNF334,-1.929311,1.5496979,-0.26060343,-1.0189047,1.9642076,-0.2466662
CEP44,-0.39586878,-0.12929726,-0.14232826,-0.005830288,0.72235584,-0.35156775
PF4,-0.24054956,-0.50312376,-1.1152225,-1.12395,-0.2781844,-0.674418
VKORC1L1,0.53489685,0.57265854,0.42338085,0.34248543,1.2032661,0.80286026
TXNDC11-AS1,0.9144368,2.5501924,1.837708,-0.56339264,1.4474244,0.05704546
CSF3,-0.6111899,-0.522509,1.5050786,0.5071418,-1.3242323,-0.80290306
CSF2,0.26436508,-0.38337445,1.6672914,0.49148393,-1.4124073,-0.270877
CEP19,-1.7521844,-0.6816869,-0.31527615,0.6446209,-0.23490334,0.4128604
CTAGE7P,-0.31711626,0.0802145,-1.5162168,0.158885,0.8024559,0.2879753
PARP11-AS1,0.6801019,0.55593514,0.22071123,0.051741123,-0.5597353,-0.22908735
TMEM131L,0.54449177,-0.27204657,-0.12803078,-0.003795147,0.7537732,1.5506577
TM7SF2,0.7119942,0.89994574,0.02550888,-0.26510477,0.84336376,-0.0213933
CYSLTR2,-1.9113595,-1.4443852,0.87904453,-0.75341463,-2.447608,-2.127542
LAMP1,0.66850567,0.72959614,-3.4335032,-1.5667448,-1.1809425,0.14431477
FCGRT,-0.40808964,0.5098772,-0.8299637,0.64137745,-1.485981,-1.269227
PDCL3P4,-0.055023193,0.045877457,1.0254498,1.3664017,1.1000719,-0.05475521
SLCO2B1,0.023044586,0.68379974,0.43505478,0.7452984,0.77028656,0.051804543
PAPOLG,-0.6232214,-0.4081154,-0.1544075,0.1635108,0.06757355,-0.39151955
MPC2,0.6168575,0.3442135,-0.42922974,0.20824051,0.5521717,1.4508715
ZNF329,-0.3257017,0.13083506,0.23145676,0.42693233,0.78274727,-0.12509394
LAMP2,0.4808197,0.08742905,0.13091469,-0.061330795,-0.29070473,0.20328999
PAPOLA,0.14431,0.06419563,0.32184982,0.19024658,0.69507027,0.46920395
SERF1A,0.6465931,-0.17490005,-0.16574621,0.373322,0.19064713,0.8360567
FRMD4A,0.45965004,1.6430569,0.104552746,0.2860422,1.5686216,1.5357218
FRMD4B,-0.08575821,0.12634325,0.23565674,0.43435907,0.70690536,-1.2277222
PGD,-0.29395676,0.027132034,-0.66380405,-0.19639206,-0.72699356,0.1792202
PGC,0.71156406,0.21706414,-0.38047028,-1.2213953,0.14212513,0.4451747
MIR100HG,-0.7367532,-0.5611395,1.5713152,0.40411234,-1.3022652,-0.90293205
GOLGA8N,0.5317297,-0.20607471,2.8347425,2.675643,3.3203735,1.1679583
GOLGA8G,1.650423,0.6803837,3.7291298,2.8665924,2.176505,1.540945
KAT6B,0.21345282,-0.52355194,0.61485004,0.74816847,-0.019332886,0.13477087
OR2L13,-0.7072609,-0.55280524,1.3881135,0.5167062,-1.3021246,-0.80973023
PHIP,-0.10138798,-0.72031784,-0.60851955,0.63010645,1.4586301,0.27253485
SREK1,-0.87231016,-0.43159294,-0.5653858,-0.3918481,-0.27719212,-0.19171429
CBFB,-0.09955931,0.014997482,1.4730158,1.3418045,1.2544079,0.038259506
CCDC25,0.10969734,-0.02553749,-0.12610245,-0.35433865,-0.45433712,-0.2656498
CCDC26,2.747099,1.2220311,4.182538,3.5754461,5.2496405,2.1478782
DVL1,0.2876582,0.3052392,0.3848405,-0.000185,-0.2331829,-0.11901474
DVL3,0.13487244,0.48885345,0.016522408,-0.45594978,0.66850185,-0.14839935
CCDC32,0.4480095,0.2931776,0.94728374,0.080340385,1.0101423,0.29330063
ZNF302,-0.86652946,-0.47345304,-0.7513957,-0.60012054,-0.31530476,-0.61238766
TRAPPC1,0.29389095,0.39182377,0.22737885,0.10468197,0.5202961,-0.58367634
CCDC13,0.4613762,0.21832561,0.005185127,-0.18289852,0.36858177,-0.36995554
TMEM132B,-0.5448094,-0.3827718,1.4939716,0.68559647,-1.211165,0.12602413
CCDC15,-0.46414423,-0.3831191,-0.6947179,0.2648592,-0.8421507,-1.6384692
ADCY10,0.10147619,-0.2819358,1.2241758,0.21255445,-0.27253067,0.31922758
CTC-338M12.4,-0.66771984,-0.45297813,-0.48302126,0.28052807,0.14400291,-0.21122265
CNIH1,-0.21097946,0.049367905,-0.6740751,-0.53845596,-0.24870872,0.27601814
GOLGA6B,1.2021089,0.78316164,2.6130562,2.1344204,3.738186,1.9691672
REEP3,-0.1244421,-0.6125841,-0.028403282,0.23025227,-1.0927334,-0.13843155
CCDC22,-0.12342167,0.086779594,0.5348482,0.33185673,0.4475193,-0.4981451
RSL24D1,-0.51477814,-0.37206078,0.07191658,0.15759468,0.46521664,-0.3842821
DIDO1,-0.1606617,-0.17512941,0.7412319,1.4524193,0.41055298,0.19877529
CCDC47,0.28455925,0.31807137,0.8590317,0.5833721,1.4942274,0.41535378
AMD1,-0.4056263,-0.16890335,-0.18763828,0.2100811,-0.079359055,-0.106575966
TCIRG1,0.34025955,0.36060333,-1.4557819,-0.54463387,-0.49478436,0.4008131
PSTPIP1,0.3374424,0.15906715,-0.5694704,-0.8270092,0.5177746,-0.7647066
ADAMTS1,-0.8172892,-0.36292827,1.425891,0.2924255,-1.4076539,-1.0390731
PSTPIP2,0.31302977,-0.073581696,1.2295179,0.22793818,3.6975927,0.85946465
EMILIN2,0.18764877,0.50876045,0.18167591,0.8629036,-0.2643566,0.12380791
CCDC54,-0.50427413,-0.6542599,1.2876096,0.41902542,-1.5596138,-0.9743432
ADAMTS9,-0.5261931,-0.3939885,1.5831604,0.6268722,-1.3415196,-0.7870413
LINC00456,-0.7098618,-0.60493916,1.481446,0.3891151,-0.7997091,0.8333595
ADAMTS7,0.122673035,-0.3753662,0.015001297,0.9806404,-1.8599882,0.079294205
CCDC38,1.1729727,-0.6150121,1.2968683,0.46664667,-1.4832798,-0.8942248
CDADC1,-0.4508829,0.057353973,-0.29324818,-0.070958614,-0.93281555,0.15557814
HMGCS1,1.3658786,0.8976431,-0.11481142,0.29522467,1.2074952,1.6455674
TRPC4,-0.1631788,-0.6808546,1.3183215,0.3971076,-1.4050227,-0.7617323
PCDHGB8P,-0.6752237,-0.5611308,3.3079898,0.41869426,-1.2981946,-0.9281418
HAUS1,-0.06219864,0.06272507,-0.22575665,0.22298813,0.44738102,-0.13771152
PECAM1,0.5477505,-0.23901558,-0.14290428,-0.4437847,1.2660875,-0.054237366
POLR1F,-0.000905,0.089310646,-0.22621346,-0.21637821,0.16486835,0.27931213
CCDC43,0.2399149,0.15707111,-0.11923981,-0.4011798,0.22572947,0.1635251
POLR1G,0.17065716,0.17370844,-0.57716227,-0.05758381,-0.5664482,-0.109507084
LINC00482,-0.26336098,-0.03747368,-0.8172965,-0.7702937,0.003899097,-0.37742758
RPEL1,0.3101349,0.71596336,0.3390169,0.14827347,0.4961481,0.68732643
NUFIP2,0.091116905,0.29000187,0.523716,0.33122158,0.8716011,0.33504868
TSSC2,0.57071877,0.5916176,0.84205914,0.5705509,1.3818722,0.30088234
CCDC69,1.1483202,0.7330599,0.6282587,-0.36098814,0.48443985,0.38623524
NLRC3,0.3159461,0.44814682,0.5868001,0.5191436,-0.8326988,0.54989624
CXorf58,-0.73912346,-0.5522387,1.3733855,0.52909553,-1.4068569,-0.8259389
THSD1,-0.34890842,-0.521379,0.1640644,0.13484001,0.77412987,-0.20305252
THSD4,0.63441753,-0.79252577,0.10080719,-0.010015965,-0.617188,0.13237357
LMF1,0.19245195,-0.21351719,-0.31134653,0.26249313,-0.88387203,-0.63648796
LINC00479,-0.620525,-0.4562291,1.5115105,0.5914575,-0.15155542,-0.7542795
CEACAM21,-0.75849533,0.2610283,-3.492707,-4.5799613,-2.1804304,-2.3083181
CCDC77,-0.58490944,-0.003047943,0.14393711,0.027742386,-0.41455746,-0.54717636
LINC00477,2.2906892,0.6833687,3.2205884,1.821666,1.5248458,3.2599556
C1DP3,-0.20916367,-0.89002466,-0.24083805,-0.30868244,1.2098703,-0.114956856
LINC00471,0.92404056,0.16348791,5.904318,-0.48854828,-0.9531121,-1.4693189
POLR2M,-0.6379223,-0.029031754,0.36980915,-0.198843,0.008112907,-0.38087654
LINC00474,-0.15407348,-0.4197318,1.5340059,0.6729113,-1.2210433,-0.7216412
IDH3G,0.4234047,0.05032158,0.15290546,0.6615925,0.40169048,-0.07227039
CYP51A1,1.1283722,1.1094265,0.98429966,1.3922291,1.68678,0.7997589
LINC00470,0.85537314,0.30812883,0.80210185,-0.32790387,-1.9444646,0.4106903
CEACAM19,0.4841919,-0.14218664,0.42805576,0.79128456,-0.27144527,2.048027
FRAS1,-0.18617177,-1.1737926,0.7833662,-0.06662512,-2.113636,-1.1988474
NPIPB3,0.07563496,-0.18004131,0.32093525,0.016371727,-0.23525143,0.13267899
POLR3H,-0.09329128,-0.13435459,0.10210323,0.5743685,0.29182148,-0.2786703
PI16,-0.12053943,0.54118323,-0.1622417,0.8376725,0.38077354,-1.2814782
NECTIN3,0.947284,-0.64239156,2.8594034,0.38963997,-0.048416138,2.1040587
NECTIN2,0.64629745,0.43914604,-0.45655727,0.20064545,-0.32872105,0.69901276
NECTIN1,1.2079797,1.3002439,0.5588827,1.0276661,1.7219715,0.88995504
NPIPB5,-0.364336,-0.56110764,0.448802,1.053791,-0.83637047,0.87184715
CCDC62,0.027645588,-1.0146492,0.86045086,0.45610583,-0.15992868,1.3501586
IFI27L1,-0.000246,-0.111343384,-0.96260643,-0.31824303,-0.7582197,-1.0283613
CBLB,-0.04150057,-0.21336031,0.3939104,1.6488414,0.7136388,0.08183384
PCLAF,1.2654295,2.3341208,-4.354732,-3.8234315,-3.6897173,0.9513588
MAGEA2,-0.69227105,-0.5764713,1.3927512,0.51809,0.27209282,-0.8296027
MAGEA4,-0.5014289,-0.43534112,1.6161506,0.6028676,-0.4474411,-0.84230614
UHMK1,0.26841402,0.038386345,0.23063755,1.089788,0.5025482,0.515357
AZGP1,0.006165028,0.50872326,-0.9562845,-0.5992694,-0.95442677,-0.8722844
KATNAL1,-0.3993497,-0.24190521,0.088643074,0.62182426,0.9385843,-0.08144951
CYP2U1,-0.5421817,-0.38159716,1.5004358,0.6901773,-1.1864625,-0.67928743
SUCLG2,0.0780468,0.009122849,-0.32624054,-0.24012852,0.39950562,-0.52208424
NSMF,0.23576164,0.19208384,1.272203,1.1633477,0.96129084,-0.0667696
FAM88F,-0.23527718,-0.70320606,0.7665372,0.15611124,0.2166214,0.31140614
DCUN1D4,-0.34391546,0.46082115,0.24396038,-0.14657688,0.9043355,-0.42681026
DCUN1D1,-0.4651556,-0.6221256,-0.1217823,1.4512949,-0.022039413,0.08138752
SLC16A1-AS1,-0.23292398,0.15571356,0.00366497,0.12289238,-0.41228056,-0.11940575
DCUN1D2,0.14671755,0.16084862,0.58705044,-0.08704233,2.49407,0.32709312
HNRNPLL,0.23207092,0.20917702,-0.002723694,0.033226013,1.6085634,0.2574377
KRT33A,1.4708037,1.6646447,0.14378047,0.2842133,0.6980238,2.7519336
UGCG,0.48457623,-0.37915897,0.257164,0.72537136,-1.1792812,1.3974314
ZNHIT2,0.2085495,0.106616974,0.05642128,0.74038506,-0.16359043,-0.034584522
ZNHIT1,0.20995045,0.37087154,0.12572575,0.6869421,0.42779636,0.11739349
TRPM7,-0.0665884,-0.10628986,-0.39754438,-0.5878315,1.3016319,-0.01994133
TRPM3,0.9227357,0.6514125,0.14189267,-0.25316548,0.17030478,0.5125344
TRPM4,0.038263798,1.0871596,0.072518826,1.0512862,0.12754488,0.40888166
MAGEE1,-0.30094576,-0.33935118,-1.1101232,0.04847288,-1.5614252,-0.013823986
ATPSCKMT,0.25245762,0.2761755,0.4370222,0.47021675,1.1443214,0.45965672
KLHDC8B,-1.0775766,-0.8532567,-2.8121815,-1.2862325,-2.187027,-0.9944029
PM20D2,0.38331413,-0.43750477,-0.67296267,-0.22278357,-0.20093393,0.8851609
RAET1E,0.57364655,0.14193654,1.3403964,0.32948804,-0.13030744,-0.59643555
CABYR,0.9155488,0.11550903,-0.7567973,1.8789539,1.5793519,2.1966734
KLHDC8A,0.45398188,-0.5468698,1.4059725,0.5061083,-1.3574821,0.026490688
RNPS1,0.14189148,0.21044731,0.35793114,-0.1528492,0.8678732,0.061418533
MAGED2,0.8898611,0.61563206,2.5407705,1.8396902,0.93363,1.1054735
SLC44A5,-0.7411336,-0.57081014,1.424839,0.47799373,-0.6756333,-0.8633958
DET1,-0.44502258,-0.26869965,-0.03870201,-0.006813049,-0.10168743,0.20424366
ROBO4,0.046140194,0.08432388,-1.090723,-0.9165025,0.09334564,-1.0746703
IFNA6,-0.9648143,-0.81290936,1.2192631,0.23293018,-1.5257291,-1.1116743
CTAGE3P,-0.5366373,-0.6910262,-2.5106666,0.3194523,-0.5410471,0.062348843
MAGEF1,0.11903477,-0.9187174,0.9138794,1.4404974,0.97339725,0.9379635
SRA1,-0.57407,-0.64123726,-0.96991825,-0.342247,-0.13570118,-0.8400698
PRL,0.49608374,-1.2019117,0.8189056,-0.12548578,-1.2894192,-0.32671797
MAGT1,-0.24752235,0.093631744,-0.003598213,0.7125683,-0.11778164,-0.007831574
SGF29,-0.23571491,-0.36778545,-0.008055687,0.16619968,-0.36210728,-0.91047525
SPPL3,0.48295784,0.28206825,0.23013496,-0.041646004,1.103651,0.46820354
XIAPP3,-0.6262274,-0.84233,-0.41370392,0.8165512,-1.6232643,-0.13736153
SLC22A15,-2.0497622,-1.8777194,-2.2380633,-1.5862651,-2.0445518,-1.5055237
XPO4,-0.24639988,0.15040779,-0.50058603,-0.20416689,0.990921,-0.13837099
SLC22A17,-0.3036189,-0.054508686,-0.012892723,-0.502192,-0.6417208,-0.48440886
CLDN23,0.026525497,-1.089098,-2.1661205,-0.9984093,-1.431078,0.60809135
HRAS,0.69672203,0.80716515,0.727046,0.5886841,0.7332182,0.4723978
NUP153-AS1,-0.38238907,-0.33741808,-0.63062954,0.90384483,-0.52481556,0.5022125
TUBB,1.4210701,1.4305248,0.66889477,0.16672516,1.3687534,1.4249926
SLC22A23,2.1229897,1.3544254,1.0930958,-0.16922426,-0.05628395,3.4190092
CLDN10,-1.0493356,-0.41634393,0.13609958,-0.89060473,0.10392094,-0.14255023
CLDN18,0.81106377,-0.2174859,-0.63187766,0.63781834,-1.3795185,-0.2803204
HNRNPH3,-0.40392113,-0.1672039,0.3054123,0.22251701,0.21819305,0.266428
C1QB,1.0396194,1.1453705,1.1770687,1.9359264,0.38068295,0.6941261
PTGER4,-0.7940979,-1.7584896,-1.7520037,-0.6874161,0.38886642,0.650115
C1QA,-0.38760567,0.24016571,-0.23320961,0.82261086,-0.8891945,-1.2261763
CSTB,2.1138535,2.0126019,0.0794363,1.068058,1.10709,1.7138176
MAGEH1,-0.83084345,-0.4588399,-0.91697025,0.28622532,-1.593358,-1.1906228
ADH1A,0.6206615,-1.1838536,0.7368009,0.42671704,-2.0946417,-0.9685278
PTGER3,0.38764524,-1.0682983,5.7709246,4.5417414,0.8637862,-1.507993
SAA4,-0.5845264,-0.5502088,1.482336,0.45386398,-1.4006455,-0.8194175
FAM86C1P,0.68258333,0.84634304,-0.38320684,-0.3196311,0.26860094,0.18518877
CST9,0.57004523,0.26020098,1.0978384,-0.061770916,-1.3170409,-1.3760602
CST7,3.9450254,1.7283101,6.1914673,7.387542,4.5397043,3.327178
DCST2,1.1812129,0.7347646,-0.6046953,0.19593191,0.6220236,1.3405623
NT5E,0.11103749,0.5961504,-0.4981897,0.5385666,0.33809662,0.56748056
METTL6,-0.38552666,-0.09281826,-1.2655206,-0.94988966,-0.6271877,-0.99440384
METTL9,-1.5680103,-1.3747559,-1.8093414,-1.4650936,0.24063683,-2.092823
RTRAF,-0.35612392,-0.123488426,-0.1159811,0.33726788,-0.089419365,-0.027964592
MPP1,-0.10632706,0.40011597,-1.1138563,0.3038807,-0.898304,-0.10091114
SLC31A2,-0.68970585,-0.040438652,-1.5666895,-1.0026903,-1.1067171,-0.22995567
IFNB1,-0.25980902,-0.5317656,1.0932407,0.27075768,-0.4970677,-0.9294112
SLC31A1,-0.2923355,0.18368912,-1.3471546,-2.087278,-1.3097496,-0.49148464
FAM86C2P,0.3000741,0.17331362,0.005786419,0.2405672,-0.46317148,0.1895442
LHFPL1,-0.7988394,-0.6254695,1.4852316,0.36492562,-1.3538479,0.079012156
LHFPL6,1.9923635,2.4741597,-0.3735118,1.383883,1.2823014,3.584375
KBTBD8,0.35122252,0.45705557,0.90565634,0.20309925,3.106268,0.94960785
C1QC,0.2015686,1.1194973,1.3250122,1.390358,0.6574354,-0.6302614
RIPOR2,-3.1455026,-2.438496,-0.68362856,-1.737519,-0.8076792,-3.1423566
RIPOR1,0.4750023,0.09570885,0.009586334,0.54198074,-0.23662758,0.039860725
GUCY1B2,-0.35623455,-1.3425608,0.30360126,-0.23433304,-0.9280236,-1.9820471
KDM1B,-0.758616,-0.7042656,-0.92166615,-0.23051262,-0.049560547,-1.0531545
AMOT,-0.047760963,-0.555625,1.5834463,0.38908672,-1.3036511,-0.9034997
NARS1,-0.13379669,0.1798935,-0.41056538,-0.30867577,0.49563408,-0.12796593
RBMX2,-0.8755312,-0.06663942,-0.4547963,-0.46498966,0.5511651,-0.6653147
CWC22,-0.50876904,-0.7401457,0.007710457,0.17131042,0.14651394,-0.31380653
C1RL,-1.9741006,-1.64119,-0.33851147,-0.50412655,0.45261383,-2.429409
SACS,-0.81630373,-0.24183369,0.55148506,0.5692282,1.3178225,-0.22108173
NRCAM,0.14317203,0.17531633,1.6758175,1.0724149,1.4244432,1.7439542
GUCY1A2,-0.703902,-0.5547499,1.420599,0.50880814,-1.2837813,-0.84904176
CHRNB1,-0.6471859,0.3497007,0.2535231,-0.52571213,0.002578974,-0.24207544
CHRNB3,-0.5230081,0.710968,-0.266119,-0.62278676,-0.4972887,-0.086176395
KDM2A,-0.23659897,-0.47634888,-0.23827362,0.4288597,-0.113539696,-0.009119988
LMO2,-0.3440132,-0.4206047,0.0568552,0.020475388,0.058006287,-0.9287386
TUG1,-0.42318726,-0.35850906,0.04698658,0.1963234,-0.57042503,0.07078838
DEXI,-0.3991661,0.13362002,-0.560168,1.2152464,-0.18999934,0.85013413
SATB2-AS1,0.36650944,-0.67795616,1.4439083,0.3187076,-1.387468,-1.0001601
CHMP4A,-0.23298454,0.015943527,-0.2899084,0.15082455,0.22823334,-0.06335926
RASL12,0.5879493,0.014330387,-0.26465893,-0.18624353,-0.2734518,0.34775734
ARL4AP1,-1.368835,-1.4774582,0.80331564,-1.1879294,0.28497362,-1.2149191
CHRNA5,0.4518323,-2.4607296,-1.1403658,-1.5207362,-2.3924992,-0.3517716
CABP7,0.2842126,-0.101756096,-0.14956427,1.1269832,-1.8440862,1.0577788
CHRNA7,0.17754364,0.26476622,-1.1781535,-0.14266253,0.19003868,0.73984814
HRH1,1.6823659,2.1562786,1.699708,3.6521587,1.442625,1.5378408
FAM83F,0.17662334,0.09696436,0.09168339,-1.065105,0.7066524,0.2366643
NLRP8,-1.1249359,-0.901842,1.0735178,0.19372344,-0.005166769,-1.2020328
FAM83E,1.0822039,0.23392606,-0.04933095,0.0469203,-0.47711658,-0.26545715
NLRP6,-0.8839022,-0.8046698,1.2501917,0.734329,-1.5140965,-1.1536323
HRH2,0.32820272,0.27204704,0.8112774,1.2007008,0.23722172,-0.45309353
NLRP2,-1.0581789,-0.9354243,0.040112972,1.2667685,1.4273424,0.8214321
CLSPN,0.7306161,1.0422559,-1.1953373,-2.1202521,-4.0938864,-0.27788925
BPTF,0.003108501,-0.332438,0.59726334,0.11761856,-0.5075407,-0.2248311
KLHDC4,-0.045259476,0.27314138,0.41096067,0.019101143,0.14842844,0.15508795
WNT3A,0.6345718,-0.12702513,0.9293232,0.39196873,0.35902977,-0.108689666
KLHDC1,-0.29373884,-0.5636697,0.12846184,0.17989206,-0.7828455,-0.7000623
SREK1IP1,-0.0560894,0.10308647,-0.08719921,0.27923727,0.8415742,-0.32716846
TRPV1,0.9387064,0.7418871,1.396244,1.9109621,1.6654873,1.9926414
CWC15,0.17829037,-0.30634212,0.26037884,0.40020657,0.22032833,0.07823944
AMACR,0.6089816,-0.02929449,-0.04147339,0.2501049,0.5022526,1.0473452
TRPV6,0.30802703,-0.079105854,3.7750201,-1.5406283,-0.9665787,-1.1704011
CAPRIN1,0.14199257,0.4159298,0.3538227,0.34095,1.4703007,0.24545002
CHMP2B,-0.32691383,-0.13168716,0.49560452,0.21454811,1.2532911,-0.40612125
CHMP2A,-0.039909363,-0.033575058,-0.23742485,0.56793404,-0.14058971,-0.36161518
CASS4,-0.48420715,-0.98977137,1.0676503,0.4955654,-0.2100234,-1.4912205
XAGE5,-0.81260073,-0.6342973,1.3133781,0.43688595,-1.4463633,-0.9071396
XAGE3,-1.7990538,-0.5685234,-0.26882458,-0.006474972,0.00156498,-1.2286572
LRP10,0.55646896,0.27129555,0.26316643,-0.111917496,0.17878723,0.2505436
XAGE2,0.36847854,-0.06743574,0.8556397,0.001506805,-1.825741,-1.3685939
YBX2,0.5371671,-0.31317425,-0.40530252,-0.3119254,-0.2448473,-0.65988255
YBX1,0.5081663,0.7215719,-0.10834503,0.20805454,0.7336559,0.3252964
NR2E1,-0.3520658,-0.56340134,0.72304916,-0.16420841,-1.3484204,-1.4982485
YBX3,0.2716465,-0.50169945,-0.3054781,-0.33810043,0.46799183,0.2631111
CASP9,-0.81007767,0.15462875,1.3823366,1.3289547,0.50985146,0.056325912
FLCN,-0.15031052,0.049144745,-0.49623013,-0.4783039,-0.2659254,-0.44901276
CASP8,-0.36725092,0.16152477,-0.14138412,0.40223026,0.9789548,-1.2566919
CASP5,-1.188734,-0.7370224,-0.5477619,-0.46749306,-0.6601658,-1.3690729
POM121L9P,-0.6643221,-0.45762676,1.5548778,0.5528226,-0.9707345,-0.79815656
TRPS1,-1.1111689,-0.72278166,-1.1961632,-0.9483843,0.09762859,-1.3360219
CASP3,0.6879778,0.6927023,0.5489187,1.0959997,1.1134844,1.5255423
SNAPC4,0.104491234,-0.13247967,1.0397673,1.1885633,0.37289333,0.5352297
KDM6B,-0.2255292,-0.99473476,0.18332863,-0.68041897,-0.60533476,-0.028003216
PROSER2,-0.29311275,-0.008881569,-0.29265594,0.044589043,-0.7029033,-0.7737479
KRTAP11-1,1.064332,0.7115264,2.8606186,0.019775867,0.64352036,-0.4523344
SPATS1,1.3074602,0.6445569,0.91173685,0.056734204,0.16144264,0.5521852
SPATS2,0.6377845,0.72404623,0.14542627,0.05449295,1.0215263,0.65282726
TRPT1,0.775486,0.69382477,0.5303221,0.70311165,1.4283962,0.34479618
POMGNT2,0.08388901,0.105529785,-0.63228226,0.17868423,-0.42857265,-0.2236042
WNT16,-0.38401312,-0.32434523,5.7158966,0.65438807,-1.1150019,-0.72788996
SAFB,0.14864635,-0.86790895,-0.10616684,1.1211691,-2.408381,-0.28628922
IGDCC4,-0.66056293,-0.5398213,1.4340374,0.5333543,-1.2642797,-0.84824175
CASQ2,-0.64098495,-0.5122615,1.5182772,0.5442736,-1.2088383,-0.8173741
RBMS1,-0.2823248,0.26328087,-0.7359371,0.10635376,-0.55667496,-0.10577965
RBMS3,-0.56160516,-0.39672452,1.4952878,0.68296015,-1.1924057,0.11909902
KDM3B,-0.123277664,-0.050943375,0.05696106,0.16287231,0.9908304,-0.07320404
MSLNL,0.4429536,0.5912404,-0.077513695,-0.12121391,-0.61763954,-0.27665615
GNA13,-0.12193298,-0.1823492,-0.066524506,0.6395469,0.8310127,0.1623478
GNA14,0.58415735,-0.79263675,1.2052392,0.10333383,0.87635505,0.5765306
WNT11,0.91420174,-0.54917145,-0.32872272,-1.2184621,0.63470507,-0.268564
MCRIP2,0.4757223,0.285594,-0.5374503,-0.4263816,-0.43670845,-0.11862993
MCRIP1,-0.46645737,-0.14673042,-1.2817698,-0.2864418,-1.449461,-0.13237381
GNA11,0.042891026,0.069922924,-0.17583513,0.70237637,0.3065338,-0.13672876
TOGARAM2,0.37411165,0.056989193,0.24161005,-0.055004597,0.20647955,-0.29280138
IFNL3,-0.8009449,-0.6252973,1.4838477,0.36334085,-1.3578719,-0.95816046
VAT1L,2.954327,1.1317867,1.0506142,1.4355124,1.3532442,4.9189625
TCF7L2,-1.6244566,-1.25701,-2.4003081,-1.3992963,-3.0249536,-1.0376449
CDK2AP2,0.060217857,0.19318104,0.30842876,0.03310108,0.11870003,-0.49056053
LPIN3,0.64082956,0.1727686,-1.3137996,0.03234577,-0.6216812,-0.6700368
RAMAC,-0.03285694,0.17153502,-0.6190443,0.09111166,0.20306063,0.051450253
EHMT2,0.9055958,0.737854,0.7937422,0.3041954,0.5434408,0.17673683
TMEM94,0.014266968,0.02614212,0.4279318,-0.4487753,0.22114182,-0.6087351
SPRING1,0.5568991,0.6593523,-0.002024174,0.18038368,0.4561472,0.5507498
TMEM97,0.8422036,1.1826344,0.25698996,1.1269398,1.5606031,0.51742077
PSMD6,-0.10615158,-0.10103607,-0.078769684,0.020868301,0.90143013,-0.14735317
PPP4R1,0.17157125,0.27568483,-0.02628851,0.05788994,1.3146896,0.12757158
TRBC2,-0.041398525,-1.2056727,0.6592803,1.2144027,-1.7679887,0.61120653
HCCS-DT,-1.7053615,-0.9050211,0.2676592,-0.6824615,-1.4664993,-1.9516256
A1BG-AS1,-0.8740177,-0.14511299,-0.38395405,0.5107784,0.17835331,-0.15928555
CYP4F30P,-0.6613059,-0.56844056,1.4304188,0.50899875,-1.2905056,-0.55009764
TMEM8B,-0.89426607,-0.81520087,1.2092665,0.25365663,-1.5285442,-1.1423452
CHID1,0.072574615,1.1739407,0.038093567,-0.23500824,0.029885292,0.8471222
WDHD1,0.6030612,1.6424849,0.7354746,-0.29324627,0.87494373,0.24661875
RBFOX3,-0.9189392,-0.7414802,1.3942883,1.2473178,-0.9252769,-0.5679913
ZNF282,0.24545193,0.028061867,0.6640067,-0.38257885,-0.48318148,0.2943349
ZNF281,-0.021419525,-0.006244659,0.64118195,-0.037338257,0.809536,0.3367014
SETMAR,0.25488353,-0.20973802,0.9007318,1.0142057,1.6625936,0.07832599
DICER1,-0.18750381,-0.07036972,-0.5653448,-0.3953209,0.25321865,-0.49530602
TMEM80,-1.1960893,-0.51547194,-0.8444376,0.09046364,-1.0133815,-0.67402506
LRRC37B,-0.09331322,-0.16612434,0.4749527,0.34248352,0.44902325,-0.6218214
FAM133B,-0.315485,-0.22231483,0.028657913,-0.07105446,-0.19895077,0.12202644
MOSMO,-0.9483862,-0.4946561,0.088051796,0.68741703,0.48115826,-0.73498774
ENSG00000230615,0.38731623,0.30540943,-0.73083735,-0.44645023,2.3427238,-0.46102548
EID3,-0.08270931,-0.13700104,0.40615273,0.5802517,0.647336,1.4815769
DDX39A,-0.16397476,0.09346199,-0.8477001,0.18037224,-0.45056248,-0.13789368
DDX39B,0.053227425,0.25018787,0.06257582,0.71431017,0.3867011,-0.2736292
PSME3,0.5445614,0.52410984,0.25402403,-0.09834671,0.7935419,0.52689123
CLDN8,-0.73369884,-0.5990117,1.4666862,0.44320965,-1.2891035,-0.9051591
RUFY3,0.61637163,-0.647455,0.2541957,0.9843712,0.123818874,1.6728754
RUFY2,-0.63328934,-0.56968594,-0.2224412,-0.18522263,-0.62972736,-0.29522848
PSME1,0.1626463,-0.468215,0.6393528,0.8568239,-0.5002413,0.23677921
PSME2,-0.08806801,-0.14228821,-0.37991238,0.3394699,0.1764822,0.8504801
IDNK,-0.20633316,0.008005142,-0.020809174,0.19176292,-0.19042873,0.32831097
ZNF277,-0.48775673,-0.5566788,0.012124062,0.022321701,0.568573,-0.19909286
IDO1,4.1994534,2.6264858,-2.4345894,-0.087590694,0.23460865,4.603139
ZNF276,-0.015028954,0.06881237,0.5375738,0.003815651,0.2708044,-0.7970705
ZBTB8A,1.3966851,0.8553996,1.9022212,2.0658727,2.3893952,1.3528357
ZNF274,0.29319954,0.2547741,0.8069954,0.1960144,1.4515333,0.35629272
ABCB1,-1.2068214,-0.9661753,1.1728907,-0.7891288,0.83149266,0.012869835
TTYH3,1.1838293,1.4999037,-0.82227325,-0.681365,0.6339512,0.84245396
TMEM238L,1.0889106,0.25707054,-0.8377557,0.41018057,0.23411846,-0.90011215
ABCB7,-0.3925438,-0.14982033,0.027680397,-0.032928467,0.1751976,-0.36642456
ABCB4,2.3441157,2.3978338,-0.5146854,-0.47016668,2.399547,2.3259463
ABCB5,-1.4591162,0.004991055,0.627187,0.9338815,-2.1884356,0.13443589
IL20RA,-0.5368025,-0.37277466,1.6332964,0.65396774,-1.1848737,-0.70391303
CLCNKB,0.09622073,0.6395378,3.5801377,-0.16703439,-0.26188278,-0.6043205
AGAP1,0.7073674,1.2443643,-1.15185,-0.30919552,-0.9965043,0.1809287
CLCNKA,-0.68430614,0.9466803,-1.4289045,-0.80624247,0.105357885,-0.47324228
ABCB8,0.8591881,0.66698647,-0.12905216,0.06364727,0.027288437,-0.30346012
TAPBPL,-0.011095047,-0.094278336,-0.29028988,-0.17163277,-0.41835976,-0.05747032
AGAP3,0.3889141,0.8618183,0.78441525,-0.14199734,0.21154499,0.6993723
IQGAP2,-1.2912674,-0.9180641,-1.1889992,-0.67801666,-2.3875904,-2.4830456
IQGAP3,0.10382223,0.10014677,-0.05555868,0.16456509,0.1659832,0.049823284
PCNX3,-1.1456757,-0.33606195,0.16954803,0.9256978,0.34013176,-0.24976301
MRPL20,0.13984776,0.271163,0.11846542,0.7913141,0.2674284,0.25239944
PCNX4,-0.7527623,-0.20466852,-0.49604082,-0.78036976,0.33594608,-0.5397239
PCNX2,-1.3288412,-1.210877,0.75253105,-0.04972267,-2.0736814,0.13653827
GRPEL1,0.41664553,0.45163488,0.63632727,0.68485403,1.7476969,0.5383854
KCNMB1,-0.32103825,-0.025328636,-1.1579132,0.31081676,0.9749937,0.6388378
CHASERR,0.060619354,-0.42293358,-0.45014477,-0.23901749,0.48504925,-0.026476383
GRPEL2,-0.36459064,0.10396385,-0.22761917,-1.0001016,0.38948822,-0.5982623
HESX1,-1.6599965,-1.6969488,-2.0568914,-0.59645844,-1.3386769,-2.1304803
ZBTB7A,0.4490347,-0.062499046,0.2593403,1.0722113,-0.75700665,-0.21895313
ABCA1,-1.3733988,-0.52299404,-4.928543,-1.3081155,0.001709938,-1.2392654
CTC1,0.64785767,0.17835999,-0.26053905,0.37854767,0.5604811,0.5192566
ZNF264,-0.28461075,-0.002601624,0.27215004,0.6613312,-0.18495178,-0.019971848
CADM3,1.4175415,0.95374537,0.5052905,1.363596,-0.1051054,2.083106
SRMS,0.2510743,0.7450721,0.44087577,-0.6245787,-0.83909225,0.64138436
CADM1,2.5914307,0.58249855,0.5810375,-0.3801477,0.01479435,4.6149054
ABCA5,0.7028618,0.2453413,1.5961189,2.3072338,1.751565,1.7398376
MRPL27,-0.2042923,0.10130119,-0.005271912,0.54086494,0.005270958,-0.046004295
ABCA8,-0.69361544,-0.510034,1.5696137,0.4529171,-1.3359641,-0.8700672
MRPL23,0.14979553,0.28308487,-0.35725594,0.31827927,-0.1262598,-0.4049425
MRPL24,0.33149052,0.42929363,0.05718708,0.4769411,0.30774307,0.002147675
C4orf46P1,0.35564804,0.43449783,-1.0789723,1.1052494,0.051869392,0.80193806
H1-2,-0.37838554,-0.30861282,-2.2432108,-0.5059185,-1.8873549,0.01288414
ABTB1,-0.15526009,-0.73677063,-0.6571493,-0.3653202,-0.70101833,-0.26418304
FERMT1,-0.7830324,-0.6487898,5.0801744,0.30624247,-1.4214213,-1.0238457
H1-4,0.09960365,-0.117733,-1.6004295,-0.004947662,-3.4589548,-0.9223776
H1-7,0.36156225,-0.6250906,0.21840811,-0.016896248,-0.013023853,-0.788465
FAM135A,-0.5064378,-0.55442667,-1.3464651,-2.0550504,0.85735464,-0.15782356
H1-6,-0.8584789,-0.69243985,1.2381158,0.3885169,-1.4799457,-0.9571129
FANCD2OS,0.9573786,-1.0769331,0.85838485,-0.006115198,-0.46370673,-0.61293066
TMEM98,0.53116703,0.28919506,-0.012063742,-0.46809387,-0.278651,0.2632389
PSMG2,-0.110378265,-0.09784508,-0.14750004,0.24600029,0.4519539,0.07158375
FERMT2,-1.1410192,-0.97545743,1.134119,-0.026154995,1.1743891,-1.3689256
ZNF254,0.05250311,-0.3299384,-0.5402713,0.63007355,0.33106136,0.10443735
PIGT,-0.00224781,0.4246912,-0.8556814,-0.20868206,-0.33575058,-0.1717968
WFIKKN1,0.5081363,0.9269552,1.3964696,0.64870644,-0.09005594,-0.56840515
ZNF250,0.34451246,0.6434784,0.9282665,0.48588943,1.3524342,-0.12820864
ODF3L2,0.59205914,0.8600235,0.06757879,-0.26923847,-0.53580236,0.052648067
PIGQ,0.07132435,0.39638805,0.46077442,0.73038864,0.3498211,0.5984211
NCAN,-0.17393637,0.045630455,-1.2659276,0.23852491,-1.1521277,-0.6716466
WFIKKN2,0.81984115,-0.90814304,5.8623257,0.060738802,-0.267272,0.43902588
EFCAB3,-0.82038224,-0.7069094,1.2892275,0.36390865,-1.2129334,-1.0182376
TMEM51,0.2912798,0.46543026,-2.262804,-1.625907,-1.3615818,-0.39057827
ODF3L1,-1.2867498,-1.1074461,0.95756435,-0.097168446,-1.4321728,-1.430448
EFCAB6,-0.75763524,-0.5483151,1.4777958,0.45507884,-1.3421475,-0.89799315
RCSD1,-0.25474072,-0.086873055,-0.70263004,-1.2357721,-0.849164,0.14201069
MRPL34,0.44573212,0.5746727,0.44129658,1.0094414,0.9462366,0.44750404
MRPL35,-0.109451294,0.16830444,-0.096321106,0.43004608,-0.24948025,0.47289944
MRPL32,0.12441826,0.18920135,0.021269798,0.25071716,0.42284012,0.34226036
PIGY,-0.06371021,0.15895557,0.3476534,0.0490427,0.9409418,-0.14451027
EDRF1,-1.2655373,-0.30582952,-0.47502613,-0.4834137,0.37738895,-0.029241562
TMEM44,-1.5610577,-1.60501,0.41346717,0.7426102,0.065573215,0.4405043
CTLA4,3.3176174,2.100593,4.528268,4.2465224,5.592601,2.57698
NELFCD,-0.22970772,-0.016338348,0.2871914,0.12866211,0.33010006,-0.11471367
ROM1,-0.5136986,-0.12865973,0.08145189,0.6396918,0.04195547,0.01261425
MRPL49,0.12035179,0.35843468,0.1468296,-0.1540966,0.2645049,0.16464853
MRPL52,-0.18594217,-0.22601557,0.6981468,0.89126205,0.26060867,0.124837875
PSMA6,-0.15734386,0.13691998,-0.2339201,-0.050395012,0.15040302,-0.14021492
PSMA3,0.04094982,0.2872858,-0.3518572,0.05330944,0.13851833,0.38778114
PSMA4,0.059720993,-0.085948944,-0.33331203,-0.5411434,0.0599823,-0.029985428
MRPL51,-0.12984657,0.38501167,-0.49362373,0.4647541,0.34508514,0.33236504
PSMA2,-0.10089874,-0.13739586,-0.03307438,0.47119522,0.5970135,0.019942284
PIGA,-0.6994786,-0.47853756,-1.2321324,-0.598423,-0.6487303,-0.85052824
KCNMA1,-0.95568466,-0.21795726,-0.45204496,-1.5362744,-3.2404022,-1.1078587
PIGK,-0.040783405,0.51046515,-0.004456043,-0.62534523,1.1167212,0.012969971
TMEM106C,0.20008087,1.1334515,-2.8302603,-1.3374119,-1.368638,-0.38965607
PIGL,-0.38829374,-0.11801529,-1.2666659,-0.6321926,-0.14735222,-0.71489716
TMEM106A,0.6172838,0.90287304,1.04035,1.5694094,-0.063648224,0.51408005
ZNF234,-0.21254826,-0.15137005,0.40941143,0.4472189,-0.34846783,0.08472061
SERPINB10,-0.33980632,-1.2710608,0.37691665,-0.51984346,-1.4013288,1.2689705
TAMALIN,1.9079742,0.40488815,-1.9334769,1.3816051,0.6680021,2.442337
RPLP1P6,-0.437953,-0.035946846,0.13257313,0.355237,-0.31699944,-0.26082325
DMAC1,-0.98478866,-0.41383123,-0.47392654,0.22337818,-0.20102644,-0.6266711
SRRT,0.5302501,0.62190104,0.5105362,0.2564354,0.94255066,0.53180504
TMEM74,-0.5115016,-0.3327881,1.5767688,0.71690094,-1.2693034,-0.62665904
PSMA7,0.18144798,0.20261002,-0.05265236,0.17366982,-0.16732311,0.22601795
TMEM69,-0.028262138,0.11120701,-0.38831806,-0.1254797,0.48031902,-0.005833626
PSMB5,0.32264614,0.45355892,-0.046619415,0.1105299,0.8244219,0.39557266
PSMB2,-0.033994198,0.106631756,-0.56399345,0.26564217,0.040637493,-0.72576714
HAS1,0.22183168,-0.6903988,1.0276932,-0.0720042,-0.3987962,-1.4090862
HAS3,0.5595434,0.32750773,0.37385154,-0.72517395,0.27971053,0.36159205
ZNF226,-0.44636726,-0.13909912,-0.19979382,-0.124622345,-0.4591589,0.119161606
ZNF224,-0.48461246,-0.22597504,-0.4366274,-0.3826146,-0.25472307,-0.033308983
ZNF223,-0.23558807,-0.09706974,0.08612347,-0.044456482,0.7749405,-0.4735918
TRMT10A,-0.32255983,0.074168205,-0.24073124,-0.078594685,0.365314,0.004564762
USP9Y,-0.7478202,-0.5747433,1.5484399,0.40642846,-1.3047208,-0.9091209
TMEM61,0.41318464,0.46086073,-0.55135417,0.43109512,-0.8224759,-0.4516046
TMEM62,-0.15708685,0.13802052,-0.84404564,-1.0379868,-0.2994051,-0.4073639
PSMB8,-0.11413956,-0.47657394,0.47821903,0.44893265,0.003247261,-0.32778454
TMEM60,-1.06851,-0.40945435,-0.004197121,0.95149994,0.43067265,-0.4357834
TMCO1,-0.18828297,0.08138561,0.2046442,-0.6966696,0.6668978,-0.2982788
PSMB9,-0.2403431,-0.60625076,0.45231724,0.30023575,-0.032766342,-0.2852745
SPSB1,1.8286085,2.2178507,0.97067547,1.867116,1.6084986,2.6806087
FABP3,2.4285307,1.6825476,1.5126209,3.266097,3.0156136,2.1220207
PSMC6,-0.024021149,0.21370697,-0.16864204,-0.28695107,0.7013378,0.29004288
FABP5,2.779625,2.5960064,-0.0135355,0.14193153,1.9815931,2.5753202
PSMC3,0.21623993,0.46308517,-0.43233395,-0.35034943,0.0867548,0.024653435
PSMC4,0.52569675,0.4477892,-0.3251114,-0.15081501,0.08297157,-0.24485493
CMKLR2-AS,-0.48973638,-0.34496492,2.9254336,0.6115142,-0.9222034,-0.7378833
FABP7,-0.76075315,-0.68297046,1.3108323,0.40223372,-1.4287757,-0.9996617
ZNF219,0.75945663,0.5386658,-0.6960077,-0.25500107,0.95070934,-0.14201927
PSMC2,0.40392113,0.6181221,-0.38090324,0.31516075,0.29741,0.4205408
SRRD,0.34553337,0.2858925,-0.02392292,0.16690254,0.81202126,-0.18927908
ZNRF3-AS1,-0.78123564,-0.40017116,1.4007769,0.372602,-1.3540264,-0.9913595
ZNF213,0.4785061,0.20997238,0.32231426,0.032899857,0.000729,-0.6444378
ZNF211,-0.3047297,-0.3070228,0.3557024,-0.13269877,1.1255121,-0.6417575
UGT1A10,0.21535206,0.30081105,1.0850058,0.18084717,-1.6527383,-1.2204177
ZBTB25,-0.42397928,-0.21613836,-0.6220403,0.27695322,0.05074787,-0.07934427
NCF4,-0.6220007,-0.1775732,-1.7549324,0.179389,-2.7452621,-0.9911308
ZBTB21,-0.051416874,-0.1680727,-0.71817636,0.9681392,-0.57462406,-0.49631643
RORC,-0.7217445,-0.46625173,1.46131,0.5925995,-1.3549323,-0.7966272
F13A1,3.0015259,3.365099,2.0605507,3.848404,2.062272,2.421565
ZBTB20,-1.6344023,-1.1858349,-0.010005713,0.06485319,0.001414299,-1.0915418
RORA,-1.2289581,-1.243217,-1.9522719,0.5311122,-3.254558,-1.2094378
SAYSD1,-0.78031063,-0.48947048,-0.53195953,-0.34887362,0.011629105,0.001265526
ZBTB22,0.093812466,-0.049637794,1.2392206,0.16950941,0.698061,-0.61769533
RORB,-0.7228064,-0.5447691,1.580769,0.38772595,-1.3175229,-0.11232877
SAT1,-0.87393,-1.339817,-2.3732681,-1.0606556,-1.0403643,-0.3058405
SESN3,1.4140997,0.2400546,-0.64662313,1.7788019,0.74771595,2.346054
SESN1,-0.325459,0.10954094,-1.2343173,-0.64344025,0.4787798,0.11875343
PIM1,-2.1307516,-2.4473925,-3.6761503,-2.70679,-2.0887928,-0.78767586
ROS1,-0.737277,-0.5688462,1.3715099,0.5111972,2.0131187,-0.830946
NEPRO,-0.30765533,-0.33414078,0.28540993,0.42812347,0.71834373,0.3841772
ZNF200,0.23879051,-0.2026062,0.14083004,-0.004209518,0.17090988,0.028981209
ZBTB37,-0.64298487,-0.2987156,-0.09533501,1.0136695,-0.08549309,-0.3517809
UBALD1,0.38863564,0.5155182,1.0787745,0.62051773,1.7186794,-0.082107544
ROR1,1.1850256,1.4592756,5.114161,0.41482604,1.476364,3.1012297
RAD54L2,0.047115326,-0.053783417,-0.005051613,0.5965309,0.35764503,-0.053378105
SQSTM1,0.009935379,-0.18378067,-0.64189243,0.055667877,-0.761405,0.9071579
RPL36AP6,-0.31896782,0.25748062,0.10181427,0.050556183,0.03834915,-0.14138603
TRABD2B,-0.71826714,0.20747828,1.4941565,0.4133376,-1.2933995,-0.9381269
OSBP2,-1.0962753,-0.9608444,1.1046807,0.05677879,-1.0618075,-1.3669622
BIRC8,-0.406487,-0.4780097,-0.40789938,0.31584072,-0.83196974,-0.464777
ISG20L2,-0.13775826,0.2899208,0.33910847,0.4115715,0.21692848,-0.14015102
CYP19A1,-0.79536706,-0.6827516,1.286037,0.48601437,-1.5488384,-0.14512312
TMEM26,5.1994286,5.579181,0.8499733,1.3383125,2.1912127,4.7448177
SLCO1B1,-0.675319,-0.49729687,1.4678316,1.0387084,-1.2810299,-0.78084666
ATXN2,-0.08821106,0.030321121,-0.3262167,0.1589737,0.3888321,-0.13234615
ATXN7,-0.05726719,-0.7063298,0.21161366,0.74530697,0.07250881,0.45051193
SLCO1B3,-0.5112769,-0.3636105,1.5789248,0.70634234,-1.3321248,-0.63546896
HMGN2P4,-0.29455566,0.15236282,-0.58579063,-0.27210045,-0.35125828,-0.25675106
THEM4,0.5200076,0.12964821,0.5911119,-0.3118689,-0.7733917,-0.049607277
THEM6,0.034124374,0.7211418,-0.22444725,-0.2732792,-0.19790936,-0.58527136
MFSD14CP,-0.060775757,-0.14046574,0.56513166,-0.037216663,0.8849883,-0.28917265
C9orf85,-0.18065453,-0.33481598,-0.09095955,0.17276955,-0.17597389,-0.076646805
ZBTB18,-0.29016256,-0.59981537,0.6124308,-0.33848262,0.87991405,-0.018063784
GOT1,0.20967674,0.5748005,0.15635872,0.25927925,0.65311813,0.45331573
ZBTB14,-0.024940014,0.02111721,0.54152346,0.06338501,1.0372419,0.07619381
ZBTB16,-0.31960964,-0.2796483,-0.39275026,0.10773373,-0.12433052,-0.33249807
GOT2,0.31303978,0.68839645,0.5094795,0.8324089,1.2184343,0.8478594
DCDC2,-1.2900813,-1.1671114,0.80104434,0.094495535,0.44174683,-1.167084
ZBTB12,0.072402954,-0.58158875,1.3029575,0.4799211,-1.4637177,-0.8821282
IGKV1D-16,-0.46885228,-1.0104028,0.98372316,0.62288094,-1.8582617,-0.65672934
ZBTB11,-0.13609505,-0.024198532,0.13293839,0.13305092,0.6198797,-0.2674265
DCDC1,0.1022439,-0.22993231,0.3914683,1.8111548,-1.0484474,0.104794025
PTPRE,0.719759,0.4915142,1.3529692,1.6437359,0.3333931,-0.047416687
PTPRC,-0.31878757,-0.276186,0.4181528,0.9875126,1.1119766,-0.7690487
TMEM19,-0.3347702,0.23653984,0.21876621,0.52871895,1.2088547,-0.29747963
IGHV3OR16-10,-0.13097763,-0.20366144,2.209381,0.59997845,-1.2990856,-0.5503254
FLT4,0.52272177,-0.43842793,2.091961,-0.140679,-0.05684161,0.64469814
LRRK2,0.79031754,-0.026374817,-0.37679577,-1.3585463,-0.22856522,-0.6723275
RASGRF2,-0.55555475,-0.9012001,1.0339174,1.1275682,-0.8469274,-0.12181735
ARRB1,-0.28855038,-0.23289585,-0.11199951,0.32482433,-0.6621971,-0.9196358
FASLG,-0.31480336,-1.6287096,0.23167944,-0.27285552,-2.527906,0.64031386
FUNDC2,-0.16957855,-0.23982239,-0.58619404,0.17638588,-0.26899433,-0.16952229
NCK1,0.20502472,-0.029129028,0.2153759,0.4747162,1.1045055,0.80850315
NDUFC2,0.22574711,0.6336508,1.1813316,1.3027182,0.50872135,1.0189753
BIRC5,1.1221905,2.5794258,-4.610843,-3.3933043,-4.9357753,0.56457806
MTRF1L,0.23286104,0.28499556,0.091849804,-0.6568408,0.74996185,0.5482516
BIRC3,4.5301485,3.1652498,0.783041,3.1570215,2.8677711,6.0823154
C9orf72,-1.3484464,-0.76323795,-0.31818008,-0.6472206,-0.24068928,-1.1962123
RBPJL,0.4446417,-0.0944047,1.4543358,0.47270215,-0.6093104,-0.58340496
ITIH5,-0.43615788,-0.52976733,1.5861752,0.506922,-1.3203031,-0.8333481
ITIH4,-2.1954317,-2.637261,-1.3457193,-0.66110706,-1.5972643,-2.5249357
NDUFB8,-0.005545616,0.47757053,-0.43966293,0.7065649,-0.35722637,0.33512783
NDUFB7,0.03684044,0.24750519,-0.39016628,0.5647831,-0.008598328,-0.49558163
USP27X,-1.3540509,-1.9863493,-1.8927383,-1.2621596,-4.7065334,-3.9911618
ZBTB49,-0.5251441,-0.33608198,0.27001333,-0.049962044,0.16245508,0.004657745
MAK16,-0.02203846,0.011704445,0.4347906,0.06102276,0.7850189,0.24871063
NDUFB2,0.32984734,0.48316193,0.59298706,0.833786,0.032403946,0.2800007
RNASE2CP,-0.9387665,0.03505087,-1.6482422,-1.1071692,-1.39255,-2.0739915
ZBTB44,-0.8118782,-0.8647461,-0.110673904,0.49515533,-0.5087166,-0.8455639
ITIH1,0.7168746,-0.34680843,-1.4100771,0.54055977,-0.6767235,1.7838693
CXXC4,-0.7817973,-0.61966205,1.4598738,0.39969003,-1.3334278,-0.93129426
CCL8,1.4356894,3.797593,-3.3181639,0.6395383,-3.0041432,2.783143
KIAA1328,-0.82396555,0.061214447,-0.4870577,-0.19792652,0.113064766,-0.47742558
CCL7,2.4980254,5.5455127,-3.186271,-4.1071897,-5.8537765,3.6528792
CCL5,2.6164818,1.3432312,-2.3810344,-1.6219387,-0.971158,2.3496456
CCL4,2.3335562,2.1647635,0.02369976,1.2614927,2.0280523,2.1589699
CCL3,0.7134285,1.4918365,-1.5096025,-0.4278946,1.1762037,1.2255869
CCL2,-0.6676674,1.8700199,-4.34013,-3.349594,-4.808563,0.69906425
CCL1,-1.9419918,-1.1443193,-1.6118822,0.23810005,2.149754,-1.3307419
NDUFA9,-0.11546707,0.48396873,-0.045022964,0.36947823,0.7341213,0.27682304
PTPN1,0.39684486,-0.04807663,-0.45681763,-0.1822834,-0.19954872,0.68953896
NDUFA6,0.21674728,0.5389347,0.3802204,1.0962582,0.1632595,0.59608364
NDUFA5,0.055581093,0.20442867,0.07243252,0.74718,0.45190048,0.22855473
NDUFA2,0.03637123,0.19921684,-0.045018196,0.8397713,-0.22995377,0.00703907
HIP1R,0.08617878,-1.2942734,-0.006013393,1.0149941,0.8355088,1.1183949
NDUFA1,0.3656292,0.27996254,0.5438957,1.2814388,0.12029743,0.4758377
CTNS,0.52612495,1.201088,0.7876377,1.6226406,1.9608088,1.2941666
CCM2,0.098594666,-0.16466141,-0.13340569,0.6490669,-0.39582348,0.45515156
PTPN7,1.2608805,0.88824415,1.6462274,1.1272707,1.2353797,1.156508
PTPN4,0.30718565,0.48024726,0.43727446,1.0316453,0.49917364,-0.028725147
PTPN2,-0.56645584,-0.7444458,1.2040548,1.5020523,0.98457146,-0.06490517
PTPN3,-0.5567637,-0.3781159,1.6542389,0.6724657,-1.2539424,-0.6925033
GDI2P2,-0.3685522,0.001765251,0.54664135,0.38279247,1.2378902,-0.3060856
CCNK,-0.10922718,-0.70761967,-0.23945332,0.6512499,-1.4558306,-0.49470806
CCNH,1.3938293,1.1235886,1.3643999,1.6140804,2.8848343,1.1281881
THUMPD1,-0.2146368,-0.10679674,0.14742088,0.030920982,1.0022154,-0.15229797
SPATA20,1.0694399,-1.1695871,0.3172922,-0.42226696,1.9793568,-0.25522327
PPIAP8,0.55033493,0.8754978,0.00465107,0.4060955,0.61038494,0.36974716
SPATA22,-0.39468884,-0.3948273,1.6157835,0.6281886,-1.2180933,-0.7740201
CCN6,-0.87115717,-0.68528277,1.4106927,0.23901105,-1.5407133,-1.0703921
CCN4,1.6527374,-0.5025727,1.7419004,0.569841,-1.3524096,-0.8267275
FAM53B,-0.037478447,0.066435814,-0.1251483,-0.11056566,-0.13879871,-0.16204453
IL12B,0.716002,-0.7092848,1.0278299,1.6771047,2.206997,2.5881386
CCN3,0.9369798,1.1563444,0.5609431,0.08139706,2.1123953,1.180088
KIF21B,-0.37013006,-0.01886797,-0.096609116,-0.22972155,0.11754608,-0.41778374
ST6GAL1,1.0524483,1.9975414,1.5525866,1.5525723,2.011775,1.1761541
ST6GAL2,-0.77159095,-0.5984642,1.4711541,0.41561234,-1.3280518,-0.91608375
RSAD2,-3.6882849,-5.489316,-3.1799827,-2.6264572,-3.7933536,-2.5666747
SFMBT2,0.14839172,-0.9529629,-3.5217218,-1.6300197,-2.5697966,0.6583848
ZFP2,-0.5619283,-2.0125303,-0.10349512,-0.95957994,0.18195128,0.16417122
CCNY,0.633667,0.79876137,0.475358,0.13841248,1.0898619,0.5278435
ALPK3,-0.93796134,-0.2580738,3.6058078,0.29839516,-0.38717508,-1.1018267
KIF20A,1.482161,2.8338566,-1.8830206,-2.8751326,-4.778327,0.7328367
KDELR3,0.035716534,1.044661,-0.8441038,-2.1884694,1.0838604,0.36635733
ZG16,-1.1055523,-0.6986618,0.94806445,1.331087,-0.23258865,0.098322034
KIF20B,-0.17725277,0.65871334,0.75066423,-0.4717698,-0.21848106,-0.50214195
ALPK1,-0.26965523,0.04824066,-1.1572723,-1.7202344,0.5641365,-0.13558674
CCNQ,0.41069984,0.1510334,1.224576,0.95282173,0.5597725,0.6185789
CCNO,2.3751202,1.0145938,1.1587658,1.4764504,0.72773314,4.0783634
ILRUN,0.416605,-0.37207985,0.7549753,1.5166664,-1.4554071,0.39096355
DEFB103B,-0.6449272,-0.55454487,6.864004,0.41129422,-0.89272225,-0.5441043
WNK4,-0.19188643,-0.64820004,0.2962222,-0.18927312,0.3554306,0.19214535
CD1E,6.3072534,3.6915326,7.972729,7.429421,9.274605,6.3758903
CD1D,-0.75907874,-0.7731923,0.93400514,-0.06585765,-1.5503064,-1.3876524
CD1C,3.4578447,2.133059,5.9641123,4.8809595,5.7853184,3.136219
CD1A,4.778629,1.0992846,9.297689,6.992986,8.303362,3.756743
ANKH,-0.30460358,0.3833685,-0.6198087,-0.3479905,-0.059912205,-0.9881816
SLAMF8,0.33615685,-0.001434326,0.5720501,0.91677856,1.4630537,0.00143528
TUBB8P9,0.43887734,0.037255764,5.4295793,-0.45487976,-0.05884719,-1.2344388
ST8SIA4,-0.061131477,-0.17483234,1.1784496,2.1429548,-0.1437254,0.28139782
SLAMF7,1.2806511,0.7455311,0.14273357,0.9476681,1.3007069,2.428872
HIVEP2,-2.3502984,-1.1484585,-3.5132036,-1.9381981,-2.5487266,-1.3801394
A2M,1.5693054,1.3784027,-0.6004286,-1.9750538,2.082962,1.3746319
SLAMF1,1.768439,1.2241771,4.5676003,5.6882954,2.9478695,3.2264645
CTSA,0.31108093,0.8929291,-0.88566685,-0.359787,-0.9761467,0.37125778
CCR1,-0.47610855,-0.24451828,-0.7602167,0.032032013,1.1223354,-0.70295715
LRRN3,-0.035612106,-0.2917037,0.15242958,0.40604258,-0.573308,-0.2799058
IQSEC2,-0.008874893,-0.5553951,0.7947531,0.21117783,0.4672308,0.3321476
ZFR2,0.7508755,0.691103,0.98144245,0.44067,1.208602,0.17821026
ST8SIA3,-0.7030023,-0.50878364,1.5820577,0.40933585,-1.3368423,-0.8857552
LRRN4,-0.05038035,-0.58856755,1.9926851,0.33505368,-1.3956552,-0.5735909
SURF4,0.22251415,0.4213419,-0.29270744,-0.006842613,0.34241486,-0.12304592
CTRL,-0.0616498,-0.42736578,-1.9963155,-0.7310705,-0.3480215,-0.48201323
WNK2,-0.6460503,-0.45414364,1.5581514,0.5687481,-1.2228183,-0.77434146
WNK3,-0.4686998,-0.92494196,1.0079777,0.1595459,-0.61282873,0.5924957
CD28,2.7583823,3.7270718,-0.31264448,-0.33531666,2.2081962,2.893477
CD27,0.56720877,0.3916731,-0.30024862,0.8413348,0.2865548,0.9445462
CD22,1.1538763,1.3077765,-2.3193538,-1.5328212,-1.5929437,1.3247828
CD40,0.52565,0.3991127,1.9381142,2.2456264,1.9385386,1.5123415
USPL1,-0.30330706,-0.24570894,0.2636299,-0.12167406,0.91397095,-0.6489625
PTGDR2,-0.6048174,-0.86261564,1.0949888,0.1861955,-1.6141028,-1.1804888
IGLL3P,-0.68384933,-0.34257746,-1.1510334,0.20755577,-1.0330915,-0.7971039
DIRAS1,2.8238773,1.9637337,1.7542124,0.89522743,2.5425434,1.442893
CTSZ,0.7493439,0.94172287,-0.7552538,0.53930855,0.63054657,1.299716
DIRAS2,-0.73579484,-0.6007424,1.3374605,0.54027104,0.46111345,-0.80016613
CTSW,2.1535163,1.0344963,1.0943642,1.366754,1.8631907,0.25065517
CD3G,0.12763071,-1.1458776,0.16766167,0.81644773,-3.3735352,0.20215082
PTPRJ,0.11863184,0.16488981,-0.6196747,0.80923843,0.17590332,0.52136517
CD3E,0.5644078,0.40547132,-0.07746506,-0.2737093,-0.42966843,-0.40153027
CD3D,1.0034761,0.1886363,2.408988,2.0023832,1.775034,0.5691538
PTPRF,1.3046355,0.054697514,-1.5172865,0.9458289,0.47802258,2.2900171
CTSS,-0.69233704,-0.25019646,-1.0169306,-1.8079414,-0.48201942,-0.8430977
EDA2R,0.91843724,-1.0531094,0.36152577,-0.13851738,-1.0102797,-1.2807918
LARP1B,-0.3856244,0.21877956,0.5650382,0.9227128,2.1152477,0.7323952
SPTLC1,-0.6670766,-0.1783657,-0.7800288,0.4008193,0.1751976,-0.3809867
CTSL,0.7899647,1.73736,-4.40127,-2.5629063,-1.0427799,0.8564091
CTSK,-1.8312397,-1.008482,-1.8519306,-1.9553423,-2.4997864,-1.4024601
NCS1,0.85381556,0.30043077,-0.7733078,-0.11069751,0.005619049,-0.005619288
CD38,-2.0669188,-2.0180402,-0.23310232,0.5550828,0.37807608,-2.6119995
CTSH,0.75769234,0.41124535,0.41369343,-0.15953064,0.83001614,-0.71857166
CCR8,-0.6864383,-0.5484187,1.408328,0.5241337,-1.3404567,-0.52708006
CTSG,0.062395573,-1.018703,-2.206493,-2.2906935,-1.7437592,-0.45010424
CCR7,8.017618,5.8196564,2.4240093,5.715065,4.833688,8.94964
CD36,-0.71681976,0.1790657,0.6755886,1.1613264,1.0384703,-0.053984642
CCR6,-0.52333283,-0.44590473,5.3042374,6.2398033,2.984303,1.5601382
CCR5,0.79387283,0.3733406,1.6680613,0.7220173,1.8387775,-0.019132614
CTSE,0.19837618,0.33715105,-0.51866627,-0.08906174,-0.00420475,0.08036184
CTSD,0.8658571,1.0661745,-3.0506506,-1.503171,-1.7519636,0.15775299
CCR4,0.5170677,-0.5437671,1.2251875,0.6037996,-1.3224936,0.06926119
CD34,0.53270245,-0.56242305,4.35231,3.638914,2.5739393,-0.84970194
CTSC,1.8808498,1.9911003,2.768404,3.957571,2.3686361,1.9699898
CTSB,1.9427643,2.5569744,-0.48710155,0.72331715,0.5051756,1.8504505
CCR2,-0.41722345,-3.1769476,-0.15500116,-1.3740497,2.0952487,-3.6139793
CCT2,0.1310482,0.73573875,0.19935894,0.17708969,0.3351965,0.7119026
SEC13,0.3046999,0.4092474,-0.23456287,-0.3189745,0.3268118,0.20345879
ANO8,-0.38302422,-0.27489233,0.7719145,0.8711262,0.44798946,-0.2950058
PLAAT1,0.18742251,-0.6443378,3.357981,3.9908693,-1.645487,-0.9134708
ANO9,3.0273166,1.3242693,1.8614655,2.8776665,1.6793942,4.509474
ANO6,-0.3059063,0.307621,0.11739349,-0.2794819,0.66012,-1.0303469
PLAAT2,-0.3860352,-0.5380719,1.2418685,2.1011205,0.5934391,-0.4744768
HBA1,0.10072231,-0.34410238,-1.009893,-0.62780213,0.33018494,-0.56179714
ANO4,-0.47959077,-0.2872135,1.7689939,0.6401737,-1.162575,-0.37201697
YBX1P2,1.1648502,0.43686676,0.48169327,0.25654793,-0.07472324,0.63753986
ANO1,-0.6000007,-0.44278204,1.5521369,0.5450244,-1.3600585,2.1927006
NCR3,1.9061275,0.29441738,4.599646,3.831534,3.0368667,1.5023513
NR5A2,0.3069713,0.96389794,-0.58979964,-0.007671595,-0.9522464,-0.5317185
CD48,-0.55980396,-0.65944004,-1.8710451,-3.4862309,-0.7231941,-1.1799021
CD47,-0.28367043,-0.17589188,-0.752861,-0.3014946,0.711503,-0.28778267
GLCCI1,-0.6454296,0.2651806,0.24870396,0.3224883,0.13403606,-0.6169481
CD46,-0.54045534,0.32957602,0.28198957,0.40111828,1.1544161,0.42741776
CD44,0.27615547,0.19113922,0.20065308,-0.001285553,0.74955463,0.62616444
RAMP2,-0.5939377,-0.10942757,1.5224584,0.4286399,-1.3664095,-0.9121333
MARCHF2,0.041929245,0.87278175,-0.3270607,0.61348724,-0.08566761,0.5601959
RAMP3,0.6768398,-0.19144535,0.47632432,-0.4069116,0.8531511,0.6028187
MARCHF1,-0.39597225,-0.29313278,0.4358759,0.2986269,0.82569885,-0.8830452
SLC43A3,1.0372162,1.2295341,-2.2723188,-3.6518126,0.20234203,0.32292652
CD5L,-0.2499845,-1.0037069,1.0285388,0.08256066,-1.019667,-0.81137323
CAMK2N2,-0.6426239,-0.07714844,-0.39898014,-0.23936367,-0.7947626,-0.6162367
HSF2,-0.5974796,-0.48923612,-0.7344339,0.4877696,0.58831453,-0.31338358
GPC3,-1.2518774,-0.687168,0.7970519,-0.08407867,-2.0044494,-0.42242765
ANKRD36BP2,-0.2376728,-0.008478165,0.10132694,0.31497765,0.15298939,0.2864685
CD59,-0.25245523,0.11733246,2.398285,2.7011013,1.7181749,1.0492153
HSF5,-0.38311362,-0.47113597,1.5781405,0.49455798,-1.3905116,0.36262727
GPC4,0.2359333,-0.1785922,-2.7813907,-2.8351364,0.9557247,-0.07855034
GPC6,0.598331,-0.6832216,0.8708136,-0.03703928,-2.1353984,0.47733498
CD55,-1.5942569,-1.4038563,-1.8086138,-1.1443005,-1.101387,-1.77807
LNPK,0.32572746,0.7385826,0.48194218,0.20147324,0.9094753,0.08226967
CD74,1.6115208,0.47293854,2.4512854,2.3315144,1.6285849,0.8061323
TMUB1,0.47190094,0.53783035,0.45914364,0.69071007,-0.17482948,0.2918911
TMUB2,-0.10936546,0.00107193,-0.10583401,-0.61701775,-0.19272614,-0.37922096
GPAM,-0.1773839,0.36422157,0.4563489,-0.47647333,0.13488245,0.1121254
CD69,-3.0942786,-3.8121016,1.5213809,1.3993006,1.3736229,-2.3713882
IL17D,-0.92099684,-0.7296299,0.99752843,0.2537284,-1.8509287,-1.2523954
CD68,0.7854271,1.2850113,-0.97065926,-0.82997894,-1.1431713,-0.3879633
IL17C,0.4198327,0.27034283,-0.4752493,-0.15319705,-0.16316986,-0.030002832
IL17B,-0.35010207,-0.2709577,1.8300503,0.41024125,-1.336601,-0.12951767
IL17A,0.57950974,0.7041435,-0.36070776,0.0946393,0.5494337,0.03482914
CD86,0.32373047,0.45477295,-1.2093315,0.45537758,0.16105556,0.8657751
SCARB2,0.008906364,0.1027689,-2.767252,-1.1634054,-1.4218674,-0.002520561
LRRC8C-DT,-1.1465902,-0.36544418,-0.7613406,0.69132423,-0.22101688,-0.55109835
CD84,0.01662445,0.32218552,-0.18348885,1.1682816,-0.054163933,0.3787918
DCLRE1C,-0.3911314,-0.44407177,0.5788946,0.6093397,0.5171499,-0.7579746
CD83,3.5589075,2.486041,1.0274124,2.7322435,3.1073627,4.526786
CD81,0.89602757,0.6608124,-0.001915932,0.20336056,0.98507786,0.9780178
CD80,0.31319475,0.46174908,1.9375172,2.2469826,2.478922,0.5358925
GEMIN2,-0.49132156,-0.11935377,-0.5037379,-0.032445908,0.18008232,-0.9017525
GXYLT1,0.19143295,-0.07251978,0.23296738,-0.3588543,-0.15831137,0.65548897
GIMAP8,-2.499916,-1.7885761,-5.349762,-3.8951602,-5.9128275,-4.2123923
PPFIA1,-0.3549881,-0.07550049,-0.8993864,-0.22776794,-0.25330448,0.07813549
OSTF1,-0.4478526,-0.6013088,-0.47505093,0.538064,0.50972843,0.15970516
SBF1,0.4174366,0.06455612,0.5308838,0.2884941,0.4180174,0.030100822
BAHCC1,-0.18279171,0.13888359,0.6519232,-0.025046825,0.005569458,-0.903419
PPFIA2,-0.17055976,-0.89822334,0.7930722,-0.10865641,-1.0405025,-1.4517125
KIRREL3,0.5473678,0.26052785,2.6272357,0.69124746,-0.04262972,-0.6360421
CD96,0.2523365,-1.5222332,0.17451501,0.36613488,-2.4688392,0.9216294
SLC30A8,0.56915474,-0.8882938,1.1458433,0.2837553,1.67171,-1.2755911
CD93,0.82569885,1.7381554,-1.1433382,-2.350758,-0.20506573,0.083841324
LMTK2,0.6306038,0.35620594,0.25805855,-0.11730003,0.28681898,-0.3179841
SLC30A1,-0.80895424,-0.9100666,-1.6772928,-0.45342064,-0.34598255,-0.6839247
SUPT7L,-0.18754435,-0.6182699,2.19903,-0.36164093,0.17202759,-0.083954334
CAMKMT,0.45595956,0.024879456,0.6354084,-1.4977257,1.8787465,-0.36622977
CD8B,0.045268297,-0.99145746,0.86137056,1.0511498,-1.8694973,0.30102777
HNRNPUL1,0.044361115,-0.002246857,-0.2697401,0.252182,0.3250122,-0.06709099
CD8A,0.62197685,0.19763327,1.2849364,0.8649435,-0.48373747,0.5395608
HNRNPUL2,0.1547451,0.001499176,0.8935785,1.2772446,1.375843,0.29781818
SCN8A,0.18783951,0.09394455,0.12575912,0.32805443,-0.74907684,0.029072762
SPTY2D1OS,-0.93431765,-0.7496777,1.3605726,0.88809276,-1.5160645,-1.099828
GEMIN5,0.08829737,-0.41244888,0.6135683,0.03401804,-0.51658344,0.12662077
GEMIN6,-0.15946388,0.00245142,0.01621151,-0.41494942,0.000592,-0.7497206
TOR1AIP2,0.05965519,0.18447399,0.46129894,0.72715664,0.9353409,0.6501703
SLC1A3,-0.90880203,-1.0346527,-4.6559286,-4.159485,-2.7817125,-0.23967552
SLC1A4,0.73512363,0.5724993,-1.0415297,-1.1310353,0.35563564,0.11646366
PDS5B,-0.45271683,-0.2354269,-0.03358364,0.5535946,0.5668087,-0.1338911
TOR1AIP1,-0.34847927,-0.37925625,0.21593094,0.1431036,-0.2754364,-0.5379276
NKAPL,-0.89574206,-0.4947654,0.39518142,-0.5222688,0.40543962,-1.0654665
RASGRP4,-0.7047734,-0.12509155,0.13428545,0.11705494,-0.54271793,-2.4768715
RPF1,-0.3178501,-0.60764074,-0.014807701,0.40494204,0.41569424,-0.119479656
WNT6,0.14545345,0.24275875,-0.04602909,1.0125151,-1.4464006,0.011205673
PACSIN2,0.33343124,0.24070549,-0.004405022,0.007382393,0.9540119,0.43352604
IGKV3-15,0.6642635,-0.47045445,1.2364299,2.4126737,-0.21878219,0.29097056
NDUFV3,0.2320652,0.5027313,0.19752312,0.8815651,0.72256565,0.21846199
WNT4,-0.5332148,-0.37477458,1.6170719,0.6061084,-1.3010194,-0.7666865
ISG15,-0.98284817,-1.2221689,-0.85287666,-0.35944653,-0.86777306,-1.3413124
INHBB,-0.20533633,-0.61572707,6.6768594,-0.2827394,-0.49044454,1.2413257
INHBA,-0.7255845,-1.5856686,0.8425007,0.9086065,3.4850235,0.8043823
SUPT5H,0.2101841,0.23972702,-0.49764347,0.14374161,0.0346632,-0.06901264
SSH2,-0.5732794,-0.8583169,-0.62231255,0.5488682,-0.7204056,-0.25122976
CALHM5,-0.08695233,-0.40426612,0.93312466,0.4372083,0.916957,0.12980306
CALHM6,-1.2307625,-0.36292076,0.06959438,1.2447681,-1.5148458,0.00864315
SSH1,0.79404354,1.1505556,-0.63482666,0.27623177,1.2203932,1.1341858
ISG20,-0.0063591,-2.1693244,-2.2830477,0.25186348,-1.1582136,1.3522863
RSRP1,-0.5495901,-0.76697826,0.257473,0.1606741,-1.1249676,-0.26242352
LINC00702,-0.5137256,-0.45179588,1.5903091,0.56617904,-1.1939088,-0.8241464
SERGEF,-0.2656746,0.17399025,0.555871,0.19375801,1.1394606,0.06543541
DDX3X,-0.23742485,0.011590958,-0.50694466,-0.21946907,0.96974564,0.10403061
DDX42,0.1582756,-0.7238159,0.62058735,1.2485981,-1.1355753,0.08193588
ARHGEF10L,-1.6607924,-0.83783245,-3.7299023,-1.6982927,-3.0217257,-2.1667671
GPHN,0.522676,0.6621003,0.10622215,0.35766363,1.0879412,0.006390572
RPGR,-0.99641466,-1.118751,-0.28600073,-0.65851307,-3.0257783,-1.1972985
SEPTIN10,-0.100119114,-0.5840812,-0.78136396,-0.012441635,-0.15471172,-0.114329815
H2BC26,-0.9917292,-0.9442264,1.0609735,0.14632237,-1.724237,-1.2597313
H2BC21,0.025612831,-1.3104367,0.005011082,0.25861216,-0.14538002,0.5495806
NUP62,-0.035119057,0.016976357,-0.28321648,0.52210903,-0.21329403,-0.1184082
VCPKMT,-0.36821318,-0.12047291,-0.21355534,-0.42102575,2.1797094,0.16352892
DDX56,0.040848255,0.05986929,0.58044386,-0.060406208,0.059538364,0.13511896
DDX52,-0.5045967,-0.1331234,-0.14988613,0.16731262,0.038290977,0.36675072
DDX50,-0.39063454,-0.03139305,0.16256142,-0.08728409,0.32034397,0.001120567
PJA2,-0.3000841,0.032544136,-0.08890915,-0.6888323,1.1848421,-0.45823574
TMIGD3,3.4351492,3.2874708,1.363491,0.16746569,1.0172825,1.8316689
H2BC15,-0.7205436,-0.54692775,1.5693095,0.38433385,-1.3392626,0.09510636
CREB1,-0.7740712,-1.0913897,0.25216055,0.21570158,-0.88762045,-0.7568507
NUP50,0.21304893,-0.4869933,0.66278744,0.3418932,0.7457533,0.054911613
TEX13C,0.58117867,0.078905106,-0.79523396,0.55006695,-0.10096884,-0.3785739
H2BC10,0.44638634,0.008836746,0.0494709,0.6561146,0.103266716,1.2042999
H2BC11,-0.6393328,-0.91190326,0.60817695,-0.41090977,-0.8679707,0.5246866
NDUFS4,-0.119627,0.016698837,0.45115948,0.938324,0.37598228,0.1038208
NDUFS3,0.1298418,0.21412754,-0.5995283,0.3272791,0.38112164,-0.027401924
SCN4A,-0.7011907,0.9694507,0.20264411,-0.6227635,0.64423776,-1.0862379
DDX28,0.14731789,0.31822586,-0.11502838,0.4836445,0.21249866,0.10379696
BCL2A1,-1.8974085,-1.9288721,-7.7783136,-4.540804,-3.8107996,-0.6343117
DCTN1,-0.9156803,-0.01585412,1.3412141,0.2599926,-1.5563332,-1.0809487
CLCN1,0.83039045,0.20314169,-0.09085846,-0.878448,0.48708868,0.15775824
ERLEC1,0.009253502,0.13727093,0.13868046,-0.113957405,0.94449043,0.084080696
NUP42,0.09912729,0.5286002,0.5627804,0.07495785,1.9286823,-0.08728552
SPATA46,-0.19611669,0.49316525,-0.17410684,-1.0607173,-1.2290545,-1.5203668
MKRN4P,-0.23376799,-0.32203102,0.007492065,0.35740662,-1.3536339,0.23695755
TARID,-0.6172357,-0.39114392,1.5918555,0.6258112,-1.2150122,-0.7415853
GALNT4,-0.31638527,-0.57444715,-0.5959916,0.08817816,-0.035759926,-0.6198468
GALNT2,0.75710297,0.6362152,-0.38177872,-2.1590724,1.087697,-0.16128731
DDX31,0.2215364,-0.26912785,0.077564955,0.35617948,-0.07051921,-0.31739783
BPESC1,-0.48851526,-0.3734349,1.5874183,0.6719588,-1.3318927,-0.756955
SPATA2L,0.57679176,0.2368412,0.67453575,0.98851967,-1.4060326,0.47718716
SPATA32,0.003614426,0.09944105,-0.35854673,0.0558424,-0.66200686,-0.19442368
FAM131B,1.5732427,1.020133,0.24321222,0.35411835,1.8047056,0.2803421
FAM131A,0.5251875,0.2718196,1.019309,-0.001724243,0.98104,0.24664402
FAM50A,0.23692513,0.2067852,-0.18771362,0.5620518,0.0901413,0.14243507
NUP37,0.15592194,0.067331314,-0.5008726,0.25452805,0.18535519,0.082099915
RB1,-0.976367,-1.343823,-0.44691896,1.0049586,-2.035122,-1.3898754
ZNF174,0.26529646,0.4569621,0.7354746,0.8624077,1.4561453,0.55960083
RPL3,0.038523674,0.21798801,0.02020073,0.5002165,0.008989334,0.010398865
RPLP0P2,-0.122514725,0.19106865,-0.79002285,0.18471909,-0.45678425,0.035404205
COL12A1,-0.35989618,-0.47697496,1.6458483,0.45196307,-1.2564032,-0.8381009
PPIAP39,0.62781715,0.99837875,0.3268795,0.45962334,0.75664043,0.7270918
STMN2,-0.7712274,-0.5528512,1.4351556,0.5193424,-1.460339,-0.7862065
GABPB1,0.5507183,0.10074043,-0.36625433,-0.2067461,1.4088674,1.3854365
RPL9,-0.087078094,-0.020584106,-0.14429188,0.7376518,-0.2320261,0.16792488
PPIAP31,0.5351715,0.81733704,0.16367435,0.2895813,0.57688236,0.4158945
LCE1A,1.3826046,1.3779984,0.85275555,0.31391716,1.4517107,1.0975904
GNAT2,0.43524885,0.25579834,1.8076439,1.0069382,1.138999,1.5043125
LINC00659,-1.1275455,-1.6353023,0.36137724,-0.79764843,-2.4835649,-2.1099954
STMN1,0.33048058,1.4457664,-0.47471285,-0.063694,-0.15044308,0.17878962
GPATCH11P1,0.2653365,0.30220556,0.18863249,0.28581,-0.9908004,-0.018663883
NME2P1,0.4596262,0.5645647,0.16953278,0.66468716,0.25597954,0.47808075
IER5,0.70434,1.0880966,0.6684141,-0.9901619,-0.06858921,1.0908127
LINC00652,-0.3733852,0.44195414,-0.7812872,-0.097635746,-0.15526628,-0.34755778
IER2,-0.76816845,-0.56711674,-1.1191072,-0.74317265,-0.32884026,-0.49185276
ZNF160,-0.07639408,0.09793377,0.19645596,0.7351713,0.4147768,0.09687805
LCE2C,-0.4730773,-0.3506074,0.048794746,-0.27545404,-0.86155224,-0.27371216
LINC00649,0.9249544,-0.16950846,-0.3732977,-0.44149685,-0.34452963,-0.5441594
PDE4DIPP2,-0.5375533,-0.58115005,-1.0872729,-1.0752106,0.15555573,0.22088051
SPIN2B,-0.79446745,-0.441195,0.18152046,0.5303917,0.2610693,-0.7421584
HPRT1,0.20780182,0.4496975,0.52092457,0.50572777,0.748641,0.32386684
TSPYL6,-1.5916077,-1.6738523,0.35466075,0.63808537,-1.4542449,-0.5456116
LINC00641,-1.211364,-2.4493194,-0.56087446,1.2853708,-3.2943969,-0.063337326
ZNF154,0.19674397,-0.45504618,-0.36529922,0.06899691,0.31349564,0.44745398
NOLC1,0.18823814,0.4708748,0.03430462,0.28511238,0.6423359,0.8346281
STMP1,-0.33948088,-0.49178982,0.86002827,0.7733717,0.6760454,0.28587818
GALR1,-1.0356773,-0.9058263,1.0422312,0.24319196,-1.771686,-1.1002643
HBQ1,0.11208248,0.10082245,0.000274,0.2879281,-0.23080683,0.18557596
SERF2,0.853281,0.30011177,0.49363232,1.026165,0.3020773,0.44128132
ZNF146,-0.06589985,-0.54807377,0.1668415,1.6274157,-1.1069012,0.001770496
RBMY1A1,-0.5076401,-0.34470075,1.5341179,0.72673345,-1.1546392,-0.64099485
ZNF143,-0.13669014,-0.041490555,-0.18819523,-0.14330006,0.78380585,0.09287739
LINC00670,-0.97976667,-0.7891974,1.2364018,1.0019612,-1.5515014,-0.46431732
ST13,0.46120453,0.3808899,0.10243893,0.14961243,1.7056866,0.2727728
UPF3A,-0.25625992,-0.52860975,0.11365032,0.005521774,-0.29803848,-0.21352291
CDC6,1.7539625,2.6070595,-1.6574397,-2.6209185,-0.8243356,1.1207561
PPIAP60,1.2717509,2.0220985,0.7315707,-0.41701412,1.746953,1.4158702
THAP10,-1.5911329,-0.7166977,-2.4307091,-1.6676722,-2.7075114,-1.0332923
ST18,-0.72702986,-0.55509996,1.3295043,0.5266737,-1.4180477,-0.82701576
ACR,0.14649582,0.20467806,1.1039653,-0.11655235,-0.11063433,-0.31878757
TADA2B,0.20074177,-0.3278203,1.0767107,0.64050484,0.819994,0.30628014
OGDH,0.2959566,0.3985262,0.3223257,-0.34105968,-0.19307518,-0.20101452
ST20,-1.0798931,-1.3703423,-5.3619604,-2.8927555,-2.608633,0.34731007
REN,-0.15924335,-0.3244841,4.2199135,-1.3708518,-1.439388,-0.45214057
HBP1,-0.2849388,-0.015850067,-0.5210943,-0.23687935,1.1761408,0.005283356
LINC00662,-0.7118335,-0.60382175,-0.6284423,-0.13749886,-0.83693933,-0.34432173
ADA,-0.12587643,-0.08973789,-2.2764292,-0.7758589,-1.487915,1.1067953
ZNF135,0.98690605,-0.05395174,0.311841,-0.24398184,1.2875423,0.8654294
ZNF131,-0.006997109,0.09841633,0.53123474,0.34969807,0.5056648,0.44770432
TCF25,-0.1072731,0.13954353,0.425642,0.4687462,0.000597,0.119701385
TCF23,0.39163113,0.7538538,0.52638054,-1.3564568,-0.7775879,-0.79486823
ADK,0.80434895,0.6580496,0.35971546,0.64337444,1.9728308,1.071353
FMN2,-0.73018837,-0.49954778,1.5251901,0.41082692,-1.2842643,-0.9202143
PRSS22,0.14953852,0.56643057,0.94063616,-0.2444148,0.31056118,0.5433855
CLINT1,0.111356735,-0.24096298,-0.19029617,-0.41486168,-0.3903675,0.1682415
MRC2,2.6106873,1.9936509,3.0263872,1.7465487,2.7643852,1.7023344
C11orf96,0.22921085,-1.9475913,2.4151907,-0.66779256,3.8270674,0.25833893
DSTYK,0.37076187,0.48754692,-0.14299488,0.35017872,0.98770523,-0.022304535
LCE5A,0.075068474,0.1761179,0.29761887,0.669116,-1.0125179,0.08638573
ANXA6,1.1899471,0.8669796,0.29661846,0.16399193,0.61274433,1.7205801
LINC00612,-1.0848095,-1.4416515,1.655597,0.955292,-2.3157773,-0.36356878
RSPO3,-1.5675638,-1.5250325,0.47708035,-0.41982937,-0.2306242,-1.8196832
ANXA8,-0.061304808,-0.28574896,-0.43846774,-1.1934924,-0.41944337,-1.110645
ANKRD30BP3,-0.9286501,0.44168937,1.2976093,0.6309366,-1.5017282,-1.1449412
PF4V1,-0.6866149,-0.5691368,1.4394088,0.44550228,-1.3836526,-0.9025251
TIGD1,0.12294102,0.3701625,-0.43108797,0.3472271,-0.34574032,-0.20149422
GARNL3,0.019479275,0.534008,-0.07588625,-0.10508442,1.1785812,-1.0650988
HAVCR2,1.0760746,1.0690842,0.12996769,0.4484539,1.0669308,0.6419296
BRD3,0.12753105,-0.3985424,-0.06341553,0.47795296,-0.84673023,-0.3284378
TIGD2,-0.53308535,-0.4012251,-1.5158081,-0.07365036,-0.18707037,0.5876374
TIGD4,-0.6230742,-0.44696313,1.6093268,0.50985885,-1.3277073,-0.015641093
ANXA2,1.0514584,0.88259125,0.3249359,0.95778656,0.9893637,0.98034
IFNGR2,1.0176945,1.3351879,-0.28070354,-0.64571,1.5180902,1.2178135
SSR2,0.1445961,0.3033371,-0.21560287,0.027360916,-0.095277786,0.1418581
TCF12,-0.3890381,0.3291893,-0.35405636,-0.5572586,1.1905136,-0.529891
TIMM23,-0.7675295,0.3592844,0.21333599,0.17205334,0.718812,0.35342884
PRSS12,-0.752893,-0.5699963,1.5282588,0.41671455,-1.3164158,-0.64964
C11orf87,-0.7548673,-0.6281344,1.4441624,0.41406965,-1.3128098,-0.72707945
LINC00608,-0.6101544,-0.44372737,1.4402313,0.6370325,-1.2507671,-0.72181904
RGN,-0.4226879,0.26063,1.4827604,0.3284433,-1.3865198,-0.98403406
DNAJC8P2,-0.21542835,-0.31610584,-0.3697052,0.042822838,-0.77368164,-0.24553967
CCL14,2.4560285,3.4625998,5.59087,8.10776,1.7738781,1.8120894
CCL13,8.311192,9.373068,7.5447493,9.556263,6.903857,8.798014
CCL11,-0.31818712,-0.32580888,1.5202763,0.49320567,-1.2968333,-0.6465037
SCARNA15,-0.86646986,-0.3826561,-0.29118347,0.19962502,-0.8647499,-0.57876587
ATP6AP1L,-0.15386581,0.35939693,0.77939606,-1.456222,-1.2681599,-0.72335625
BCLAF3,-0.1534071,-0.7265463,0.271039,0.5824995,-1.2803364,-0.084373474
LMAN1,0.2528,1.0073061,-1.4286857,-0.35880232,-0.6961994,0.77885914
BCLAF1,-0.1646223,-0.33664227,0.27202797,0.14358044,1.1654897,-0.09150219
LCE3B,0.2875657,0.53805304,-0.3213663,-0.19985867,0.06019783,-0.33648014
PRAMEF2,-0.457878,-0.44779325,1.6297044,0.5178077,-1.3195316,1.5687538
PRAMEF1,-0.76777434,-0.5873577,1.389335,0.462744,-1.3638538,-0.87921935
LMAN2,0.24529457,0.47122955,0.6160574,0.29541206,-0.09117603,0.11750603
RHO,0.17450333,0.45406342,0.3428173,-0.417387,0.95651627,0.2769413
LINC00635,-0.7506828,-0.5963276,1.4695107,0.43492925,-1.3036712,-0.20754588
BRD8,-0.5757551,-0.37179756,1.6362873,0.56418216,-0.85422134,-0.1411047
CCL19,6.781124,5.636091,0.43047857,5.0982,3.0056782,8.25873
AGA,0.24149704,0.08811951,0.41122913,-0.2056675,0.6952257,0.032125473
CCL18,5.8418083,8.595556,6.9710226,9.737083,2.5646324,7.082242
CCL17,9.273886,8.187763,6.811599,10.254295,8.689459,9.773966
CCL16,-0.82971317,-0.5121012,1.3313676,1.744928,-1.5094339,-0.9900869
ZNF101,0.27569485,-0.041470528,0.35566616,0.44998837,0.19195175,0.5283632
BRD4,0.118015766,-0.20275688,-0.023023605,0.108810425,-0.18571377,-0.28964376
AOC3,-2.0658486,-1.6901793,-2.2464132,-3.2911081,-1.3304014,-4.692275
CCL25,-0.004191876,-0.091641426,0.29044366,-0.2843647,-0.35997438,0.024952173
CCL24,0.52057266,0.48550224,-0.07154465,0.37005997,0.4923563,-0.10505009
CCL23,5.2066336,7.3108015,7.210042,10.5147295,4.199806,6.094263
SF3A1,0.4471426,0.14291859,0.32579517,0.7262306,0.83238506,0.45162964
TIGAR,0.9375353,0.81507015,0.9306593,1.0485373,1.7553291,1.6343927
CCL22,6.009424,4.593811,1.3086605,3.1859512,5.380329,6.8797817
BRF2,-0.22636747,-0.035007,-0.35069084,-0.51703453,-0.22281075,-0.15813112
AGK,-0.007233143,0.44027948,2.1049843,-1.0005999,1.3479652,-0.13427544
CCL20,0.015779495,-0.59372735,0.8997369,-0.007751584,-1.3968881,1.7190347
PRSS37,-0.049432278,0.27465928,1.0673734,-0.074260354,-1.3411905,-1.3895128
GPR4,-0.7287849,-0.7768016,1.241745,0.25559878,-1.352037,0.09082413
GPR3,0.8254924,0.24496984,0.19790411,0.8179126,-0.8193221,0.11651993
XAB2,0.5378723,0.14514112,0.19675732,0.49802828,-0.7720723,-0.34141445
AGBL1,0.61506546,0.3378582,1.136705,0.34000885,-0.9694855,-1.0024097
AGBL3,-0.66703355,-0.5794908,5.69067,0.3967607,-1.3505406,-0.19491768
LINC00622,0.41429186,-0.5308256,-0.7337668,-1.9001465,1.2809587,-0.15024686
FMOD,-0.25910306,-1.0905404,-0.020308495,-0.8666545,0.49654055,-0.18214035
CCL28,3.8854036,2.7846198,-1.0777957,0.44843102,1.0468211,4.1806135
CCL27,0.3623278,-0.010267258,0.43065667,0.10808873,-0.12801337,-0.55066776
CCL26,7.870863,10.172707,8.136324,12.171675,6.332985,9.334589
GPHB5,-0.003274441,0.016291618,-1.0751944,-0.117613316,-0.3680749,-0.64799356
PUS10,-0.34939337,0.13435364,2.1526513,-0.35222197,-0.40885448,0.26983595
CLEC4M,1.922884,2.7162795,2.916482,4.6098995,0.89800787,1.6869888
DGKA,0.033747673,-0.39339685,0.63951397,0.20221996,0.9553642,-0.73982096
AHR,0.8540039,0.5130367,1.08778,2.1576939,1.9492111,1.9268484
CDH7,-0.84502816,0.09332466,0.7482152,-0.18128598,-1.9050082,-1.5662153
CDH6,0.018392563,-0.4616605,1.3933947,0.4869337,-1.3730941,-0.77478915
MAEA,0.33332443,-0.07876587,-0.33058643,0.39377213,0.79089355,0.32732773
ALG1L1P,0.40324497,0.32223797,0.8243389,0.6898613,1.2197456,0.20089912
APMAP,-0.007553101,0.19948769,0.22329712,0.790514,-0.5239792,-0.100764275
CLEC5A,1.2554975,1.684577,-3.0440972,-4.3800626,-1.8918853,-0.037463665
MAEL,-0.3007605,-0.43592572,2.2490396,0.53030646,0.5757381,-0.8481115
SSX2,0.20961761,0.27908182,0.28359652,0.28128195,-0.34967613,0.13475609
SSX3,0.34231353,-1.6991926,0.55129814,-0.97228384,0.104560375,0.41692162
SSX1,-0.64781356,-0.45869684,1.5453986,0.5707284,-1.0436621,-0.7721312
NKX6-3,-0.31660366,0.1434884,-0.845469,-0.65893793,-0.11290789,-0.9362488
RPS9,-0.18384552,-0.17900467,-0.35655308,0.2819767,-0.5095377,-0.2010603
PURPL,-0.5402278,-0.3623104,1.6630275,0.5897695,-1.248088,-0.74227506
RPS6,-0.55330276,-0.11115074,-0.19355774,0.5624924,-0.5298624,0.017219543
MAN1B1-DT,0.06254482,-0.5289278,0.59381104,1.5834613,0.76458883,0.1370449
CLEC4A,-0.20545864,0.5991125,2.3848658,2.9066267,2.3959236,0.32382774
CTDNEP1,0.3473072,0.27610016,0.003857613,-0.7715187,0.5499182,-0.21560001
ARMCX4,-0.8449999,-0.69898397,1.9607081,1.0715361,-1.4183555,-1.0426452
CLEC4C,-0.50308335,-0.3847785,1.1676407,0.74683595,-0.99579835,-0.44473875
CACNB3,-0.24918127,-0.22864771,-2.4746675,-1.0989761,-1.2634802,-0.7347932
C11orf40,0.2611699,-0.13976145,0.38797903,-0.86214733,0.013039589,-0.118477345
TEX9,1.3410394,-1.276079,0.80873966,-0.318614,-1.9787297,-1.6774809
CLEC4E,-3.1303294,-3.72587,-2.3593035,-3.3722315,-4.7138615,-3.1735468
CLEC4F,-0.7511468,-1.7417461,0.43211722,0.6790683,-1.6254575,-2.5080936
CUL9,0.5353546,-0.106573105,-0.52862453,0.48744965,-0.5862665,0.9906759
NOTCH2,-1.257801,-1.0442448,-0.5495281,-0.41120148,-0.7662182,-0.80868816
NOTCH1,0.30251884,0.6584492,0.13786602,-0.10853577,1.3000722,0.3350773
NOTCH4,-1.0471268,-0.29924965,-3.2933376,-0.74936104,-2.7600722,-2.3048573
CUL2,-0.017541409,0.26055574,-0.2119956,-0.34100294,1.5847597,0.018814087
CUL1,0.096811295,-0.16252708,0.51018715,-0.001810074,1.3279982,0.034846306
AK3,0.017635345,-0.11098957,0.24338341,0.97660923,1.04807,0.7234001
AK8,1.713531,2.287404,-1.2497487,1.0661664,1.4366021,2.704698
AK9,-0.61528516,-0.48842478,-0.6280401,-1.6600252,0.55673313,0.16452694
BAG6,-0.1718874,0.14854717,0.35802364,-0.007113457,-0.23109436,-0.3324175
ALG1L3P,0.46947575,0.9264641,0.72092867,0.54353476,1.1694622,0.82940006
KLC2,1.0566988,0.32571077,-1.1738248,0.30213022,0.099229336,0.27132368
BAG5,0.16261578,-0.10397625,0.33295918,0.49641132,0.7369404,-0.083545685
CLEC7A,-0.39513683,-0.48541546,0.50229836,1.1891603,-0.2851696,-0.6019306
BTBD2,0.42349434,0.056568146,-1.1354952,-0.87131023,-1.173316,-0.65318775
BAG1,-0.2677784,-0.011329651,-0.07342148,0.6098747,0.47835445,-0.08484173
NACC1,0.04838562,0.20598221,-0.6199856,-0.04978943,0.9525938,-0.26821232
SAFB2,0.24618912,-0.3680973,0.7835264,0.544754,-1.1832228,0.29884815
MPDU1,0.105861664,0.18717384,-0.07447338,0.47125053,0.12522888,0.59343433
ZNF658B,-0.13187075,-0.09304762,-0.81234217,-0.20787,-0.3104825,-0.5646272
BTBD7,-0.7905178,-0.49129343,0.028140068,0.39209747,0.22293091,-0.27771187
BTBD6,-0.005458832,-0.055660248,0.18757153,0.40045357,0.89700127,0.11752796
BTBD9,-0.21809006,-0.34990692,0.38316917,0.2711773,0.18300533,0.6588068
ZZEF1,-0.3191557,-0.2734995,-0.42855835,-0.05351925,-0.31716442,0.1469717
C11orf21,1.2578163,0.31029272,1.828289,1.0463591,1.7589731,0.4760008
CDK9,-0.065802574,-0.0302248,-0.2508335,0.41312504,0.25683498,0.21625805
MOB1A,0.15108109,-0.13366318,0.37112427,0.8663006,0.6146383,0.5320091
CDK7,0.27669907,0.003564835,0.001023293,0.5931835,0.3024435,0.46095467
BTG2-DT,-0.8152354,-0.3241465,-0.7397616,-0.17767692,-0.56699705,-0.47317696
CDK6,0.81284714,1.2112312,-0.24095058,1.2676272,1.5227785,1.5244608
CDK4,0.5217056,0.8546753,-0.75173855,0.001008987,0.11607933,0.03196335
MAFG,-0.012337685,0.31005764,-1.1191101,0.11632061,0.101613045,-0.23230553
CDK2,-0.26342726,-0.15437889,-1.1893854,-0.4640503,-0.52386427,-0.3485589
ALB,-0.6436973,-0.70193636,1.4067812,0.25771666,-1.4835638,-1.0568151
MAFK,-0.09728527,-0.25150776,0.637311,0.7653189,0.3556919,-0.14345264
NACAD,0.66318583,-0.009829044,0.04024887,-0.6841657,-0.61771226,0.41812563
XAF1,-0.85052824,-1.4904327,0.77752495,-0.17741966,0.31171608,-1.5741591
ALK,-0.09261513,-0.87787366,-0.61892104,-0.5221312,-3.3883798,1.6849315
PPIAP70,0.67863655,0.88860893,0.03284645,0.45009232,0.71039104,0.61405087
DUSP19,-0.1777873,0.07679844,-1.6967888,-3.0914264,-0.3045745,0.72189283
WASH6P,-0.31328583,-0.45495987,-0.53337955,0.19223976,-0.214962,-0.77887726
PTPN22,0.7856598,0.3379135,-0.39327335,-1.4575362,1.2170649,-0.06926155
DUSP16,1.1955843,1.0071964,-0.03095913,1.1067672,0.18799019,1.7826233
DUSP13,3.2079153,3.260398,-1.5265665,-1.6262448,2.9471579,5.212635
DUSP10,-0.9432411,-0.98977184,-3.4978595,-3.4757254,-2.3967862,-1.2663426
EFHD1,1.4568666,-0.55792934,6.7865257,0.39168072,-1.4178647,-0.95447564
CLEC1B,-1.3387552,0.12020373,0.87098086,-0.19481695,-1.9056245,-1.5476313
AMN,-0.94692445,0.27558637,1.0428228,-0.030996323,-0.005249023,0.32894206
REXO1,0.90567017,0.3197465,-0.24459767,-0.15672469,-0.0712719,0.73535395
GPX4,1.3029385,0.91116714,0.95717525,1.5490589,0.63050747,1.571146
DTX3L,-0.7188101,-0.92829657,-0.3851261,-0.27762604,-0.51590824,-0.49279976
COL25A1,0.46572137,-0.43621337,1.6667299,0.53055096,-1.3738023,-0.8853362
GPX3,1.2477894,1.0151253,1.2085638,0.184021,2.6346788,0.497262
LIX1L,-0.07354021,0.24500847,0.70122194,0.14128065,1.4293847,-0.07244587
AMT,-0.6147442,-0.309021,-0.2947073,-0.0436306,-0.010843277,-1.0311794
HK2P1,0.08662343,0.60986805,-1.0834248,-1.5013404,-1.4979451,-0.4728155
TRAF1,4.3066425,3.5532074,0.31671572,2.4875965,3.7815886,5.712777
REXO5,-0.22325945,0.62311125,1.7474823,-0.9707632,0.46271992,-0.24226952
DUSP22,-1.1299071,-1.0086031,-0.5987401,0.34073114,0.7963724,-0.052737713
RP1,-0.68647796,-0.65309376,1.3629866,0.40405512,-1.4263645,-1.0022732
ZNF788P,-1.0182776,-1.2358376,-0.34119844,0.36780858,-0.7465677,-1.3243324
TRAF3,-0.20942497,-0.47844028,-0.67983055,0.21121073,-0.109624386,0.4317937
TRAF6,0.19751453,0.051184177,0.1250372,0.8581934,0.8995371,0.72059536
EFHC1,0.20015752,-1.0632918,1.0153636,-0.07477987,-2.0018725,-1.4666556
NUMB,-0.58799744,-0.5401325,-0.9825096,-1.224844,-0.20272732,-0.73258495
LINC00689,-0.86190856,-0.69683045,1.2202528,0.38641977,-1.4867585,-0.9621768
RP9,0.07861233,0.026387215,0.36146927,-0.18078136,0.15324306,-0.000411
C4orf45,-0.580633,-0.55617625,5.144148,0.41902733,-0.13193154,-0.9754971
MRM1,0.541697,0.86663485,0.033578873,-0.35663176,-0.084738255,0.40430117
REPIN1,1.3452339,0.42809677,0.32452393,0.7922535,1.0912113,1.552371
CLEC3A,-0.58554083,-0.52324164,1.5153097,0.51412404,-1.2532129,-0.8808188
HIRIP3,0.28026724,0.6318121,0.8885269,0.1378336,-0.2061534,-0.2556548
C4orf19,-1.0256671,-0.91128176,1.0561712,0.25422454,-1.7760097,-0.76944125
RSBN1L,-0.8461771,-0.91774225,0.44513655,0.5447087,-0.4985957,-0.36656332
CACNG2,-0.16590583,0.97191596,1.2373216,0.31816053,-0.052488565,-1.0595667
CACNG5,0.61344266,-1.1707703,0.7450361,-0.1181972,-0.9866009,-0.551165
SPAG9,-0.09759569,-0.34412813,-0.07477093,0.6919527,-0.94354343,-0.016856194
PTPN18,-0.15734863,0.25878143,-0.6094713,0.3526516,0.25612354,-0.32246208
CKAP2-DT,-0.3943572,-0.1905365,-1.3814735,-0.030492306,-0.6913872,-0.7588854
PTPN11,-0.67458916,-0.62368774,-1.0144701,1.2930121,-2.1524267,-0.29990578
PTPN13,1.7840433,0.50756073,-1.8784282,-2.8224344,-0.5442953,2.199698
PTPN14,0.004453659,-0.635117,2.5802143,0.3778335,-1.4323567,0.8253641
OXR1,-0.6589136,-0.8517947,-1.5370064,-0.10249901,-2.4076571,-0.99719
MGAT4D,-0.37541807,-0.51159245,1.5794721,0.4709139,-1.4480698,-0.91293377
KLF6,0.20601606,-0.4347582,0.39887714,0.7263031,1.0562916,0.089074135
APC,0.14865303,0.09045029,-0.59897375,-0.2839458,1.4084251,0.6320846
IMPDH1,0.30148315,0.09000969,0.28770065,0.627285,0.51372814,0.60608864
IMPDH2,0.2532215,0.6500778,-0.5224514,-0.41707134,0.94428635,0.10961628
SPAG1,0.16292763,-0.22945309,0.5172205,0.48312998,2.117725,-1.721905
FOLR2,-0.6053276,1.1037025,-0.2888279,3.6693,-2.6626363,-1.4738412
CDO1,-0.7272776,-0.5454106,1.5268605,0.4204818,-1.3812386,0.35566115
MYORG,0.5155176,-0.583537,3.6904328,3.6827786,3.6436393,1.803525
TP53TG3D,-0.30611372,-0.980814,1.0634308,-0.004422665,1.012723,-1.2585952
SPARC,-0.937438,-0.43155193,-3.21961,-2.740448,-1.1305838,-1.5395241
DPPA5P4,-0.42361164,-1.447871,0.08722234,-0.716146,-2.0994153,0.33891797
RS1,0.3668239,-1.481798,-0.0763371,-0.9478415,-0.57925344,-0.78603745
VSIG4,-3.6749344,1.0351677,-9.784261,-6.854245,-11.566238,-5.51155
MYOZ2,0.08134699,-0.55218977,1.5650616,0.38265312,-0.347224,-0.91985273
B2M,-0.045398712,-0.28923988,0.04180336,0.24049377,-0.25174904,0.46203804
CDON,-0.73728204,-0.5896828,1.3387017,0.53243256,-1.4259831,-0.80833536
CHIT1,-4.6422987,-4.8228884,-4.7453065,-3.0743508,-5.34667,1.559782
INPP4B,-1.1627023,-1.8869126,-0.86986613,0.24031472,-1.4305313,0.80721045
MALL,-0.9875815,2.1815805,0.37129116,-0.7182919,-2.538023,1.5057764
SMIM3,-1.8486004,-0.8865814,-2.7167902,-1.9568863,-2.1387177,-1.0230417
CDS1,0.1249342,0.9676027,-2.2278514,0.034127235,0.07380152,-0.059310913
IGSF6,0.69909286,0.22877884,0.6577673,0.55584717,1.0545444,0.3508482
IGSF3,3.6655097,1.8923988,0.5416517,1.391016,1.9193258,4.0969906
MAOA,4.9363885,5.3661447,3.9058728,4.6526456,5.0569577,5.478702
TWF2,0.2842207,0.64095974,0.22019863,0.3417101,0.00952816,0.45537186
TMTC3,-0.28391695,0.17044687,1.1772728,0.3268714,0.14278841,-0.030044556
KLK5,0.70642185,-0.13596153,0.08349705,-1.1114594,-0.7595618,-0.69441366
TWF1,0.5909481,0.99695396,-0.5153513,-0.20802689,1.4150324,0.58044815
STC1,-0.16217804,-0.7149001,1.3099313,0.13323247,-0.82111764,-0.5542798
TEX261,0.56897736,0.35539436,-0.10962534,-0.06706905,0.4217391,0.3229766
SMIM7,-0.2718792,0.028799057,0.2582159,0.104940414,0.3693018,-0.13273048
SMIM6,0.360034,1.9163837,0.06683254,1.3804798,1.171504,2.5143723
KLK7,0.8362329,-0.90850294,6.6701183,2.1249447,5.316557,1.9140351
INPP5B,-0.5543237,-0.49808407,-0.43343592,0.5943303,-0.66183996,-1.1903799
CYP4X1,0.88002896,-0.05928254,1.3586948,0.31538272,-1.0139704,0.7177372
INPP5A,-0.12949038,-0.6816044,0.23161316,-0.027196884,0.5772104,0.10996342
SPAST,-0.5138893,-0.1439228,0.4465332,-0.1377449,0.71035194,0.09848404
MAP2,-0.10482931,-0.47932678,1.6815594,0.5048176,-1.4151579,-0.872008
CMYA5,-0.8245377,-0.7700201,1.5041661,1.6025362,-1.2825304,1.2697546
MAP6,1.1478897,-0.58560145,1.0390075,0.057790875,-0.28991568,-0.53216314
ASL,0.39984322,0.33412552,-0.61867714,0.56614876,0.005018234,0.21765995
CDR2,1.0050802,1.145114,-0.05653,0.6523161,1.4345341,1.4571218
CDR1,-0.6257202,-0.45922977,3.2678702,0.47514117,-1.3201019,-0.846548
CDT1,0.75530434,1.5132294,-2.0326443,-0.07602024,-1.8274298,0.47415543
GADD45B,0.23467636,-1.1054039,-1.6706791,-0.4183197,-1.232687,0.5094652
GADD45A,3.1809177,2.8880005,1.7849865,1.4747505,2.420928,4.2880754
BCL11A,2.071432,0.4245777,2.3193417,2.6977625,1.4216375,3.6792336
STAC,-1.3206935,-0.02017212,3.1485677,2.036405,3.2338138,-0.50587845
ENSG00000248837,0.584574,0.5895283,0.45378494,0.8465655,-1.101393,-0.45133996
USP46-DT,0.23681688,-0.048095703,3.0815926,1.6961894,1.0386057,2.0131311
STAM,-0.06265926,0.26210308,-0.07844114,0.3662901,0.8145499,-0.18962622
LRP2BP,-0.66318804,-0.47484505,1.5106646,0.4992782,-1.2347709,-0.86600876
GADD45G,0.12934828,-0.17627716,1.0224519,1.6811213,1.472868,-0.20006847
SPART,-0.14348173,0.14235878,0.26246166,0.28995562,0.43847942,0.42385674
HTR7P1,-0.35443974,-0.2836032,0.07628393,0.9073229,-0.4730296,-0.57500553
ATM,-0.64438057,-0.4163723,0.42300606,1.2571673,0.1662445,-0.9345927
CUTC,-0.14972782,-0.14858723,0.018781185,-0.06510067,0.93047094,-0.5571823
CDS2,-0.5977087,0.18496418,0.3963337,0.39133167,0.94457626,0.023830414
MRS2,-0.3350296,0.30251122,0.035182,0.47370148,0.8621683,-0.06791687
HNRNPCL1,0.2452755,-0.016771317,0.17658901,0.17521286,0.11687851,0.20740604
HCCS,-0.028002739,0.33051014,0.51228905,0.6965456,1.1437063,0.06613541
PPCDC,1.0764098,0.009074211,0.086312294,0.9434004,0.11288643,1.8116951
JCHAIN,0.038574696,0.36337233,-0.30745316,0.6355853,-0.2724228,-0.27315664
KIF13B,0.35894012,0.11683655,-0.94784355,-0.912117,0.020309448,0.74135685
ENSG00000277332,-0.53963006,-0.5178422,1.4417537,0.521793,-1.5097065,-0.8009876
H3-3A,0.0203228,0.11338043,-0.105101585,0.38320732,-0.34740353,-0.09593868
CDV3,0.23838425,0.033298492,-0.3454237,-0.000629,-1.7442961,0.14223671
TSC22D4,1.2652516,1.0035114,-0.05065918,-0.46298742,-0.67817783,-1.2398176
LRRIQ3,-0.5768764,-1.1176747,0.14669013,-0.84947586,-1.0880823,-0.9156152
TSC22D3,-2.7700348,-2.3391705,-2.8210726,-2.588335,-2.1860352,-2.152197
BTN3A3,-0.7617502,-0.94975567,-1.1678419,-1.240982,-1.0894384,-1.0611668
IZUMO1R,-0.28016543,0.7891393,-0.39399505,-0.9208188,0.122095585,-0.9260149
BTN3A2,-0.06936741,-0.1612997,-0.8255539,-1.1130571,-0.4914732,-0.51230335
DCSTAMP,1.1165495,1.9551134,-2.8570204,-2.7600584,2.0397463,2.2907333
H2AP,-0.45076835,1.0784483,1.0440905,0.24174368,-1.6453283,-1.1207397
TFF3,0.7015481,0.25556946,0.48958683,1.5175791,0.21772003,-0.68942547
TFF2,0.37021303,0.36187696,1.2086167,-0.28324366,-0.38756514,-0.40587902
TFF1,0.58390427,0.091492176,0.002035141,-0.005402565,-0.38290882,-0.18682718
AVP,0.03625822,0.5902133,0.47729063,0.40571785,-1.9284835,0.84503937
MAPRE1,0.35203552,0.7564125,0.21291542,0.38749313,1.3134422,0.8992348
SPAM1,-0.8023325,-0.65086704,1.365715,0.4003762,-1.3677784,-0.9475641
PRIM2,-0.473248,0.05161476,-1.1433563,-0.20672321,0.16904497,-0.57849026
PRIM1,0.19267082,0.82898617,-0.009215832,-0.2136693,-0.3530693,-0.51637554
IFI6,-1.3570795,-1.0827646,-2.6295404,-2.4129038,-2.070056,-2.0521917
TRAK1,0.023086071,0.043723106,0.29029226,0.1626668,-0.41815233,0.3988638
CUX2,0.6104481,0.21445441,-0.8236501,-0.35156608,0.13112044,-0.4481349
CUX1,-0.04831314,-0.18009233,0.9313545,0.6601124,-0.51048803,-0.2036171
CTNNA1,0.4707384,0.3694563,0.2813692,0.3344183,1.0151958,0.45284748
CTNNA3,-0.6372511,-0.45426327,1.672811,0.47834444,-1.226176,-0.81126535
HRAT17,-0.8977032,-0.6332859,1.2844939,0.4652933,-1.5647955,-0.9322129
GDF11,-0.4883077,-0.4889884,3.3626885,-1.3491161,-0.10297537,-0.7209952
CDX4,0.63193023,0.005262375,1.4423903,0.83792746,-1.4611019,-1.026473
DMRT1,1.6673851,-0.20414472,-0.35386443,0.47775078,-0.9340639,-0.89504766
RYK,0.9243598,0.5724611,2.5739393,0.114566326,3.21731,0.6906471
SEMA3B-AS1,0.5784788,-0.9552671,0.47768474,-0.13224852,-0.15457225,-0.6313393
ENSAP2,0.39938545,0.28882408,0.16579819,-0.7848549,0.44298172,0.12594795
GNAQP1,0.12180424,-0.6360626,-0.17321491,1.8022342,-1.6478405,0.01093483
ETNPPL,-0.6251043,-0.66185194,1.2715495,0.41226816,-0.88998985,-0.27388263
BATF,0.04378891,0.36457062,-0.41077518,0.3123989,-0.42196465,-0.5334606
MAS1,-0.8422736,-0.6352548,1.4439156,0.31417346,-1.3910732,-1.0035329
RNU6-813P,-0.41727448,-0.30873388,6.8518224,0.6578493,-1.2165506,-0.7060162
CTNNB1,-0.1354618,-0.024162292,-0.4309168,0.34238434,-0.59653854,0.1618824
WASHC5,0.14011097,0.36615658,0.17993736,0.23699474,0.8530474,0.14695263
GALNT17,0.36646676,0.35579515,-0.36749387,-0.7859502,-0.3754115,-0.2865491
GALNT10,0.4658165,0.13482475,-1.054533,0.64167213,0.25943947,0.05140829
IL18RAP,-1.1212404,-1.9357542,-0.59400415,0.2647853,-0.4403758,-0.4774871
MAPKAPK5-AS1,-0.21818542,0.07569313,0.28546906,-0.35353184,0.092741966,-0.3322754
DSCAM,0.4242785,-0.24568081,0.2627108,0.26856852,-0.94742966,-0.17836666
KRTAP13-3,0.01628542,-0.47288018,1.5275431,0.6355376,-1.3090523,-0.761944
APLP2,-0.1106987,0.37742043,-1.7903557,-1.0606995,-1.1744432,-0.17968464
APLP1,0.22042179,-0.079064846,-0.20497131,-0.17457008,-0.003952503,-0.50644255
EPDR1,0.122617245,0.9392967,-0.8125615,0.33752108,0.05707836,1.3255606
PRSS58,-0.5413842,-0.34654593,1.738096,0.5720061,-1.1845345,-0.72650856
CDYL,-0.19813061,-0.32386923,-0.36628246,-0.87031364,0.96337414,-0.20366478
MPEG1,-2.222784,-0.9031906,-2.2717361,-0.032842636,-3.1852665,-3.3254738
PRSS54,-0.8196614,-0.61743647,1.3940752,0.43746305,-1.5121326,-0.94258225
SELENOO,-0.52687454,-0.27519608,-0.14328098,0.34737968,-0.25144005,-0.5809555
PHOSPHO1,2.5972257,1.1147449,2.2332678,-0.42160916,3.968813,1.7788458
COL4A2,0.28654528,0.69153833,-0.5280123,-0.69980574,-0.3698902,0.0675292
SELENOS,-0.3433237,0.060019493,-0.046354294,-0.0538435,0.5768595,0.18492031
COL4A1,0.018221855,-0.2944255,-0.8481269,-0.056776524,-0.6365433,-0.39574146
SELENOP,1.3604994,4.4756174,1.4355383,5.7735205,-3.1489358,1.1209164
SELENOW,0.6408653,0.42619896,-0.21896935,0.2764454,0.4644165,0.8284483
APLNR,0.20094633,-1.9707687,-0.027960539,-0.44704247,-1.5998144,-0.3275988
COL4A5,0.26717806,0.1540494,1.5873451,0.72256374,0.46245813,0.052927017
SCG2,-0.67172426,-0.55892426,1.3919585,0.48954177,-1.1140369,-0.4501357
ABCG4,0.35243702,-0.29118967,0.33310008,-0.5064653,0.95707273,-0.10428333
ABCG1,-1.0638065,-1.6214104,-0.92892456,-1.950242,1.3531694,-1.32761
ABCG2,3.5670295,3.2306533,-1.3337526,1.5251403,1.6621671,3.5975366
C5AR1,-0.4202528,-0.8918314,-4.3336706,-3.5874286,-6.547178,-2.107544
PLCXD1,0.8067932,0.05729103,-0.06352043,0.39949417,-1.218133,-0.15119076
ADIPOR2,-0.24063873,-0.08283234,-0.32115173,-0.36176872,0.744915,-0.5073881
ZFP36L2,-0.6887846,-1.0167532,-1.6487179,-0.55370045,-0.75172806,-1.2174168
PSORS1C1,0.40792298,1.1960499,0.59672904,0.7949369,0.030299902,0.1372335
ZFP36L1,1.0099964,0.06388664,-0.40485573,-0.1946392,-0.7696018,-0.3896618
PSORS1C2,0.8638859,2.2715187,0.90727425,-0.7725506,1.2731218,1.1291361
LINC01921,0.01102066,0.5996256,-0.058909893,-0.22881031,-0.1836319,-1.5437757
DMAP1,-0.34089756,-0.046967506,-0.3406353,0.011193275,-0.68581104,-0.48176098
ADAM7-AS2,-0.5804734,-0.4019705,1.646342,0.6018113,-1.2695032,-0.74820334
ENSG00000215022,-1.7881076,-1.3958783,-1.4076903,-2.4209495,-1.1723242,-3.8828266
STIL,0.46576023,1.3158531,-0.12285042,-1.5666785,1.3092585,0.4725275
WSCD2,-0.2311877,-0.62386423,1.4003358,0.33857965,2.450314,-1.010531
NR4A1,1.8114328,0.4383769,-0.24830675,0.18137121,0.7923279,2.4267073
RALYL,0.023027897,-0.23305082,-0.35509825,0.87065506,-1.5913758,-0.41145062
MAVS,-0.47743607,-0.38424873,-0.4485464,-0.38597107,-0.6652422,0.5293789
NR4A3,5.0852814,4.210512,4.5518866,5.1967163,5.543311,6.1783857
SYNDIG1L,-0.82495165,-1.797234,-0.14203286,-1.0258203,-0.7061119,-2.3731997
USP36,0.5065098,-1.2883997,0.6288786,0.58954144,0.7824383,0.29177284
ABCD2,0.5691526,-1.0379905,0.9570725,0.06647158,1.1880627,0.9265673
PCDHGB7,-0.9585644,-0.43157184,1.189437,0.18213332,-1.5603058,-1.1981677
USP32,-0.77371645,-0.46212006,-0.44043636,-1.1436496,0.93025684,-0.86555576
AQP10,1.2756424,0.8513417,0.9989333,0.23137951,-0.10623646,-1.0909002
SLC2A1,1.1196222,1.845521,0.76746464,0.7395315,1.8012066,0.9449768
GTDC1,0.72558594,0.9749012,0.7457104,0.95313454,0.81933594,1.6438532
SLC2A3,1.0624828,1.8622932,-0.97622347,-1.2122893,1.6046686,-1.0913086
SLC2A5,1.078331,0.8297672,-0.45543814,-0.0665679,-0.31835318,0.22062683
CHTF18,-0.11488724,0.5562248,-0.8142252,0.19779396,-0.83287525,-0.19738388
SLC2A6,0.8989954,-0.026620865,0.101000786,0.8773756,1.8515825,1.834425
HTN1,-0.5371367,-0.36606836,1.7405729,0.5694146,-1.2426275,-0.755496
PITX1-AS1,-0.9824755,-1.7408384,0.4028585,1.4682229,0.98727846,-0.30368304
SDR16C5,-0.44353867,-0.43056822,-0.09963226,0.040756702,-0.20464373,-0.10060787
GMPPA,0.17410755,0.24787998,-0.19533348,0.14270115,-0.35265923,-0.42520523
ABCD1,0.44102764,0.26904774,-0.2687769,-0.50104237,0.261034,0.02976036
ABCC3,1.7013474,1.3523865,-0.49512005,0.504303,1.5821133,2.1895285
ABCC1,0.40909672,0.4880724,-0.37062263,-0.1292181,0.6075001,0.002289772
USP49,-0.27989984,-0.55240035,-0.92127514,-0.23510599,0.12469864,-0.36895466
KLF13,0.6146879,0.0620718,0.64402485,1.1433401,-0.6975994,-0.030513763
USP42,-0.5847373,-0.24580336,0.111628056,-0.34494448,0.69246054,-0.3982644
AQP12A,-0.52369136,-0.5131774,1.4996276,0.55634296,-1.3349015,-0.8460884
TRAV6,1.1390471,0.39417934,-0.92225933,0.3547578,-1.1214113,-0.007895947
ABCC6,0.34948635,1.2374048,-0.36359596,-2.5799918,-0.07157707,-1.8382883
CKAP2,0.058248997,0.19129324,0.10759354,0.4684391,0.38833904,-0.425848
IRF1-AS1,-0.6481714,-1.2521732,-1.6645744,-1.1320202,-2.084557,0.28087044
ABCC9,-0.67019624,-0.47596586,1.5992504,0.44510996,-1.3364763,-0.86294407
ARAP1,-0.34822464,-0.30514145,-0.35264206,-0.05665016,-0.17475224,-0.33548355
CKAP5,0.102247715,0.47851515,0.51640034,-1.0075498,1.2187338,0.10425663
TGFBR1,-1.0674253,-0.6025138,-0.025118828,0.58848286,0.059737206,-1.0678568
CKAP4,-0.65057373,-0.52474594,-6.1094155,-3.90301,-2.3078556,-1.2723227
TGFBR2,-0.030109406,0.35370255,0.116327286,-0.5749569,1.0625792,-0.18309021
KLF17,-0.745681,-0.6495924,1.4288394,0.35964084,-1.3618857,-0.9387935
TGFBR3,-1.1124551,-1.1772149,1.2389531,-0.0663352,-1.9448612,-0.94290566
IFNG,-0.4465295,-0.760005,1.1285911,0.20845497,-1.7987717,-0.8951385
IFNK,-0.69252443,-0.5385427,1.4555993,0.48792648,-1.3420159,-0.8614139
USP40,0.074478626,0.12973452,-1.8331876,-0.6843543,0.11908245,0.36008072
USP41,0.68059397,-0.3970871,-2.4138315,-1.6600103,-0.8479581,1.614944
B4GALT6,-0.017323494,-1.589596,0.41312647,-0.47989094,-2.4324124,0.14784646
CILK1,-0.5871577,-1.3340204,-0.9752264,0.94606256,-2.2141452,-0.49896526
SLFN5,-0.60846424,-0.6787791,-2.8171153,-1.07409,-2.156384,-0.6065192
HCN3,0.16642475,0.41445446,-0.27652502,-0.2828927,0.6494398,0.2697072
USP15,-0.4278469,-0.8253727,-0.005084992,0.51540947,-0.7079277,-0.74582005
CAMK2D,0.5759053,-0.63178825,0.09510994,0.2854867,0.02158165,0.25948048
USP16,-0.53872395,-0.35649204,0.09401798,0.7111578,0.17969799,0.29339123
ZNF195,0.43306017,0.14872408,0.07512808,-0.10065842,0.36368132,0.30022955
USP11,0.2139864,0.1442213,-0.26741886,0.5758848,-0.4760952,0.62519455
USP12,0.29438353,-0.25298786,0.6297927,1.719912,0.7716427,1.1824293
SELENOF,-0.17707539,0.1021986,0.01521492,0.61274624,0.01796341,-0.13193703
RMND5B,0.030755997,0.021440506,-0.2548418,0.003229141,-0.40612888,-0.22076988
TFPT,0.67690086,0.76887894,-0.012384415,0.642601,0.36986828,0.41839027
RMND5A,-0.29991627,-0.20340109,-0.3801837,0.31909275,0.58990383,-0.01909542
STOM,-1.1121826,-0.9444065,-1.7104511,-1.577877,-0.3015461,-1.2933922
CAMK2G,-0.45189762,0.03380108,0.26943588,-0.12559414,0.3775797,-0.5041609
IGBP1,0.091033936,-0.34446144,0.047291756,0.030675888,0.59414005,0.25336933
STN1,-0.66587925,-0.31785297,0.45206976,0.89981604,0.628469,-0.391716
ZNF185,-0.16107178,0.8867264,0.004226685,0.7501316,1.1624832,-0.050730705
TRAT1,0.26012063,-1.7026411,0.3605392,-0.39409876,-2.5565085,-0.6579497
USP21,0.09985447,0.2432065,0.2560625,-0.3032217,0.66638756,-0.6231332
CADPS,-0.76545835,-0.639756,1.4372197,0.40059483,-1.3231922,-0.9508493
ZNF181,-0.074457645,-0.083462715,0.68130493,-0.086297035,0.8227072,-0.26524878
SCLT1,-0.68489456,-0.8651428,1.8125553,0.36425018,-1.2279253,-0.8437958
USP29,-1.0282509,0.45800173,1.2663525,0.1186465,-1.6195985,-0.9397775
LRRC37A11P,-0.10841262,-0.4928233,1.5105081,2.5514724,-1.2152272,-0.8117135
H3-5,-0.24087524,-0.16619301,-0.24422646,-0.06742096,-0.12762165,-0.011683464
H3-4,-0.12873268,0.006830216,0.024144173,0.07451439,-0.5255308,0.20794964
PIK3IP1,-0.70138836,-0.68978405,-1.171751,-0.68281364,-2.4618049,-1.1473889
NEURL3,0.49829388,0.46200466,1.0620198,1.9274907,1.6990643,2.4799547
SPRY3,0.13508987,0.14719534,2.6517591,0.31697512,0.23451996,-0.064807415
BAX,0.6244588,0.61836815,0.2617588,-0.23398447,0.83253956,0.18803787
SPRY2,0.9993067,0.6168852,-1.7005968,-2.0000749,1.6176119,0.8029423
HCN2,0.22479439,0.11499405,-0.0638237,1.188755,-1.3124857,0.29764938
