,GSM758903,GSM758910,GSM758914,GSM758924,GSM758944,GSM758951,GSM758956,GSM758964,GSM758968
HCP5,1.5562367,2.41714,1.5127897,2.2226725,1.857625,1.8460684,1.4803839,2.191104,1.9127011
PGLYRP4,-0.3861432,-0.28477287,-1.149402,0.3994621,0.45306194,0.90147877,3.198724,0.021030784,-0.52601355
PGLYRP3,0.6761737,0.030925035,-0.283082,0.10985327,-0.42171812,0.49323416,2.3476977,-0.90812445,-0.5438175
KRT16P3,-0.017862082,-0.35984623,-1.1311551,0.48798287,0.37995172,0.88558125,3.2020187,0.1938175,-0.53395337
TFRC,1.3588009,1.8326683,1.718277,1.5139008,1.7246838,1.2670135,0.20594406,1.7706251,1.8055
SCT,0.81150174,0.59492135,0.748791,-0.22632337,0.35250354,0.66764045,0.64858747,-0.23345876,0.0421288
HTR4,0.54925513,0.31717563,2.1149688,0.5483366,0.5342927,0.97966254,3.2992315,0.15656054,0.93568194
LURAP1L,-0.28710234,0.013328671,-0.9289619,0.6303581,0.7376554,1.1963034,3.4469762,-0.19877887,-0.21058583
EPSTI1,3.3930244,3.4472618,3.6508522,4.086958,4.1565714,3.1385307,4.5684175,3.5250797,3.4730682
BBX,0.31324005,0.5014405,0.73624706,1.0537252,1.0296755,0.055044174,-0.10035992,0.75608826,0.033774376
PGLYRP1,-0.3603444,-0.60426867,0.16605544,-0.1168859,0.20771933,0.2577591,2.5049038,-0.56413174,0.08221507
PRKACB,-2.903067,-3.1251993,-3.2116246,-2.9393325,-3.362317,-2.134079,-3.4521499,-2.6450768,-2.6512089
RC3H1,-0.7216892,-0.30217838,-0.46839046,0.13461304,-0.000401,-0.78544044,-0.4088974,-0.23668194,-0.2046833
BHLHA15,0.2414341,0.27643204,-0.37784195,-0.013334274,-0.27700615,0.48644638,1.0160332,-1.229475,0.19956017
ZNF16,-0.13283682,0.36284828,-0.4935279,0.3816948,-0.39464664,-0.5628953,0.66174173,0.42609406,-0.26648283
BCR,-0.5032244,-1.1871214,-1.099513,-0.99087906,-1.1696482,-0.5696621,-2.0472412,-1.1909037,-1.1853175
DDIT4,3.4809742,4.211688,3.4571915,3.8450775,4.2926645,3.1667538,2.3577652,3.8658857,3.5192337
VOPP1,1.6826801,2.3699894,1.5122051,2.4805984,2.16953,2.1371517,0.033258438,2.1190815,2.4525623
SF1,0.12615204,0.28366947,0.07300377,0.15937233,-0.020740509,0.57414436,-0.35832596,0.4782257,0.34467125
ZNF28,-0.3097825,-0.42084694,0.68791866,-0.08760691,-0.776526,-0.21756315,-0.27919388,-0.25787687,-0.049389362
COL13A1,0.30096292,0.17815018,-0.04133153,0.42825556,0.43439937,0.8890178,3.1344557,-0.28957248,-0.15691769
SHMT2,1.1435928,1.3038721,0.32378197,1.280489,1.2320538,1.8376026,1.1528549,1.302144,1.4853268
SHMT1,-1.7638869,-1.5270782,-3.1287565,-3.2124164,-3.1067717,-2.770317,-1.8154731,-1.8060565,-2.5793328
ZNF24,-0.005811691,-0.046895027,0.18382359,-0.108078,-0.13128662,0.28909492,0.20117092,-0.5287733,-0.07988739
ADAMTS13,0.8119354,0.72171926,-0.32595348,-0.6302762,-0.45748377,0.44230223,0.84141064,-0.9749541,1.8611813
RDH10,-1.039082,-2.6589482,-0.8493209,-2.125762,-2.7993522,-2.5885358,-1.2131805,-1.2867517,-2.665749
LINC01405,1.8054194,-1.2025833,-0.5814872,-0.26299477,-0.47241735,1.2352042,2.7747574,-0.57549095,-1.4546156
GSTM4,-0.5670099,-1.408,-0.83523655,-0.5551462,-3.7297113,-0.69422674,-0.70406055,-1.5565653,-0.46544123
PRPF38A,-0.6462536,-0.4211893,-0.39893246,-0.18880653,-0.4125843,-0.3326435,-0.03422165,-0.1678791,0.053064346
NEBL,2.207335,0.26577055,-1.050943,0.4477185,0.32711184,0.8205985,3.1620092,-0.6235747,-0.59001285
ZNF32,0.49138784,0.24287224,0.7648196,-0.18517303,-0.24423075,-0.65307474,0.49698305,0.31116533,-0.35270262
L1CAM,0.98175526,0.5109236,-0.12578869,1.7765338,-0.08955073,0.31512332,2.5447276,0.6282966,1.4092715
DHFR,-0.5517731,-0.9491854,-0.7099333,-0.93727684,-0.74646664,-0.3687973,-1.2871466,-0.63228035,-0.18995857
MOV10,2.4707088,2.5869951,2.2895308,2.0456524,2.275693,2.4324207,0.8865919,2.728918,1.8561649
PPFIBP1,0.36024857,-0.062747955,-0.37736797,-0.19111538,-0.24833298,0.6883545,0.73259926,0.3058815,0.47468376
PPFIBP2,0.2423935,-0.18215752,0.25006485,-0.56456184,-0.939065,0.6605339,0.09955788,0.041124344,0.34118652
FXYD4,0.9685967,-0.53590345,-0.049255848,-1.2374461,-1.0791396,1.0974307,2.9860644,-1.2491206,4.031105
STRC,1.7109256,2.2823205,0.7310138,2.468041,2.4987264,2.8954692,1.5347924,2.1562572,2.0672522
SFXN3,-0.6672244,-1.0208387,-0.37482262,-1.1823807,-1.0074477,-0.40621662,-2.6596074,-0.5180774,-0.9944291
SFXN1,-0.099935055,-0.003463268,-0.6148598,0.105585575,-0.8751502,0.5411854,1.4669471,0.024953365,0.8223252
PKIG,2.1583219,2.776867,3.2100015,2.334951,3.5836682,2.0642881,2.586331,3.2962728,1.014823
SFXN5,-0.3163848,0.47382712,0.011399508,-0.5060737,-0.5859134,-0.28767776,0.732887,-0.09498286,-0.69067335
PRKAG2,0.93425083,1.0645838,0.79994106,1.372962,1.4079447,1.168498,0.79635906,1.1342402,1.2215738
ZNF44,-0.7516778,-0.52118105,-1.0306331,0.22489095,0.23650181,0.6771498,2.9861817,-0.7287814,-0.7168793
ZNF45,-0.13902283,-0.07576132,0.3955841,0.53561115,-0.469779,-0.6683178,-1.009655,0.22938967,-0.38842058
SHB,-0.65243673,-0.32184696,-0.700037,-1.3547668,-1.9629054,-0.26029587,-2.288527,-1.2630024,-0.88532066
SHD,0.35378218,-0.011412144,-0.005395412,-0.82575226,-0.3544755,0.16908836,0.7123213,-0.7110157,0.11879444
NPAP1,0.41072392,0.9930496,-0.4194529,-0.19511378,-0.19115698,1.1774011,2.5290518,0.74654436,-0.548249
MMP24,0.39129615,-0.2095263,-0.08124542,0.046869516,-0.09490943,-0.12630272,1.9765825,-0.56212044,-0.68004
MMP28,0.647274,0.96069527,-0.27530193,-0.12234664,0.23320341,0.87820625,2.0695152,-0.017374516,0.20486021
STUM,-0.07399881,-0.6389997,0.482399,-0.18884516,-0.18797994,0.25456643,2.7934835,-0.3545667,-1.1422042
BGN,-0.13993096,0.03956747,-0.20883322,-1.3184752,-1.7826614,-0.21632051,1.0428352,-1.5145535,0.007231474
ZNF57,-0.6512928,-0.676322,-1.0061674,-0.271286,-1.6952796,-2.1316762,-1.9688048,-0.89149094,-0.9435358
TOMM40L,-0.2559147,-0.2785654,-0.11816883,-0.72514915,-0.54443836,0.08913422,-0.69129944,-0.3708067,-0.22599792
MMP11,0.5159695,-0.18184829,-0.9964378,1.1598253,0.22790813,-0.10834241,3.579265,-1.0821376,0.26321793
TMEFF2,-0.45459563,-0.15389526,-0.8641,0.6156305,1.1753448,1.0536293,3.359558,-0.3292067,-0.35982352
MMP16,-0.38370705,-0.07200682,-0.9322697,1.1684865,0.6754986,1.119362,3.392703,-0.2526642,-0.27208996
PTRH2,-0.10483456,-0.39256573,-0.41532516,-0.39765453,-0.52837753,0.07506657,0.9575739,-0.27849102,-0.014748573
RAPGEF1,1.6814871,2.4493475,1.2511396,1.8378248,1.8548222,1.3193979,-0.17234325,1.5241814,1.5369005
RAPGEF2,0.7219906,0.70519257,1.2507715,1.5167289,1.4849601,1.4698238,2.4773383,0.97474,0.6857338
CRYAB,-0.23112965,0.04645729,-0.5749512,-0.47787285,-0.31287193,0.06887388,0.9248357,-1.5093439,0.23195267
TRUB2,-0.22415161,-0.5329943,-0.58864975,-0.85214996,-1.1061211,-0.15804672,-0.5657463,-0.32719994,-0.29421997
EMX2OS,-0.4087792,-0.11186266,-0.9208653,0.5327238,0.65326345,1.0634836,3.3387723,-0.3041886,-0.35828817
SZRD1,0.82371664,1.164238,1.1390438,1.27427,2.0406122,-0.10876274,-0.6823263,1.1285949,0.5030527
PKN3,2.3476777,2.6508746,1.2899065,1.9469047,1.7423053,1.925909,0.09665346,2.598887,1.7277555
KCNA1,-0.42564148,-0.11628103,-0.9273306,0.54967296,0.64671004,1.052747,3.3299165,-0.30464494,-0.36951852
PTAFR,1.0809441,0.41132545,1.4650154,-0.63910866,-0.000599,0.78417206,0.28741074,0.87028503,0.10580826
ADAM22,1.9044895,2.5683613,2.1299653,-1.2517081,0.9380555,-0.21495175,1.5832973,1.2912679,0.43770885
CCM2L,1.7235298,0.2444272,2.6554804,1.2774315,0.33636594,3.8606696,3.1540723,-0.09120047,1.8255017
ADAM20,0.31036162,0.44457912,0.6944375,-0.7007165,0.48543024,0.8623359,1.4111919,0.85621023,-0.5692339
SDAD1,0.12544155,-0.56081295,0.07153988,0.5745611,0.091628075,0.25891256,-0.38947868,-0.30058908,0.14865589
ADAM28,-0.6288409,-1.42664,0.7881546,-2.4678252,-0.5765414,-1.2168155,-1.2561898,-1.3034663,-1.6612511
UBE2D3P1,0.4638424,0.6034155,0.23864937,0.61190796,0.4610691,0.32147217,0.71751404,0.19402885,0.760355
STX6,0.8630924,0.5404177,0.67132473,1.1580029,0.83218956,0.21471405,1.5852451,-0.16650677,1.3623505
RICTOR,0.63442993,0.6752138,1.4238214,0.8693905,1.2458172,0.6864319,1.844738,0.90696335,0.7982502
STX2,-0.81506634,-0.36382294,-1.4557743,-0.15107822,-0.20443535,-0.6840105,-1.0413733,-0.82242584,-0.1399622
SPDEF,0.421937,0.32219315,0.108520985,-0.28965998,-0.05789852,0.41029072,1.1595564,-0.37412882,0.89328337
EGLN1,-0.7019825,-0.44909954,-0.28916836,-0.8210468,-0.7631216,-0.94511414,-0.6687546,-0.24533558,-0.77718925
EGLN2,0.71938705,0.9532776,-0.095570564,0.26709747,0.4374771,0.22112465,-1.1902332,0.99321556,0.11825371
MBD6,-0.32108307,-0.022737503,-0.24181175,-0.405859,-0.24840164,0.40068436,-0.1850586,-0.0943985,-0.019739151
BIK,1.1436205,1.2664332,1.5699325,1.1568723,0.6915755,2.6461005,2.0183935,1.3682961,2.3578134
MCRS1,-0.5825262,-0.3154316,-0.79954815,-0.31502438,-0.47424698,-0.6126833,-2.47161,-0.16330147,-0.97411823
MBD1,0.18451977,0.64254665,0.13547087,0.39818048,0.4458785,-0.19620657,-0.32752466,0.7226906,-0.090117455
KIAA2012,0.47461605,0.4689331,-0.3378458,-0.30301952,-0.24691582,0.260602,-1.7198982,-0.5463705,0.3410635
ZNF77,-0.9811077,-0.8847761,-0.3121376,-0.7054424,-0.35028076,-1.1066909,-0.1843276,-0.4936142,-1.3207726
ADAM30,-0.56071335,0.004325748,-1.1633208,0.49012804,0.6904564,0.88217974,3.229424,-0.55229294,-0.5265273
KIAA2013,0.14326382,0.24754524,0.10341072,-0.19297695,-0.16955948,0.5794611,-0.03154564,0.41907883,-0.15002537
SKI,-1.1381764,-1.8961768,-0.49958515,-1.3052549,-0.889256,-1.9239736,-0.9528723,-2.4657521,-1.0394058
ZNF70,-0.27675438,-0.21493673,0.33156872,-0.09625912,-0.26923227,1.1735721,0.46159887,0.40743637,0.30180454
KCNG1,0.61088943,0.56742,0.23058462,0.15464973,0.19146204,0.73321724,1.9613152,0.35782337,0.5471096
PDCD7,-0.022400856,-0.13568115,0.25290775,0.32395077,0.17121315,0.4084406,-0.075276375,-0.09712124,0.7473135
RASL11A,-1.2962794,-1.2609649,-1.7511549,0.21502972,-1.6360335,-1.0623956,-0.13961363,-1.5704198,0.4556241
FBXO25,-0.33874226,-1.1726646,-0.35432863,-0.3904891,-0.47881508,-1.9602983,-0.16443205,-0.8711896,-0.969152
IL1RAP,-0.55698013,-0.6413355,0.28289032,-0.50247335,0.000669,-0.749094,0.18823385,0.18692064,-0.77923965
APEH,-0.28546143,-0.33158302,-1.037075,-0.6036873,-0.77702427,0.20913124,-0.69008636,-0.48166752,-0.3488121
FADS2,-0.094932556,0.29855347,-0.6740494,0.8651867,0.019219398,0.7293987,-0.42721653,-0.1783514,0.6385555
POFUT2,0.596262,0.8879051,0.008275986,0.7016201,0.7720785,0.9140625,0.16987228,0.8861885,0.92772484
POFUT1,0.2599082,0.35445118,-0.4299097,0.36564827,0.035432816,-0.83544993,0.6456437,0.26744795,1.2850533
POTEI,-0.35899055,-0.1491847,-1.0253778,0.68507373,0.84244514,1.0609806,3.4128473,-0.35868537,-0.33141524
FNTB,-0.53429604,-0.22516346,-1.1554008,-0.5813904,-1.05868,-0.59037066,-2.0188518,-0.42444324,-0.82872725
NFATC2IP,0.32959986,0.47714663,0.22879076,0.9215226,0.7005944,-0.018488407,-3.024211,0.6994605,0.6342015
POTEE,-0.4739734,0.21518207,-0.9776132,0.46644127,0.46360362,1.0227792,3.337812,-0.45986962,-0.42519575
NEK2,-2.0606287,-1.939709,-2.7570982,-1.2117027,-1.2368834,-0.6728287,1.5428412,-2.0689154,-2.1570346
MAP3K9,1.1319537,0.8024411,0.94376993,0.10753536,0.8344307,1.7127986,2.0065045,0.174438,0.8110461
TNFRSF4,3.4619026,3.339243,2.9792671,3.2100964,2.4343958,4.7972126,4.0096073,3.3704271,4.016264
MAP3K7,-0.37491798,-0.33412743,0.114831924,0.15327835,0.07417107,0.07542229,0.15672684,0.023439407,0.21077347
MAP3K5,0.33664513,-0.1689539,0.50422955,-0.027772903,-0.23802376,0.5373421,0.85876465,0.12198353,0.120918274
KCNH2,-0.13821042,-0.09935558,-0.9454652,0.6626775,0.6539997,1.1031646,3.4250998,-0.2568773,-0.18214118
FBXW4,1.3563719,1.8424034,1.0841436,1.152358,0.9271736,0.60015583,-0.17274189,1.7070694,0.3862543
KCNH5,-0.3327654,-0.019778132,-0.8461505,0.65737927,0.74147844,1.1324266,3.3871574,-0.22019172,-0.2951575
FBXW8,-0.37697172,-0.18155146,-1.1049185,0.15977955,-0.76679325,-0.9050026,-0.14574575,-0.06871605,-0.4820056
KCNH6,0.26227522,0.77095747,-0.4082532,2.1945772,0.56914663,-0.2450304,1.5700583,-0.9025395,-0.23277998
FBXO16,-4.2405577,-3.04137,-3.1659598,-2.4879048,-2.7109857,-2.7400405,-0.44460678,-4.2276683,-4.153348
FBXO17,0.74059296,0.64070415,-0.16165257,0.14410973,0.25738811,1.0522766,1.269247,0.6398506,1.4508114
FBXO15,-0.3386364,-0.6889415,-0.55130196,0.35429525,-1.2464137,0.001134872,-0.39366102,-1.3757699,0.38501072
SRCIN1,-1.3254824,0.034511805,0.89182854,-0.16574693,-0.32853484,0.96840954,2.6165752,-1.2454686,-0.20630193
FBXO11,0.09352875,0.40911198,-0.12385559,0.84594536,0.7047491,0.20365524,-0.017296791,0.3871174,0.41192055
PIAS1,-0.04844284,-0.110466,0.18789387,0.40209007,0.21832943,0.31270027,-0.38402462,-0.10254288,0.28666496
MSH6,-0.5105419,-0.04284954,-0.6256323,-0.021289825,0.046125412,-0.118019104,-0.44664383,0.120051384,0.35381126
NPAS4,-0.51994324,0.5394442,-1.1379668,0.5549133,0.43842554,0.9128628,3.2494094,0.28099358,-0.48448825
MSH2,-0.85226107,-0.83689165,-1.0378399,-0.4153514,-0.8915744,-0.9263315,-1.15271,-0.49323225,-0.284894
PKP3,0.05467415,-0.14060211,0.33176374,-0.8971622,-0.30542707,0.40733647,1.6883383,-1.2399236,-0.49095154
KCNE1,2.4169922,3.0550795,3.6163254,1.9913025,2.4909124,3.9672565,3.357317,3.5903568,3.0646305
BLM,0.6332092,1.9955492,-0.001704216,2.172615,1.6021175,1.6853275,-0.44178772,1.8211279,1.7030525
GSTT2,0.029855728,-1.5170074,0.79119587,-0.43538904,-1.3469596,1.1240311,0.73621845,-1.2578564,0.4577055
FBXO46,0.4704628,0.5194731,0.3803072,0.8990593,0.8447132,1.2438946,0.5661049,0.57872677,1.2410831
NPAS1,2.3497438,1.3300319,2.2559686,0.38353014,1.2280893,2.451418,2.841497,1.1620984,1.4024115
CCDC144A,0.93840694,1.0243411,0.4116578,0.1361022,0.7220931,0.7257948,2.7317276,0.13855314,0.5654383
FBXO42,0.021518707,0.38766003,0.53934383,0.496706,0.19643784,0.8009243,0.32759857,0.57107735,0.5860672
NDOR1,0.4645481,-0.36434555,-0.45293236,-0.19108391,0.057291985,0.59169006,1.0825901,-0.5003443,0.5934124
ZKSCAN8,-0.027906656,0.0768826,-0.6080575,-0.26969576,0.16210055,-0.30677843,0.89000463,-0.060388803,-0.64203477
ZKSCAN3,-0.32186985,-0.3094039,-0.37996817,-0.09512091,-0.7133832,-0.591207,-1.0965233,-0.289773,-0.16603899
ZKSCAN2,0.5852709,1.0124865,0.8463764,1.3839941,0.9085088,0.5965891,0.80161524,1.2291875,0.46876907
CERT1,-1.1185513,-1.0586119,-1.3021345,-1.1238003,-0.9672041,-0.8904648,-0.9459801,-0.96512413,-0.51049423
ZKSCAN1,-0.3574047,-0.018834114,0.033621788,0.13862991,0.07450676,-0.27293015,-1.0134468,0.177392,-0.3074913
NEK8,0.4306488,0.8243551,0.44826317,0.2687211,-0.1385262,-0.42949605,0.92326164,0.4963112,0.21432447
LINC01485,-1.0587851,0.46556497,-0.1317544,-0.33304405,-1.1532884,0.15570879,1.5927231,-2.0716891,-1.3440695
NEK4,0.33637142,0.54205227,0.64297104,-0.2027092,0.7309933,0.7213869,0.8727064,0.67751884,0.39031887
RASL10B,0.3427682,0.2326436,-1.1075611,0.6627741,0.67539215,0.006613731,3.6846428,-0.8345566,-0.67772937
TNFRSF9,4.1106663,5.2899923,4.199641,5.8816566,5.322604,4.56172,3.6347694,5.28131,4.8986053
FBXO38,-0.7830324,-0.5468683,-0.12278938,0.3470707,0.05592537,-0.8735819,-0.41629505,-0.06630993,-0.22919273
HTR1D,-0.10136187,0.25351298,1.2084328,-0.3751583,-0.27645993,0.5339383,2.506122,-1.2128801,-1.0757377
STYX,-0.5306525,-0.3853631,-0.7040796,0.4057412,0.37151194,0.09502649,-0.14791584,-0.42528105,-0.260427
HTR1A,-0.428993,0.22109365,-1.4619094,-0.35287333,0.73177123,0.2689948,2.5648117,-1.2222078,-1.1305163
RFXANK,0.46548748,0.5082989,0.2612028,0.26478672,0.30021477,1.0983915,0.59022427,0.5617933,0.40383434
FBXO32,2.009777,2.3909378,3.2078943,1.7944393,2.007471,2.6981583,2.8879147,2.5778208,2.5699444
C6orf15,0.12645674,1.1553476,0.20901632,0.3010459,0.09485865,0.5505843,2.7910542,-0.6358937,-0.8391895
DRAP1,1.1511078,1.0811253,1.1956949,0.44138718,1.0575581,0.7796135,1.6990128,1.2390642,0.36016273
SON,0.4239273,0.61367464,0.60332966,0.60833836,0.7111473,0.2394619,0.18096352,0.4465952,0.41701412
VNN3P,-0.7188163,0.1424067,0.014355421,0.8776405,-0.29418373,0.15560246,2.4675696,-1.2318428,-1.25625
SP2,0.037628174,0.3720708,0.43172836,0.79648685,-0.027819633,0.8265619,-0.41814423,0.56051064,1.0025396
SP3,-0.22281933,0.1283741,0.34829903,0.62821674,0.5580082,0.092473984,0.8898306,0.20871162,0.4839697
MNAT1,0.5677967,1.0383472,0.36736393,1.4483757,1.2330837,0.74193954,0.75369835,0.97431755,1.4941006
LRCH3,0.7589333,0.41015887,0.013026953,0.71849084,1.1160598,0.90672684,1.9297271,0.2258625,1.098897
BCAR3,0.82714653,0.6093912,2.2090197,-0.19152164,0.6042948,0.8609581,1.2355385,0.9559479,1.2407608
ALAS2,0.30349493,0.45409012,-0.5810952,-0.016140461,-0.031253815,0.54662323,0.954103,-0.5738554,0.11518431
BMP10,0.56378746,0.7437265,0.08886671,-0.539587,-0.005099535,0.08504057,1.8128705,0.4567864,0.7360711
LINC02762,-0.029660702,0.8593621,0.48901033,0.36337757,0.78704023,1.1193929,2.180705,0.8183737,0.8739724
PIWIL4,1.4024782,1.4445477,1.760396,1.7053022,1.6952581,2.1602182,1.1919031,1.5360174,1.5984125
ALAS1,2.9741564,3.528635,3.1495228,3.4717588,2.8009844,2.2266798,1.8349457,3.1110182,2.742652
LRRC37BP1,0.30768204,0.07858276,0.38280392,0.39303207,0.41346264,1.1522312,0.6170578,0.21157455,0.48633957
DYSF,-0.9330187,-1.8189282,-0.8067751,-1.0926118,-0.15095043,0.165102,2.2975073,-1.4603162,-1.3363471
BICD1,1.1573443,0.53818464,0.6072278,1.3454876,-0.96659636,1.2187171,0.7518163,0.86652803,1.4295063
TNFSF13B,2.9399033,3.0078678,2.9547234,2.8173637,3.340496,2.520815,3.2117157,3.0368757,2.5552044
UNC80,-0.20930552,0.008153319,-0.89820325,0.8076613,0.7524351,1.2125609,3.5659719,-0.19911933,-0.18250173
SPR,0.9644146,0.9556503,0.7982731,0.7319412,0.571538,0.9499588,0.95004845,1.0425415,0.89261436
BOC,0.7621429,-0.75734425,-0.5697038,-0.001703739,0.001703739,2.2026157,2.711935,-0.92407954,-0.57940257
SPDYE1,0.17568803,0.90031576,-0.18933773,0.19095564,-0.6599767,1.10743,1.8733673,-0.50995994,0.6305566
SPDL1,0.11120367,0.6966057,0.50269413,0.7804327,0.63301945,0.03663397,0.4610777,0.5797076,0.3894906
NEO1,0.5932493,-1.8635747,2.2664003,0.34814453,1.2178769,1.6854453,2.1314178,0.017652512,1.8046346
BCAS2,0.5196638,0.628252,1.0222616,0.9330435,0.6536522,0.4985056,1.5576239,1.0591879,0.847373
MBL2,-0.34551382,0.6347699,-0.7987212,0.52695084,0.5940368,1.1630414,3.4649107,-0.33269274,-0.23636597
UNC45A,0.5511651,0.24949455,0.10167217,0.41977167,0.6589241,-0.10201883,-0.15521479,-0.08886957,-0.30698633
CERS3,-0.28848177,-0.000923,-0.7884265,0.71190715,0.7659472,1.1960348,3.4931388,-0.18446422,-0.21876395
CERS4,0.39535618,1.5556498,-1.0180655,1.774682,0.23862839,0.77902746,-1.6576438,1.1516504,1.1335235
BCAS3,0.006065846,0.2421484,-0.02055645,0.10915947,0.22193241,0.72490215,-0.16617632,0.35318375,0.41698313
UNC45B,-0.7536921,-0.37802947,-1.3696783,-0.020019293,0.34649146,1.4879546,2.8075602,-0.6436752,0.87706137
SLC36A2,-0.37831736,-0.17780149,-0.85536885,0.5172385,0.56234205,1.1235267,3.419125,-0.3652498,-0.2857151
VPS13D,-0.28891468,-0.1831212,-0.65272,-0.31907988,0.20783758,-1.187077,-0.53674936,-0.20221138,-0.6689334
VPS13A,-0.1762023,0.002993584,0.034533024,0.52772427,1.1259584,-0.37085676,-1.0879855,0.64504766,0.3862791
HTR3D,-0.33126104,-0.35420513,0.89034104,0.28709304,0.38533163,0.86563253,3.1502545,-0.54624915,1.5253899
VPS13B,-0.15917873,0.31189585,-0.5405574,0.61651754,0.9815316,-1.4730291,0.2805972,0.35275602,-1.2762094
HTR3A,1.2399979,1.0626321,0.73769,-0.7578199,-1.4132941,0.03793311,1.3897328,-0.6892297,-0.30688024
CES4A,-0.44955444,-0.3177781,-0.7339792,0.85513115,-0.6136918,0.78624725,0.5084777,0.002432346,-0.034214973
MSL1,-0.52836514,-0.18826771,0.03892517,-0.4900427,-0.87021446,-0.68075657,-1.0962782,-0.31846237,-0.0509367
C1D,-0.02842331,0.338809,0.48016262,0.59010315,0.27802658,0.2827053,1.1053028,0.62316704,0.6297779
BPI,1.9235215,-0.20902586,2.2582703,-1.377053,0.03559351,0.45215273,2.0128818,-0.5254376,0.04088545
C1S,7.734458,7.4268103,8.810929,6.2254114,8.089234,8.631207,7.767541,8.09536,6.8246145
UHRF2,-0.21108818,0.3943782,0.27909946,-0.056201935,0.25210142,-0.35889387,-1.8941293,0.3510399,0.03006363
C1R,6.3313074,5.956955,6.973365,4.875367,6.494199,6.8389807,6.8309965,6.621316,5.5595236
SRF,0.41631365,0.30747128,0.06829357,0.5417061,0.5079808,0.70354176,0.41901112,0.6791043,0.003620148
LRTM2,0.54324865,-0.7084445,0.7219329,0.13171017,-0.033533573,0.42120123,2.715397,-0.4787234,0.094016194
MLLT1,0.3842826,0.8386731,-0.0701623,0.28739738,0.21832609,-0.046753883,0.9805689,-0.18448639,-0.12220287
IL2RG,1.488594,1.7176428,1.8493195,1.4255695,1.4042244,2.1101341,0.27893257,1.8701782,1.4802303
MALT1,0.54789305,1.2351217,1.0940285,1.569879,1.6616125,2.0535936,0.32160664,1.1459188,2.5232897
U2AF2,-0.078424454,0.051965237,-0.7924948,0.012185097,-0.05621767,1.144969,-1.726892,0.3467555,-0.4797368
LINC00113,-0.39299995,-0.06957221,-0.890412,0.73373175,0.6828244,1.1410732,3.4102597,-0.25601566,-0.26315182
KCNJ2,0.34390163,-0.96212673,1.2608318,-2.6104465,-0.21469879,-0.5725546,1.0211515,-0.30416775,-1.7666779
KCNJ3,-0.54906464,-0.28219336,-0.43927217,0.46285176,0.48090267,0.9205003,3.4223607,-0.4773215,-0.4801939
NOP56,-0.46239853,-0.86178017,-0.6288862,-0.90618134,-0.2929144,-0.76511574,-0.9245243,-0.65541744,-0.19945335
COL26A1,0.5976,0.3022895,0.27388,-0.23734236,0.04007101,0.058895588,0.7255449,-0.48985195,0.3100996
GPKOW,0.64126396,0.7186117,0.7201061,0.49570847,0.8357487,1.0112877,0.024321556,0.7109928,0.88970757
PRKCZ-AS1,0.011431694,1.4793212,-0.5516565,0.1633575,0.80489516,1.3136053,1.9526536,1.0899618,0.77611136
SPDYE3,1.0271883,1.422194,0.08122635,1.119926,0.69459534,1.9320726,1.2401462,0.26038718,1.6932392
APLN,-0.14638805,-0.2656865,0.37271357,-1.2969047,-0.8743181,-0.5255754,1.3335233,-0.9565282,-0.8232882
GSTZ1,0.35378456,0.19090366,0.17578411,0.19866753,0.16116428,0.6471157,0.48713684,0.19837666,0.12773514
IL2RA,5.6517324,6.2848682,5.3402815,6.4732227,5.94083,6.4475164,6.437832,6.5617476,6.757432
IL2RB,0.56441355,1.1284347,0.30128717,-0.15476084,1.1638288,1.5461097,-0.047127724,1.320168,1.417254
ST7,0.00330925,0.007674217,0.31717396,0.61782646,-0.053952217,-0.023540974,-0.9235592,0.4269061,0.3072214
PDCD1,1.000854,0.55906963,2.1038542,-0.26211262,0.30208158,0.94055986,1.8707695,0.58329725,0.23828983
EGFEM1P,-1.0340555,-0.2775693,-1.5891538,0.02965796,0.40070462,0.42919588,2.7321897,-0.5983459,-0.9922376
KCNK3,0.08128381,0.54546475,0.17967391,0.16006875,0.11580753,-0.5107107,2.8892152,-0.22413707,-0.03835821
ENSG00000234352,-0.29857773,0.070073605,-0.8167974,0.6011722,0.8106502,1.142829,3.327084,-0.16413486,-0.29163194
CERK,-1.56002,-0.5114851,-1.289361,-1.4828687,-1.0603905,-1.0951476,-0.16521358,-0.46417475,-1.0813184
STH,-0.002237558,-0.3754444,0.35121822,0.41475892,0.38426185,0.832057,3.1540928,-0.5717056,-0.56424195
MT1X,3.5319023,1.925827,3.0011148,1.9692574,2.8905325,4.2969036,5.8706455,2.1263113,2.7767544
RCBTB1,-0.8940444,-0.91079235,-1.4218073,-0.99703264,-0.7053461,-1.3210092,-1.2792201,-0.4459796,-1.4751482
RCBTB2,-1.4067774,-2.1043034,-1.1376505,-2.3311472,-2.0220394,-1.8708143,-1.5041084,-2.0016203,-1.446065
LGALS3,0.05013275,0.25875378,0.22168446,-0.24342155,0.20224667,0.11304283,1.3089333,-0.016178131,0.58410645
C4A,5.3776875,4.539151,3.8778925,5.38414,4.27882,5.2576103,3.2822552,4.515073,4.6133423
MT2A,3.3145351,2.0554314,2.812685,2.6965446,3.0540266,4.1441193,5.7927837,2.213808,3.0886765
LGALS1,-0.4039936,-0.31318283,-1.0783119,-0.002962112,-0.5137615,0.5982609,1.5967274,-0.5348587,0.33127213
IL36A,0.1510899,0.0719924,-0.64930916,-0.8239732,-0.050495863,0.08152819,2.036739,-1.337687,-0.6239605
IL36B,0.23618221,-0.36097622,-0.0655787,-0.6192765,-0.74274945,0.01534605,1.9365973,-1.3714073,-0.7555907
PEG10,-0.4878086,-0.21681386,-1.0472449,0.66219664,0.53029215,0.99649775,3.2758174,-0.389248,-0.3897866
TNFSF10,3.4938622,2.9464045,3.9997416,2.9203968,3.7874832,3.462164,3.5585442,3.3813925,2.6362858
TNFSF11,-0.2626189,-0.13300943,-0.3041749,0.6352459,0.6090281,1.3218629,3.3649478,-0.033560872,-0.11752987
ATXN7L3,0.5093775,0.7024908,0.4123516,0.18302822,0.5803566,0.7131033,-0.57166195,0.658576,0.43387508
LGALS7,0.1537404,0.18482828,2.8467484,0.14254856,0.3471632,-0.006211281,2.8680382,-0.46317387,0.6942587
CER1,-0.2497558,-0.025231004,-0.97615504,0.7285106,0.7182108,1.1730856,3.5121808,-0.23040378,-0.22881013
QRSL1P1,0.7357383,0.91080475,0.5796933,0.82228756,0.36359024,-0.26404524,-1.2992244,0.95020103,-0.09798241
LIMCH1,-1.7045722,-0.5859773,-0.7113683,2.3003597,-0.1814456,0.5241754,1.7037702,0.06256795,3.0970216
DRAIC,0.34868932,0.4219036,0.8713527,-0.33321476,-0.12679219,0.8696861,2.4425683,0.030146837,0.38272452
ZNF542P,0.6711683,0.70133543,1.2405767,0.77065945,0.2619691,1.1211443,1.295785,0.9848299,0.1407218
CRISPLD1,-0.069185734,0.3484943,-0.9805616,-0.10409534,1.0325992,1.5480683,2.892379,0.75749636,-0.25286353
CRISPLD2,3.1410327,1.8561935,3.7941046,3.0800824,3.1311283,4.167937,2.9196582,1.7926388,3.536026
NINJ2,0.030147552,0.5146694,-0.63041306,0.9511318,1.5697546,0.2718792,-0.39359093,0.18244839,0.045715332
SUB1,1.0177689,1.567173,0.91606236,1.562212,2.0905008,0.66017723,2.710905,1.5140676,1.424818
NINJ1,1.7105932,1.9592419,1.8596802,1.3292265,1.4278479,2.8728247,2.2423716,2.0498009,1.7005568
GLIS3-AS1,1.0802454,-0.6342603,0.18928587,0.003621459,0.106678486,0.52341187,2.8054047,-0.84945464,-0.8956157
BTK,-0.37592793,-0.61305094,-0.6575389,-1.1662517,-1.1647654,-1.2453175,-0.6911235,-1.0186334,-0.7074814
MT1F,3.3017664,1.5952682,2.923809,1.9939604,2.4502468,4.7625113,6.3582106,1.9870996,3.1647215
KCNQ4,0.90619326,1.7842455,-0.6877537,0.15008831,1.0027285,0.7118063,2.7984333,-1.1849799,0.18122864
MT1H,3.848153,2.2050257,3.2324638,2.1582308,3.0528002,4.693328,6.318507,2.518179,3.0706873
DOCK9-DT,-0.5547537,1.7198119,3.2394955,0.3490212,0.5413474,1.3582537,3.2750528,0.5292804,-0.34405696
CES3,-0.33337235,-0.00851202,-0.7915213,-0.05013275,-0.26506376,-0.69471717,0.7569883,-0.59329057,-1.0368445
CES2,-0.123906136,0.26264906,0.002948284,0.051905632,-0.17838764,-0.30341387,-0.2647195,0.18607569,-0.6167693
CES1,5.5861425,4.1248884,5.4488964,3.9262762,3.2226915,5.508806,5.602188,4.845212,4.6306057
GRB7,0.56174326,0.08684158,0.6352377,-1.4412293,0.3138914,0.4855857,1.3254652,-0.39903212,-0.14807606
CETP,-1.6309688,-2.0479198,-0.92477417,-1.3672633,-1.5229093,-0.8004091,1.6770964,-2.0582356,-1.7984271
AARS1,0.17228794,0.4353485,-0.63154507,1.0122461,0.79483604,-0.14506245,0.38014507,0.35525322,0.19820118
SDC4,2.0760307,2.3862486,1.8502016,2.3601322,2.3663692,1.6536083,1.1529293,2.2015524,2.023983
DHX8,0.29599667,0.33051586,0.31917572,0.11254978,-0.0814209,0.7472029,-0.6860485,0.25463486,0.23779774
RRAD,3.6707578,4.2380996,3.6724572,4.1654077,4.5483212,4.917065,4.0669036,3.6361175,4.8943543
SDC2,-0.5779979,-0.11938095,-0.16962624,-1.8268819,-0.1444211,-0.6124871,0.78399754,0.5133486,-0.06845188
ZBTB2,-0.036231995,-0.2608037,0.917099,0.13860321,-0.40699148,0.65271187,0.6951313,0.23193645,0.010520935
NKAIN3,-0.86827135,0.25619006,-1.4372771,-0.29413188,0.018636465,0.88199496,2.666895,-0.899382,-0.900087
H3C1,-1.330843,-1.609704,-1.3086815,-1.8156357,-1.189477,-1.5528984,-1.330864,-1.7581425,-1.1732864
STK38L,-0.553905,0.00982666,-0.17133856,-0.58323336,0.11922455,-1.0370574,-1.266417,0.21216726,0.03922844
H3C3,0.8141098,0.9100704,0.7683058,0.5727196,1.0494251,0.31145287,1.3218021,0.7795162,0.69639397
KCNN3,-0.36329097,0.67691517,-0.0359931,0.46923566,0.59492314,1.7822092,3.4906702,-0.3042432,-0.22705436
APOE,-0.32825565,-0.2639761,0.69045544,-2.3474436,-1.4580173,-0.33106518,1.5652208,-0.19221306,-1.2505598
TNFSF18,0.5914252,2.570844,1.0324287,1.0281196,3.9425824,0.7895293,2.9941409,1.6820998,-0.27012157
SLC10A4,0.24509847,-0.65313315,0.015491247,0.22010744,0.09879708,0.5561652,4.1226234,0.25649834,0.5873995
NTNG1,-0.47616446,-0.22344702,-1.0247332,0.624944,1.2184219,1.8358524,3.3546376,-0.43042248,-0.40342742
MSR1,-2.5104675,-3.7666268,-1.9780321,-3.678814,-3.5093331,-2.5876708,-1.493041,-2.7682114,-3.5647945
XBP1,0.29761314,1.1071815,0.3158598,1.2323093,0.9257479,0.3538437,0.36356163,1.1076508,0.3885727
APOBEC3F,0.64359474,0.7488384,1.1620474,0.38707733,0.7368479,0.78121376,-0.04475403,0.85922337,0.61135864
SLC10A7,-0.7907772,-0.5072165,-1.3281602,0.39350736,0.2378751,0.70030713,2.9843338,0.3973391,-0.69441485
APOBEC3G,2.6547842,3.0609102,2.9125566,2.9523115,2.9347477,2.261016,1.6092367,3.2979107,2.5938177
TNFSF14,0.74812126,-0.5049982,-0.007788658,-1.1899815,-2.3953075,-0.04950905,0.13353729,-0.65091515,0.24086952
TNFSF15,-3.4435427,-2.3225832,-3.3065104,-0.5775871,-3.3200388,-2.5365858,-0.5142884,-2.629346,-0.9681802
SLC10A2,-0.5512495,-0.45770597,-0.47665215,0.52092457,0.65989876,-0.47816205,1.8244865,-0.20254493,-1.93436
TNFSF13,-1.0206146,-1.7900305,-1.6074305,-1.8592548,-2.418786,-1.3565655,-0.71958923,-1.7279339,-1.0261211
IGF2,-0.19765925,0.009421587,-0.58918715,-0.04113388,-0.045902252,-0.09495616,2.559372,-0.8155986,-0.45331657
IL36G,-1.031013,0.09220147,1.0343833,0.61121774,-0.42513156,1.8615718,2.1588883,0.27516294,1.3932979
SUCO,0.6259403,0.9919739,0.56643677,1.4252949,0.99765587,1.1645794,0.84681606,1.2019873,1.3109055
IGF1,-1.5977114,-1.6814563,-1.1709766,-1.085124,-0.9441923,-0.4802053,1.7610328,-1.664571,-0.87653685
CPLANE2,1.0628109,0.59608793,0.6427059,0.3371575,0.34327698,0.585444,2.4891477,0.63382626,0.6901593
BST2,1.7549458,1.6480541,1.9013786,1.2949371,1.9488335,0.9213066,2.8977928,1.5229607,1.4556618
BST1,-0.47359848,-1.0838261,-0.17948627,-1.5146909,-1.0376949,-1.8344631,-0.6120529,-1.1736422,-1.5001345
MSRA,-0.10342789,0.14233017,-0.58527756,-0.40317583,-0.30454445,0.24585533,1.4338245,-0.33980274,1.8988876
MC1R,-0.15922832,0.05229473,0.30492783,-0.6772313,0.05964279,0.6058874,0.3999548,0.034046173,-0.22789669
ZBTB6,-0.13147879,-0.04856062,0.37269306,0.92670107,0.33362103,-0.5133462,-0.10665083,-0.050430298,-0.53226995
SDC1,0.7111435,0.30545568,0.44814157,-0.45870376,-0.08360338,1.7819424,1.3143978,-2.3062367,-0.31987095
GRB2,0.15829849,0.08738804,0.46552658,0.088041306,0.28319645,-0.18047333,-0.41490555,-0.09755039,-0.09528923
GRAP,0.31157494,-0.1424861,0.6250658,-0.4137168,6.974255,0.8900013,-0.027709007,-0.33166695,0.27312422
MRPS15,-0.2875166,-0.34349537,-0.61159706,-0.86513424,-0.77001286,-0.1125288,0.3073759,-0.57819366,-0.13609791
MRPS11,0.050917625,0.016697884,-0.29386902,0.13554096,0.43598366,0.4602995,0.56175613,-0.030193329,0.20668697
C8A,0.42378855,0.27190232,-0.14417124,-0.659323,-0.20055056,0.5872829,1.3077297,-0.9084327,-0.45230508
DMBX1,0.7617302,-0.1992836,1.455926,-0.32960844,-1.8387535,0.7341757,0.8280039,0.16569853,-0.8397007
RAC3,-0.28641415,-0.55172586,-0.7979846,-1.3842669,-1.8509731,-1.069098,-0.52156353,-1.08149,-0.8735094
BBS9,-0.6730852,-0.81321526,-0.33446598,-0.7339716,-1.2651834,-0.41880226,-0.6644373,-0.52896357,-1.0986547
FCER1A,-7.6368003,-7.3066115,-8.265625,-6.671909,-6.604868,-6.179493,-3.9200635,-7.4867344,-7.054194
SDF2,0.7597275,0.9581642,0.8545284,0.27889824,0.6978674,0.86211395,1.2325726,1.0395565,0.7286091
BBS5,-1.8423026,-2.0903714,-2.4723577,-2.3501675,-2.2446294,-2.2994006,-1.212657,-3.2262142,0.08537483
EIF5AL1,0.6544914,0.8332224,-0.34271812,0.66903496,0.28936386,0.013751984,0.13344383,0.40921974,0.25999832
MRPS28,-0.22447205,-0.3143406,-0.7764635,-0.12993622,-0.41273022,-0.3721676,0.77020645,-0.24667645,0.10140419
ZHX2,1.655899,2.4508934,1.6934738,1.9259224,1.8188343,2.6552315,1.3600998,2.3258877,1.6359024
PCYT1B,-0.26455718,-0.03520143,-0.9173745,0.764891,0.7048187,1.1667945,3.5132434,-0.24294055,-0.22900689
FCER1G,-0.5461607,-1.2628965,-0.010800362,-2.0127954,-1.2883463,0.70040035,0.09265995,-1.1090336,-0.7537012
ZHX3,-3.7521505,-4.1425753,-4.071605,-4.862568,-4.785843,-5.1036835,-3.241468,-5.2048845,-4.6269507
MRPS27,-0.32726288,0.039731026,-0.6673565,-0.41922188,-0.22306633,-0.1475544,-1.5706911,-0.16147423,-0.06558418
SYK,-1.5115423,-1.5441217,-1.5235424,-2.2909956,-1.9879198,-1.6129255,-2.3456059,-1.3688679,-1.9017916
MRPS22,0.18961906,0.09231758,-0.15883827,0.03568268,0.21137905,0.094306946,1.008604,0.17373657,0.26345825
MRPS23,-0.08822441,0.023694038,-0.30404472,-0.08848953,-0.41121006,-1.232111,-0.85628986,0.002732277,-0.47955894
MST1,0.033701897,-0.044981003,-0.21392345,-0.4320116,-0.5820761,0.5189543,0.445179,-0.13872147,-0.30183506
GAB1,-1.473414,-1.4601371,-0.961143,-2.1747758,-1.6017575,-2.2822828,0.04865265,-1.0305254,-2.4725978
CACYBP,0.4446659,0.59873486,-0.47393703,1.0100079,0.005521774,0.27581406,0.07877159,0.49043465,0.49422264
CNKSR2,-0.6080797,0.3727417,-1.414392,0.43625236,0.20316434,-0.25923085,3.2460845,-0.44613838,-1.0743912
RAP2C,0.27772284,0.31468058,1.973022,0.90982294,0.3052411,0.33364725,1.5502095,1.0577826,0.8498502
CNKSR1,1.7303643,2.4301915,1.8444695,3.0078506,2.1202192,3.1073942,1.9486008,2.4627724,3.2578478
RNF144B,1.1023855,1.2528992,1.2278566,1.1634588,1.2674103,1.0211344,1.691123,1.335391,1.2276239
RAP2A,-0.7928624,-0.8962908,0.28992653,-0.07733059,-0.07378864,-0.39153767,-0.44428253,-0.3074293,0.23646069
PITPNM2,0.25798106,1.2876215,-1.5471222,0.44941044,0.2805786,-0.014009953,2.2773619,0.80591273,-1.3945125
CNKSR3,-0.6315985,0.01251936,2.2008004,0.6416149,-0.9737518,0.46838427,2.363958,1.002409,0.17677832
TLCD4,-0.3310846,0.036831975,0.034593463,0.4322778,0.72239816,1.1731635,3.2813258,-0.20797777,-0.3434056
FAM193B,0.28409338,0.14933586,-0.12774467,0.19061995,-0.3243749,-0.059311867,2.3265467,0.07195711,-0.050545454
ENSG00000253470,-1.6626934,0.15867734,-0.13647151,-0.003319025,0.26194882,0.1666503,2.1490471,-1.6404238,-0.966673
FAM193A,0.3386507,0.03361416,0.7539816,0.48190212,0.97468185,0.19529629,-0.23356247,0.01705265,0.8191309
CYLC2,-0.521291,-0.2644437,-1.0700904,0.5803938,0.48137593,0.963341,3.2840288,-0.17459118,-0.42724854
CYLC1,-0.2863229,-0.029480934,-0.76701605,0.62565374,0.68717337,1.2324317,3.5340397,-0.22958302,-0.2202788
TLCD5,2.9651494,4.1653414,2.1391706,4.4752684,4.530861,3.5075293,3.5396147,3.6115503,4.7473803
DYNC1I2,-0.362916,-2.2732232,-2.1338181,0.24637413,-1.105133,-0.5706067,-1.2723994,-2.8118594,0.24919748
SSNA1,0.35816574,0.32090092,-0.3133602,-0.25268745,0.026742935,0.20752525,0.11330032,0.17602444,-0.114255905
MRPS33,0.44927788,0.3927889,-0.010356903,0.5737457,0.19955826,0.37601662,1.0316963,0.24316025,0.9209595
MRPS34,-1.0428181,-1.4583187,-1.9032183,-2.0794392,-1.6140614,-1.1024399,-0.78476524,-1.5163441,-1.2221775
PRICKLE3,0.6836324,0.8830042,0.23389626,0.8349142,0.45065546,1.3354721,1.1837635,0.58406067,0.8980899
SH3BGRL,-1.134428,-1.0083494,-0.6514807,-0.9388237,-0.84077454,-1.4236469,-1.1504536,-0.5020542,-1.2589378
FHIP1A,-0.3801592,-0.16740441,-1.0020024,0.6866908,0.57486916,1.786355,3.398779,-0.37939727,-0.34809035
DYNC1I1,-0.9325607,-1.1654514,0.610368,-0.40767455,-0.4064963,0.01711011,2.2073572,0.7476301,0.4631405
DYNC1H1,0.12146473,0.5833349,-0.6069765,-0.1334734,0.1343832,-0.33243465,-0.84446144,0.29990196,-0.055428505
GAD1,0.7325635,1.1876621,-0.0551672,-0.08333087,0.7575245,-0.99763894,1.0662918,0.7632866,0.18385887
KLHL2,-0.3778839,-0.001485825,0.3169098,-0.3522148,0.121601105,-0.26896477,-0.40050507,0.060320854,-0.07343674
PEX10,0.36397362,0.5957451,-0.41033077,0.015340805,0.61512566,-0.015340805,2.854313,-0.901145,0.68292236
KLHL3,1.1833673,1.6423631,1.2369509,1.7238564,1.1553116,1.6932559,0.030117512,1.1853061,1.6406279
KLHL4,1.3443867,0.023438573,0.5798421,0.47719097,0.4098804,0.8464761,3.1438951,-0.5063251,-0.4825809
CFAP157,-0.53847235,-0.19259155,-0.87769496,0.25133395,0.47832453,1.3772542,3.2943587,-0.40125155,-0.32105064
PEX13,0.28058338,0.712903,0.86014557,1.0053911,0.75575066,0.86599064,1.5872738,0.8146305,1.2762308
VMP1,-0.9575262,-1.5446825,-0.2732954,-1.2737627,-0.789588,-0.38236332,-0.41383362,-1.1047373,-0.7844
PDCL3,-0.56516266,-0.7971258,-1.1160965,0.43614578,-0.55420303,-0.3712654,-0.21310234,-0.67057896,0.64603806
TFAP4,-1.0194516,-0.84116256,-1.4270045,-0.24316049,-0.06477463,0.27913356,2.5912635,-0.7015594,-1.013053
KLHL5,-1.1131344,-0.9322791,-0.7319617,-0.44922113,-0.6092372,-0.8962312,-0.25603294,-0.8166561,-0.5381117
KLHL6,0.59237576,0.060486794,0.65913486,1.016017,0.65084076,0.9456091,1.4151068,0.009016991,0.5355177
KLHL7,-1.2870069,-0.8359041,0.005200863,-0.5376339,-1.1418128,-1.4573765,-1.2274699,-0.3717413,-0.87201214
CFAP161,2.517787,0.7386457,3.4691439,0.7741107,-0.17007673,2.839737,2.7431483,2.229374,1.5322071
KLHL8,-0.86947966,-1.1768446,-0.387393,-1.1841893,-1.4477353,-0.8311343,-2.1981683,-0.4719491,-1.2307386
TACC3,-0.99232864,-1.5408206,-0.72735596,-1.2998776,-1.4183636,-1.7485967,-0.91033745,-1.7218022,-1.3015566
TACC2,-0.70841885,-0.4719227,-1.252978,0.3881495,1.0241511,1.0636504,3.1259525,4.540353,0.4254284
ZFP28,-0.52097,-0.2325437,-1.037454,0.4316907,0.5335338,0.9519839,3.2338078,1.0717456,-0.465208
DENND5B,0.67212963,0.5064297,0.13392544,1.0444031,0.5749202,1.183372,-1.3692241,0.5003462,1.2698488
PTPRD-AS1,-0.3931443,-0.036143184,-0.6149057,0.4238695,0.6577933,1.1810086,3.3840754,-0.25515246,-0.2562189
PLAT,4.324851,6.4457817,3.5237415,5.760227,8.915739,5.235157,3.0684884,5.8685036,5.1375504
PLB1,-6.9097996,-6.471348,-5.7577686,-6.047237,-5.954814,-5.4019537,-3.115697,-5.8353825,-5.2187595
TXN2,-0.43686008,-1.2091703,-0.4703436,-1.2139902,-1.4447632,-0.7560148,-0.5216446,-0.93986607,-1.2461691
IGKV1OR2-1,0.042023182,-0.09226799,-0.3697343,-0.41535902,0.28056479,0.4319167,1.0064859,-0.7485995,-0.11294651
ZNF81,0.34880543,0.6400647,0.35545826,0.66864824,0.4928131,0.5453577,0.40810728,0.9544182,-0.38183427
DMBT1,-0.11176813,0.15954232,-0.6173811,0.4664296,0.5461097,0.9653628,3.2505546,-0.42486763,-0.40598047
PPIP5K2,-1.5918064,-1.71352,-1.4891453,-1.8479085,-1.1631727,-1.766437,-0.62762356,-1.3641844,-1.2449923
PLAU,-1.4017239,-1.6249571,-0.9967861,-2.134944,-2.2481155,-0.7229309,-1.293088,-0.9569049,-1.3483696
ZNF84,0.038039207,0.18940353,0.05151272,0.03525257,-0.16129923,-0.15291977,-0.24423599,0.1564846,0.03165579
ENPP2,-0.17215061,-0.7110796,-0.12496281,-0.4252262,0.39067888,-1.7291098,-1.4352994,-0.51339674,-1.6012702
ENPP1,-0.55265605,-0.29571432,-1.0852122,0.5711236,0.4467528,0.9281254,3.301955,-0.49543566,-0.4737985
ENPP4,0.69681644,1.3404055,1.4674025,1.7753115,0.99055004,1.8713064,1.5953302,1.475111,1.8885164
RAG2,-0.529807,0.406245,-1.0370015,0.40604115,0.75873554,1.3671228,3.463942,-0.45155454,-0.112403035
ENPP6,-0.9155554,0.55973125,0.5457337,1.4776924,0.13177657,1.4267714,2.7837832,-0.001647949,1.9000618
TGM3,0.7003882,-1.3222926,0.734926,-0.49405253,-0.5630355,-0.10874939,2.2027829,-1.4990704,-1.499796
TGM2,2.5078907,0.9249654,2.5516157,0.053547382,2.2042933,0.9256134,-0.37616348,1.5687389,0.42647886
CARD10,1.030045,1.6384678,0.8971734,1.1258988,1.004693,1.7956157,2.3044996,1.240665,1.0501909
ZGRF1,-1.1901894,-0.72168016,-1.0507493,-0.56558657,-1.0043998,-1.6702504,-0.44646215,-1.0275636,-1.4388647
ADAM10,-1.4872074,-1.1769633,-0.84825706,-0.9143877,-0.772933,-1.0943131,-1.4126005,-0.9554939,-1.1392736
ZNF99,0.10993528,-0.0128479,0.4119196,0.9831667,0.2481184,0.52310276,0.3063259,0.22446156,0.68796253
ADAM18,-0.46665376,-0.19701052,-1.0712485,0.64604235,0.56129694,1.0000179,3.303813,-0.35203958,-0.33701825
PSPC1,0.3710518,0.19982147,-0.3379259,0.96500397,0.8783941,-0.06282997,1.0830498,0.27844143,0.16457748
RAF1,0.37220955,0.64542484,0.9398947,0.3069687,0.3328247,0.46266747,-0.3028326,0.6905899,0.3857212
CARD11,-0.2208867,0.36103916,0.32416058,-1.7734747,0.029214859,0.3632717,0.35712194,0.018936157,-0.30407834
PLD4,-1.5131724,-1.0562634,-0.8612151,-3.1780539,-2.3009186,-0.24610424,0.42049837,-1.997488,-1.8268118
DAPP1,2.6812153,3.512783,2.5985737,4.1771717,3.7855997,2.6853256,2.0308743,3.3450594,3.8250504
PLD1,-0.175735,-0.15943909,0.56607294,-0.111498356,0.119197845,0.59308577,-0.053940296,-0.00408411,-0.30323887
RAI1,0.2837839,0.5111332,0.48732185,0.16693783,0.22095585,0.4248705,-0.21293354,0.55234146,0.3463564
RNASEH1,0.47529984,0.5554056,0.6152706,0.5802574,0.32399654,-0.229002,0.6057501,0.71304893,0.5008259
GRK6,0.16271591,-0.4438362,-0.012893677,-0.7362137,-1.0466728,0.16476059,-0.001806259,-0.5187092,-0.7744751
LPXN,-0.5654726,-1.5532713,0.15645504,-1.6492376,-1.7486486,-0.13224316,-0.34544182,-1.0983868,-0.5728636
IL36RN,-0.40010095,-0.20316613,0.8883735,0.39837158,0.4280759,4.8988013,3.3870108,-0.39757633,2.351242
FGF22,-0.5667548,-0.36769313,-0.94247997,0.32476258,3.762837,1.7828727,3.2412043,-0.5545881,-0.48022765
IGF2R,0.09590721,-0.11232567,0.47175026,-0.2026329,0.03251362,-0.21185064,0.50157166,-0.07683134,-0.109926224
SDK1,-0.031921625,0.76480293,0.33630633,-0.5393665,0.8760452,0.7932527,2.2684298,-0.6041136,0.42268753
FGF14,-0.2449919,-0.009573698,0.024246454,0.6789874,0.73155487,1.1793399,3.4904597,-0.21666098,-0.23829955
FGF19,-0.3801672,0.06510055,-0.64528,0.46198833,0.69219756,1.2589781,3.4105027,-0.18490732,-0.036987424
FGF10,-0.67821103,-0.19325137,-1.0626129,0.17400706,0.27075028,0.8471179,3.1544607,-0.65798295,-0.51157457
ZMYND19,-0.01283741,-0.032057762,-0.7569809,-0.6317072,-0.25794744,-0.47903633,-2.2779388,0.01858282,-0.43524408
LDHAP4,-0.3378296,0.2415123,-0.3281765,-0.15472794,0.057061195,-1.7334232,-2.0049076,0.16473961,-0.5181217
TAT,-0.61607957,-0.35509074,0.75678146,0.48864937,0.39859974,0.85614455,3.1628742,-0.51002955,-0.49458116
LDHAP5,-0.55420303,0.008226395,-0.8019409,-0.13611794,-0.22798347,0.033088684,-0.84742355,-0.14465523,0.011117935
CA1,0.88731766,-0.13602638,0.8049798,-1.3949981,-1.5431775,0.7323446,1.2116766,-0.8190861,-0.76887083
GRM7,-0.52165294,-1.3281226,-1.3017077,-1.4082451,-1.3598543,-0.8635795,1.4138334,-1.5561694,-1.5232248
CA3,-0.501621,-0.2870909,0.8710691,0.56114256,0.45293367,0.93467057,3.2819624,-0.32423866,-0.35645342
ZIC3,-0.346376,-0.14132208,-0.7989428,0.52445495,0.58878386,1.1697693,4.019639,-0.32831705,-0.25504696
CA2,-0.10307121,-1.1219921,0.72664165,-0.41930962,-1.5774107,-0.44831467,0.89728355,-0.6064005,-0.36776543
ZIC1,-0.28326887,-0.071293354,-0.79909194,0.6825268,0.6599593,1.2071407,3.527645,-0.26643085,-0.24217677
CA7,1.0502589,0.28362775,1.2370157,-0.38067758,-0.3471768,0.15246964,2.426805,-1.2722054,-1.1885195
CA8,-0.48822594,-0.22454494,-1.062262,0.63479817,0.5251503,0.991374,3.2781994,-0.3896855,0.80508304
MYBL1,-1.1675398,-0.90949523,-1.2136333,-0.16560185,-0.1662581,0.2867651,2.5834742,-0.80171096,-1.0895185
SUN3,-0.51641417,-1.6289093,-0.39087605,-0.9260309,-1.7872902,0.47466946,1.0662167,-2.724431,-0.9417784
DIPK2B,-0.29231316,0.03631246,-0.76534593,0.63385224,0.74526775,1.2314366,3.475224,0.557914,-0.1812123
OR1F1,1.238296,1.4062634,1.0124812,-0.418823,-0.5924474,-0.22350073,2.297361,0.9716778,0.6626656
SEPTIN7P2,-0.43409157,-0.036434174,0.018713951,0.51543045,0.3273964,-0.30316353,-0.13823509,-0.027420044,0.42773056
SUN5,-0.14502764,1.0431118,-0.06366396,-0.8524903,-0.73618245,1.6393003,2.0706573,-1.640344,-0.29817247
EIF3LP2,-1.4963026,-1.3702917,-2.0410366,-1.7869635,-1.7211971,-1.3721914,-2.7458363,-1.2561035,-1.5049677
CFAP100,0.7594764,-0.16954356,1.5344241,0.56679654,0.5956545,1.0328164,3.3295772,-0.35704565,-0.37491733
IFT43,0.9060497,1.1825848,0.67565155,1.7368202,1.1809511,1.4782104,1.7452526,0.910347,2.1464005
GFOD1,-3.7652078,-3.6194053,-2.7075737,-2.8849692,-1.9194996,-2.3318603,-0.012918949,-3.422738,-3.783183
ELF3,-0.39752388,0.18428111,0.11517739,0.25341964,-0.01607871,0.21409106,1.0709474,0.31128788,-0.71436095
ELF4,1.3572168,1.4942894,1.5734196,1.1039629,1.4546518,1.9551725,1.5559378,1.3687363,1.6609144
EEF1D,0.29363823,0.42985058,-0.7851896,0.6550789,0.38645458,0.10328102,0.23475838,0.42599106,0.15696716
ELF5,-0.43854183,-0.17666388,-1.168462,1.1519208,0.568609,0.9873853,3.2446613,-0.39728343,-0.43945628
CAT,-1.084919,-1.2049828,-0.85349464,-0.5975952,-0.98001194,-1.449995,-1.5206976,-1.4364061,-0.704237
DIPK2A,-1.3649993,-1.1459317,-0.1998682,-1.4502769,-1.549851,-1.5891395,-2.3516173,-1.0352564,-1.4063373
SHANK2,-0.29227298,-0.06480503,-0.8421469,0.6439595,0.6889279,1.1265409,3.4370172,-0.27403867,-0.27710932
PLEC,-0.07583237,-0.013164043,-0.6288557,1.2340727,1.5169249,0.79015446,1.6648188,0.0090518,1.0429296
RALA,1.1771755,1.0142183,1.347189,1.5132103,1.306593,1.6864643,2.0367613,1.3117905,1.5489635
KRT17P1,0.7282932,0.424217,0.5868926,-0.72979,0.004503727,-0.17782164,1.8494453,-1.8217295,0.07519722
OR1E3,2.6205535,0.9135237,1.5711808,1.5299745,0.17281818,1.610486,1.4699264,0.4152789,1.3675013
PSMB10,1.4134016,1.3408098,1.1934052,1.3494673,1.6839561,1.6250334,2.5425253,1.3721647,1.673873
POMZP3,-0.36685658,-0.66424084,-0.005550385,0.1575365,0.04914856,0.28202534,0.8197193,-0.5682478,-0.5063753
IL1RL1,-0.5032259,-0.24508935,-1.0249197,0.46705055,0.49771953,0.97793674,3.3552887,-0.4440639,-0.43064505
IL1RL2,-0.16088486,-0.05374551,0.014901161,-1.4757373,-0.23322868,-0.75473404,1.6197405,-1.0567615,-0.32498765
SV2A,-0.49532396,-0.22918296,-0.03137684,0.63706875,0.51759267,0.9886849,3.2761998,-0.40339106,-0.3976748
SLIT1,0.72171783,0.29540348,-0.13241863,0.12775898,0.13766432,0.8199444,1.1347561,0.032676697,0.49289894
RALY,-0.05064392,0.09707832,-0.31917,0.09242821,-0.000188,-0.2605152,-1.264287,-0.04619026,-0.17671013
CKS1BP2,-0.31959057,0.034383774,-0.35461044,0.055024147,-0.014385223,0.012789726,0.86687183,0.12754059,0.37086964
MTA3,0.067251205,0.28242922,0.23631382,0.7485981,-0.09382105,-0.13774633,-0.4966855,0.49404907,0.48529482
SPATA31E1,-0.7421606,-0.45566905,0.31062448,0.14374328,0.3055712,0.71273124,2.9686012,-0.6619855,0.017906785
OR1D2,0.9039955,0.7377715,-0.22409391,-1.237751,0.16118193,0.95810986,-0.24093103,-0.21400309,-0.4177742
RRM2,-1.5016081,-1.2244725,-1.0381169,-1.0546525,-1.3905711,-1.6138387,-0.16147947,-0.6016364,-1.1967068
ACTBP11,-0.68320084,-0.44420815,-1.4870052,0.05948639,-0.17195511,-0.45388794,-0.63290405,-0.8062725,0.15374756
ACTBP12,-1.1712465,-1.0799084,-1.5019321,-0.5038004,-0.8552227,-1.1901007,-2.998805,-1.379242,-1.4378996
TBX19,0.9301758,1.0554657,0.9735546,0.7593765,1.3001356,1.607975,0.606657,1.054987,1.1735935
HS3ST1,-5.9873266,-4.7126083,-6.3854127,-0.8177929,-5.2691417,-2.6083593,-2.3661942,-4.329857,-1.5932789
WARS1,4.6122246,5.2755795,4.284793,4.8759804,5.0555553,4.90102,3.8124256,5.087454,4.5665092
TBX18,-0.2315641,-0.021085024,-0.62563777,0.78816986,0.72826266,1.1845582,3.5346642,-0.22877502,-0.20837009
HS3ST2,-3.0577347,-2.6344411,-3.3928814,-1.9512143,-1.913976,-1.7413049,0.5754385,-2.9893968,-3.1092587
CD2,-0.42675304,0.24164772,-1.0660667,-1.195046,-0.2212863,1.3173265,-1.4772129,0.08334732,0.5028014
CD4,-0.37913418,-0.72432995,-1.2362461,-1.2193213,-1.1381388,0.16475773,0.23718357,-1.7578173,-0.4408064
CD6,1.7576327,1.3579726,2.404749,-0.19521236,1.0177073,2.298841,1.0971818,1.3400965,1.6651773
TEF,0.001979351,0.9873228,-0.2213192,0.638659,0.34465933,0.19903946,1.2010369,0.72348547,0.04485655
CD5,2.4292393,2.606269,2.6785045,3.013236,2.4636378,4.140783,2.4000392,2.8951735,5.12948
CD7,0.00834322,0.76074934,0.09091854,-1.3542016,0.071621895,-0.012923241,0.18865776,0.39092827,-0.5534806
CD9,-0.30014038,0.36877728,-0.14151001,0.07411575,0.3303051,-0.6499729,-0.37028313,0.09628868,0.16033554
SLIRP,0.5231304,0.4819765,-0.09630585,0.23173141,0.29982948,0.310112,3.5574188,0.41631413,0.6756458
CDA,-0.36945248,-1.4248047,-0.45191765,-2.0120802,-1.6836557,0.2902918,0.22671795,-1.4468699,-0.88325214
TES,1.6092081,2.005641,1.2420044,2.3109694,1.8606539,2.3148203,-0.003048897,1.9332829,2.2250528
CLEC10A,-2.2232323,-5.417271,-1.8642607,-4.9198236,-3.7098584,-3.9552574,-1.7829227,-5.615753,-4.167751
FRMPD1,-0.6156969,-0.3212167,0.023878336,0.5263717,0.43568766,0.89122105,3.1981905,-0.50138426,-0.5145157
ELK1,0.47766638,0.41081142,0.85063887,0.35410118,0.025623322,1.2150755,-0.11647606,0.56571245,1.0695167
CAPN15,0.5859766,0.6712196,0.28874803,-0.3777542,0.6618998,-0.4769807,1.047632,1.1588285,-1.0106673
ELK3,-1.9685898,-1.0323668,-1.7668538,-1.0628676,-0.5059662,-3.544886,-1.3674178,-0.6561432,-1.6728163
ELK4,0.30728626,0.48047304,0.3018484,0.6816702,1.0245652,0.2434454,1.19027,0.49496078,0.11849213
MTBP,-0.26323962,0.20108032,0.7395406,1.28338,1.1254864,-0.68372035,1.057426,0.74833965,1.5206552
ZSCAN30,0.30703354,-0.022277355,0.9390383,0.8178983,0.13025284,-0.4960413,0.080925465,0.13747406,0.46572065
VPS36,-0.23021317,-0.29674053,-0.3461237,0.00053,0.18064785,-0.64977074,0.27296257,-0.013894081,-0.8291683
PRKCI,-0.17855358,0.28033543,0.33912754,0.16173935,0.1372118,0.44516182,-0.32322884,0.041563034,0.26186943
TAAR9,-0.39084518,0.033663392,-0.68978846,0.5028509,0.5898838,1.158541,3.4493954,-0.338089,-0.13732135
DNAAF2,-0.68089914,-0.8083563,-0.026896477,-0.894063,-0.711092,-1.1470585,0.32708645,-0.23396301,-0.2146697
PRKCB,-1.8090491,-1.2836812,-1.9922626,-2.7253394,-1.2761302,-2.302148,0.2953477,-1.3485036,-2.7015424
PRKCE,0.30543947,0.10093856,0.5642171,0.023158312,0.5679655,-0.20783901,1.4912248,0.56615686,-1.4915588
PRKCD,0.51568604,0.5576811,0.51487255,0.46834755,0.10905552,0.3378601,-0.46699333,0.6234808,0.4369774
POM121L15P,3.4641829,2.819437,3.8424816,2.6159344,7.1622944,3.0609627,4.407949,2.6906233,3.565392
CLEC11A,-2.3432188,-2.815301,-2.4808092,-3.4099774,-2.8120985,-2.437109,-2.0098877,-3.358069,-3.262041
DNAAF6,-0.20076668,0.100494385,-0.9574778,0.5781474,0.8292731,1.2351205,3.4336963,-0.13713479,-0.21952277
TAAR1,-0.33459127,-0.034888983,-0.7495167,0.5411017,0.6918485,1.175544,3.44267,-0.25809515,3.8150227
DNAAF9,0.90104866,0.75932693,0.57011795,0.8751316,0.9078522,0.7163162,1.4131317,0.5581608,0.95425034
DNAAF8,0.59366727,0.0863421,0.41789794,-1.5761911,-1.3647659,0.8257592,1.157614,-1.0339398,0.05365491
BCAN,0.5137465,-0.11139488,0.05347371,0.5817447,-0.18345737,0.19524527,2.3941793,-0.3167746,-0.005528927
BCAM,0.42368698,0.40479946,-0.49180698,-0.011301041,0.21893406,1.0819607,1.5395908,-0.109908104,1.5190296
DAAM2,0.53325033,0.17275095,-0.17464066,-1.0619369,-0.3098433,-0.001130104,1.4606547,-0.53995824,-0.39952588
ZSCAN21,0.41392088,0.6996126,0.3467145,0.5247469,-0.056200504,-1.051146,-1.6283679,0.74650145,-0.12188101
PRKD2,0.58076096,0.7867079,0.91703796,0.34362793,0.42176533,0.54836464,0.055480957,0.93444824,-0.041484833
PRKD1,0.18517637,-0.93362045,0.8433981,-0.027405739,-0.18645644,0.26352715,2.5509887,-0.67241096,-0.44636142
NUP98,0.8848419,1.1372442,1.0979376,1.0216217,0.9133444,0.8726158,-1.4973946,1.2754936,0.9218998
ZSCAN25,0.24841356,0.4260149,0.4970088,0.18703413,0.030282497,0.4980507,-0.47846317,0.43044615,0.35639477
TARS1,1.742918,2.227992,1.8325605,2.2366943,2.2946844,2.1696796,2.0100842,2.2217607,2.5426369
CFB,6.108157,5.745801,6.379301,5.85411,5.934499,6.2325716,6.130151,6.1669855,5.387904
FREM3,-0.32878017,-0.007076025,-0.84708774,0.8674288,0.739825,1.1913192,3.5527902,-0.19317913,-0.20811117
CFD,-0.98369217,-1.0973597,-0.7223873,-2.356409,-2.1153164,-1.4904175,0.57811165,-1.0793781,-1.8950462
CFH,1.2012777,0.64995,0.2861824,0.81797886,1.0069265,1.3769045,-0.03025961,0.78974056,0.9668875
CFI,-0.35720086,-0.44173694,-1.335472,0.45513988,0.65723395,0.7462039,3.097783,-0.6501498,-0.63983554
PRDM14,-0.5734827,-0.24622393,-0.95601845,0.30162835,0.47157776,0.94382036,3.2059512,-0.4861343,6.2963505
PRDM11,1.3197508,1.8528666,0.56490135,2.1171298,1.5882826,2.4766965,0.79026365,1.425199,1.9522414
CFP,-0.44018936,0.39019203,-1.2927256,1.3641357,0.71505165,1.4794693,-0.35518837,0.23803711,2.504816
IRF2-DT,0.17665005,0.06437063,0.8724389,-0.040907383,0.62669325,-0.53300333,0.5975137,-0.03814411,-0.28253555
MTDH,-0.5344105,-0.5667114,0.4315462,-0.34085846,-0.24855042,-1.2543654,0.28645706,0.009906769,-0.4665451
NUP85,-0.5925083,-0.16330051,-0.61720943,-0.708971,-0.4426136,-0.4535904,-1.6819477,-0.21936226,-0.6391468
PRDM16,-0.3117885,-0.012465239,-0.804389,0.71191657,0.75332046,1.1822407,3.4820318,-0.190889,-0.23504382
ST3GAL4,2.2291746,2.3425179,2.3430443,1.2646513,2.622097,1.8431082,1.0033073,1.5704603,0.8730116
RRS1,-1.9808965,-3.2988563,-2.8305888,-3.189314,-4.1237335,-3.1027641,-2.0863605,-2.7729964,-2.2311997
ST3GAL1,1.5214882,1.7225237,1.0500603,0.88225937,1.4220457,1.3657513,0.27588177,1.9406195,1.136076
ZSCAN18,-0.6378679,-0.5632448,-0.32403803,0.12739038,-0.3289876,0.8416438,-1.6272593,-0.073019505,0.28289318
LRRC37A3,0.84761095,0.11656189,0.45529604,0.3648944,0.43812752,0.20918894,0.28762436,0.32839108,0.1149807
PLK4,-1.953726,0.5573931,-2.3740072,0.9403796,-1.5561228,-0.550246,1.2944031,-0.0960927,-1.4886601
BTF3,-0.23062801,0.12857819,-1.3245811,-0.013497353,-0.31373787,-0.69723797,-1.0783834,-0.30813694,-0.29138088
SMPD4BP,0.13790035,0.3394022,-0.3652668,0.24737072,0.3978119,0.31537724,-0.18514729,0.03543949,0.4876585
PLK1,-1.5256915,-1.8614612,-2.2275019,-1.9946473,-2.0163562,-1.4381499,-1.2353492,-2.1386948,-1.3700972
MEX3D,0.029249191,-0.12150478,-0.3211317,-0.012281418,0.23013783,0.7354336,0.32723808,-0.3585205,0.19732285
C3orf14,2.1186838,2.7605467,1.9968987,3.0432577,2.7649546,2.21276,2.495513,2.7280712,2.7095976
MCAT,0.3439808,-1.431386,-2.930521,0.8578911,-2.6633568,0.28975296,2.3222752,-2.729229,0.7077675
MEX3B,-2.2112083,-2.9363694,-2.0501714,-2.5781114,-2.9376893,-2.5643964,-0.8660364,-2.3974228,-2.2670083
LINC02609,-0.4011513,-0.1543839,-0.8293165,0.43764603,0.5571859,1.1458261,3.447259,-0.3419249,-0.28269404
GTF2IRD1,0.9613757,1.0864735,1.2567015,0.9159441,-0.52138996,1.4224243,0.9222784,1.4159956,0.88230133
LINC02604,0.5274935,0.09476662,-0.05384922,-0.11990929,-0.3163166,0.27982998,0.25992966,-0.46324635,0.093472004
GAPT,-5.7524834,-6.8931932,-4.8500767,-6.1381865,-6.1404095,-5.318688,-2.9767208,-7.100456,-5.760622
DENND1C,-0.58711624,-0.8532982,-0.12591267,-0.796545,-1.1881952,0.32781792,0.18461037,-0.8038254,-0.34472084
SETD5,0.20595789,0.49157286,-0.22582865,0.8713231,1.0059557,2.4846792,1.3293023,1.3208666,0.64852667
DENND1B,-0.058969498,-0.2650528,0.5012889,0.28902626,0.6893225,0.21088076,0.68899155,0.49689245,0.20029974
RARG,1.7311177,1.5298228,1.4011645,0.95434046,0.80037117,2.3052545,0.7275939,1.4515576,1.416264
MOCS2,-0.682374,-1.0373049,-0.14147568,-1.3101268,-0.779263,-0.7225256,-0.8170786,-0.5772667,-0.49387217
CDKN1B,0.38535786,0.47716618,0.7230139,0.790534,1.3996696,0.099785805,1.0862665,0.52629757,0.4311056
CHM,0.15619373,0.54199123,-0.22049713,0.7189646,0.6853552,-0.72014093,-0.24335146,0.688251,-0.5523572
ASH2L,-0.25714684,0.006474495,-0.14375591,0.31567574,-0.20483303,0.04848671,-1.353405,0.08599949,0.14559555
STON2,-1.1691699,-1.7918072,-1.8707354,-2.3090196,-2.4540327,-0.25448942,0.30067062,-3.3849754,-2.511118
ASGR1,-2.2869062,-4.0152864,-1.3916655,-3.952931,-3.5200987,-2.634482,-0.030504227,-3.5968976,-3.1303158
ASGR2,-2.6112862,-4.2545824,-1.6244135,-4.613549,-3.3496313,-2.908782,-1.2324972,-4.8310785,-3.9594464
ADAMTSL1,0.41541243,0.873158,-0.5690217,0.18434477,0.57264376,0.95065975,0.51953983,-0.34389973,0.000535
ADAMTSL4,0.54263496,0.6534586,0.18059921,0.48247528,-0.09907246,1.4182014,0.35537624,0.99393845,0.9365196
MTG1,2.196352,2.178769,1.6921816,1.4745255,2.1485004,2.5502605,0.9473281,2.3793802,1.8736472
RPL14P1,-0.84326935,-0.906374,-1.0613394,-0.2765789,-0.5000448,-0.89798737,0.82886124,-0.71715164,0.019680023
DENND2D,-0.41519833,-0.857831,0.109303474,-2.719094,-1.1054788,-0.36373568,-0.10583067,-0.920207,-0.6148758
RPS6KL1,-1.1060383,-1.0528324,-1.8358878,-0.20197546,-0.04770112,0.15760815,2.4544888,-1.2412665,-1.2423935
KRTAP15-1,0.64750504,-0.08925319,-1.0963298,0.39541197,0.6428987,1.0463164,3.2502146,-0.32576466,-0.40285224
SLC9B1P3,0.3265438,-1.0263917,-0.33813453,0.9273827,-0.69300735,-0.2901945,1.9781089,0.08298254,-0.5780883
ANGPTL7,-0.27712744,-0.020438552,-0.21674299,0.7743721,0.7327775,1.2240952,3.5028868,-0.17761362,-0.13426757
PLIN4,-0.5166478,-0.46865463,-0.49792433,-0.04046297,0.015432835,-0.32338,2.873847,-1.6625626,-0.46489573
GAS1,-0.048964977,-1.3291831,-0.5915899,-1.1623955,-1.1578834,-1.3809717,0.97787666,-1.9708015,-0.86672544
EXOC3,-1.1866827,-0.3745556,-1.3595552,-0.2965927,-0.016244888,-0.16719246,-2.6384225,-0.30313873,-0.71283627
EXOC6,-0.012248993,0.027503967,0.3035307,0.12124443,-0.12415886,0.4360428,0.45018768,0.10211468,0.29548073
PLIN2,-0.63534737,-0.8506918,-0.7110119,-1.482069,-1.5272732,-1.2501945,-1.6814098,-0.7293091,-1.2304287
EXOC5,-0.1448617,0.13951397,-0.091146946,0.36382532,0.5415597,-0.6651573,0.58435965,0.57873964,-0.9141841
GAS6,0.5441246,1.6525803,0.014636993,0.6116791,0.7526493,-0.11881256,-1.8975129,1.5065861,-0.43488407
TKT,0.029143333,-0.29798222,-0.64403725,-1.241435,-0.64150906,-0.30839825,-0.86098576,-0.39052296,-0.37928104
GART,1.7558894,1.4280849,1.7038417,1.2044334,1.2565417,2.5083823,1.7498522,1.5302653,1.7236805
ANGPTL1,-0.5207466,-0.31006545,-1.1721804,0.5345634,0.43679476,0.9024577,3.251065,0.5251577,-0.49054074
GAS7,-1.8333488,-2.7638373,-2.0182056,-4.063608,-3.4581041,-1.8205256,-3.1436973,-2.7953486,-3.1993322
PAPSS2,-1.8735046,-0.7664447,-1.2962337,-0.98385,-1.7243385,-1.7548385,-2.0072122,-0.9655752,-1.3794003
MIR4307HG,-0.38166416,-0.09633851,-0.7746283,0.47555482,0.6298053,1.1313844,3.3925836,-0.32520592,1.9343863
APOL4,2.1717482,0.9502413,2.842555,1.6655259,2.1579032,1.4227531,1.9710841,2.0875373,1.0878184
METTL21C,-0.47729468,-0.2255919,-1.0069479,0.4796934,0.5222578,1.0103396,3.2938533,0.08066273,-0.30599385
APOL6,2.981268,3.4985943,3.0895376,3.0698357,3.3718376,3.2364388,2.8339005,4.1899137,2.8594303
ERMP1,-0.5734987,-0.65477324,-0.4070654,-1.1085911,-0.8130932,-1.3395863,-1.8972335,-0.6292076,-1.0227103
RASSF10,-0.2997799,0.1477772,-0.8883896,0.45620275,0.8286722,1.314939,3.3026211,-0.08378899,-0.17330587
ARRDC1-AS1,0.1724248,0.101741314,-0.6796851,-0.7454424,-0.20385504,-0.5517187,0.30291367,0.034823895,-0.59321976
MBNL3,-2.9442463,-3.3820534,-3.246385,-2.215076,-2.9367862,-2.4993958,-2.3292265,-2.8753471,-2.104961
APOL1,2.5222416,2.3875437,2.7877226,1.9038715,2.3877354,2.7366505,3.021515,2.1812525,2.2440567
ZIM2,-0.24742103,0.6090529,-0.20327783,-1.344614,-1.2788656,1.3190653,1.2269089,-0.5186386,-2.287008
APOL3,3.7956553,3.2687254,4.425047,2.272193,3.6980467,2.7080488,3.241353,3.8419676,3.0306253
APOL2,3.1051645,2.7893267,3.473281,2.7408257,3.0454998,3.5694437,3.15176,3.0178308,2.958991
HIPK4,-0.56166613,0.37516582,-1.2826252,0.739097,0.6368619,0.5037452,2.5745392,-0.10276115,-0.024335265
IL10RB,0.25406075,0.47730732,0.7588606,0.093351364,0.2727499,-0.30298233,-0.5268526,0.7709217,-0.07945633
IL10RA,0.64683723,0.42523003,0.78822136,0.4904747,0.616312,0.6125221,-0.30148888,0.8559971,0.6630192
MOCOS,0.30031967,0.54242325,0.23585176,1.9781566,1.4118261,-0.40333462,0.6825409,-0.40566063,-0.050122738
ELP1,-0.13486099,0.13930988,0.06232643,-0.3095932,-0.50333595,0.17645073,-0.6916313,0.36122036,-0.13793564
G0S2,4.8662033,5.469303,3.9680443,6.186613,5.8979645,4.1551743,5.636698,5.1185865,4.549059
GATB,0.33174324,0.135046,-0.24062538,-0.22717476,-0.19050789,0.40865517,-0.61680794,0.15885353,0.1499443
ELP2,-0.20266342,0.35127068,-0.48063087,0.012588501,-0.39560604,-0.26587486,-0.03657818,0.2988062,-0.045459747
RRP1B,-0.66384935,-1.3184052,-0.33539963,-1.3334436,-1.6362519,-0.87940884,-0.90622616,-0.8397107,-1.2655115
HIPK1,-0.42295265,-0.15462494,-0.27648354,0.11205864,0.012922287,0.00334549,0.41688251,0.160429,0.24584007
HIPK3,-0.4663849,0.006225586,0.1869049,-0.35222816,-0.08495617,-0.1394062,-0.11851215,0.14311886,-0.06590605
CDKN2A-DT,0.12567806,0.011358261,0.48700523,-1.1884198,0.47232437,-0.30977964,1.6519384,-0.5627675,-0.3138647
HIPK2,-0.18747807,0.022155762,-0.6066313,-0.9434519,-0.019939423,0.2810011,-0.36349964,0.29530525,-0.136055
RFLNA,0.6562731,0.026769161,-0.5207417,0.107548,0.038122773,0.7974975,2.7689073,-0.89949965,-0.90771574
GATM,-5.93386,-5.2660494,-5.4052076,-6.2294216,-6.8389606,-6.5195675,-4.2043476,-5.1412907,-5.7483015
OSTM1,-0.55712223,-0.6364975,0.06266785,-0.86971664,-0.71327543,-0.02999115,-0.23066044,-0.106080055,-0.18524551
NFIB,-0.26705205,-0.051374912,-0.9640696,0.74675643,0.69375885,1.1521876,3.505458,-0.2584809,-0.24271327
PLP2,0.08542824,0.0245924,-0.04998207,-0.00850296,-0.11019325,0.22633553,-0.64987755,-0.14687347,-0.04997635
TMEM229A,-0.3482809,-0.033386588,-0.7537067,0.45813537,0.67520905,1.1213739,3.3079028,-0.26162863,-0.35907567
RNASEH2CP1,-0.15241146,-0.8719487,-0.45463657,-0.9954648,-0.4177456,-0.21682024,1.7215929,-1.2129083,-0.49586153
TMEM229B,-0.4049002,-0.047952056,-0.80019236,0.4004388,0.64439535,1.1751661,3.376782,0.07570934,-0.26562023
GTF2B,0.50308037,0.4723873,1.3085556,0.7724781,0.80847263,-0.25253677,1.3570061,0.8323431,0.38007545
TNC,0.4193089,0.61637664,-2.0155993,-1.1264702,-0.96939254,-0.13003516,1.7981701,-1.757571,-0.2765398
CLU,5.818672,4.6086636,5.4651766,4.6807117,4.543351,5.037443,4.0815344,5.703312,5.138258
TNF,1.8272114,0.83983135,1.8467627,0.52833366,0.43433666,2.4214993,1.6249685,0.8181162,1.2739067
GTF2I,-0.23275948,-0.34900188,0.017832756,-0.74412155,-0.13947773,0.10412216,-0.16246986,-0.25269032,-0.5344162
IL13RA1,0.7646103,1.3936157,1.1046019,1.558094,1.3936148,0.8962784,0.4444332,1.6914148,0.64993095
PLS1,-1.8061979,-1.586556,0.20001435,-0.8492625,-0.83517087,-0.39143467,1.9349651,-1.4894984,-1.7930384
MAP2K3,0.57994556,0.37828732,0.83995056,0.22120762,-0.16189861,0.9544096,-0.5155277,0.44790173,0.08241367
MAP2K4,0.19594002,0.5402317,0.4850645,0.18424606,0.48296833,0.57477,0.22786331,0.46829033,0.93351555
MAP2K1,-0.2876873,0.35668755,0.34809685,0.25200653,0.08401775,-0.25439644,-1.4167786,0.22278118,-0.002880096
COL27A1,-0.43687093,-0.20887506,-0.9668795,0.5623667,0.53764164,1.0507771,3.3682065,-0.39172268,-0.34318185
RALGAPA2,-0.8343916,-1.0711603,-0.41144466,-1.032136,-0.5249119,-0.38764763,0.24380827,-0.5384774,-0.8717432
DIO2,0.8929515,0.44640112,0.27799463,0.524765,0.4817767,0.69546986,2.1339302,0.015046597,-0.44369268
TOM1L1,0.5628135,1.1462479,-0.85935974,1.2010398,1.2141218,0.77524376,2.0845327,0.85789466,0.6964154
KDSR-DT,2.510128,2.6895065,2.5712786,2.543602,2.5207558,3.572607,3.9965677,2.5253105,3.0849857
OBSCN,0.46141195,0.12714887,0.43257737,0.6663313,0.5387275,1.0062755,3.2842798,-0.38105154,-0.26309347
H4C16,1.1208534,0.94479084,1.1455874,1.4557204,4.610941,1.3183246,4.198985,1.1366982,1.1029868
FKBP4,-0.19378662,-0.49150467,-0.47961807,-0.88812256,-0.8163328,0.27124786,2.1762848,-0.3125534,-0.3560791
TOX,-1.4420903,-1.2222977,-2.0265698,-0.3942505,-0.4871559,0.008128405,2.3501215,-0.9854338,-1.4080328
PPEF1,-1.3819582,-1.0129267,-1.7665693,0.061976433,-0.28061152,0.098172665,2.2325811,0.55623055,-1.2702999
FKBP5,-0.07479286,-0.15249538,0.7032223,0.15494537,-0.2334652,-0.0509243,-0.092116356,0.043354988,0.4353466
INSIG2,0.33454704,0.1013813,1.5612955,0.14697552,0.15224648,0.7437229,0.69402695,0.711009,0.8126354
MTLN,-0.005661011,-0.6602211,-0.7046366,-0.6212101,-1.0805216,0.10725021,2.5088825,-0.54925156,0.16543579
KNG1,-0.37779903,-0.004732013,0.5239334,0.37910342,0.6783829,1.1269181,3.2279382,-0.25271297,-0.39295363
CD300LB,-0.19495249,-0.46420765,-0.5141792,-1.3307304,-1.0611339,0.1041255,-0.10755873,-1.1193371,-0.7718091
MAP2K7,0.1635251,0.24203801,-0.49840498,0.036964655,0.19868255,-0.8659754,1.4316797,0.13305807,-1.6610293
PLTP,-0.15867043,-0.95688915,-0.5440264,-0.66451645,-0.86467934,-0.4965477,-0.94589996,-0.96978474,-1.5725727
MAP2K6,-1.606924,-3.6414452,-1.6784377,-3.9007084,-4.0243583,-1.5732656,-1.1751909,-2.2477367,-2.965384
LINC00032,-0.29045904,-0.04660821,-0.8387747,0.7089294,0.6797669,1.1833155,3.5110202,-0.25723863,-0.24178344
LINC01361,-0.41435415,-0.10790157,-0.97665155,0.7834387,0.6408305,1.081558,3.3528967,-0.28592253,-0.30437797
C1orf162,-2.1954317,-4.7360935,-2.2166243,-4.2958345,-5.2625475,-2.5434008,-1.1404781,-4.3888407,-3.0889406
SYNJ2,0.107035875,-0.4267478,0.50364447,0.27896094,1.1671226,0.45573854,2.6886022,1.2466564,-0.07173324
COPRS,-0.17421532,-0.5460863,-0.70825195,-0.5719757,-1.1809101,-0.17363167,-0.06773281,-0.6245518,-0.19657707
BCL6,-0.29960155,-0.86764526,0.60271263,-0.61380863,-0.9244261,-0.15772915,-0.23855114,-0.2182045,-0.023324013
SYNJ1,-0.76994324,-1.3480434,0.14136505,-0.6968479,-1.3926973,-1.0166793,-1.3049803,-0.69170237,-0.830235
BCL3,1.7216883,1.8837357,1.612854,1.9492006,2.174923,1.9912615,1.4976702,1.8344173,2.35015
BCL2,2.6973453,4.191446,2.578793,4.1300216,3.6118293,3.448236,2.6838632,4.2247405,3.8041835
C1orf159,-0.161417,0.41291618,-0.65409374,-0.12753439,0.19423246,0.43408298,-2.0647383,0.327713,-0.6650224
TCP10L,-0.2926504,0.008149982,-0.79110134,0.6409373,0.7221153,1.214622,3.4902678,0.9110029,-0.20301008
MCM8,-0.13782215,0.2596221,-0.1178503,0.44304562,0.29800606,0.115131855,-2.074041,0.18376637,0.20655823
ZC3H8,-0.69229937,-1.8925347,-0.69215584,-0.8925934,-1.2286687,-1.4495273,0.4013424,-1.4560814,-0.8041897
ZC3H6,-0.3733449,0.025585651,0.2838459,-0.39711285,0.13847876,-0.088747025,0.8785715,0.23014736,0.07935047
SYNE3,-0.72815704,-0.33352757,-1.3005924,-0.39692688,-0.4538145,0.09845352,-0.46569538,-0.54092884,-0.25289917
SYNE2,-0.6456695,-0.36598217,-1.2003496,0.32659447,1.9204519,0.83404183,3.1345744,-0.5834528,-0.5712156
THBD,-7.6960926,-6.882069,-5.293108,-8.202797,-8.572897,-7.2415605,-5.066563,-6.3911858,-6.860846
CEP170B,0.6177168,0.9657545,0.41393566,0.7498293,0.124100685,1.3306627,0.7318907,0.5864563,1.0670424
SERAC1,-1.1195381,-0.7731428,0.0848341,-0.41472673,-0.62129235,-1.6307659,0.49745226,-0.6809964,-1.1285429
C1orf127,-2.556316,-0.4609866,-0.4051509,-1.8745493,-0.24679017,-1.103204,2.6193218,-2.492611,-1.367899
CR1,-3.1404676,-3.6541646,-2.9145403,-4.3846645,-3.261555,-3.5330741,-1.6769133,-2.7706223,-4.977789
SGIP1,1.0612001,-0.55757225,0.87973404,-0.081260204,0.73384,0.6641686,2.993372,-0.002244711,-0.7747824
DIS3,-0.64076996,-0.51086473,-0.42555666,-0.5834336,-0.35770607,-0.66354275,-1.9530907,-0.26341772,-0.4930792
LANCL1,-0.07418251,0.33972025,0.03516102,0.50124407,0.05350256,-0.17090034,-2.4567833,0.6407752,0.6907573
APOA2,-0.3372597,-0.27009678,-0.76347196,0.42015934,0.47169006,0.9456912,3.2321882,-0.2673173,-0.3365934
APOA4,0.27537918,0.4287958,-0.42392874,-0.25143814,-0.019120216,0.28671026,2.166994,-0.89323425,0.57500744
PGM5-AS1,0.9194925,0.17314744,2.485863,-1.2676933,-1.3343393,-0.87695694,2.6443493,0.17462301,-2.2774343
SAPCD2,-2.5440822,-2.713334,-2.1638808,-3.9293506,-3.1679778,-2.6360068,-0.93902826,-2.7519097,-2.8080158
ESPL1,0.3084545,0.6458559,-0.20618248,0.8881531,0.057574272,0.7323952,0.020699501,0.108356476,0.4299183
CRH,-0.82645106,-0.6181527,-1.3386482,0.18785238,0.1284554,0.58792806,2.9011004,-0.8087826,-0.7605469
MCM3,-0.38097763,-0.4801302,-1.1116095,-0.44851875,-0.41036415,-0.12554932,-1.2903395,-0.5683212,-0.15533638
LANCL2,-0.79529333,-0.39344215,-1.051014,-0.07174015,-1.123148,-1.4213557,-1.5235019,-0.6151471,-0.7849655
XCL1,-1.4563437,0.40765905,-1.2608478,-0.95937634,-1.2218173,-0.8007481,1.4993229,0.7631011,0.22822213
LANCL3,-0.96763945,0.031248093,-1.6568668,1.4828539,-1.0552661,1.0012772,1.7405562,-1.6325209,0.95405984
MCM5,-0.07622528,0.52079296,-0.5700197,0.16948128,0.615016,0.36242294,-0.954216,0.46826267,0.2172947
MCM6,-0.37730217,-0.48544884,-0.83918667,-0.09398079,-0.40649033,-0.8654499,-0.72000694,-0.3163395,-0.2596588
CRK,0.266531,0.74126005,0.58715534,0.2963667,0.07701111,-0.34194994,-2.400662,0.734602,0.22808361
MCM2,-0.022585869,0.57967854,-0.9575243,0.44549656,0.08674145,-0.06408024,-3.03615,0.11238766,0.022585869
HDAC4,0.027694702,0.15314484,0.43562412,0.030091286,0.43920612,0.3381424,0.8597307,0.34766483,-0.47316456
CEBPA,-0.006042481,-0.6652336,0.000216,-1.8480873,-1.4930391,-0.745018,-0.9750471,-0.32964134,-1.2213306
HDAC5,0.2832241,0.6985426,-0.16347313,0.11353302,0.29225063,0.6450367,-0.35006762,0.61603165,0.22889471
LEPROT,0.05915737,-0.44473743,0.5706415,0.2037344,0.097971916,-0.33144474,-0.9285593,-0.2926035,0.38117886
CEBPB,0.683177,-0.07711792,1.0917225,-0.39276218,0.21386719,0.9381399,2.2342558,0.314785,0.5783415
ICMT-DT,2.0989556,1.3216729,2.5422735,1.7943797,1.6475859,3.127985,1.7835407,1.2141857,2.2405891
HDAC3,-0.21519709,-0.43152285,0.10175419,-0.6828904,-0.5980272,-0.8436861,-1.6401405,-0.30721998,-0.61051226
HDAC1,-0.28674793,-0.07901001,-0.6317787,-0.3832941,-0.10302162,-0.07465458,-0.89783764,-0.116111755,-0.18585491
VPS4B,0.070364,0.40697002,0.68507004,0.5251713,0.34735107,0.1263218,0.1582632,0.7020874,0.26670265
VPS4A,0.35357857,0.4427843,-0.23873329,-0.14650726,0.29169083,1.0926571,0.07400894,0.4407196,0.059696198
HDAC9,-1.1824751,-1.0276779,-0.30283165,-0.54314196,-0.5710517,-0.12809205,2.557739,-0.7770717,-1.3934392
TTL,0.49484777,0.7949128,0.34445047,0.6280761,0.48995018,-0.003064156,-0.45119858,0.80857086,0.24815512
HDAC6,-0.55162716,-0.5010567,-1.3473058,-0.26941013,0.6676941,-0.4044528,-0.21039629,-0.75723076,-0.8030102
STOX2,0.6490531,0.3068242,1.6237793,0.37807465,0.7893858,1.8773675,1.3500996,0.000684,1.1524239
ABLIM3,-1.9992096,-2.4088328,-3.0715656,-1.8238932,-1.6820157,-1.2114406,1.0658603,-2.626436,0.3842218
VPS51,-0.054646492,-0.002840996,-0.83112526,-0.10913944,-0.16520786,0.24726391,-1.2357578,-0.1975708,-0.28150272
HECTD4,0.10183382,0.43431377,-0.47491455,0.7507515,1.1022825,0.42594528,-0.7749672,0.96967125,0.13096046
IL21R,0.50338554,0.57226086,-0.22474575,0.73446465,0.95749664,1.0920906,0.32173252,0.14189434,0.8492813
VPS54,0.042892933,0.25998354,-0.66472864,-0.14372396,-0.002263069,2.752222,-0.6394639,-0.40010643,1.1771331
BCO2,-0.3752904,-0.09558129,-0.62699676,-1.0553188,0.25416613,0.798054,1.4814732,0.8370006,-0.4673581
SLC35A1,-0.29792976,-0.7734251,0.24639988,-0.71037865,-0.44264317,-0.28591728,0.003356934,-0.26322937,-0.17262268
APOC4,-0.9323106,0.013195038,0.29990005,-1.9610584,-0.9296713,-1.2238564,1.7222123,-0.09164047,-1.1114645
MTOR,-0.26777935,0.197896,-0.27954292,0.23489094,0.003806114,-0.27195454,-1.6019697,0.102023125,-0.24355602
MAB21L3,0.6732588,0.5463009,-0.6850529,-0.94735885,0.066343784,0.7133622,1.2543178,-0.48290634,-1.3481627
CTH,3.325163,4.568084,2.2901459,5.3249226,4.3352175,4.2598743,1.312109,4.007969,4.605505
APOC1,-1.0843945,-0.9169054,-0.6198931,-1.8224907,-2.2074184,-1.553833,3.020584,-1.0623226,-0.9661522
ASXL2,-0.08597374,0.08650017,0.723258,0.11979294,0.36532784,0.048915863,0.6163912,0.6556854,0.6534233
MAB21L2,0.45860815,-0.87421083,-3.3522992,0.29917097,-2.3851447,0.5719638,1.8783736,-2.8767009,0.45036268
MAP3K14-AS1,-0.6280738,0.1508236,-0.26220572,0.43143535,1.4740313,1.5422398,3.1443653,0.7076129,-0.5971832
BCOR,0.60115194,1.1173573,-0.06644964,1.7104115,0.5455947,0.6803894,1.3670444,0.9542551,-0.531373
C1orf116,-0.25268745,0.7958245,0.6901758,-0.632601,-0.026293516,0.9751551,1.9577558,-0.16499305,0.76462245
TCERG1,-0.98466253,-0.7266426,0.20628548,-0.5142784,-0.48667812,-1.324594,-2.3779392,-0.5382266,-0.4183283
IL1RN,2.0155973,1.5934753,3.2189121,1.5534296,1.1404028,3.57547,3.788066,1.9578524,2.298274
HDAC10,-0.187953,-0.26447773,-0.2133503,0.046624184,0.509346,-0.40258694,0.20296001,-0.25955772,0.13584805
IL23R,0.4314952,-0.17959487,-0.2919519,2.0766187,0.20576799,1.4368336,2.8868494,0.45383787,2.7712817
AQP9,0.11419678,-1.0710402,1.4596348,-1.2825584,-0.43803596,0.12314606,2.0449371,-0.14281178,-0.2939663
PITPNA,0.21079254,0.6965637,0.37555408,0.45781517,0.6702032,0.23147583,0.5201359,0.7342539,1.0206814
MKI67,-4.0216737,-3.8213234,-4.493166,-3.1323643,-3.0874305,-2.5128217,-0.20049238,-4.007289,-3.944817
GBA3,-0.9962914,-0.63965106,1.3405285,-1.932107,-0.19916534,0.4932227,0.71069336,-0.4536767,-0.69609094
RPS4XP21,-0.43026495,-0.6471944,-2.04668,-0.3506527,-0.6535115,-0.9246211,-0.88772106,-0.9920378,0.021549225
GBA2,0.2441783,0.5396266,0.18154955,-0.50303364,-0.25210667,-0.8296275,-1.6116233,0.7360959,-0.6770539
KIAA0930,-0.34064102,-0.5058136,-0.38668728,-0.5702071,0.078932285,-0.1161809,0.6550698,-0.39160156,0.06188965
RPS6KA6,-0.60225546,-0.2948557,0.36004114,0.6130638,0.45273578,0.90590835,4.6713424,-0.47359443,-0.49441582
RPS6KA5,0.25670052,0.12141371,1.0277824,0.6102786,1.2025032,-1.5964067,0.30374146,0.15392447,0.4723034
RPS6KA1,0.011956215,0.31096077,-0.3620262,0.3064432,0.12105942,0.1835165,-0.73985195,0.2601328,0.15409184
ARFIP1,-0.72829056,-0.79132843,0.029767036,-0.56365013,-0.773016,-0.08740997,0.1256628,-0.4372959,-0.04184532
GSC2,0.036464453,0.40900612,0.4476409,-0.935439,-0.2584796,-0.45625257,1.8359246,-0.37395024,0.73302674
H4C2,-0.2567215,-0.7906532,-1.2542963,-1.0956879,-1.000267,-0.9429245,3.3105679,-0.41457462,-0.23160744
H4C1,0.24505568,-0.27427578,-0.46512556,-1.116272,0.31082535,-0.16314077,1.9721489,-0.058848858,0.054994106
H4C4,0.001987457,-1.7307053,-1.955173,-1.5626302,-0.71188784,-0.4308319,3.3692951,-1.0328665,-1.4561305
CPT1A,0.3090124,0.2916689,-0.36831474,0.116129875,0.6217642,0.27299404,-0.5291586,0.27254295,-0.116454124
C1orf100,-0.37324774,-0.5832567,-1.0583296,-0.20878685,0.14172637,0.50211453,2.6359584,-0.84260786,0.2193358
IL1R1,-0.13645506,-0.77269244,-0.5145087,-1.2082474,-0.0445776,-1.0837138,0.56680155,-1.3210201,-2.2592244
IL1R2,-0.32453537,-0.7384176,0.18489647,0.08691454,-0.9360714,-0.56311035,0.25995064,-0.5260396,-1.0437489
TANGO2,-0.14411592,0.011459351,0.021237373,-0.35214043,0.03870058,-0.33571434,-3.02626,0.275321,-0.6669655
SLC35C2,1.2248354,1.2991085,1.6702051,1.0493155,1.2497892,0.8507395,-0.36339283,1.5836763,0.62009716
IFRD2,1.1254358,0.840292,0.7581978,2.2332602,0.37982368,2.1876116,1.1171885,0.6165247,2.5242739
GSK3B-DT,-0.04441166,-0.000417,0.70597506,-0.0742898,0.7410207,-1.68523,0.14929342,0.35677576,0.10318804
IGKV2D-29,0.722733,0.58701706,-0.060000896,-0.09700632,0.91766214,0.9851022,1.1908865,-0.67218256,0.34308577
TWSG1,0.64295673,1.233171,0.5082574,1.3738818,0.6171427,-0.05279684,0.997664,1.0706973,1.2542577
IGKV2D-28,0.076336384,0.20209122,0.059765816,0.32085848,0.36645365,0.7390022,0.8175583,-0.6949513,-0.6448374
IL23A,5.5216074,7.2761374,3.7249022,7.67813,7.084197,5.839015,4.9293985,6.5152807,6.845851
CAGE1,-0.5950393,-0.3151436,-0.60804284,0.27996027,0.41725492,0.9118308,3.1796641,0.6571375,3.7599416
CFTR,-0.3518386,0.06288397,-0.93283474,0.65591836,0.608948,1.0953487,3.3805518,-0.24415457,-0.28024334
SPRR2G,2.185461,2.9560018,1.7714357,-0.19341516,3.0149484,1.1597452,2.4130964,2.278563,1.1281044
SLC22A5,-0.89064217,-2.1592188,-0.6123743,-2.5048504,-1.8856292,-0.7453284,-0.512959,-1.2532897,-1.0677247
SLC22A2,1.4743729,0.34491444,0.40331602,-2.0841417,-1.2847505,0.18786192,0.72462606,-0.4875214,-0.67276835
SLC35D2,0.5740557,0.910367,0.91935444,0.995801,0.9985628,-0.6285119,-0.37158298,0.8822632,0.25412464
CRHR1,0.6722603,0.6345329,-0.31528187,0.009899139,0.4653654,1.0868816,1.0661964,-0.002306938,0.23470116
GSE1,0.12049532,0.67382956,0.24793768,0.32760096,0.25066328,-0.38362694,-2.383738,0.82368135,-0.15996313
FAM43B,-0.973032,-0.9674549,-1.6233044,-1.7321377,-0.8200388,-0.55013466,0.9881611,-1.3111391,-2.853796
XCR1,0.2592392,-0.19211674,-0.18052006,-0.6749177,-0.12118292,0.79670906,1.7451906,-0.5601573,-0.18964863
SYNRG,-0.045965195,-0.04186535,0.112496376,-0.2535801,0.13329315,-0.17223358,0.29397202,-0.005899429,-0.28194094
SLC35E3,0.54116845,0.3497696,0.6901076,-1.0590422,-0.105458975,-0.7751024,1.555464,0.9211819,0.44921684
SH2D1B,-0.28479767,-0.42796612,-1.5932522,-0.03746295,0.26947808,0.85745716,2.8167803,-0.68279564,-0.8113313
ZZZ3,0.96555424,1.905158,0.9127712,1.4964781,1.6577892,0.9266081,-0.15658379,1.9326019,1.2267199
VNN1,-6.7725997,-7.1249094,-3.7845845,-6.66969,-6.60955,-4.690731,-3.5518923,-7.4341655,-5.7906737
VNN2,-2.4747443,-3.4752254,-1.9706764,-2.3138766,-2.6839185,-2.3047423,-1.453721,-3.1268935,-2.646607
RBAK,-0.44042635,0.07506418,0.036798,0.6617036,0.39509058,0.48611403,0.25310326,-0.000674,0.29175997
SPRR1A,0.28278732,0.074394226,-0.3162365,-0.21876526,0.031229973,0.9025917,1.130763,-0.595706,0.2946415
SLC22A7,-1.021662,0.15174532,-0.51850677,0.009964705,1.0150831,0.42145848,2.7410898,-0.011231899,-0.96841574
SLC22A9,-0.47203285,-0.22503144,-1.0233712,0.6390065,0.52142334,0.99122334,3.3638873,0.9235375,-0.4037224
IL6-AS1,-0.72907084,1.3958898,-1.152771,0.09437144,0.34689403,0.7205081,2.9259377,0.5905807,-0.716531
SLC35F6,-0.52707005,-0.6245508,-0.18860817,-1.0843368,-0.6005621,-1.1790919,-2.0513544,-0.73290825,-1.2500529
TENM1,0.04704213,-0.14653158,-0.98705363,0.4351151,0.61418676,1.0097792,3.258062,-0.35228097,-0.41677195
SLC35F5,0.36583138,0.6402168,0.4518137,0.85573196,0.9038353,0.009849548,0.7117882,0.6568365,0.35897827
SLC35F4,-0.34050792,-0.07293558,-0.8241396,0.57859886,0.6421902,1.1762254,3.4727285,-0.2779802,-0.2708524
RSF1,0.581522,0.7395258,0.8352232,1.3628426,0.9083414,0.69423676,0.2415762,0.9197979,1.5172119
SLC35F1,3.022142,3.8995886,0.9157562,2.0613055,0.21917629,1.8574693,2.7494645,3.8419747,0.797734
SIPA1L2,0.41698265,-0.29380894,0.5735817,0.5357666,-0.22906303,0.31376076,-0.48990822,-0.12820911,0.4221325
SIPA1L3,-0.21325874,-0.77375007,-0.57328415,-1.297274,1.1007578,0.51708174,2.9003346,0.4545517,-0.8067293
SIPA1L1,1.7415543,1.874054,1.7352362,1.8929806,1.201024,2.8397121,1.7204456,1.736042,2.3553734
SOX5-AS1,-0.34061992,-0.01110208,-1.1602651,0.4354142,0.69240046,1.1258616,3.2887676,-0.251822,-0.3631221
GOLGA6GP,0.015114903,-0.45979464,-0.9355798,0.3054248,0.4251777,0.73985374,3.082447,1.110098,-0.65879935
TMED3,-0.5689297,0.059408188,-0.2721119,-0.13349152,-0.23677921,-0.2392788,-0.40517044,0.1284895,-0.062252045
SEC61B,0.8698349,0.86965847,0.51773167,0.8549099,0.9509096,0.60121727,1.9408894,0.8157873,1.2709446
TMED4,0.023928642,0.16247272,0.29263592,0.31855106,0.62689686,0.30210018,0.37910843,0.7823467,-0.48251057
TMED9,-0.007605553,-0.04241562,-0.15610886,-1.076972,-0.2227087,-0.46740246,-1.2057314,-1.1290302,-0.5360117
SLC35G3,-0.29464293,0.06835377,-0.8374419,0.70031404,0.8079275,1.1521026,3.3451676,-0.15635455,-0.25532252
SLC35G2,1.7401886,2.261767,2.890687,2.1051216,1.6793337,2.0163088,1.789022,2.431961,2.2344365
TYK2,0.5280056,0.8336601,0.09104061,0.43058968,0.481102,1.5747108,-0.121837616,0.74961376,0.6752415
KCNJ2-AS1,-0.20979357,-2.9837627,0.96043825,-2.3936238,-2.0942602,-1.6819439,0.62305164,-1.9744337,-2.204175
CFAP299,-0.49582863,-0.24511492,0.2878108,0.5163717,0.5058763,0.9852996,3.651069,-0.41038895,0.9734521
MTSS1,0.5709114,1.4158607,-0.14825535,1.5350204,1.187417,1.2076416,-0.23302746,1.5708275,1.6094751
MTSS2,0.67768836,1.3641758,0.09816027,1.3615727,-0.36735153,1.8710542,1.4887853,0.8663039,0.8966918
SCNM1,0.114598274,-0.06354809,0.068870544,-0.35368633,0.032439232,0.5149317,1.1766958,-0.25510883,0.45159245
NFX1,0.379364,0.47636795,0.06576061,0.92588806,0.20145988,-0.058626175,0.6119623,0.3817606,0.35365486
C1QTNF12,0.07716417,0.5588393,-0.34818554,0.3572917,0.7509885,0.41338968,2.022067,0.14105988,-0.14886189
SDCCAG8,0.01010704,-0.5783844,-0.093486786,-0.22942734,-0.22197914,-0.10282326,1.8229733,-0.08101368,0.1414814
AMER3,0.70770264,0.48972225,0.34068727,-0.16600323,0.4246335,-0.3290205,1.1002116,-0.014520168,-0.13666773
RPS3AP5,-0.7434368,-0.7856865,-1.3457947,-0.8595505,-0.74195766,-0.75520325,-0.21247101,-0.87501335,-0.4666729
RPS3AP6,-1.1689148,-0.62986183,-1.2393303,-0.81598663,-0.7524195,-0.63445663,-0.37918282,-1.0507088,-0.8386555
TYMS,-3.2140245,-2.5334196,-1.9253464,-2.3202205,-3.6667066,-0.39956188,-2.4607792,-2.332448,-0.07635784
RBFA,-0.9994931,-1.9691486,-1.6472821,-1.5083666,-2.4131937,-1.284493,-1.0582466,-1.9581399,-0.9703016
TYMP,0.43343925,0.3201542,-0.3678608,0.28335762,0.6572685,0.40385246,2.46945,-0.21597862,0.5658684
BEGAIN,1.9216051,4.0523653,4.7670097,1.6992059,3.6304388,3.0170383,4.5766983,4.0224323,3.1453629
TCEAL7,1.1845276,-0.30197108,-1.1623517,0.6068022,0.4463563,0.89124274,3.1774948,-0.47608888,-0.4981541
TCEAL6,0.4005909,0.31169796,0.42843628,0.48810768,-0.20329666,0.49188995,0.6481018,-0.10464096,1.1358128
CFAP298,-0.27117443,-0.30002975,-0.24313545,-0.33752155,-0.5244646,-0.0000963,-0.46107388,-0.2836895,-0.2229662
TCEAL3,0.40645027,0.30651855,0.3881588,0.7337856,-0.15972328,0.44883156,0.43437004,-0.16378593,1.1015282
TM4SF20,-0.3300029,-0.03933847,-0.8226309,0.6046493,0.69862986,1.1650727,3.4616172,-0.23027742,-0.07391834
EMC7,0.74837494,0.555707,0.8943691,0.23548889,0.29280186,1.4271603,1.3263168,0.60050106,0.8657589
EMC9,-0.5449209,-0.6741533,-1.2638054,-0.56818485,-0.40209866,-0.21322536,0.6178303,-0.632041,-0.6516905
TCEAL9,-1.0360012,-1.3635931,0.062563896,-1.1668873,-1.4628248,-0.54486275,0.36771965,-0.96177864,-0.64886665
SLURP2,-0.04039955,0.042448997,-0.37602997,-0.5754795,-0.30394268,0.54229164,0.8075466,-0.8036976,1.6481419
NFYB,-0.22140312,-0.06364441,0.0552845,-0.07883835,0.41522312,-1.009964,1.0128555,-0.033379555,-0.002099991
SUSD2,1.31107,0.9113064,1.3989129,0.37600803,0.993865,1.3385835,1.1610842,0.6281986,0.4595337
GBF1,0.018360138,0.2738695,-0.35024452,0.38175583,0.13689232,1.3010826,-0.03294468,-0.4170246,0.68725395
C6orf58,-0.5181155,-0.22233105,-1.0167938,0.66388094,0.52812254,0.98596823,3.2816691,0.9662012,-0.41568542
C6orf52,0.8275466,0.89771795,0.13254786,0.50333405,0.130826,-0.030970573,3.538271,0.5807128,0.918746
GSTA2,1.207942,2.2171679,-0.68483686,-0.33606863,0.41855335,-0.8831644,1.4431987,0.055578947,-1.3259869
MEGF9,-0.35323906,-0.6841259,0.068712234,-1.0403523,-0.56217194,-0.79139805,-1.1961069,-0.25942135,-0.43290138
IHO1,0.4993286,-0.16140449,-0.96276,0.50057137,0.5784373,1.0204321,3.3192792,0.36242497,0.45154738
GAS5-AS1,0.21567965,0.23899937,-0.22762775,-0.2813177,0.001538754,-0.21254587,-0.097792625,-0.24569988,0.08724594
CCL4L2,0.21007967,-0.94971323,0.39091253,-0.9505787,-1.509531,0.2530198,-0.5563774,-1.1955452,-0.52708673
RHOXF2B,1.720089,1.6052413,1.2642751,-0.022743702,1.0279381,0.3121922,2.1082134,0.25027442,-0.012702227
GOLGA6L9,-0.33487034,0.40306568,0.2570653,1.2164359,0.7137599,0.002004623,-0.7708101,0.5389414,0.17207718
CSKMT,0.26058102,0.08398199,-0.13781929,-0.12069082,-0.11201429,1.1011391,0.008634567,0.28596973,1.1366844
IL11RA,-0.4828434,0.16896439,-0.8054533,-0.12029266,-1.0552502,-0.20788193,-1.2075624,-0.051829338,-0.34515953
STIMATE,0.5864811,0.4657278,0.103714466,-0.27759123,0.8138976,0.21732378,0.8059678,0.34587288,-0.9762578
GOLGA6L1,-0.29531413,-0.02631414,-0.73231864,0.5481267,0.68193555,1.25551,3.5399323,-0.21838224,-0.2009666
ACYP1,0.34029007,0.58117485,0.46339893,0.71821404,0.66348743,0.5668793,1.9556351,0.5518036,1.009615
TRPC4AP,1.0276775,1.2972317,0.6602335,0.9289341,1.0910053,0.9761486,-0.7410803,1.3164482,0.54611397
NUPR1,0.51320076,-1.602375,1.3882494,-0.9564457,1.1145039,1.2036705,2.8597374,-1.1138868,-0.38014603
PMEL,0.24589491,-0.36658382,0.52847624,-0.08678913,-0.1763134,0.7070484,0.021215916,-0.19511223,-0.050129414
COPB1,0.875618,1.6224012,0.45646286,0.9681797,1.0786724,0.5737362,-0.4754486,1.3786469,0.7347584
ALOX15,-0.48833084,-0.10403681,-0.36333323,-0.7545309,-0.73445916,-0.15117836,2.000471,-0.1744256,0.07035732
CAMSAP1,0.3444519,0.75664854,-1.2943096,0.8314357,0.6282444,-0.13426828,0.12792492,0.8042569,0.18664217
YWHAZP2,0.10732269,0.41705608,0.63837147,0.8240452,0.49775028,-0.004003525,0.35293198,0.84870434,0.62052345
EMG1,0.21007729,0.021128654,0.10675621,-0.62109184,-0.29935646,-0.75823784,-0.18937111,0.22727394,-0.28203964
ZMAT1,0.6444607,0.7950163,0.60573196,1.0316429,1.0879393,1.1262856,-0.12859917,0.86541176,1.1602135
UBB,0.5341816,0.4605198,-0.062479973,1.0069199,0.9358597,0.4429989,0.8312893,0.6686363,0.55101204
C15orf61,-0.8986578,-2.1303816,-1.2372704,-2.269752,-2.9154596,-1.2115564,0.24270725,-1.9159946,-1.1688662
UBC,0.6243324,0.69529724,0.35695648,1.0804749,1.2418041,0.68115616,1.5722599,0.3276024,1.0856152
LONRF1,1.210495,1.4256234,1.986805,2.3984103,1.7327509,0.79474974,0.76862,1.4145741,1.84129
LONRF2,-0.59853923,1.3374848,-0.3168528,4.0663056,0.43085814,0.86581707,3.154718,-0.529715,3.0214334
MPIG6B,0.06699467,-0.20553732,0.4740963,0.46355367,-0.35158324,0.39470005,2.4045897,-1.0611582,0.5279629
CPSF1,-1.0558119,-0.80262184,-0.54585075,-1.7339044,-1.4118905,-1.9722853,-3.2630177,-0.39774036,-1.9935308
SLC66A1L,-0.19383979,0.039877534,-0.92990565,0.7142645,0.78939545,1.2243136,3.5253606,-0.17134619,-0.18723983
SELL,-2.7660933,-2.2226162,-2.2138147,-3.1814346,-1.0036597,-1.2981195,-3.1682625,-2.1432552,-2.1120448
PXMP4,-0.82167006,-1.3231082,-1.1419916,-1.5713115,-1.4704227,-0.42456055,-0.3354206,-1.2115922,-0.82377386
ZCCHC2,1.6281576,1.3308172,2.3912077,-0.4437647,0.8995619,1.7419567,1.0923619,1.4588385,0.5930414
FGFR2,-0.42126852,-0.20614398,-0.9927149,0.6460781,0.5326084,1.0326823,3.353516,-0.4161449,-0.38479692
UCN,-0.09158468,-0.13239908,-0.30492353,-0.51720667,-0.11441088,-0.2557745,1.2592535,-0.42751646,-0.38798046
COLGALT2,2.0348988,2.6638918,1.2295628,2.9394665,2.6095567,1.9404731,0.67598295,2.2088618,2.0456557
SMG1P1,0.070962906,0.2149477,-0.56404877,1.0489845,0.99416065,0.47956848,0.44773197,0.5280771,0.81313705
CLEC14A,0.3862455,0.42679453,-1.2916368,1.4440693,0.21575963,0.7287532,3.052053,-0.668928,0.5274346
CGB2,-0.006575108,0.002688408,-0.309093,-0.88142014,0.21303844,-0.30533028,0.46571445,-0.16195107,0.09485054
RBM3,-1.9085178,-1.843214,-1.5819788,-0.7138443,-0.77997017,-2.03438,-1.5157852,-1.6879082,-1.385767
RBM4,0.5479727,0.7410078,0.43822956,0.49738026,0.89236736,-0.11353207,0.09306049,0.7344074,0.20907688
RBM5,-0.2699623,0.31701756,0.1150713,0.095062256,0.008893967,0.20816422,-0.8071747,0.2998886,0.07121658
SYT15B,-0.6862006,-0.59353733,-1.970676,0.4716344,0.16331911,-0.27816105,-1.3845992,-0.93728065,0.17986536
RBM6,-0.281806,-0.65795135,-0.012322426,0.08684063,0.33552456,-0.24572468,1.0749388,-0.460083,0.07985401
STPG1,1.1753621,1.1849718,1.6364565,1.0634718,0.93495226,1.1561794,0.750226,1.2789893,1.0711365
C15orf48,3.9261436,2.9564428,5.0502033,2.8081703,3.6103792,4.296568,6.379341,3.446948,3.933384
C1QTNF9B,-0.5077352,-0.2843356,-0.19604206,0.50092125,0.6758239,0.97846425,3.9653606,-0.4719059,-0.4286965
SLC25A51P4,0.25364065,0.33808613,0.20117569,0.41713285,0.44195986,-0.06200123,-1.1326566,0.6205931,0.35490704
RBL2,-0.86305714,-0.51060104,-0.49900723,-0.1426034,-0.07021332,-0.77049255,-0.6651554,-0.37570524,-0.98501015
ZAP70,-0.38594818,0.042357445,-0.031615734,-1.0708537,0.3479948,1.3491783,1.6941037,-0.24772072,-0.19990444
DNASE2,-0.54398155,-0.6796961,-0.034665108,-0.983284,-1.599575,-0.8195362,-1.541811,-0.863616,-0.71476746
DEFB4A,-0.16377068,-0.35203123,-0.3088169,-0.4890728,-0.19289923,-0.19167423,0.13940525,-0.8827691,-0.73040676
CLEC12A,-0.33045816,-1.4963765,-0.88783646,-2.3088617,-3.4056005,-1.335186,-1.237957,-1.4095302,-0.98463154
NRXN1,-0.35180253,-0.004281163,-0.73682034,0.42824757,0.68502605,1.240842,3.4487514,-0.21088672,-0.20780218
NRXN2,0.6853409,1.78302,-0.02554655,1.466783,1.9306026,1.5381708,1.1205821,1.858407,1.4135156
NXF2,0.1138072,-0.12608719,-0.5677171,0.018363953,-0.1329441,1.1339688,1.5535078,-0.82130647,-0.858752
NXF3,0.035313606,-0.2887621,0.38834763,-0.729074,0.26952076,1.0795012,1.7758226,-0.6249547,0.3917265
MUC2,0.2085228,-0.2799139,-0.74066734,-0.07431078,-0.4626832,0.08306217,1.5653205,-0.9872141,2.3195376
RPS6KC1,0.6780586,0.9593296,0.7001953,1.253767,0.8620815,0.734005,-0.8664026,0.742486,0.72044563
ITPRIP-AS1,0.2886443,0.029125452,-0.25778723,-0.26687145,0.038600206,0.054379463,2.3543406,0.4789014,-0.6341908
POC1A,0.8920059,1.4691324,0.5984249,1.0030637,1.1898842,0.09372568,-1.1365433,1.327158,0.61488104
POC1B,-0.29085636,-0.08761835,0.6079607,0.5425844,0.5147171,-1.0889893,-0.66301537,-0.10995197,-0.031836033
PDSS1,-0.7855916,-1.4585743,-0.7142992,-1.7453928,-1.8640022,-1.7281237,-1.2669563,-1.3440099,-1.3564463
GBP2,1.9738178,1.8588257,3.2142076,2.4361954,3.3408003,2.662321,2.249608,2.228529,1.7508125
BUB1,-2.1139085,-1.7276354,-1.6597261,-0.77606153,-1.467843,-1.7223182,-1.343512,-1.6649632,-1.0973101
NXF5,0.84164715,0.18410707,-0.5124748,-1.3505689,-0.18969083,-0.10913277,1.5804746,-0.9066229,-0.047997713
HES2,0.3362502,0.4446082,-1.3111138,0.31786788,0.06659627,1.1341596,2.9454603,-0.8594569,-0.75384295
GBP1,6.0591345,6.3915453,7.3511047,6.0431166,6.722353,5.742219,5.7843046,6.882654,5.9888773
GBP4,5.477358,5.3173027,6.3556566,5.432766,5.995906,5.9815636,6.2917404,5.7056646,5.498291
GBP3,1.8542786,1.3318672,3.3259125,1.591177,2.2196808,2.7923374,3.8341599,2.0765266,2.3699055
CRYGC,-0.5716951,0.80491066,-0.956936,0.20468915,0.4488157,1.0220342,3.246556,-0.44014513,-0.425542
CAPN11,0.60206914,-1.3010924,0.3797953,-0.13747859,-0.55340075,0.68994737,2.2427397,-1.2668936,0.5372703
CRYGB,-0.29217446,-0.034521997,-0.89898145,0.63457716,0.72654104,1.1525986,3.4321945,-0.24045742,-0.2524066
RPS6KB1,0.20578003,0.4211464,0.68292236,0.5498848,0.556654,0.644516,0.5547924,0.630394,0.34069252
ATP13A4,-0.34732354,-0.1134302,-0.87604773,0.6241305,0.63479114,1.1415024,3.4254415,-0.29100937,0.9553499
ATP13A2,0.830966,0.92375374,0.32087803,-0.22934437,0.34912682,0.6134596,-1.2338381,1.0018377,-0.5830221
FBXW10B,1.2261884,1.6313276,1.0454135,1.5157013,0.4567504,3.4485483,3.06637,1.9963219,2.8452687
ADAMDEC1,4.4856005,2.7520514,5.857996,2.802793,3.935278,4.7903185,4.6281767,3.5567198,3.947999
C4BPA,0.13319063,0.03630638,-0.12191105,-1.2186809,-0.6143038,-0.49963784,0.37117052,-1.2420626,-0.39522338
C4BPB,-0.47186768,0.68558025,0.33302188,1.6112456,0.43718457,0.95117617,3.3053951,0.18937969,2.6228414
RBPJ,-0.38317108,-0.38502216,0.043816566,-0.48342705,-0.78374386,-0.19666862,-0.085876465,-0.60906506,0.21304512
ZFYVE1,0.31777,0.5703726,0.16042614,0.15412712,0.46111202,1.0090809,-0.6620207,0.52547455,0.57390213
MT-ND1,-0.9704876,-0.26813412,-1.3171549,-0.668911,-0.9625397,0.14801598,0.42106438,-0.5290022,-0.59365845
ZFYVE28,0.5183563,0.5068445,-0.22418976,0.8521385,-0.8969722,-0.31925583,-0.3042202,0.30835438,0.57448196
LACTB,0.6916342,0.9676571,1.2231445,1.1563387,1.1201534,-0.18270397,0.37057018,1.0366096,0.58861256
SCAMP4,0.9181948,0.9191923,0.71662235,0.70254564,1.1450334,0.9344883,-1.938045,0.7956276,0.7136035
NDUFB2-AS1,-0.5579171,-0.34792328,-0.4392929,-0.66554356,-0.10010815,-0.2974677,1.7545915,-0.7179208,-0.3946085
IGLON5,-0.15216255,-0.000311,-0.5637431,-0.7756963,0.049610138,0.29683065,1.5358677,-0.9202843,0.062004566
GBP5,7.2364883,6.621833,8.214268,6.5636673,7.2509823,7.5987606,8.5245,7.013357,6.912489
GBP7,3.9348967,2.5910308,6.9548807,3.3964455,3.2547305,6.0492954,7.2163095,4.110919,3.95769
MIRLET7BHG,0.086031914,0.5264578,-0.097828865,0.33916187,0.7812071,0.19937038,-3.4768248,0.06180477,-0.082111835
TYW5,1.2129531,1.4771338,1.0449872,1.8462057,1.6951227,1.3387117,0.867784,1.70961,1.594018
TYW3,0.007947922,-0.32305717,-0.38081837,-0.20192575,-0.41606522,-0.5468025,-0.7042265,-0.09519243,-0.29549074
ZFYVE21,-0.15160656,0.22144222,-0.7683945,-0.093476295,-0.031318665,-1.0258341,-0.91700935,-0.11908531,-0.01620388
RNASE3,-6.4159513,-6.185646,-6.9543886,-5.2892485,-5.444378,-4.940483,-2.5871148,-4.0132103,-6.3552494
SCAMP1,-1.3160002,-0.9991338,-1.8093228,-0.1697228,-0.24564254,0.2124927,2.5006804,-0.24714279,-1.1944106
HSPG2,0.17813301,0.46839523,-0.92381763,0.22973728,-0.21306562,-0.3288617,-0.2506132,-0.20605421,-0.9792762
RNASE1,-6.161488,-6.4405675,-6.2624273,-7.760745,-5.5071144,-6.0775204,-5.372303,-6.3930902,-6.6419973
KMT5AP1,-0.030413628,0.000514,-0.25262547,-0.13909435,0.22194767,0.37954998,-0.92751884,0.061184883,0.292449
EML6,-0.32938176,-0.010922909,-0.8447821,0.57674253,0.7481773,1.1329036,3.3793294,-0.21517992,-0.29661572
ZFYVE16,-0.22714663,-0.14066792,0.3727188,-0.44087982,0.041881084,-0.72666836,-0.53344536,-0.17499733,-0.67164993
RBP5,-0.026971817,0.2851429,-0.2160387,-1.1450669,0.50588393,0.24072456,1.5600352,-1.2925133,-0.9382967
PRKAR1B,1.1882396,1.5037775,1.7160039,1.5648327,1.2342081,1.4728074,0.060709,0.93700266,0.9473796
RBP3,-0.45015728,-0.23277044,-0.9684695,0.51991904,0.51272917,1.0396752,3.4551532,-0.41793156,-0.36157578
RBP1,-0.6511464,-2.248078,0.75950813,-2.8611329,-1.4434824,-0.10779476,1.6129317,-2.0543966,-1.2363458
SNORA24,-1.343966,-1.2833495,-1.3556194,-2.6051455,-1.3027506,-1.434802,-0.5761733,-1.1867719,-1.4324636
CYP2E1,2.2495112,2.8160663,1.783504,3.8625154,2.9694104,3.134553,2.7404408,2.4346075,2.0524998
LINC02981,-0.03309059,-0.16998482,-0.83877754,-0.60069466,-0.5569153,-0.19904137,0.8774338,-1.5064368,2.2999897
SDR39U1,-0.51010036,-0.1615696,-0.23561287,-0.16988087,-0.34994698,0.36799145,-0.6053114,-0.21579933,-0.2700472
SLCO5A1,6.063291,7.1716523,5.5711703,7.1019187,7.3132024,6.3600936,3.596589,7.119846,6.837812
THY1,-0.54874325,-0.37073582,-0.9331808,0.41658783,0.37150848,0.8862016,3.3114176,-0.16141558,-0.23938334
EDDM3B,-0.21756643,0.10047269,-0.9008318,0.5484344,0.8356346,1.2206025,3.4026415,-0.14118457,-0.22791785
C2,1.4471426,1.2988138,1.347393,0.8809843,-0.034417152,1.5374584,0.3791294,1.7766638,0.61656
C3,1.8732996,0.9490931,2.8125677,-0.028282166,-0.3909012,1.8187933,3.5964813,1.0477843,0.41037416
C5,0.9911623,-0.5434475,1.6222734,-0.28505802,-0.2570696,0.59236574,0.17409706,-0.118920326,0.00191927
GRIN2A,-0.50211334,-0.22290105,-1.0054631,0.60495543,0.5341779,0.9875392,3.2942562,-0.4132614,-0.41171718
HSPH1,-0.4048872,-0.62095356,-0.41864204,-0.7591505,-0.5937128,-0.060038567,-0.2951479,-0.33364868,0.23254108
C6,-0.3720249,-0.07894492,-0.2638929,0.5135418,0.7219317,0.93790936,3.3611538,-0.44264317,-0.47964698
C7,0.120630264,-0.14971161,0.030285835,-0.40788603,-0.04685688,0.008592606,1.4093552,-0.7138357,0.1373086
PRKAR2A,-0.12992191,0.021372795,0.012617111,-0.53554535,0.24439049,-0.5492773,-2.1960053,0.3758707,-0.5859723
C9,-0.5529983,-0.23231435,-1.0089202,0.8613455,0.52218723,0.94316506,3.0739768,0.44238663,-0.4364612
LINC00314,-0.26444823,0.002651691,-0.9106821,0.60245335,0.75837827,1.1722035,3.4304516,-0.21170628,-0.24426949
LINC00315,0.24912977,0.062683105,-0.55123615,0.06259966,0.13003969,-0.37302303,2.0234556,-0.78231096,0.11704683
RSU1,1.1487675,1.3522196,1.4152536,1.5564041,0.8412876,1.5009079,0.5453558,1.3196936,1.1387997
LINC00310,1.0627973,0.8045769,2.3216558,1.6588516,1.226197,2.1321182,3.7478595,1.0534856,1.5255771
LINC00311,0.3276999,0.85324574,0.64196825,0.2516644,0.004597902,-0.99942017,1.2898383,-0.57383657,-1.3902729
EXPH5,2.7614498,3.3136435,2.1267729,3.0837097,2.8226252,3.2167182,2.2258453,3.1128278,3.04704
MCTS1,-0.09863663,-0.5041971,-0.32409954,-0.39582443,-0.077301025,0.23726845,1.1649837,-0.16538143,0.10178375
NGFR,0.5962837,0.030070305,0.16356277,-0.51325476,-0.17512608,-0.11599684,2.174327,-1.1533736,0.04340744
PMM1,1.3778601,1.4811649,0.732131,0.90575695,1.0166845,1.0689211,0.33767605,1.3504333,0.7283907
EDEM2,0.055294514,-0.20829964,0.5036926,-0.5616417,-0.26899004,-0.190732,-0.8175478,-0.11584711,-0.4461484
NETO2,0.5472827,1.2933545,-0.15841246,0.9742627,1.7510552,-0.0370574,-1.5177045,1.2332006,0.06904888
GRIN2C,0.36086702,0.10901356,-0.56695986,-0.7607064,-0.24870253,0.35235214,-0.39246178,-0.7373233,1.0706029
CP,2.4039779,-0.15768003,4.4471807,1.7407022,2.788443,3.7466502,2.6941214,2.686461,2.6816292
GRIN2D,0.3043747,-0.020910263,-0.36998367,-0.20677376,-0.0695467,0.92110634,0.5906563,-0.29998684,1.1417313
CYP2C8,-0.39414644,-0.17533898,-1.026955,0.6597985,0.57604325,1.0351212,3.3625915,-0.3861208,-0.354302
COL1A2,-0.77232635,0.46344233,2.7552624,3.528544,3.890193,4.281878,2.2351847,0.074869156,4.499373
LINC00309,-0.3396688,-0.113482594,-0.8006567,0.5388737,0.62782025,1.1623752,3.4367871,-0.308443,-0.18259656
LINC00304,0.39979553,0.16362667,-0.8626442,-0.1099205,0.08344841,0.10650444,1.4701614,-0.9901514,0.14615822
DCHS1,-1.1963177,-2.7901652,-2.0392337,-1.9766922,-3.309535,-2.860756,-0.592751,-2.7956815,-4.265382
LINC02961,-0.5194241,-0.25302684,-1.0964826,0.6156502,0.49694026,0.9596058,3.2503438,1.245639,-0.24650311
ARF3,0.6244354,0.70153713,0.562562,0.5935688,0.26073933,0.88259125,-0.10212898,0.4599409,0.88960075
ARF1,0.45780468,0.8518019,0.45441628,0.18199444,0.47800732,-0.65474606,-2.105894,0.7728672,-0.3459463
HEXB,-0.9720497,-2.4817133,0.009955406,-2.0899906,-1.6679087,-1.280838,-0.5382881,-1.9739218,-1.2133198
QPRT,-2.1954865,-2.6818771,-2.1471138,-2.3498883,-2.8898468,-1.9241524,-1.5964632,-3.0817022,-2.6728344
NIPBL,-0.38746262,-0.010827065,-0.18861866,0.28913307,0.43264866,0.002717972,0.5127659,0.17100048,-0.13295364
HEY2,0.13980246,0.6427622,-0.34162283,-0.7802696,0.37010646,1.2365947,2.0753288,-0.46615624,-0.27495098
LINC02910,0.16759634,0.21034765,-0.33870983,-0.8297417,-0.24519253,-0.51305294,1.1926742,-0.40199375,-0.39781952
HMGB3P1,-0.4340539,-0.574574,-0.06909275,-0.1010561,-0.542305,-1.1088614,0.4548273,-1.2819114,0.42473507
IKBKG,0.8962326,1.0906944,0.6295881,0.5314865,0.9612293,1.1223316,-0.44947147,0.85167027,0.6294193
LINC02912,0.12093377,1.1045804,0.57689714,-0.2960124,-0.13258123,0.52196383,1.5824876,-1.7352667,-0.037196636
IKBKE,1.72683,1.3552527,1.7961001,0.96941566,0.81882524,0.5555258,1.1671858,1.9421029,0.38541746
APPL2,-1.4425125,-1.0856829,-0.33171272,-0.61235905,-0.6683006,-1.5961838,-3.2635508,-0.7203026,-1.3833375
CROCCP3,0.32073498,-0.091712475,-0.2617755,-0.47085,-1.2456164,-1.4484205,0.7253494,-0.12073612,-1.3929932
CROCCP2,-0.030166626,-0.09083462,-0.033332825,-0.08394623,-0.002392769,0.002393723,-0.3094921,0.30292797,-0.08645058
ARG1,-1.0459571,-0.796767,-1.4676616,-0.1643281,-0.04438269,0.37937546,2.656654,-1.0111883,-1.0344645
SIRT4,-1.1119075,-1.4254928,-0.05567932,-1.7920022,-1.176301,-1.2874546,0.58099556,-1.0482211,-0.3201661
EMP1,0.03261876,-0.40855265,0.17683697,-0.82328093,-0.14712429,1.54192,1.9531109,-0.5030794,-0.21615505
EMP2,0.62346315,1.0414958,-0.58194304,0.181427,1.9348679,1.1250844,-0.9378996,1.1383886,0.13326931
NIPA2,-0.33044958,-0.109761715,0.24061584,0.001547813,-0.4593439,-0.23519373,-0.40638828,-0.001547813,-0.38757896
SIRT1,-0.5566225,-0.45320892,0.8046608,0.22208881,0.11293125,-0.8412175,-0.30200386,0.002117157,-0.057736397
F3,1.3762622,-0.013869286,1.7777863,0.5066123,-0.09185076,1.2653203,2.8402271,0.39691448,1.0066204
F5,-0.23242903,-0.7745875,-0.09113264,-0.01529789,-0.26997554,0.13022852,2.5237904,-1.2689368,-0.78412294
SIRT3,0.057955265,0.04335308,-0.11630869,0.22497892,0.3563838,0.7220454,-0.86496925,0.21254015,0.7054019
F7,0.19305158,0.5709429,-1.3657448,0.08047378,0.07883525,0.6314535,2.927544,-0.8494664,-0.7984599
LINC02907,0.105005264,-0.21814156,-0.4973936,-0.02706337,0.31368828,0.65553665,1.1458683,-1.171011,0.89588165
GPRC5B,-1.8628023,-1.008904,-0.9968109,-3.042126,-1.0916736,-2.0902972,-0.26177597,-1.1525488,-1.4957404
BDH2,-0.62071586,-0.9723902,-0.1454401,-0.048989773,-1.4178164,-0.038043976,0.02873516,-0.7959075,0.12879801
PMP2,0.3994727,-0.16905618,-0.22555089,1.3743057,0.295022,-0.43989944,4.1497154,-1.8346388,-1.9073764
LINC02901,-1.2220855,-0.96449757,-0.22074008,0.6106672,-0.24876177,0.20092535,2.5214167,-0.7610235,0.417696
GPRC5D,-0.16413903,0.44155145,-0.5932498,-0.34003925,0.13482761,0.5641,1.9241724,-1.8772821,0.333951
DLD,0.16366482,0.022301674,0.2916851,0.61005116,0.24756718,0.27460194,0.88096905,0.24196339,0.66136837
ARF6,0.35404205,0.848979,0.069867134,0.25654793,0.107255936,0.9904175,-0.29730606,0.68120956,1.3682423
FH,-0.24856853,-0.2655325,-0.21274853,-0.023682594,-0.3954525,-0.78740025,-0.8316164,-0.21301842,-0.38460636
STAU1,0.42496014,0.6975088,0.64971256,0.8321066,0.73983,0.97121525,0.05656147,0.99452496,0.7971487
STAU2,-0.33513594,0.27967167,0.5046382,0.06724882,-0.036200523,0.4607606,0.33234835,0.40408516,0.37917948
SEZ6,0.74982285,0.60613585,0.09531355,0.82386494,0.4321537,0.5554099,2.1108794,-0.27786016,0.40240645
MIEF1,-0.001138687,0.08959484,0.20204163,0.23277473,-0.15702629,0.32923698,0.16713905,0.26164722,0.24976921
HLA-DMA,0.109908104,-0.33847427,-0.007814407,-0.9021044,-0.45116425,0.46839046,0.01479435,-0.15020657,-0.32669353
HLA-DMB,-0.4935465,-1.4209471,-0.18593311,-1.6785059,-1.784255,-0.69671726,-0.12540722,-1.0944147,-0.5590906
GLRA3,0.40997887,0.30912924,-0.6095185,0.79258287,0.7257093,1.2147985,3.5571518,-0.21854246,-0.1976465
LINC02937,1.4340847,0.63885856,0.71639466,0.24327564,0.15014195,0.27340555,1.9733653,0.20059276,0.37054348
LINC01606,-0.4576261,0.1980679,-2.8090599,-0.88972473,-1.379355,0.7177963,1.5029812,-1.7600794,-1.3134172
H3C11,0.38215923,0.40887642,0.6560526,0.010617256,0.72577286,-0.20711231,2.3989992,0.15854645,0.5945139
RNASE7,0.012033463,0.004350424,-0.06447172,-0.47066545,-0.24021196,1.2080574,2.022698,-1.0677087,0.11848402
STAT4,3.5418186,3.2099867,4.274472,3.9198709,3.1051674,4.540901,5.326542,3.7090302,4.378067
PMS2,0.15879393,0.21888494,0.83891106,0.32154083,0.58105373,0.01954174,-0.566679,0.37048817,0.08181
STAT6,0.719471,-0.15468979,-0.9799795,0.427948,0.46598148,0.96997833,-1.9849157,0.05700493,0.9567394
DMD,0.07385397,0.78213596,-0.51965904,0.35371828,0.33514118,1.1459918,0.64874077,-0.102516174,0.17681885
CYP2F1,0.7618923,-0.05066967,0.97273207,-1.7248112,-0.19144082,0.012221336,3.191924,-1.0144539,-0.109936
MDH1,0.006362915,-0.09380913,0.035087585,0.1862526,-0.22250938,0.029533386,0.40489197,0.047678947,0.44636536
GK,1.1555448,0.38591003,1.9496355,0.4150467,1.1264763,0.83200073,2.3358288,0.8402691,0.9738159
STAT1,3.7042255,3.689166,4.081993,3.8144855,3.9521408,4.024767,3.1002789,3.8906755,3.7996235
STAT3,1.0999985,1.6686869,1.3057098,1.7954521,1.471734,0.7642288,0.2083559,1.7633972,1.1323738
TTLL6,-0.4335323,0.42685318,0.1004467,1.7439172,0.65812254,1.0142977,3.2149708,-0.31644356,-0.42421204
TTLL2,-0.45518637,-0.14855313,-0.2495662,0.7559544,0.5994766,1.0543544,3.3506467,-0.32777953,-0.34744877
ETFBKMT,-0.4671321,-0.4597435,0.756073,-1.1768718,-0.9336891,-0.15695858,0.081609726,-0.17181587,-0.478518
GGT3P,0.50655174,0.7674341,-0.15769577,0.000149,0.47990894,1.0384312,1.0051346,0.86864185,0.16823196
TTLL8,0.45221043,1.0363531,-1.0552814,0.16224098,-0.11422658,-0.27419472,0.7487974,0.16873598,-0.5040772
ERO1A,0.36036682,-0.014679909,0.8637333,0.34261894,0.5505514,-0.019556046,0.90098095,0.16823769,0.114011765
CCNT1,0.13835907,0.259737,0.46710587,0.29039192,0.44528008,0.4776039,-0.23327684,0.5225735,0.5645714
FAM13C,-0.20981371,0.10505128,-0.8821819,0.6743568,0.8243284,1.2867904,3.5024202,-0.10640037,0.31320345
UBE2D2,0.2176199,0.5835161,0.13504505,0.41308308,0.22679996,0.72715855,0.7814741,0.40426826,0.5387182
FAM13A,-0.59517485,0.91117704,0.26235628,2.283764,0.3935212,0.89303386,3.1668677,0.9306823,1.0577817
UBE2D1,0.118899345,0.044739723,0.60580826,0.06036091,0.23567009,0.38803387,1.2969227,0.019675255,0.32353497
HPGDS,-5.7465353,-5.533964,-5.4014487,-5.045891,-5.067347,-4.747401,-2.5215993,-5.8603706,-5.8108635
PMPCB,-0.0647316,0.2115221,-0.20510197,0.6447067,0.11858654,0.48797417,0.061300278,0.21823692,0.75139046
PMPCA,-0.22263813,-0.049969673,-1.000907,-0.96698093,-0.6215143,-0.3540125,-1.4278364,-0.3980503,-1.1104822
HLA-DOA,1.550396,1.792036,1.259449,1.3723755,0.53446484,2.2086906,1.1058083,2.1000872,2.3326607
HLA-DOB,6.982573,7.767635,6.5197873,7.3246293,7.527022,7.455212,6.044583,7.457764,7.266257
PITX3,-0.029283524,0.12556696,0.26555967,-0.57761574,0.17122746,-0.000136,0.40089512,-0.44905806,0.000136
PPP1R16B,-0.67774403,1.4099813,0.029525042,0.5123787,0.38222182,0.8217926,3.0806577,1.0440521,1.2892098
LAG3,7.618968,8.289873,8.493359,8.488416,7.834792,8.6645155,7.6881304,8.477821,7.7243834
IK,0.22900581,0.17043304,0.79666615,0.31692314,0.21257019,0.4040184,0.5347662,0.25501347,0.6038208
AREL1,0.35471725,0.30160713,-0.14869475,0.33676147,-0.007141352,0.21462464,1.3580091,-0.9030452,0.37414122
KHNYN,0.84863186,1.2351351,1.2736979,1.2974329,0.9863329,1.3516035,0.22621727,1.2384529,1.0918455
VPS33A,0.061180115,0.19507027,0.5011883,0.20152855,0.00422287,0.70009613,0.09809494,0.49586487,0.39485168
UBE2E3,-0.6316662,-0.40620327,0.06974125,-0.4745903,-0.3624153,-1.3241911,-1.7341447,-0.20691109,-0.7190132
VPS33B,0.49270248,0.96371365,0.47819614,0.9054527,0.51842976,-0.0675354,-1.0166731,0.7704048,0.32847786
OR2T8,-0.57227224,1.5858424,-0.78561366,0.39148104,0.51984453,2.4292314,3.1960225,-0.37584686,-0.14884484
RBX1,0.18197918,0.39175606,0.15318966,0.47634602,0.57353115,-0.3623476,1.3090925,0.44644833,0.1207037
RBMXL1,1.030798,1.5478039,1.2803288,1.8087273,1.8570395,0.4144745,0.6266022,1.5936098,1.4235935
LILRP2,0.6972542,-0.0693531,1.8845396,-0.853693,-0.005045891,0.48939896,0.7116127,0.5192127,-0.22877312
OVCH1-AS1,-0.7001965,1.3852019,0.45488167,-0.77594674,-0.6553383,-0.24387741,2.031695,1.665864,0.07195234
PFKFB3,0.4316759,-1.0949497,0.6600771,0.9466696,0.7847309,1.0724554,3.0593963,-0.5464697,0.6944399
ARL6,0.9736619,-0.003128529,1.3400335,1.054965,0.061103344,-1.3037701,0.93219376,1.3841481,0.28027868
ARL2,0.071352005,0.17921257,-0.35287762,-0.6269913,-0.2160883,-0.17069435,-0.22517586,0.08020115,-0.49100876
TNFRSF11A,-0.6610246,-0.45403576,-0.93415594,0.41415882,-0.79968405,-0.006917477,-1.9033422,-0.46133757,0.6191702
SOCS2,5.116063,6.14585,4.880995,6.8729143,6.322589,5.075947,4.7046947,6.550102,5.799061
SBNO1,0.052726746,0.19204187,-0.38212347,0.23633003,0.7344804,-0.39641762,-0.11298132,0.16849995,-0.33901072
SOCS3,2.1264153,2.4200583,2.0845823,2.6375809,2.9767618,2.797409,2.424635,2.3429346,3.0881157
SBNO2,1.3800011,1.6561737,1.1985693,1.2965469,1.5066767,2.1065197,1.6354408,1.6484537,1.6426659
BCL2L10,-0.77248096,0.3354367,-1.240902,0.5133481,0.18220687,0.7252593,3.00392,-0.059209466,0.10143411
BCL2L11,1.3887873,1.3101482,1.1190844,1.0374517,1.2807922,1.6373329,2.524126,1.3966866,2.0684042
SOCS1,5.974497,5.8010893,6.6401863,6.0579033,5.829897,6.581003,6.624748,5.868622,6.4739666
NPTX2,-0.8013954,-0.54318,-1.4655541,0.16811693,0.19039083,0.6496148,2.9619446,-0.75200117,-0.7496321
SOCS4,0.20389271,0.49230862,0.2606554,0.7853756,0.4324112,-0.32224274,0.41118145,0.6931777,-0.2733593
TCP1P3,-0.21398926,0.10031128,0.30468655,-0.32860184,-0.2888012,-1.2795959,-1.5167117,0.311903,-0.6029854
TIA1,0.8764515,0.9236059,0.45455837,0.9268608,1.5607615,1.2438793,2.1317387,1.0875301,0.98514557
BDNF,-0.45289028,-0.18202913,-1.0300387,0.7002927,0.56773186,1.0267656,3.3283117,0.42365777,-0.35010403
BICRAL,0.31245327,0.64412403,0.59376526,0.45678425,0.79876137,0.55899906,0.33991718,0.47965717,1.3217859
TNFRSF10C,0.5122509,0.15190697,1.8269529,-0.08253956,0.10420036,1.8210201,2.4278574,0.66703796,1.2914734
TNFRSF10B,0.44901752,0.5195265,0.45730305,1.1289835,0.34851933,1.3013573,0.99088,0.75283146,0.9054966
BCDIN3D,0.35494995,0.22371578,0.45357895,-0.004526138,0.7086792,0.37872314,1.3245268,0.29550552,0.59389687
TNFRSF10D,-1.0777664,-1.0552044,-0.42309856,-2.467599,-1.700686,-0.8975563,-0.41415977,-0.5530577,-1.5711265
TFCP2,-0.31570578,0.01244545,0.32125616,0.01564312,0.11275244,-0.10336685,-0.7859483,0.48640633,0.24780083
UST,-2.2268727,-0.43039227,-1.0891325,-0.5161512,-1.1614156,0.7574425,0.65946865,-2.9575012,-0.9610083
MDM2,2.4664378,2.4997382,3.321176,2.1359644,2.635294,3.182508,3.8251295,2.868422,2.7756667
HLA-DRA,-0.8200855,-0.5411558,-0.83447266,-0.86543655,-0.3367691,-0.5556526,-1.0806503,-0.52865887,-0.59129906
ANXA2P3,0.22711945,-0.864274,-0.5972986,-0.07563591,-0.11994076,-1.0246849,0.39250183,-0.18020344,0.8488579
MYD88,0.5387802,0.56765556,1.0683527,0.17882347,0.27408314,0.701643,-0.8495655,0.7607775,0.013280869
MDM1,0.53470373,0.20607948,1.7827024,0.64863396,0.9501152,1.4069934,2.0491009,0.9942126,0.48964596
FAM47E-STBD1,-0.65373856,0.6167586,-0.15552497,0.5158572,0.4148271,0.8517237,3.0825112,-0.003884912,-0.53143716
ST6GALNAC2,1.5621672,1.6340361,2.8121605,0.95123196,1.2687712,2.1258612,2.6467056,1.9841585,1.5372553
SH2D4A,-0.10045457,0.025146961,1.0560472,-0.7060151,-1.5532675,0.5910208,1.4142249,0.20876002,-0.058867693
COX4I1,-0.21854305,0.12126541,-0.44501495,0.123553276,0.19535065,-0.14814663,-0.87803745,0.08097267,-0.19927883
GGT8P,1.3245392,1.693255,0.93776464,1.2632174,1.4548492,1.491056,-0.18171978,1.6852212,1.3203692
MRPL3,-1.0458784,-1.259368,-1.0128422,-0.6332135,-1.4305215,-1.2162495,-0.80658627,-0.9340396,-0.7763767
MRPL2,0.066514015,0.15467405,-0.7896886,-0.41858006,-0.001743317,1.2247386,-0.1431427,-0.17304134,0.28795433
PPP1R13L,-0.48575497,-0.51274824,-0.48042154,-0.15261364,-0.898931,0.74665165,0.1284399,-0.59671974,-0.086227894
LINC01667,-0.26453048,-0.00073,-0.84534585,0.7267268,2.35253,1.2014288,3.5191426,-0.21596384,-0.20177126
DGCR8,0.28771448,0.68943214,-0.003987312,0.16211557,0.3745203,1.1794815,0.53311586,0.51741314,0.33114767
UTY,-0.35959303,-0.016682863,-0.91271424,0.6679739,0.7294166,1.1365292,3.3371575,-0.22385526,-0.25211585
DSP,3.0591416,2.6498432,6.122195,0.979054,0.8393798,2.4697313,5.153005,3.051643,1.8266058
PPP1R12A,0.30142403,0.2484045,0.41848564,0.47721863,0.9432411,0.33166313,-0.27163887,0.35874844,0.97263336
DST,0.09916687,0.7015338,-0.25909686,1.8556252,2.7128086,0.9491708,1.5795126,0.7690766,-0.1988635
VPS37A,-0.17774534,-0.16165066,0.103924274,0.1985941,-0.21700096,-0.50586224,0.6249094,0.15147686,0.039458275
RAD23B,0.20198584,0.006563187,0.120176315,0.087032795,0.2597084,0.002621174,0.59774303,0.12314606,0.1943655
CYP2A7,-0.88097346,0.29804265,-1.1213418,0.01120913,0.07113922,0.61979294,2.9026737,-0.86048436,-0.7642048
PIK3CA,0.049815178,0.65424156,0.65872097,1.3903065,0.854187,-0.11548281,-0.85938454,0.6049938,0.48725128
PIK3C3,-1.1570063,-0.9686537,-0.63637304,-0.62989664,-0.71922255,-1.63167,-2.3179994,-0.70824337,-0.90893173
LINC02984,-0.46271205,-0.2083959,-1.0080593,0.63324,0.53690016,1.0220546,3.3530483,-0.39057297,-0.37133396
BDP1,0.04892826,0.3511753,-0.029266357,0.62997055,0.7783518,0.40767097,0.65573215,0.8498068,0.32431364
DTL,-3.348877,-3.0897171,-3.455431,-1.5467088,-2.3480852,-1.8101695,0.36384392,-3.0891,-2.111948
ST6GALNAC5,1.1702232,0.5424628,0.9536867,-0.5062051,0.3804288,-1.0211544,0.9330387,-0.45292664,-0.32441187
CNTNAP5,0.48489153,0.940927,-1.1199237,0.8112693,0.46610618,0.92458344,4.0754504,-0.49662977,-0.45079184
LINC00324,-4.215557,-4.891985,-2.9005013,-4.3147697,-3.2416685,-4.1087174,-2.4429965,-5.0408707,-2.8522124
CNTNAP4,-0.5191905,-0.2518459,-0.13951528,0.54292893,0.5076436,0.95612955,3.2782476,-0.4477074,-0.44044524
SLC47A1,-0.82712936,-2.3803675,-1.462462,-3.6092544,-2.9741516,-1.6653068,-0.6184759,-3.8554044,-2.2459173
HSD17B14,-0.6896663,-1.0571017,-0.40211248,-1.7089705,-1.2583423,-1.3134503,-0.28998232,-1.549079,-1.3950286
LRP8,1.499948,1.4346738,0.7256818,1.3305936,1.7292838,1.6310201,0.34163284,1.0259557,2.0487905
MIR378A,-0.07728195,-1.2805519,0.7048702,-1.0277672,-1.1749382,0.19993591,-0.16656208,-0.87796545,-0.28322697
PRIMPOL,-0.058935165,0.054285526,0.62751865,-0.09414816,0.12352991,-0.44591284,-0.7984681,0.43935108,0.2289772
CECR2,1.2934809,0.4756136,-0.19686127,-0.47451591,0.13546848,0.19079065,0.61249065,0.054798126,0.17285681
PTPRZ1,5.3521466,-0.22731441,-0.87478006,0.67649066,0.5179765,1.0197725,3.3236518,0.8064225,-0.32235163
OR2W3,0.9630482,0.2324245,1.2537069,2.0399685,-0.36214733,0.11033344,2.4072452,-1.2854778,1.5325711
SLITRK2,0.70657635,-0.09698272,-0.9378474,0.5018505,0.6185558,1.0854499,3.3325317,-0.32086372,-0.3122263
SLITRK1,-0.6366142,-0.7151947,0.027782202,-0.34422755,0.28867698,0.27128816,2.5421274,-1.1705433,3.715946
SLITRK4,-1.6277912,-1.3732762,-1.2863607,-2.7333493,-2.0843406,-2.3558033,0.014494896,-3.7925856,-2.470272
SLITRK3,-0.352924,-0.06840962,-0.85976183,0.6378617,0.698164,1.1276643,3.4213874,-0.25472212,-0.28575194
C1orf226,0.3208213,-0.25848484,-0.012728453,-0.36900377,-0.63875556,-0.044289112,2.2491553,-1.5364884,0.018430948
LINGO1,-0.9040477,-0.6880754,-1.6183813,0.09334493,0.058466673,0.5136993,2.8617496,-0.8938885,0.18916285
DUT,-1.3373384,-1.4433279,-1.3647041,-1.4491053,-1.3485279,-1.6478643,-1.7127829,-1.3066711,-1.2054434
BAIAP2,0.018030167,0.001289368,-0.5639992,-1.077951,-0.37227726,-0.6124091,-0.2757826,-0.40715504,-0.94596434
BAIAP3,0.72093034,1.2270663,0.8637786,-0.26706135,-0.052960873,1.7446702,2.425302,0.5870509,-1.078254
PC,0.11358738,-0.63924026,-0.35442543,-0.7010851,-0.28667545,0.42702007,-0.59987736,-0.7753935,0.017365456
OR2V2,0.10192025,0.5162145,-1.0838894,0.44168103,0.40286636,0.9271362,3.2473905,-0.53044516,-0.48661572
LINC00347,0.35401785,1.815561,-1.125793,0.27485216,0.48226368,0.8870621,3.0704448,-0.4871533,-0.5491274
VIPAS39,0.16442299,0.19511604,-0.062244415,0.16711426,0.19499493,0.8459778,-0.39216614,0.42494965,0.2770996
PABPC1L,-0.32462215,-0.15948439,-0.19376373,-0.5387893,-0.0683341,0.63031054,-0.51846504,-0.10893059,-0.07335091
SPG21,-0.82531166,-0.9942379,-0.52358913,-1.256588,-1.6635971,-0.6862354,-0.83740616,-0.70706844,-0.9885578
CRADD-AS1,0.062413216,-0.42035413,-0.82910347,-1.5090466,-0.14274311,0.7944288,0.74082327,-0.8483248,-1.6337607
RETREG3,0.92724895,1.0504313,1.1661034,0.36564732,0.51889515,0.3503332,-0.66713333,1.0697613,0.6170187
LRR1,-0.056180954,-0.26867247,0.51164913,0.036226273,-0.3773098,-1.4253387,-1.6486282,-0.2743969,-0.45429087
RTCB,0.9103737,0.84646416,1.3112001,1.0414791,1.1490793,0.8577156,1.3349895,0.7146435,0.892107
DNHD1,1.4966292,1.6064517,0.66433954,1.5317693,0.7100911,0.72331953,4.1075516,1.7692049,1.7601435
TXNDC11,0.7666569,1.1009674,0.58568096,1.0144272,0.73538303,0.31579494,-0.6150675,1.1088648,0.19687939
UBE2L6,2.9248981,3.11512,2.6008863,2.457243,2.9088001,1.8411312,1.2487469,3.1210089,1.9440994
GCC2,1.1331263,1.1040764,1.9322815,1.7591295,1.4904108,0.9721098,1.3628902,1.4513063,1.1730814
TXNDC16,-2.5624373,-3.227067,-1.7000012,-3.3196716,-2.2978964,-3.4127982,-1.7258034,-1.798347,-2.3244057
NUBP2,0.8891792,0.49851227,-0.5784292,0.000608,-0.16127777,-1.0657878,-0.7755165,-0.000608,-0.93537426
TCL1B,-0.8174424,-0.86334944,-0.67488766,-0.146276,-0.77740765,-2.637263,-0.36568832,-1.3416047,-0.27773857
BAIAP2L1,0.8354682,0.27187967,0.4864782,1.8283685,0.20491028,0.662778,3.4375958,0.7321855,1.5565761
POF1B,-0.30144095,-0.04618591,-0.90498924,0.6373935,0.7151618,1.1437656,3.427279,-0.25143802,-0.25910813
DHX57,-0.58403945,-1.424037,-1.1823521,-0.5621145,0.2974658,-1.1108053,1.0224142,-0.55229783,-1.0167484
DHX58,3.1183958,3.4988747,3.307806,3.3757696,3.5783958,3.4332247,3.1592607,3.4675922,3.2733812
OXER1,0.42654324,1.0491734,0.084303856,0.17670918,0.14199257,0.43535185,1.6463757,0.4343896,0.21666622
SLC16A6P1,0.31340027,-0.2340002,1.0875597,0.09955788,0.76592636,1.066721,0.74193764,0.6336794,1.0185738
CCNL1,-0.37223625,-0.4168415,0.3604393,0.27553272,0.57524395,-0.3201847,0.5223179,-0.002757072,-0.019076347
ACAD10,0.13695335,0.29214954,-0.90016985,0.47370005,0.3238182,0.3367195,1.5497723,-0.03308487,0.33133125
EPHB4,-0.14837313,-0.13796377,-0.025784492,-0.6788472,-0.4215467,-0.29547644,2.042338,-1.6808214,-1.6904464
SLC34A2,-0.5521572,1.312227,-0.99343896,0.95168734,0.384418,0.9638407,3.2754145,-0.53648365,-0.44500232
ENTPD1,0.29034042,0.21818829,0.17844391,0.011414528,-0.3046279,1.1214752,0.64558125,0.43700504,1.2106934
EPHA7,-0.37715507,-0.061852694,-0.88432145,0.62179196,0.6988467,1.1045859,3.3775005,0.9922061,-0.3128317
ENTPD2,0.21602058,0.15406132,-0.2124424,-0.8652487,0.31932545,0.52314186,1.6114569,-0.6353121,-0.6862235
EPHA6,-0.26191312,-0.021382332,-0.78743887,0.7159089,0.702924,1.2250154,3.5473027,-0.22758293,-0.21389693
EPHA8,1.776128,2.9502144,1.7792001,-0.26381493,1.8511937,0.10099816,2.8471675,0.39163446,-0.06496334
ENTPD7,0.061579227,-0.0301013,-0.09427452,0.3813076,0.63590765,-0.61702776,0.1439147,0.22734451,0.5617552
TAS2R13,-0.46739173,0.61858416,-1.7097031,-0.49634647,-0.46209526,1.495872,2.333335,-0.573684,-0.37336826
TAS2R14,-0.5735574,-0.2364192,-1.0555558,0.13954735,-0.008171082,-0.3024354,1.0241461,-0.24581718,-0.02123928
TIMD4,-0.79366946,-0.80026746,-0.06465769,-0.576437,-1.6906748,0.78083706,0.25445414,0.11601877,0.28406715
MXRA8,0.3502736,0.76526546,-0.122074604,-0.84272385,-0.109800816,0.3575387,0.38207912,-0.14649105,-0.4743576
ULK1,1.0444107,1.7719345,0.7814188,1.2141838,1.7379589,1.2522049,0.72563934,1.5983324,1.1699829
DXO,-0.15194416,-0.14102459,-0.8121309,-0.122431755,-0.781538,0.8562784,-0.6902981,-0.16281223,-0.37857676
MXRA7,0.6385269,1.3357122,2.8172464,0.25985527,0.75184155,0.60295296,2.7883377,0.9691782,0.38235664
ZBED9,0.984318,0.15292978,-1.0405915,0.29288328,0.61411285,1.0083973,3.4183764,-0.3537104,-0.47027612
ZBED8,0.81219816,0.99759007,0.9869256,1.240427,1.2358117,0.775517,0.5447302,1.0591445,1.4344411
PEX11B,0.86524963,1.0247412,0.7685156,1.4936504,0.8186188,1.3290043,0.057320595,1.0800552,1.2920818
PIK3R2,-0.43977833,-0.3600521,-1.163775,-0.6451597,-0.54233074,-1.2801795,-0.78726864,-0.23057461,-1.7175984
PIK3R1,-1.3147163,-1.3163719,-0.46772194,-1.0132961,-0.84831524,-1.7972527,-1.6766305,-0.6310568,-1.5664072
PTTG1IP,-0.15965176,-0.11793518,0.4221182,-0.4891615,-0.17296982,0.04428768,-0.7081518,-0.2993374,-0.3849535
ART5,0.4043088,-0.33693862,-0.38055015,-0.31205797,0.6228926,1.0963135,3.6786213,-0.41877365,-1.5356742
AARD,0.914819,0.4859419,1.065454,-1.1004635,-0.10019612,0.510422,1.6048841,-0.70701385,-0.009670019
APPAT,0.98695946,0.96142054,0.30309153,2.4564314,0.21356487,1.2989354,1.8222446,1.1057606,2.113356
ERC2-IT1,0.82654214,0.24078846,-0.6299424,-0.16492271,-0.06687546,-0.3641677,1.8644814,-0.6827488,0.16224527
RAB11FIP1,0.006145477,0.011620522,0.8455343,1.1340618,-0.014626503,0.99035263,1.3735399,-0.12045002,1.5271473
TESPA1,0.90919685,1.4059091,1.1212316,2.1165743,1.184454,1.7122602,2.6420026,1.3263426,1.2307496
DHX33,-0.45075035,-0.50262785,0.20480156,-0.7230835,-0.5150037,-0.7584462,0.3752761,0.278049,-0.7064619
MIER3,0.8088889,1.1708069,0.19125795,1.6109109,1.544086,0.7682657,0.056307793,1.0305467,0.31741047
PCBP1,-0.04750824,0.012184143,-0.33317852,-0.10484505,-0.066132545,0.48605537,-0.33022118,-0.08014679,0.36536217
MIER2,0.12256527,0.08487892,-0.28464985,0.2052908,0.017704964,1.2859144,0.50305367,-0.15860176,0.45961285
MIER1,0.66046524,0.9545183,1.1333733,1.3678703,1.224144,0.6857338,0.93003273,1.0380249,1.361023
PCBP2,-0.98859406,-0.5527582,-0.9861975,-0.7061024,-0.7087374,-1.0929127,-2.078537,-0.4599247,-0.967556
DHX36,0.51681805,0.6245918,1.0684328,0.9233446,0.7461386,1.3356638,0.45109844,0.7541609,0.99091244
ZBED1,-0.10072231,-0.63259506,0.5014696,-0.17997456,0.56777096,-1.072751,-0.15233326,-0.7714443,-0.25293446
ARSF,-0.14375281,-0.06611633,-0.105935335,-0.40575862,-1.4920121,-0.09990549,1.2112482,-0.82885957,-0.12573719
ARSD,0.6937752,-0.54956675,-0.36507463,1.1426497,1.1113334,0.69572115,-1.744873,-0.58311605,0.42498446
N4BP2,-0.21506596,-0.30995083,0.032262802,0.70384216,0.41123772,0.51979256,0.7783985,0.019787788,0.39128685
RAB11FIP4,1.2762365,0.055558205,1.7897453,-0.006957054,-0.025734901,0.85296154,0.6097441,0.09952068,1.46667
CLHC1,-0.2803502,-0.84608316,-0.4206252,-0.1976347,-1.6165259,-0.032701492,0.12621975,-0.13343096,0.21842384
ARSB,0.47558975,0.51139736,0.22215748,-0.24606752,-0.04304409,0.09746742,-0.3462696,0.4982834,-0.1903429
WWTR1,-0.606201,-0.3308915,-1.0508828,0.25066173,0.3775947,0.93970656,3.221104,-0.52709544,-0.51719195
NSMCE1-DT,0.06920743,0.01724267,0.65876675,0.45415974,0.4456005,1.10425,1.524929,-0.13321972,-0.37125015
SLC25A3P1,-0.36358833,-0.06289983,-0.039438248,0.8213618,0.68818605,1.1455531,3.4468296,-0.24373269,-0.25812447
MICAL3,0.42227626,1.4968436,-1.4269962,2.0964773,-0.3191955,0.81131387,1.1396315,1.4324224,1.3673527
WAPL,0.6495037,1.0466976,0.8652935,0.9721489,1.6314344,0.3699093,0.4603815,1.0919323,0.741869
TG,2.1260548,2.682901,1.3098793,1.8893042,2.181075,3.1768565,1.0100341,2.5587168,2.809722
RETREG2,0.15539837,0.2937746,0.40388966,-0.11695194,-0.16082287,-0.21300983,-0.8860216,0.26742268,-0.026446342
CCNJL,-0.52379054,-0.32096422,-1.0117306,0.3891555,0.41193426,2.083251,3.2962446,-0.50765085,-0.46492195
TNFRSF13B,-0.47185987,-0.047369123,-0.7013644,0.58232856,0.53517854,1.0143932,3.5414639,-0.020562291,-0.21080542
CETN3,0.2672825,0.39605045,0.28829765,0.48545074,0.34233952,-0.032819748,1.0625839,0.3419981,-0.41683388
SLC7A13,-0.4365663,-0.12267995,-0.9281813,0.7122024,0.6314529,1.0895298,4.0429416,-0.3027705,-0.01968491
TNFRSF13C,0.01662159,0.15217304,-0.38346863,-1.1609952,0.39956188,0.39449263,0.78180027,-0.6300316,-0.6591315
SLC7A11,4.5046635,5.05762,4.32294,4.5645714,5.1853333,4.367691,3.3024588,4.8108845,4.460266
PCSK7,-0.101551056,-0.007111549,-0.17034435,-0.18021297,-0.08934593,0.28753662,-1.3942938,0.07559967,-0.015274048
BMP2K-DT,-1.03788,-0.94495964,-0.97013235,-1.0412235,-0.8753166,-1.5686994,1.7660518,-1.6272292,-1.1153536
PCSK5,0.79892063,-0.6599035,0.057596207,-0.27146244,-0.7269449,-0.35851574,-0.118676186,-0.60139656,-0.44505978
GNGT1,-0.42748356,-0.039008856,-0.8476262,0.41536307,0.66111755,2.31595,3.295515,1.1845782,-0.2682854
GNGT2,-0.11542797,-0.6464534,-0.42399788,-0.60885096,-0.79639626,0.066124916,1.4846277,-0.6144781,-0.08083391
HYAL1,-0.9671731,-0.4338374,-1.9762442,-0.7896925,0.3205297,-0.120903015,1.9822793,-1.3715669,-0.002827406
HYAL2,-0.36094952,-1.035943,-0.9414396,-1.672843,-1.7338047,-0.24755955,-1.6605015,-0.88633156,-0.970767
DHX16,0.46325397,0.8270607,0.54391766,0.67484,0.4770279,0.79471684,-0.4502859,0.69466114,0.19697666
L3HYPDH,-0.29697084,0.18341017,0.19901657,0.06793356,-0.36413956,0.22743177,0.913671,0.4276724,0.11153126
NCOA2,0.5699301,0.76552486,0.9760666,0.981349,0.823843,1.0976362,0.93645763,0.89305496,1.0092936
TNFRSF12A,0.85782146,-0.107141495,0.79150295,-0.8602133,-1.1224079,0.89691067,0.8746147,-0.1386795,0.2696314
NCOA6,0.55793285,0.7641821,0.36413193,0.5698271,0.69152737,1.1580076,-0.50496197,0.8302717,1.0681162
LAT2,-1.2285204,-1.5250711,-1.1074724,-1.3814478,-1.4936152,-1.5927191,-0.9312372,-1.6578121,-1.4200754
ENAH,-0.30024767,-0.52615505,-0.61918664,0.32934928,0.21477401,0.7118511,3.0647748,-0.73282003,-0.7004913
BANK1,-0.9142561,-2.1940892,-0.38731718,-2.5395665,-1.4621654,-0.9862819,-0.39918947,-1.7884498,-1.8244781
G2E3,-0.5608778,-0.14471006,0.41462326,0.28243303,0.4906025,-0.9572077,-0.42183208,0.31100416,-0.36211348
DEFB127,-0.30266798,-0.03388226,-0.83000505,0.7399609,0.75469005,1.1782588,3.4858618,-0.22703254,-0.22925109
GREB1L,0.8496939,1.4210314,0.0505656,1.4235865,1.9362472,0.7239803,3.8345532,-0.08436251,1.1719681
FAAP24,1.0790133,0.86925983,1.3673558,0.5095396,0.586607,0.5880685,0.27444792,1.3806472,0.82933664
CRIP2,-0.38440657,0.5456648,-0.91293955,-0.21512747,0.030967236,-0.8779974,1.4885058,-1.2129598,-1.490706
NEDD8,-0.42620564,-0.5320053,-0.7446995,-1.1208162,-0.6902666,0.23886013,1.0130033,-0.35051823,-0.42272472
ARVCF,0.046046734,0.6189723,-0.062773705,0.000865,0.06380606,-0.09898949,-0.8820863,-0.07217407,-0.100485325
ALS2CL,-0.40057564,-0.24510622,-0.49967766,-0.48051596,-0.5948229,-0.090904236,0.20430517,-0.9201913,-1.2931066
FAM172A,-1.080246,-0.8845062,-0.9901438,-1.3267632,-0.9516792,-0.9451828,-1.2393246,-1.0577621,-1.2550397
GCH1,3.8792439,3.629538,5.538475,3.9269953,4.028389,3.491086,4.9489193,4.1857166,3.8649254
YIPF4,-0.025509834,-0.18809748,1.5709877,0.772274,0.5997181,0.45033646,1.7391853,0.48565388,1.0132618
KLK13,0.17029619,-0.104644895,-0.948243,0.5287092,0.4827149,0.9872656,3.313455,0.18354583,-0.40653288
KLK14,0.14478302,-0.17963028,-0.20774174,-0.8006158,0.00295496,0.7503872,0.9297848,-0.53123903,0.13728428
UBE2G1,-0.084661484,-0.15493584,0.39316654,-0.31370735,-0.08633995,-0.02971077,0.5258589,0.20617008,0.36130142
UBE2G2,-0.40275002,-0.67924976,-0.95084286,-0.7591667,-0.80551624,-0.21051216,0.50330544,-1.0213747,-0.34802628
XG,-0.19509959,-0.2334348,0.27019215,0.45778954,0.69149685,0.9592192,3.138341,-0.269315,-0.425622
MAD2L2,1.3365726,1.4431801,0.0879755,0.90714645,1.2210369,0.83989334,0.09838104,1.1652889,0.6854801
CCNG2,-0.6240387,0.116215706,-0.59054804,0.9068537,0.3599682,-1.2661886,-0.2971592,0.19775867,0.03290367
NEDD4,-0.48838615,-0.07783699,-1.2603078,-0.009498596,-0.12658167,-0.95628405,-0.42290545,-0.5375166,-1.0225434
TARDBP,0.15786743,0.5242233,-0.004069328,0.40265703,0.4731989,0.22393417,0.7387867,0.73711014,0.3988304
SH3GL3,0.85427666,0.3779354,1.4539719,0.061979294,0.14437485,0.88168764,0.75663567,0.24650669,0.7417054
KLHL36,0.4103279,0.6364765,0.5681019,0.6448364,-0.23071957,1.1975594,-0.49536133,0.47008133,0.74416924
OGDHL,0.8512378,-0.21818805,-1.0272745,0.56647944,0.5322058,1.0149438,3.2960231,-0.38527727,0.43339372
KLHL35,0.5345826,0.63772964,-0.45418072,0.4232602,0.4208498,0.12110376,2.3389072,0.5203562,-0.09556389
CFAP300,-0.5300903,-0.29651034,-1.0820814,0.56783855,0.44528568,0.9340751,3.2927718,-0.5058724,-0.47293246
CCND3,0.40260315,-0.53192425,0.51528835,-1.4791927,-1.1688662,-0.24558449,-0.7054205,-0.27188587,-0.9993248
CCND1,1.0725842,-0.4818983,1.3517694,-0.8812351,-1.6610656,0.20189667,0.5512533,-0.040860653,-0.10415411
C11orf1,0.23074245,0.073785305,-0.7288375,0.5526054,0.75281656,1.2503179,3.4599495,-0.1729616,0.1292789
FAM174A,0.108161926,-0.18626404,0.4048128,0.20559883,0.001484871,0.404047,0.86091423,-0.012669563,0.6996746
SH3GL2,-0.61950964,-0.2226038,-1.1825163,1.1519896,0.43345666,0.8751539,3.152916,-0.026114106,-0.51128304
SLC12A2-DT,0.103402615,-0.8757329,-0.11418295,-0.15724754,-0.8882389,0.16144085,0.22559738,-0.63763666,0.7136836
TPRA1,0.7771435,0.9207115,0.5123739,0.72182083,0.35208035,0.39344978,-0.81207275,1.119875,0.3518448
CYBB,-0.5200281,-1.2485495,-0.48237705,-1.3615885,-1.6438408,-0.00757122,-0.2327528,-1.0470972,-0.5666113
CYBA,0.07929611,-0.5924816,-0.12617207,-1.2997532,-0.77717686,0.5827713,0.94268036,-0.24709702,-0.41321373
LAX1,0.002667546,0.17982447,1.5525792,0.38112807,0.69614387,0.7152493,3.052934,0.79720426,-0.40771997
KLHL40,1.1035814,-0.26998186,0.71008396,1.1000421,-0.016047955,-0.18283987,2.5536437,-0.4097569,0.3857746
RPP25L,0.33049774,0.28348255,0.31352997,0.3525257,0.16004276,0.88349724,1.3619423,0.3841505,0.913702
KLHL42,0.36494207,0.9404564,0.35077953,0.7144761,1.3159695,-0.14472437,-1.3256702,0.98811007,0.5297742
UBE2V2,-0.048578262,0.054162025,-0.1672697,0.07948685,0.3183136,-0.20292902,0.33717728,-0.37684965,-0.06717491
UBE2V1,0.12798882,0.026374817,0.44642162,0.75510216,0.75503635,0.88282204,0.62716484,0.37148857,0.92568016
PHAF1,-0.26901913,-0.7066431,-0.21230364,-0.5626426,0.0000672,-0.5605788,0.44581795,-0.24178934,-1.2481122
ADGRF5P1,-0.31340933,-0.059410572,-0.8877766,1.2064401,0.6926588,1.163638,3.461484,-0.21948111,-0.17421448
KLHL18,-0.06400919,0.23878622,-0.37826872,0.15597677,0.011552811,-1.3453991,-0.7229991,-0.007864952,-1.1135569
GCM1,-0.026383877,0.4765191,-1.2941165,-1.0341034,-0.32550097,-0.6279106,0.4607196,-1.4560194,-1.5799937
VCP,-0.101379395,-0.24511051,-0.22930813,-0.18646622,0.14652824,0.013805389,-0.29947662,-0.6010561,-0.12516594
RTN1,-0.8588209,-1.033185,-0.5611305,0.019200325,-1.7701836,-0.99652004,-1.3314924,-0.8925743,-1.0865355
KLHL14,0.46955013,1.0124891,-0.18139291,0.06208968,-0.757149,-0.23026752,2.4198651,-1.7172037,0.1545651
KLHL15,0.7394686,0.9960127,1.3743429,1.0943441,1.3136568,0.91741467,0.99021053,1.1488438,1.305995
KLHL10,-0.15734363,-1.274885,0.016046286,-0.43086755,-0.5224314,0.76852417,2.2866693,-0.8407296,-1.1496788
KLHL12,-0.73547125,-0.5457597,-0.43906307,-0.62266445,-0.74861574,-0.49095678,-0.68029356,-0.36475658,-0.38003874
HCAR2,3.331108,2.5572605,4.02102,1.0850449,0.68734694,2.3190713,2.5085163,2.9602757,2.4321842
CCNB3,-1.3084769,-0.9031744,-0.5801697,-1.7448514,-2.2635498,-0.52553296,0.11500931,-1.3450868,-0.07077837
CCNB1,-0.8654113,-0.80101633,-1.1147394,-1.27003,-0.9613409,-0.118320465,-0.05983448,-1.6460032,-0.83334684
EBP,-0.26185417,-0.26526737,0.3592062,0.011608124,0.038542747,0.27263832,0.9167433,-0.3370552,-0.023151398
RBMY1A3P,-0.071979046,1.1766067,-1.4395814,-0.23578167,0.6110611,-0.20777798,2.110022,-1.6934404,-1.6592393
CHAD,0.2550769,0.1997199,0.030281067,-0.70026803,-0.045749187,0.77104187,0.62029743,-0.62200737,0.091291904
PRODH,0.8440676,2.1204724,0.6697726,2.3717203,1.8491473,1.4891834,0.9800434,1.6779752,1.9785147
BANCR,-0.53905666,-0.2602082,-1.0466542,0.59377766,0.4922856,1.9669822,3.2799888,-0.45423424,-0.4470806
VDR,0.60594654,0.8806658,0.7597923,1.0867586,1.6363401,1.0079145,1.2696228,0.95602417,1.2727957
KLHL26,0.912683,1.330483,1.0895467,0.7062135,0.3931017,1.4931865,-0.1953206,1.1153674,0.88567877
PHOX2A,-0.017900467,0.000898,-0.18027687,-0.24574661,-0.06046772,0.6892414,0.6919403,-0.34052563,1.1479893
KLHL20,-0.27772284,-0.38876152,-0.06382322,-0.16898036,0.3867383,-0.16357732,0.3720765,-0.23252392,0.7725239
GCLC,-0.09866905,-0.38269615,-0.5284586,-0.832716,-0.78048134,0.03894043,0.31347084,-0.21424198,0.17790604
STT3A,-0.5375509,-1.0017233,-0.5361595,-1.030858,-0.65997696,0.11010647,-1.8009529,-0.74141407,-0.12998295
CYCS,0.4600773,0.31738377,0.8290062,0.5740547,0.11073303,-0.43788338,1.9364834,0.49347973,0.4921112
ATP5PDP4,-0.13467693,-0.49458504,-0.52246475,-0.4533186,-0.49158478,-0.003029823,1.3478003,-0.55809116,0.06206608
STT3B,-0.17755508,-0.18270016,0.021650314,-0.28293037,0.14826107,-0.021650314,-1.0736351,0.17445183,-0.5232315
GCLM,0.022387505,-0.38177776,0.2859478,0.18597317,0.61090183,0.07324505,0.27595997,-0.24919415,0.8619547
YWHAE,0.055135727,0.36339378,-0.27004623,-0.024644852,0.03971958,0.7820816,-0.9915161,0.07620716,0.2834053
EDA,-0.46235418,-1.3303618,-0.4216609,-1.5459049,-1.487217,-1.6148658,1.274878,-1.70013,-1.6579845
RTP3,-0.5017368,-0.23396003,-1.0594232,0.45466518,0.52996635,0.95882463,3.2413745,-0.4326148,-0.4471811
CNRIP1,-2.7458267,-2.2926002,-1.9157796,-3.3149333,-2.4388947,-2.2590547,-3.7351027,-2.2694902,-3.5326347
CHD8,0.4817295,0.8631849,0.24502182,0.78183365,0.5645189,1.1354294,-0.22795486,0.5936279,1.066431
CHD6,0.6911063,0.97837687,0.3275237,2.2547321,1.8214722,0.62405014,0.05152321,0.9329572,1.1269593
CHD2,1.186512,1.3902407,0.9504776,1.6936455,1.4361134,1.6938362,0.5321655,1.4032621,1.3623486
PIDD1,-0.2825203,0.028457642,-0.27161884,-0.9567108,-0.4868946,0.39269257,0.000113,-0.13417244,-0.053678513
GATAD1,0.1131382,0.45171165,0.7273712,0.26953506,0.3349228,0.34936523,-0.36153984,0.4223137,0.3265705
YWHAG,0.51362324,0.45554256,-0.20915508,0.38872528,0.67088413,0.8235502,1.2276773,0.5464878,0.57581425
RFPL1,0.78669095,0.49788284,2.4324338,0.002272368,0.41718388,1.2365894,1.933039,0.49113035,0.027348757
DARS2,-0.27805424,-0.38766575,-0.14742327,-0.49099445,-0.54408693,-0.116989136,-2.1971698,0.28574467,0.09520817
CIP2A,-0.037884593,-0.21054256,-1.3517101,0.35955453,0.278512,0.709285,3.6121166,0.21366572,-0.66291404
GCNA,-0.28870296,0.20540619,-0.4739623,0.87957144,0.1788001,-0.09584808,-0.19355297,-0.03598404,0.84501266
CCNA2,-2.3064687,-2.2548068,-1.8680611,-2.9585357,-2.5325768,-2.2018054,0.024055481,-2.4599073,-3.1442337
CCNA1,4.531255,4.528821,5.4744177,4.574584,4.238536,4.050849,3.279693,4.472645,4.021121
TBC1D2,-1.1203709,-1.5973253,-0.7258005,-2.2464108,-2.5125804,-1.1092949,-2.5542793,-1.2510548,-1.7067432
TBC1D4,1.0705738,2.185542,0.6020279,3.0852985,2.7912798,1.3562641,0.004892349,2.064867,2.1887226
UBE2R2,-0.020368576,0.21802998,0.16622448,0.13829803,0.13106918,0.40024757,-0.8780918,0.21002865,0.1875248
MMRN1,-0.6482445,-0.40391487,0.49932504,0.38163388,0.35424006,0.80163074,3.1261067,-0.60897297,-0.5897423
CHDH,-1.2089984,-0.949497,-1.9322804,-0.3580351,-0.20274282,0.21696854,2.477546,-1.1685966,-1.207397
TBC1D7,-0.18732738,0.025137901,0.26543045,-0.3500681,-0.2679472,-0.19126987,0.0769434,0.21891499,-0.5142431
FAM153CP,-0.45048857,-1.3335862,-1.3235841,-0.22140074,0.58377075,-0.8992567,1.4275842,-1.3317494,-0.2523775
TGFBRAP1,-1.0440407,-0.9647374,-0.4679308,-1.0598392,-1.4134936,-1.0945988,-0.9333067,-0.818686,-1.4242697
ACVR1B,1.4412622,0.8867216,0.7223773,1.1867375,1.110353,1.4756894,0.9564481,1.5586662,0.54746246
CYGB,1.6557577,0.884619,1.512152,-1.0635552,1.4029009,-0.35585237,1.3124363,-0.23535323,-0.44706178
C9orf163,-0.26113415,-0.9402218,-1.2843561,0.22016239,-1.2283096,-0.16631031,2.1428537,-1.2228565,0.014882088
TAF1D,-0.1440916,-0.17962933,0.013324738,0.35786724,0.48270988,-0.15389156,0.30169582,-0.017028809,0.6735201
EFS,0.073025465,0.13593507,0.7584188,1.5439005,-0.0789094,0.2453723,2.3379302,-1.379769,0.74612975
CCDC144NL-AS1,-0.25696886,0.10019517,0.005745888,0.5871738,0.80967593,1.275919,3.4244082,-0.116680264,-0.15985143
MDH1B,-0.29535246,0.000416,-0.9718226,0.61319923,0.7249466,1.1845194,3.433339,-0.20923579,-0.23210585
ACVR2B,0.4725876,0.48925447,0.16387606,0.42546225,0.6109514,0.42650223,-0.078056335,0.78342104,-0.003646374
ACVR2A,0.41925144,1.3896427,0.7439518,1.5399847,1.3608351,0.26485252,0.46444225,1.2367334,0.70771027
PNKD,0.7091398,0.6003742,1.255497,0.025393486,0.34717083,0.6319742,-0.37966824,0.94292927,0.20488644
INAFM2,-1.4721155,-1.8190022,-0.7742195,-2.0663176,-2.187501,-1.2531862,-0.679266,-1.735076,-1.7523565
ABHD17B,-0.40837288,-0.47998714,-0.026635647,0.06848478,-0.61240053,-0.5290532,-0.96669006,-0.13372755,-0.4596672
ASB9,-0.5892577,0.12210655,-1.4600925,-0.34191275,-2.8562112,0.7167411,-0.22314501,-0.7409086,1.2730479
ACIN1,0.075582504,-0.12816906,0.10196972,-0.055732727,0.50996494,0.3422451,0.3159132,-0.39243698,0.4943161
ASB7,0.15425444,0.30221844,0.9405346,0.7783952,0.7694721,0.17096996,0.084254265,0.64580536,0.85580444
VIM,0.27951622,0.16006088,0.002002716,0.16775322,1.0419369,0.7049732,0.6166706,0.014652252,0.6614742
ASB5,0.30724216,-0.49408734,0.64741683,0.14863205,0.24176335,0.5839236,2.7628186,-0.72300005,-0.814559
RPL32,-0.25411034,-0.6721773,-1.6051702,-0.5576439,-0.43543625,-0.06418419,1.645649,-0.7559223,-0.0605278
MAML1,0.20906639,0.71610355,0.6910877,1.0278912,0.6370516,1.0775852,0.46876335,0.6496639,0.9897804
RPL31,-0.8557787,-0.25471687,-1.4800024,0.41482162,-0.255342,-0.46406364,-0.84958935,-0.33484936,0.13228083
RPL34,-0.30552578,-0.3405342,-0.9633913,-0.004847527,-0.17075825,-0.0782032,2.3447332,-0.56354237,0.5591974
DPY19L2P1,-0.39271647,-0.077225685,-0.88494265,0.74084306,0.67760444,1.134995,3.4246192,-0.25812602,-0.27232522
DPY19L2P2,-0.35983032,-0.113155484,-0.74719965,0.48270547,0.5939472,1.1861743,3.4932375,-0.31288195,-0.20796692
ENO1,0.107925415,0.037493706,-0.5019083,-0.15810776,0.11380386,-0.5688362,-1.1983128,-0.22095585,-0.62783813
RNF112,-0.36613703,-0.077383995,-0.005455017,-0.36699653,-0.017857075,-0.6499226,2.351904,-0.1655283,0.005455494
RNF115,1.2225943,1.5429001,1.2186947,1.7311754,1.5464821,1.4306955,0.32578373,1.6105919,1.4311953
RPL12P1,-0.5557766,-0.560544,-2.0002813,0.16070175,-0.69901943,0.14806366,0.38482666,-1.0078726,0.6367092
RPL36,0.4705143,0.47688103,-0.57468224,0.8210983,0.6263037,1.0583763,2.9985847,0.028766632,0.7677345
CYP1B1,0.9821043,0.5079889,1.0616665,0.16339397,0.85452557,1.4058828,1.0614462,0.7311821,1.529067
RPL35,-0.1627388,-0.14068222,-1.2574348,0.028612137,-0.13423061,0.20725632,2.3413506,-0.29208088,0.49064064
RTTN,-0.40217972,0.30822515,-0.71760035,0.5815296,0.3061943,0.6269164,0.9222665,0.5013375,-0.9478121
ZNG1A,0.026808262,0.37607098,0.57717514,0.3422985,0.22360611,0.36320496,0.69431686,0.6936865,0.7967315
RPL39,-0.38296127,-0.28378868,-1.142868,0.1954956,-0.3598795,0.000889,3.0154228,-0.36149597,0.25021362
BVES,1.4726596,2.4818535,1.0853243,2.5636606,1.5825672,1.4427693,2.2119746,1.3954363,1.0760074
CHGB,-0.92990935,-0.6480138,0.048496485,0.13443899,2.2351887,0.5612936,2.863894,-0.8322592,0.12451935
MED1,0.37947035,0.69441366,0.55164623,0.8328428,0.9111099,0.59960794,0.81067276,1.1565332,0.52352667
CHIA,0.79393196,0.6433015,-0.1874404,-0.7447996,-0.21372819,-0.00133276,1.4228911,-0.7098572,-0.5833082
MECR,-0.60000896,-1.0318313,-0.9709897,-1.5960503,-1.1825514,-0.77407694,-0.13878965,-1.1028214,-1.3214407
RPL23,-0.66436386,-0.67461777,-0.017965794,-0.33491707,-0.25989103,-0.13529587,1.1988964,-0.54408026,-0.018405914
MED8,0.985672,0.5842171,0.625288,0.7072029,0.5697603,-0.011293411,0.5569401,0.5385647,0.14734077
MED9,-0.29134083,-0.33215094,-0.49827194,0.5831766,-0.004507065,-0.45768023,-0.13374853,0.2948327,-0.7084732
AARSD1,-0.19650841,-0.1737194,-0.8803978,-0.5333829,-0.87084055,-0.9200573,-0.77080107,-0.20671558,-0.6634116
DKK2,0.92486,0.29198575,1.0084434,-0.8424475,-1.3228663,1.2087688,1.354145,0.8699627,-0.087604284
DKK3,-0.40179545,-0.045045137,-0.7888118,0.38668442,0.644897,1.1870434,3.3865323,-0.25778627,0.49880254
IFT88,-1.0846162,-0.70329285,0.42913246,0.2743554,-0.5936694,-0.5665908,-0.45959473,-0.41360092,-0.4465108
RNF128,-1.7478137,-1.4209135,-2.282169,-0.8900435,-0.66665995,-0.29368758,1.9256327,-1.6385716,-1.7285523
IFT81,-1.2792872,-0.2516731,-0.9597634,1.1743264,-0.2312367,0.2251935,2.5272408,-1.1684068,-1.1781855
GPR160,-0.309227,0.42323112,-0.5852871,0.9936352,0.55455875,-0.8930721,-2.42865,0.23188591,0.6661892
RPL29,-0.5123291,-0.30348015,-1.3117886,-0.47218323,-0.6128082,-0.33950996,0.6242924,-0.504796,-0.3920021
UBA52,-0.61501694,-0.42697144,-1.1460695,-0.3156166,-0.51512146,-0.19905663,1.3892269,-0.5960045,-0.29081535
RNF122,0.2913971,-0.37179184,0.9580498,-1.2393818,0.01568985,0.06062889,1.261281,-0.8168316,-0.59389687
OSER1,0.8233595,1.1743975,1.2520971,1.4540758,1.2464361,1.1070089,1.1683187,1.1960688,1.1521196
NEDD4L,-1.9777126,-1.2102313,-1.5107088,-0.7456579,-1.5209937,-1.0367231,-2.2845068,-1.4403448,-1.1973228
A1BG,0.4915266,1.5676556,0.112267494,0.5997107,0.71778154,0.3652134,1.2767706,1.0545263,0.53129816
VPS26B,-0.98434734,-0.80007744,-0.76432705,-1.1870451,-1.385107,-0.7629061,-2.4199486,-0.48613358,-1.1617765
MEG8,-0.4946233,-0.22723532,-1.0195613,0.5878439,0.52973485,0.9818523,3.316559,-0.42449176,-0.41310388
LINC01521,-0.6217897,0.39560843,-1.405801,-1.4504154,-0.7220018,-0.97815204,1.268142,-0.5584414,-0.15001392
CHKB,-0.06874466,0.05428219,-0.5672798,0.1926384,0.11913586,-0.57260704,-1.746089,0.2198515,-0.40158844
A1CF,-0.2055279,0.046039104,0.08456302,0.721622,0.78065836,1.235623,3.5348744,-0.035060406,-0.18348563
PRRC2B,-0.042321682,-0.17914581,-0.4736228,-0.02733326,0.3665638,0.02733326,-0.82143927,0.28697252,-0.3404622
RPL3L,0.2044177,0.35320616,0.17146921,-0.21116257,0.055861473,0.77417755,1.423543,-0.48517466,0.5728593
SLC16A13,0.62616587,0.10154724,0.34430456,-0.07047796,-0.13113213,0.13501167,-0.28285313,-0.30817986,-0.67773247
TMEM199,0.8209324,0.82978725,0.82379436,0.758873,0.9011097,1.277132,1.1191816,0.8068733,1.0526924
CYLD,0.047083378,0.6256881,0.32857847,1.1100144,0.54059553,-0.4345417,-1.8687301,0.58733654,-0.039367676
FA2H,2.0832953,0.23525476,1.306364,0.7238827,-0.0984087,0.6595211,0.36219501,-0.05775404,2.064629
GPR180,0.703671,0.69242,1.358613,1.2416658,0.9386072,1.0893507,1.5607858,1.0072594,0.5993552
GPR183,-1.7078667,-0.43154907,-1.5315704,-0.49991226,0.34982777,-1.4422665,-1.4136934,0.014692307,-0.3040676
CYP1A1,0.33482337,0.7562399,0.11790657,-0.45244288,0.078285694,1.2289844,1.4919972,0.19949317,-0.028295517
GSDME,1.5715303,2.876483,1.5025358,1.3430738,0.5699425,1.6148043,0.44756985,2.8486032,1.6565504
SPEF1,0.07194328,-0.101000786,-0.7505884,0.11790657,0.13448715,-0.1333847,1.8940334,-0.5336628,1.1087055
ELL,-0.7475543,-0.31645393,0.04114294,-0.24792051,-0.44252968,-0.22210789,-0.61268663,-0.17796564,-0.80918217
MEI1,2.0731068,1.9960451,2.6328316,1.9648666,1.95154,2.3672009,3.093439,2.0206594,2.2524662
TMEM181,-0.5751848,-0.45457554,-0.72477245,-0.710505,-0.4567232,-0.5051985,-0.7938423,-0.43731213,-0.051592827
TMEM186,-0.12955189,-0.22978497,-0.28344822,0.008128166,-0.4822607,-0.28721714,-0.13079453,-0.083524704,0.07518482
TMSB4Y,0.14276028,0.35933304,-0.5635562,0.8103657,1.1274481,-0.7467084,0.5076709,0.359694,-0.5312393
EMB,-0.8496723,-0.8525038,-0.97396183,-0.30757332,-0.99833584,-0.22887802,-0.8308697,-0.7582588,-0.7680054
RNF152,-0.055125237,0.21032524,-0.3699113,0.4830979,0.38125217,0.84503555,3.2032545,1.6332731,-0.54634035
KRT8P10,0.8623481,0.8810446,0.65351534,0.4196036,0.8399074,0.29199934,1.3294649,0.7821536,-0.6354542
SLC2A14,-0.42163277,-0.95299053,-0.4756298,-0.87127686,-1.441947,-0.21220016,0.5712004,-0.8230009,-0.5480728
SLC2A10,0.22925472,0.039032936,-0.28291512,-1.1019802,-0.7086692,-0.17089748,1.7395096,-0.763217,-0.51467943
SLC2A12,1.3834279,0.119299054,2.0968893,0.7351496,0.20353007,2.2371986,3.0029051,1.3897235,-0.006175995
EN2,-0.030052185,0.03336239,-0.45890522,-0.60689735,-0.6491928,0.4814434,1.4898777,-1.1262426,1.0186596
TACR1,0.89913297,0.69938207,0.26132703,0.06654763,0.34142864,0.7216706,2.914773,-0.43964767,-0.5913207
LSG1,-0.21334219,-0.13043213,0.43598843,0.3353567,0.12776423,-0.12954569,-1.2329564,0.05287695,0.11631966
ENG,0.5138073,0.34950352,-0.025893211,0.020713806,-0.25541592,-0.010852814,-1.6303864,0.706089,-0.2046814
CCDC90B,0.47724104,0.8555684,0.5065937,0.9775896,0.42858124,0.8407073,0.19193506,0.91653204,0.95618296
RPL10,-0.3877182,-0.09793091,-0.7955618,-0.21129608,0.34828758,-0.42536354,-0.43000317,0.007611275,-0.8605099
PLPPR4,-0.32737303,0.011908412,-0.86732626,0.5135952,0.72006464,1.1886568,3.3533921,0.32251334,-0.2697369
TMEM164,-0.0377903,0.20640373,-0.40055466,0.12765503,-0.09730244,0.6702118,-0.6755924,-0.1435728,0.24315071
TMEM165,0.174757,0.008322716,1.3111134,0.25559235,0.29432964,-0.3054428,1.0484934,0.49845505,0.22811127
RNF135,-0.07714462,-0.024355412,0.1898222,-0.016050816,-0.058187485,-0.7358985,-0.015892982,0.14495754,-0.7001376
TMEM169,0.5288334,1.2999334,0.33775187,2.414876,1.0180063,0.064198256,3.209278,1.0279484,2.2222142
CHN2,-1.4170151,-2.474187,-1.7750292,-2.7081304,-3.1180577,-1.5581999,-1.053853,-3.146171,-2.1948304
RPL14,-1.0438156,-1.008934,-1.3012457,-0.30007935,-0.655365,-0.6654701,0.77851105,-0.88483715,0.030220032
LINC02812,-3.0404053,-3.8177738,-2.348129,-3.03248,-3.0559883,-2.607115,-0.3015828,-3.2549348,-2.978898
RPL13,-0.1775589,-0.000402,-1.1959105,-0.115364075,-0.12487984,0.16065025,1.013773,-0.37345505,0.06763458
RPL18,-0.51334,-0.59591484,-1.2696037,-0.43585396,-0.40980434,-0.5737877,0.4296646,-0.6436758,-0.23768234
ANKRD50,-1.4113326,-1.5905857,-1.7297764,-0.05427313,-1.3284316,-2.2119112,-0.71992826,-1.7447433,-1.3652549
RNF130,-2.0310977,-2.3310287,-2.046989,-2.5052848,-2.108327,-0.22545147,0.8790121,-3.01303,-3.1856709
GPR157,6.278054,6.907134,5.383299,7.31927,6.1094627,7.3312902,5.3322134,7.039089,7.404454
TIMMDC1,-0.90287876,-1.7594557,-0.97267914,-2.4894323,-1.5110159,-1.0128222,-0.47632504,-1.4962358,-1.4981222
OR1L4,-0.0507195,-0.52738285,-1.2837503,0.08115339,0.5231874,0.71095514,2.988579,-0.73609877,-0.7320249
TMEM154,-0.18359089,-0.6818261,1.3392029,0.093363285,-0.27539778,0.19634199,1.6682134,-0.1504736,-0.050382137
RNF146,0.09252453,0.47759628,0.90553665,0.38898563,0.36717033,-0.8570814,0.15798092,0.3494339,0.47190762
GPR141,0.11105776,-0.7458663,-0.59982586,1.0466247,-0.3130331,0.07666302,0.091602325,-0.2856145,0.08537531
ERP44,-0.34468842,-0.7181225,0.27326298,-0.50484276,0.13401031,-0.5041766,-1.0871668,-0.36949444,0.16412449
GPR142,0.87459517,1.1529727,0.27563715,0.15648317,0.26710367,0.6979923,1.9660277,0.44713497,0.48494577
ABI1,0.49519348,0.6296358,1.0554962,1.2623501,1.1829557,0.70040894,0.61839867,0.7126913,1.0973358
GPR149,-0.269938,-0.5176289,-0.09659386,-1.1767229,-0.9670595,0.34596992,5.8234754,-1.8488548,-0.17272878
ANKRD65,0.035999298,0.07981968,-0.42777157,-0.91062737,-0.12391949,0.27443886,0.19529724,-0.4856205,-0.107860565
RNF141,-1.0952549,-0.97944546,-1.5742922,-0.68611145,-0.94655323,-1.0451794,-1.1421947,-1.149436,-1.3539276
MSRB1,2.2570105,1.9901886,2.1385736,1.686305,1.840436,2.226695,1.9022532,1.9235926,2.112708
ANKRD37,-0.24229527,-0.080179214,-0.38291073,-0.06797886,-0.3042307,-0.2568941,-0.02550888,-0.13363743,0.40680408
LINC00265,0.004529476,0.39184666,-0.081143856,0.91261053,1.5460839,-0.15655899,0.8623624,0.24053478,-0.1680336
CHPF,1.1817098,1.7540588,0.5949502,2.1682434,0.23731661,0.87605476,1.3473887,0.9102535,1.2301216
EPO,-0.367527,-0.33266902,-1.1207469,0.2914996,0.94675374,0.69436216,3.040353,-0.039300203,-0.47483683
ANKRD33,1.0587273,1.1577892,0.4421425,0.65987396,1.2094021,0.8260422,1.3675671,0.6371746,1.1244469
ZFP36,-0.71980476,-0.60352135,-0.8414736,-0.80560684,-0.5194664,-0.27186394,-0.6814251,-0.5476475,-0.32444763
DACH1,-1.1838336,-0.82064235,-1.9480222,-0.38590908,-0.12863421,0.34244823,2.460217,-1.0472373,-1.1566886
NAGLU,-0.590992,-1.0244055,-1.0668106,-1.228199,-1.4018087,-0.15751076,-1.3915892,-1.0636072,-1.0634861
ANKRD31,-0.5380739,-0.31122375,-1.0712343,0.5056758,1.0360324,0.9431789,3.2868505,1.4970648,-0.47134745
LINC01587,-0.6036117,0.5056006,-1.080187,1.0818745,1.0025729,0.8975977,4.155434,-0.436911,1.075468
ZFP37,0.19817531,0.57688,0.55506086,0.41033268,0.12391245,0.501287,2.8110795,1.1201072,-0.70123947
TMSB10,0.58686256,0.81528854,0.16853428,0.22665977,0.6970329,0.61530113,2.4829216,0.2961464,0.7109852
LINC01588,0.97724223,0.35408998,-0.89836454,0.066990376,1.4946172,0.9178295,3.1162775,-0.5452589,-0.47099364
MEN1,-0.40111715,-0.19122297,-0.8615731,0.47718346,0.5488868,1.10284,3.3899057,-0.38330162,-0.27657598
DEFB118,-0.494156,0.64846015,-0.7533299,0.35668445,0.4411912,1.3522744,3.239227,-0.4957267,-0.34688604
CD180,-6.664413,-6.3575077,-6.744772,-5.7852235,-5.6279926,-5.192648,-2.9602604,-6.5784473,-6.6198945
RNF41,0.09984398,0.19906044,0.8135004,-0.12433052,0.34481525,0.8571148,-0.20571327,0.53801537,0.805027
SYPL1,-0.95976067,-1.7973385,0.10251808,-1.9306908,-2.0777335,-0.69660664,-0.005558014,-1.2867074,-1.2813644
ANKRD42,-0.029469967,-0.5986891,0.51719904,-0.6067643,-0.85475254,-0.19798708,0.29163122,-0.8530369,-0.1723361
ANKRD40,0.2501731,0.48663282,0.024798393,-0.23900843,-0.46872282,0.18948889,-0.54144716,0.81810856,-0.13747215
ERG,-0.5321916,-0.31994224,-1.2264633,0.47221363,0.43195212,0.8834399,3.2235456,-0.5278784,-0.50944597
PHPT1,0.416317,0.33382034,0.14982224,-0.41213608,0.0588665,0.68167686,1.4362736,0.39215183,0.031147003
ENY2,0.01574421,-0.12047577,0.023155212,-0.16970539,0.13677692,0.26004696,1.7746954,-0.13036823,0.12970066
CALCRL,0.88074064,1.555119,0.659112,0.7129073,2.1117067,0.89283085,0.85151386,1.6289511,1.0748324
ABHD3,-0.38551617,-0.06014824,0.36278152,-0.002804756,-0.13707352,-0.7179923,-0.6328335,0.03921795,-0.28345585
FAM27C,-0.23975039,0.32700443,-1.2868366,0.5549426,0.6752062,0.2972355,1.9447527,-0.54554987,-0.30507112
ABHD2,-1.0520205,-1.075942,-0.6698446,-1.304965,-1.1290808,-2.6665564,-1.764792,-0.878294,-1.9498725
SUZ12P1,-0.14760208,0.06570053,-0.66669464,0.8127556,0.2889557,-0.09722328,-0.16451836,-0.21973038,-0.045366287
ANKRD11,0.7997875,1.2083406,0.6978712,1.352932,1.2051725,0.82411385,-0.32967854,1.3866453,1.226141
ILDR1,0.18446541,0.036132812,-0.016411781,0.34869385,0.7093086,-0.4494419,0.08132362,-0.20120144,-0.7072773
ABHD6,-0.9626131,-0.97096825,-0.7991295,-1.0101252,-1.4570332,0.004725456,-1.387887,-0.9919958,-0.17061329
VTN,0.44066238,0.15893412,0.021587372,-0.55488396,-0.016090393,1.467751,1.4801302,-0.27961636,1.3107891
HMBOX1,-0.99427795,-0.1968441,-0.41149998,-0.73028183,-0.48139858,-0.24433517,-0.62875175,-0.2260561,-0.85020447
OARD1,0.8266554,0.88640785,1.0348473,0.98256016,1.1648426,0.67989254,1.056529,1.0579386,1.1244097
ESD,-0.7894592,-0.2004795,-0.5460658,-0.5450411,-0.114367485,-0.1645279,-0.58335495,0.080281734,0.027125835
ABL1,0.16231585,-0.035600662,-0.52603626,-0.03381729,0.0338974,-0.13169003,1.5496836,-0.2801218,-1.000905
ANKRD10,0.35043907,0.64245987,0.33125973,1.2032986,1.1885109,-0.042856216,0.090522766,0.56160736,0.5175705
PPIAL4G,-0.10868454,-0.38258934,-0.8257637,-0.6233349,-0.46838188,-0.39007378,0.106098175,-0.50251675,-1.055645
ANKRD28,0.97756195,1.0525064,1.3483696,1.3230157,1.1531005,1.001946,2.4552727,1.3472328,0.7874141
CD164,0.74069786,0.58024216,1.0737648,0.4312439,0.6688156,0.52238274,1.1683693,0.7806845,0.13664436
CD163,-7.361304,-8.519218,-8.176011,-9.754383,-6.9914856,-8.8430805,-8.619793,-7.5370445,-10.644108
IFTAP,-0.3423853,-1.0265193,-0.22384453,-0.95322275,-1.1657553,-0.07104015,0.5050173,-0.6798172,-0.9521694
ANKRD27,0.09969807,0.7106447,0.29461288,0.74854183,0.42910004,0.14254284,-1.3322916,0.74418354,0.5376406
ANKRD24,0.61735725,0.12898493,0.3502679,0.19592762,-0.07259035,1.2767282,1.7045932,-0.05792284,0.15330172
ZG16B,0.20722485,1.1320963,0.9261694,2.3467455,1.4780865,2.211009,2.3424568,0.7411051,2.6110811
TVP23B,0.679163,0.909997,1.6865892,0.8607044,1.2242117,0.5974312,1.3885937,1.3456783,0.7702484
TVP23C,0.74547386,0.8875952,1.637744,1.1035805,1.2011166,0.007539749,0.81030273,1.2595968,0.6041031
LSM5,-0.30059624,-0.33238697,-0.5130167,-0.20256615,-0.22443771,-0.5964565,1.7863712,-0.22850895,0.29129028
LSM3,-0.29990292,-0.51149654,-0.31185246,-0.2808504,-0.037822723,-0.24216366,1.9848909,-0.13073254,-0.0631361
CNOT4,-0.6599817,-0.42870808,0.24098063,0.20640326,0.21602869,0.022384167,-0.40362787,0.069833755,0.3793106
TRMT9B,-0.8023547,-0.5549027,-1.3574065,0.3413509,0.19144475,0.65196764,2.9496942,-0.74232465,-0.7464378
LSM8,-0.000467,0.004216194,-0.05320549,0.20160103,0.2741127,0.23183441,1.8313446,0.3463955,0.57175636
CNOT6,-0.36301517,0.18833971,0.042270184,-0.004080772,-0.059332848,-1.0349197,-0.46886396,0.30796862,-0.4780569
RPL12P42,-0.5425739,-0.4707489,-1.9983902,0.16161346,-1.0226097,-0.52498245,0.27418327,-1.2075644,0.39541245
CNOT2,-0.19656849,0.051297188,0.13266087,0.29107952,0.18185759,0.41589832,2.30453,0.29196072,0.209939
TADA3,0.09445763,0.19555378,0.21907234,0.2531395,0.21049595,0.35585403,-0.3863163,0.33794785,0.6133404
RNF182,-0.62546027,1.6411182,0.5577365,2.455182,0.36785805,0.8145348,3.1230683,1.3435842,2.6066976
TDRD12,-1.3119416,2.3261557,2.0842876,-0.31256962,-0.22739923,0.16162014,3.5201907,2.4182425,-1.2509909
TDRD10,-0.11200619,0.110023975,-0.86112785,-0.85878515,-0.02112341,0.36043262,1.7952313,-1.2727475,-0.0853343
RNF183,0.32412744,0.5524583,-1.1060176,-0.095519066,0.7878504,0.60980964,2.915435,-0.8823904,-0.05752945
GPR101,-0.47765243,-0.22575021,-1.0579336,0.61524904,0.49143255,0.97070515,3.3004637,-0.4654203,-0.42968643
RNF186,0.38516307,-0.12673402,-1.0564182,-0.6953237,0.62085557,1.3319826,3.4886274,-0.8560276,-0.026221275
EIF4G3,-1.1025658,-1.5034084,-0.04273224,-1.0216484,-1.1560268,-0.8390598,-1.0666971,-1.1696768,-1.0015678
EIF4G2,0.013168335,0.5640087,0.61094093,0.5312519,0.38885784,-0.94713783,-0.81632614,0.59022427,-0.09072113
LINC00269,1.0733228,-0.107286215,0.8744955,-0.4525063,0.8768945,-0.26382542,1.6298299,-0.25490475,0.22835445
RNF10,0.10659218,0.35825348,0.5854702,0.09956932,0.06863499,0.8303375,-0.07270813,0.61293983,0.6639843
CALCOCO1,-0.5113926,-0.4821806,-0.6068449,-0.8313618,-0.7311554,0.74570465,-1.7385902,-0.5718527,-0.31529045
EIF4E3,0.004977226,-0.14549303,0.89963627,0.040641785,0.5252919,-0.05885315,1.1504803,0.12671185,0.24709272
SFT2D3,0.60553455,0.5513663,0.002004623,0.03344536,0.3548236,-0.035092354,1.2608256,0.07542467,0.03434229
CALCOCO2,0.7594271,1.147193,1.2514896,1.1149702,0.9271822,0.1404562,1.11724,1.2658367,0.20337963
TREM2,-0.23017311,-2.0410624,-0.6831379,-2.333354,-2.2252312,-1.5527706,-1.2121973,-2.1979074,-1.045002
ADRA1B,6.431133,7.7456317,5.5517926,8.885902,6.870566,7.8810363,4.4475856,6.877253,8.724266
TREM1,-3.0824113,-3.2521155,-0.9845333,-2.9794962,-2.804719,-3.2384439,0.8359356,-3.269458,-3.4017482
PTBP1,0.26630497,0.50600624,0.02350521,0.21676731,0.108490944,0.22267246,-1.5827332,0.7893791,-0.044825554
RNF17,2.5031166,-0.3625123,-0.63007855,2.2919493,0.38287437,0.8461356,3.168585,-0.55258596,2.0975556
LINC00216,-0.60804796,-1.2119348,-0.5288329,-0.06467223,-1.2517681,-1.0387752,1.4567323,0.3386593,-0.013570309
LINC01547,0.9101424,1.3394895,1.0791087,1.2264609,1.053709,1.482264,2.4451213,1.064465,1.1574326
LINC02870,0.14509559,-0.06704807,0.13099456,-1.7202544,-1.3214986,0.61853385,1.0297358,-0.7354808,-0.000919
PDCD6IP,-0.10947609,0.06559086,0.9912033,0.4115944,0.5016947,-0.09815407,0.19668579,0.41454792,-0.3604164
LINC02871,-0.412086,-0.18290043,-1.0431416,0.59980226,0.574067,1.0211715,3.333239,-0.14479208,-0.36953425
VWF,-1.2029753,-1.6960125,-0.7738409,-2.9055555,-2.3209696,-0.65067244,-1.5712013,-1.9348683,-1.3814459
TBC1D3P2,0.39088726,0.86982346,0.27490997,1.2065053,0.3906021,1.0756693,-0.93180656,0.58917,0.7235675
KCNAB3,0.11618328,0.6886077,0.29543447,-0.0932467,0.4740219,0.011327982,2.0949883,0.78900003,0.05293703
ZFP90,0.008161545,0.09685516,0.45859623,0.8335571,0.25979805,0.8445568,0.04066086,0.41190052,0.8318157
ETV3L,1.2574978,1.9117785,0.8690138,1.625287,1.808557,2.1613212,1.2941089,1.9902506,1.4942966
LINC00208,0.35781872,-0.19351196,-0.86186683,0.65592766,0.79488003,1.0246279,3.374272,-0.40484667,0.48405182
EVL,-0.69743156,-1.6141715,0.3511982,-2.2022562,-1.2296009,-0.54065704,-1.7753792,-1.2242689,-1.034977
SFT2D2,1.2351665,1.0799198,1.2440062,0.91742516,1.1773567,1.1112995,1.1952305,1.1302328,0.833828
LINC02864,-0.29477543,0.011286378,-0.7931745,0.7208972,0.7749666,1.1963105,3.486476,-0.16984928,-0.22095627
RNF31,0.6761751,0.9858837,0.7501831,0.95538425,0.7838249,1.393487,0.5297508,0.98651695,0.9618616
CX3CR1,-5.339387,-4.224681,-3.41495,-4.3966274,-5.0066166,-3.7900577,-3.178667,-3.7671905,-4.0669956
NLGN2,0.53369904,0.7110872,0.22285318,0.72500944,0.33627272,0.84624004,1.6035914,0.1542182,0.25901604
STMND1,0.7086338,-0.29332554,0.57771647,1.5977558,0.44960463,0.9062742,3.0945854,-0.505008,-0.4853531
SYT14P1,-0.40294862,-0.06508207,-0.9088247,0.6960813,0.6830324,1.1408416,3.366963,-0.26403713,1.4863571
MESD,0.72424984,0.82097626,0.768034,0.55943584,0.6781082,0.66948795,0.66666317,1.1069946,0.8282862
MROH1,0.14167166,0.7092824,-0.21853638,0.64467716,0.8120303,-0.5665209,1.4331851,0.42198515,0.003396511
MROH5,0.25528097,0.5360279,-0.50811243,-0.052273512,-0.29572034,0.1677928,1.8907475,-0.95242643,-0.47642612
RBBP4,-1.2450643,-1.0086179,-1.3687682,-0.75669193,-1.0023036,-1.0410786,-3.543466,-0.8731537,-1.1028728
ANKAR,-0.51004076,-0.36137152,-0.23256254,-0.32775593,0.11272812,0.04711628,-0.08704567,-0.12589788,-0.038198948
RBBP9,0.78048515,0.42048502,0.5602455,1.0497913,0.51079273,1.2349281,0.4525733,0.668355,1.0456371
MROH8,0.49560785,0.39566994,0.2788272,0.6738734,0.5979872,1.1964393,-0.22972202,0.39841557,1.653328
LINC02899,-0.87594926,-0.6771603,0.8124783,0.81714463,0.06289637,0.62158084,2.9196799,-0.8639512,0.55886436
RBBP6,0.689003,0.9980955,0.7880459,1.0412469,1.505621,0.5553422,0.34875917,1.2142401,0.3165431
WASF1,-1.2967014,-1.366404,-1.846457,-1.2944407,-1.55232,-0.46507025,-0.24586439,-2.2566266,-1.2863612
WASF2,0.15056038,0.41325665,-0.45436478,0.04242134,0.27450085,0.9349747,-0.14527512,0.23647118,0.11323738
LINC01565,0.44635212,-0.2686484,-1.0979296,0.53417873,0.4650104,1.198173,3.2939067,-0.4807937,-0.4594177
WASF3,-0.5975097,-0.33370888,-1.0026667,0.25757444,0.39663517,0.9131316,3.1789145,-0.5537058,-0.36235887
FDXACB1,-1.327107,-1.0061214,0.68916225,-1.3551431,-1.2002671,-0.79077077,1.4676805,-1.215136,0.12253976
SMARCE1,0.00075,0.31081438,-0.71915674,1.7263927,0.29766703,0.64399576,-1.4959159,0.04974556,0.9280262
RNF24,1.5209703,1.7259083,1.6761656,0.9341459,1.6889524,1.5733175,1.1565943,1.9565887,0.9077215
RNF25,0.71783113,0.7644391,0.88077974,0.04017687,0.5262122,0.9946599,0.19847965,0.74769354,0.4776063
SGCZ,-0.3642907,-0.10316694,-0.9632894,0.73260236,0.6520127,1.1053289,3.4183397,-0.25580108,-0.23468435
LINC01555,-0.3255303,-0.07797086,-0.9552529,0.6108078,1.7451206,1.1121699,3.4000845,-0.28542054,-0.2895549
SLC46A3,-0.8129611,-1.2861142,-0.55419254,-1.4741106,-2.1947427,-0.9557762,-0.41325903,-1.3557706,-1.0725513
ERVK13-1,-0.11431384,0.88890076,-0.46667743,-0.93191504,0.49509907,1.5250683,1.8353505,-0.29527593,0.8983884
VIPR1,-1.7879618,-1.5673785,-2.3878393,-0.92218864,-0.77466035,-0.44488263,1.8833127,-1.8237218,-1.5512264
SLC46A1,-0.75877523,-1.2439017,-0.77916956,-2.4135513,-1.4300203,-0.689167,0.80215836,-1.5789557,-2.0825038
POT1-AS1,-0.38527125,-0.111848354,-0.20526814,0.71638656,0.647496,1.0820606,3.3714373,-0.27148306,-0.25095844
LST1,-0.06036663,-1.3191166,-0.46396637,-1.2459803,-1.4853096,0.37150097,2.70226,-1.1145325,-0.29389477
PKD2L2,-0.3403148,0.028880358,-0.6102805,0.57163215,0.67875564,1.243267,3.4872687,-0.22923708,-0.033299327
AQP5-AS1,-2.5474792,-2.2577221,-2.9229279,-1.7350148,-1.5659845,-0.97136784,1.3024244,-2.4554977,-2.3815043
GOLGA3,-0.19679451,-0.3614111,-0.28431606,0.21276331,-0.021373272,-0.6460738,0.8316226,-0.3364873,0.06946087
GOLGA1,0.048441887,0.23603821,-0.10005808,0.37401867,0.16691542,0.4088049,-0.14910221,0.4871173,0.152215
TRMT44,0.6061325,0.8605232,-0.002327442,-0.013366699,0.30731773,-0.027947426,-1.4349833,0.8379307,-0.4083557
ZFPL1,0.87824535,1.203002,0.34549809,0.96324825,1.0486765,0.5194235,-1.3104982,1.3075371,-0.04850197
EYS,-0.4350245,-0.19030064,-0.98161435,0.61683846,0.5568801,1.049811,3.3648267,-0.36814368,-0.33607477
AGFG1,-0.058202744,0.24281406,0.40928364,0.37078094,0.21708679,0.19135857,-0.3289852,0.35362053,0.36780357
MCCC2,0.4137702,0.21319866,0.7176552,0.5633106,-0.049856186,0.15001774,-1.7798882,0.53255177,0.095178604
IQCF6,-0.9451817,0.42131388,-0.9872631,-0.14052045,0.088767886,0.6735567,2.8767533,0.8884069,0.31224167
GARIN5A,1.6671786,2.047009,2.229279,2.3023992,1.3673897,3.051444,1.9690256,1.619842,3.4431
MTUS2,-0.35255802,-0.05075717,-0.8414544,0.8138777,0.7038245,1.1610105,3.4674468,-0.22914445,-0.24550533
IQCF2,0.08387041,-0.35579944,-1.1991191,0.006822109,-0.45771384,-1.1121199,1.1027198,-0.21138501,-1.2120354
PDE12,0.058025837,0.35035038,-0.13380289,0.29455566,0.34243345,0.07685375,-0.7050605,0.660367,-0.26809406
CD109,-0.15852451,0.68351555,0.39466476,0.7228551,0.26810837,0.60429955,0.42213345,0.6129179,0.13353205
AKAP9,-0.604784,-0.61044884,-0.17518139,-0.18749046,-0.48340988,-0.17597389,-0.25870323,-0.12675571,-0.006515503
RRAGD,-1.1075096,-1.7440586,-0.76083755,-2.026732,-2.1588492,-1.5891743,-2.5395608,-1.368289,-1.276537
GUF1,-0.7721715,-0.567472,-0.78439665,-0.27646065,-0.6237197,-0.8768673,0.1557908,0.053677082,-0.8966427
VDAC2,0.24089146,0.4898033,0.056635857,0.5944338,0.24567032,0.511817,0.79485226,0.65636253,0.6207018
EZR,0.0668478,0.41215515,0.22601414,1.0740328,0.4143963,0.6798506,0.07433224,0.51822376,0.98128986
ZFPM2,0.48090672,2.5504699,1.7226161,3.0997906,0.49046624,1.0739902,3.3259563,2.5255327,2.8816915
CD101,-2.7060053,-2.8193643,-2.7261565,-3.3462212,-3.477493,-3.0055254,-0.6322117,-2.0048418,-4.403771
BEX3,-1.1312237,-1.9720554,-1.6368856,-0.8673172,-2.8759937,-0.84799767,0.8515892,-1.925869,-0.70012283
NECAB1,-0.29991055,-0.024983883,-0.9026487,0.57911897,0.7345879,1.1463819,3.4039228,-0.23537397,-0.26982558
NECAB3,-0.68484974,-1.4413095,-1.5967698,-1.2010722,-1.317936,-0.54074764,-1.0326347,-1.537817,-0.6514206
PDE1C,0.22590709,-0.4266318,-1.2723155,0.37374294,0.49755776,0.77463305,4.0648823,0.6259366,-0.6226016
TSHZ3,-1.4584308,-2.2632437,-1.0116587,-3.0184894,-1.7681875,-2.0360518,-0.77396584,-2.041216,-2.3494778
TSHZ1,-1.616857,-1.7118502,-1.0214539,-1.8076754,-2.2419462,-0.9000797,-2.4447684,-1.2743168,-1.268868
PDE1A,0.8740127,-0.005313873,0.59165955,0.64170074,0.52852654,1.0260906,3.3545742,-0.4193213,-0.38991433
GNG10,-1.2468948,-1.4646206,-0.57386684,-1.1202984,-1.1659889,-1.3345051,-0.27123833,-1.0526524,-1.6661167
NUAK1,0.009421587,0.32087564,-0.4974308,2.0344872,-0.39261532,0.82361937,2.0060968,-0.45734,1.2745562
VPS8,-0.12785721,0.34077597,-0.13018656,0.27648497,0.36817503,-0.9240093,-0.9425144,0.6170573,-0.6293025
TRMT1L,0.38544607,0.5276818,1.2933078,0.34824324,0.6822467,0.6177268,0.50322104,0.7491975,0.8232665
PTPRN2,1.4752738,1.8928132,1.2335277,3.3160875,3.0738685,2.6911304,3.1140072,2.7804763,2.227422
TPT1P9,-0.49385262,-0.7339754,-1.476798,-0.11079407,-0.26406097,-0.64333344,0.35229874,-0.43349743,-0.399868
IGFL2,1.3197321,-0.37824166,-1.2081065,0.6699314,0.42756093,0.8337418,3.161652,-0.5888669,-0.5559922
GDF3,-0.6973614,-0.48567468,0.8000761,0.20319557,0.25786042,0.8013209,3.0802684,-0.67379445,-0.58059424
GNG11,3.38651,4.1402597,4.211565,4.801793,4.484455,4.2660913,5.045415,3.534812,5.0035925
ACADSB,-0.33519077,0.1372056,-0.3026724,0.8286581,-0.16787338,0.23888159,-0.2553711,0.18805218,0.642251
STAG1,-0.7608199,-0.1537919,0.20748806,0.16540909,0.12189007,-0.6521778,0.13819742,0.32509804,-0.5810175
LOC105370532,-0.3615861,-0.52934504,-0.9497032,-0.7269592,-1.0748749,-0.21027517,3.6118126,-0.5381465,-0.4960556
TRMT12,-0.4702177,-0.5551481,-0.20173359,-0.024258614,-0.671381,-0.392951,-0.26874256,-0.28351402,0.11826992
PDE3A,0.32680345,0.6020515,0.00655818,-0.9780998,-0.1263504,1.7951443,1.153064,-1.0397398,-0.36425614
TRMT13,-0.12930584,-0.41471243,0.018022537,-0.32949924,0.14919949,-0.69530964,-0.84062004,-0.10885334,0.002545834
ITM2A,-2.278018,-0.33266544,-1.0062993,-1.0409851,-0.61529255,0.11996555,0.3745227,0.33358526,-0.038402557
FASTKD1,-0.20549583,-0.17426014,-0.107720375,-0.5258732,-0.058055878,-0.36132622,1.7521105,0.005206108,0.067157745
FASTKD2,-0.4024272,-0.3122263,-0.41220284,-0.7458062,-0.8754053,-0.74169254,-0.866137,0.005004883,-0.6564903
TPI1P2,-0.46181297,-0.45669842,-0.9837389,-0.6463356,-1.0067396,-0.35349083,-1.0728588,-0.5019102,-0.3506813
GDI2,-0.2232914,-0.27217007,-0.4446373,-0.3593731,0.046341896,-0.7638912,-1.2835064,-0.27785015,-0.42150307
CX3CL1,0.50717616,1.3921108,0.48139477,1.4120512,1.0335355,0.42409325,2.0346494,1.0398712,0.89688873
GUK1,0.7045746,0.64977074,0.56581974,0.13648987,0.4673729,0.9743557,1.1034813,0.7497902,0.12353706
GLIPR2,0.5024748,-0.062018394,0.6008692,0.18438244,0.5044384,0.278121,0.9539938,-0.03975773,1.028779
STAB1,-8.541512,-9.338713,-9.704638,-10.054386,-8.158605,-8.640877,-7.7532964,-8.665926,-8.544621
TNFAIP8L1,0.5979142,0.5268159,0.7279935,-0.13197088,0.63464785,-0.5580182,0.11213255,0.001597405,0.30271626
GNPNAT1,0.20421553,0.38280916,0.32462406,0.3678751,0.76477957,-0.19951391,-1.0380015,0.59479475,0.43695784
TNFAIP8L3,0.2838807,-0.77907777,0.89689445,-0.08928156,-0.38123035,-0.03553343,1.9530919,0.046638012,-0.54046774
DLAT,0.40460253,0.15461922,1.0307536,0.2774353,0.20862961,0.49633408,1.7368851,0.58430386,0.4383707
TPT1P5,-0.4857769,-0.4802618,-2.241992,-0.010293961,-0.20032787,-0.5104542,0.8760643,-0.9507084,-0.07569313
ANKRD2,0.80154514,0.3674121,0.55176353,-0.23526573,-0.09370327,-0.040404797,0.52939415,-0.30140495,0.753644
ANKRD6,-1.3773432,-0.9891758,-0.8587394,-0.9491787,-1.745492,-1.0727758,-1.9495745,-0.9242606,-0.6717458
LINC00174,0.7238207,0.77012634,0.65592575,0.92181873,0.9103308,0.88209057,0.9305563,0.388834,1.0315332
MAP4K2,0.54255486,0.6549845,0.527153,0.6002264,-0.035454273,1.3633175,-0.69710827,0.6565199,0.5613823
ATP6V0B,0.10905647,-0.28967953,0.14328194,-0.8994541,-0.27529526,0.5862236,0.21361351,-0.17991161,-0.4622898
PRMT2,-0.33172798,0.1869173,-0.34943008,0.01794815,-0.07836056,-0.7687855,-1.6107931,0.41337013,-0.14771271
IGFN1,1.0063896,0.25930023,0.6795268,-1.18455,-0.5147772,0.5969205,0.55892944,0.037824154,2.2657714
PALD1,0.22760916,-0.7734313,-0.39202404,-1.143076,-0.75544167,-1.4008236,0.09746313,-1.9083309,-1.7797227
POC5,-0.54587984,-1.1187029,0.93782043,-0.1707406,-1.086134,-0.65919256,-0.122823715,-0.49905777,0.017503262
MDFIC,-0.34032726,-0.47071457,0.2573309,-0.1901865,-0.5112333,-0.29276752,0.72744274,-0.001856804,0.24993992
RPUSD1,-0.1841793,-0.26293945,-1.0940475,-0.8083954,-0.48335457,0.25095558,-0.20765781,-0.68922997,-0.40307236
B3GNT5,-0.2871685,0.44452,0.17743301,0.38386726,0.53657913,0.12823486,0.8452854,0.66179943,0.94083786
RPUSD2,0.2666464,0.000438,0.109705925,-0.30142498,-0.28710365,0.21001148,0.37832737,-0.000438,0.09679127
RPUSD3,0.4619751,0.36940765,0.11178684,-0.1368618,0.24429512,0.5510788,-0.60822296,0.44414997,0.02866745
WAC,0.27109528,0.5368719,0.31021214,0.42307472,0.7800846,0.6194382,0.64453506,0.59514904,0.79219246
RDH5,1.1302032,0.80118036,0.7915969,0.6956482,0.5109339,1.0621309,-0.008204937,0.8417988,0.27873135
FAM181B,0.3448329,-0.047813416,-0.007061482,-1.0762157,-0.40303612,1.0362144,2.1068172,-0.7451329,0.5417795
ALDOB,0.21757078,-1.8968635,-0.038428545,-1.0497601,-1.142586,-0.6871295,1.6212988,-0.5123296,-1.2408236
SGK1,-1.4035368,-2.7148132,-0.82821274,-2.7158785,-2.9104147,-1.5913706,-0.88288784,-2.607645,-1.7270994
ALDOA,-0.15633965,-0.3386612,-0.5746441,-1.0188332,-0.7195282,0.1586647,-0.74333954,-0.19825268,-0.8919544
MCCD1,0.36475372,0.32456398,-0.98221064,-0.6035967,-0.005559444,0.41395187,1.5001717,-0.44811392,-0.038403988
WAS,-0.62116146,-0.70795536,-0.8643942,-1.2496176,-0.7655916,0.007451057,-1.270752,-0.9265137,-0.8854227
AKAP6,0.44287014,0.85031366,0.4170761,0.57764745,0.47615683,1.278259,3.334985,0.19000483,-0.0566144
LILRA1,0.11810303,-0.9892216,0.62735367,-1.6282096,-0.81724405,0.009120941,1.5485058,-0.2168684,0.15877724
LYZL2,-0.7425922,-0.51535094,-0.3053651,-0.09497976,-0.03836596,0.49747944,2.7980216,-0.9582068,-0.8288692
AKAP5,-1.646877,0.000737,-0.606056,-0.8218185,-0.42233562,-0.20836496,1.9340692,-1.5142702,-1.0378134
LILRA3,2.1242962,2.100934,3.5479488,-0.25288582,1.70819,2.0368443,2.6399918,2.6085758,0.93740463
AKAP3,1.9284122,2.5459619,3.059064,0.7547376,-0.053144813,2.663114,3.431261,2.7419844,1.1023557
LILRA4,0.54080963,0.036144257,1.6555586,-1.2340755,-0.11139393,0.20361137,0.18620491,0.587718,-0.3558464
FAM184A,-2.064673,-0.2634349,-0.54453635,-0.33485365,-1.0093312,-0.5413921,3.1255746,-1.9745607,5.3298435
OR4C46,-0.6772692,1.4643424,-1.1558805,0.2248714,0.27558637,0.8406277,3.153935,0.6804514,-0.6166496
DNAJC5B,0.001560211,-1.3799398,0.30946064,-1.9987102,-1.0975046,0.15346336,0.006214142,-1.0301585,-0.4070797
C16orf46-DT,-0.56145996,-0.2763822,-1.0979786,0.6262555,0.57049763,0.93045175,3.209629,-0.4570245,-0.46461248
LILRB1,-0.47287464,-2.4796638,0.7225456,-2.222077,-2.2529712,-0.28810215,-0.20370007,-1.6309447,-1.0410967
LILRB2,-0.76935863,-1.7401857,0.00971508,-2.6702032,-1.4973164,-0.37484455,-0.4799719,-1.1720257,-0.9513769
LILRB3,0.78131294,0.38891315,1.9791794,-0.5295162,0.20882988,1.3227959,1.5210266,0.7066307,0.73830795
LILRB4,1.0078115,-0.17011261,2.3274174,-0.26159,0.25416756,1.777482,1.7624617,0.38641834,1.488864
LILRB5,-1.9738684,-4.619445,-1.8336744,-3.9760652,-3.6131897,-2.0072715,-1.1097503,-4.662362,-2.0179813
TPPP3,-1.3584211,-1.6135334,-0.44741273,-1.5406471,-1.2207403,0.94311523,1.3034725,-2.1324973,-2.2644289
TOMM7,0.25707245,0.31593227,-1.0984907,-0.20542717,-0.033298492,-0.057943344,2.4924202,0.09339905,0.007879257
FAS,3.176382,3.7838326,4.036804,4.125511,3.8722048,4.0769253,4.054947,4.202389,3.9278336
TOMM5,0.7205477,1.022893,-0.0620718,0.93391895,1.1134481,0.5401201,2.4284487,1.0099039,0.88496494
SIRPD,0.68566227,-1.4013033,0.72254086,-1.9131551,-1.4748034,0.6714301,3.1836414,-1.4027371,-0.20149803
SPANXA2-OT1,0.37157154,-0.32394075,-0.91072845,-0.12590122,1.0130596,-1.5372496,4.050559,-0.92663765,-0.413877
ARID4A,-0.52907276,-0.52149487,0.59561825,0.36103773,0.3327675,-0.2700348,-0.18571138,0.044047356,0.10923815
ARID4B,0.5154896,0.900321,1.3161669,1.5993729,1.0970392,1.0484734,0.91368866,1.0235949,1.3148212
CIB1,0.20103931,-0.001669884,-0.094429016,-0.6477461,-0.10146618,0.26068592,0.6015177,-0.15242672,-0.19242
TMEM144,-0.5878258,-1.5172105,0.02837801,-0.39562368,-1.1086855,-0.3953557,-0.34203434,-0.730165,-0.59231186
FBL,-1.1140757,-1.1523008,-1.6640091,-0.78633976,-1.1720533,-1.0109072,-1.5694857,-1.2503843,-0.43866444
PTTG1,-0.477252,-0.2849779,-0.9347439,0.033364296,-0.10033989,0.062470436,0.51930237,-0.26481056,0.268672
PTTG2,-0.35428,-0.19241714,-0.96456337,0.031196594,0.06325245,-0.37362194,0.5098686,-0.17964458,-0.09291744
NUSAP1,-0.9332657,-1.5441451,-1.0077267,-0.6929107,-0.39958763,-0.7569494,0.054964542,-1.2499866,-0.6128559
PDE8A,-0.09762287,0.207757,0.17186356,0.7784877,0.54792213,0.19957638,0.68083286,0.33595943,0.6059065
TMEM14C,0.06643486,0.053489685,-0.21494007,-0.06622887,-0.122561455,0.12996483,0.7896137,-0.019078255,0.37991905
CFAP418,0.6334038,0.9936671,0.41638136,1.939754,0.8217454,0.22098207,1.1065211,0.8760781,1.4111619
ANGEL2,0.07299423,0.082485676,0.056169033,0.1578908,0.7444215,-0.8440461,-0.06609583,0.43308544,-0.39123726
ANGEL1,-0.055148125,-0.8576064,0.30125523,-1.4019003,-0.8797116,-0.13217878,-1.6853676,-0.7126775,-0.75817585
ARID5B,2.716487,3.2100096,2.620182,2.6145334,3.261012,2.9159937,3.1213999,2.9014978,2.5965528
SORCS3-AS1,0.50697184,-0.37323916,0.747735,0.23517835,0.3827206,0.75903416,3.0020318,-0.57763016,-0.6682141
CFAP410,0.32566404,0.6809082,-0.7884698,-0.2793646,0.019804,-0.83380365,-1.2599645,0.89106035,-0.895031
SGO1,-1.5117669,-2.3129792,-1.0732846,-2.176285,-2.7598605,-2.3061728,-0.03360033,-1.689332,-0.6790147
TMEM134,0.17510128,0.31310272,-0.33876705,0.04595089,-0.28977966,0.07351971,0.28600502,0.18488121,-0.15572453
LMX1A,-0.0981822,-0.24139118,0.40407228,-1.2378778,-0.60435486,0.097017765,2.009821,-0.89248896,-0.08372116
TBL1XR1,-0.26321173,-0.3787856,-0.15283585,-0.29096746,-0.005642891,-0.457016,0.63082695,0.0449543,-0.36009455
FAM185A,-0.12809849,-0.22917986,-0.06758356,-0.5840883,-0.0347867,-0.38940382,0.25799894,-0.2554059,-0.36059332
ELMO1,-1.0720568,-0.2643118,-0.8963342,-0.18115854,0.101486206,-1.4300919,-1.4959569,-0.31732178,-0.7304983
PMS2P3,0.001996994,0.2453661,-0.014235497,0.41772842,0.28375196,-0.32858038,0.6128864,0.42645168,-0.20991945
ELMO2,2.2617922,2.483841,2.6918468,1.972703,2.8483667,2.54284,2.009822,2.3463078,2.119666
LMX1B,0.116286516,0.22501945,-0.7698767,-0.49923182,-0.21478796,-0.04579115,1.7485647,-1.104245,-0.9281137
STAM2,-0.049666405,-0.28370142,1.0093637,0.18562698,0.3438468,-0.26026964,1.3746266,0.20244694,0.5439868
ATP6V1A,0.25701237,-0.025981903,0.46954918,-0.18381023,-0.045557976,0.37872696,0.3949604,0.37442875,0.0984211
OR2C1,-0.28950357,0.3700168,-0.3129475,-0.91783905,-0.87062573,-0.44862294,2.6607194,0.53601265,-0.008708
H6PD,1.8220062,1.8380861,0.8212118,2.0821123,1.6228352,1.8854685,1.6312199,1.9842205,1.3742332
DNAJC27,0.26777697,0.30104733,0.46581554,0.17525291,0.20876122,0.27169657,0.8366451,0.09046936,0.14209318
NID2,2.8071594,4.022546,3.2869587,2.0090356,4.0508738,3.2814732,2.7895966,4.089331,2.1917067
DNAJC28,-0.40719175,-0.23786879,0.4892254,-0.15755749,0.38999224,-0.92483044,1.7371635,0.17451668,-0.6943722
SEL1L3,2.5481958,1.7262964,2.3158894,1.6626806,1.4663334,2.4733076,2.4547815,1.8205633,2.486333
SDCBP,-0.41781807,-0.75989246,0.5667763,0.4680395,0.06272316,-0.9259186,0.14980412,-0.33517122,-0.14146376
TMEM127,0.013879776,-0.14019108,0.7038908,-0.11062622,0.1124382,0.34389877,0.63610077,-0.17639732,-0.11040306
RPS17P10,-0.6135273,-0.97572327,-1.4244509,-0.8405762,-0.55208015,-1.754324,2.0229454,-0.80328846,-0.51684
BCAP31P1,-0.30906868,-0.6177635,-0.55223465,-1.1135845,-0.7792034,-0.13268471,-0.01159668,-0.7026577,-0.6717777
HSPA8P18,0.19537115,0.17436886,-0.6818929,-0.8879647,-0.08160496,-1.2248988,-0.6346302,0.08871031,-1.2557058
DNAJC21,-1.0265455,-0.8244343,-0.85397434,-0.7339544,-0.569458,-1.5275197,-0.65226793,-0.4717288,-0.40083456
STAP1,4.26151,2.2999465,2.4449174,3.6613314,1.214268,3.2614505,1.5299323,2.636369,3.2557175
ATP6V1D,-0.69753265,-0.84663963,-0.4136572,-0.8748417,-0.8381214,-0.50149727,-0.5210228,-0.6366024,-1.153038
OR2B2,0.72788525,1.0303326,-0.45168543,-0.9922185,-0.24808049,0.51620245,1.2094531,-0.8899181,-2.3919916
HSPA8,-0.26386833,-0.44032764,-0.6020651,-1.0934079,-0.4941435,-0.21488571,1.720779,-0.39654922,-0.2369194
TGFB2,-0.63767123,-1.0529759,-1.7760339,-0.37497175,-0.16091967,-0.000831,2.3572793,-1.0826572,-1.3885736
TGFB1,-0.8173075,-1.5387831,-0.96150875,-1.9704504,-2.2739077,-0.8040972,-1.8440561,-1.633647,-1.9055948
LRRC75B,1.1105032,1.3544235,0.12401104,0.98602057,0.99591064,1.9188337,0.20255375,1.4866495,0.7695198
TGFB3,0.2753818,0.087539434,0.3101871,-1.0734899,-0.0371902,-0.6026478,1.7122977,-0.5659056,-1.1697358
EPHX1,0.4941883,0.80451965,-0.09055996,-0.10822868,0.31591797,0.78772736,-0.95022774,0.83261013,-0.41802788
HSPA6,-3.4930243,-5.0958686,-3.313303,-6.568484,-5.227521,-4.8898926,-4.3778496,-4.63406,-5.494614
HSPA2,0.057447433,0.8833132,0.46176672,1.0365872,0.021567345,0.51923275,0.001059532,0.79536724,0.3474636
DNAJC16,0.33284473,-0.16505718,-0.28074455,0.30938005,0.12962866,-0.6172292,-0.05311489,-0.015471935,-0.5796251
NFKBIA,1.735754,2.2123966,2.0149698,2.59161,2.3764,2.2753696,2.459074,2.35639,2.6488075
DLG1,-0.4758911,0.001216888,-0.39393902,-0.111766815,0.126997,-0.46311188,-1.3356919,0.15751839,-0.02372551
FER,-0.20602798,0.5883417,-0.5358429,0.89780045,0.57188606,1.0109653,-0.28932953,0.51228523,0.87418175
TMEM114,-0.70005584,-0.40018618,-1.2559927,0.51343167,0.34744847,0.7944859,3.0849109,-0.57346535,-0.5962292
DLG3,-0.5419768,-0.062386513,-0.67858946,0.32086182,0.48163617,1.0576062,3.2856061,-0.4101206,-0.25747406
GDNF,-0.42171717,-0.101745844,-0.27551734,0.7736236,0.64611185,1.0998322,3.379303,-0.28624058,-0.3020357
FES,-1.212842,-1.8411074,-1.6447887,-2.2895136,-2.1557941,-1.8691645,-2.6416368,-1.4901123,-2.2473326
TMEM116,0.84613466,0.56809664,1.6902652,0.27654707,0.38506556,1.0453534,3.0008478,1.2534182,0.60238314
DLG5,0.41530752,1.0920455,-0.48255348,0.93202305,-0.13820839,1.3951771,2.272736,0.5647545,4.348352
TGFBI,-2.640602,-3.3826704,-2.9162512,-4.767721,-3.5793486,-2.4260387,-2.9414692,-2.6974888,-3.584875
CLASRP,0.21510696,0.5724163,-0.34715652,0.22641563,0.85266495,0.29897308,-0.13949108,0.074235916,0.12020683
PALS2,-0.67080307,-0.38690066,-0.3963952,-0.5903497,-1.5140607,-0.09682679,0.95692444,-0.50777674,0.22890186
OR2A4,-0.1702385,0.5274792,0.5317197,-0.6488627,-0.6023524,-0.02540636,2.2920709,0.35219073,-1.468571
HSPB9,1.985635,2.3872988,2.299822,1.584554,2.1990268,3.0555398,1.7709086,2.2225268,1.5509946
MCTP1,-0.9960885,-2.2617693,-0.14159298,-1.9608688,-2.0981631,-0.43598557,-0.19453478,-1.2836685,-1.0750346
PDE3B,-0.493711,-0.78859186,-0.16329432,-1.1700773,-1.4444776,-0.6867399,0.36102343,-0.18810129,-0.5858793
ELAVL4,1.2960234,-0.7803343,1.8165321,3.1425486,-0.03287387,0.45837831,2.7393079,0.43576956,1.9227693
HSPB1,0.15249777,0.15103102,0.562788,0.90065193,0.85041237,1.7986736,0.7714653,0.30742502,0.79870605
ELAVL1,0.1067934,0.28138542,0.07277489,0.5406923,0.17658806,0.057612896,-0.63420963,0.5761318,0.00470829
DHTKD1,0.12577629,0.15485287,0.7936859,1.0461292,0.35867882,0.8701668,0.6908665,0.54140663,0.5109749
TMEM102,0.52598095,0.56617355,0.10014439,0.67535305,0.47608566,0.74963284,0.49946308,0.080779076,0.35732365
TMEM105,0.23160124,0.028794765,0.9686589,-0.9266243,-0.16757154,0.5410156,1.0310636,-0.18041039,0.27807474
ENOSF1,-1.3685846,-1.6376166,-0.6783104,-1.4500432,-2.0725937,-0.8255062,-0.7504406,-1.3261938,-1.247901
PDE4B,4.041457,4.555312,4.928033,3.993785,4.6361732,5.030076,4.4757338,4.951458,4.9374094
PDE4A,0.23758793,-0.23332405,0.65087795,-0.13688755,-0.31867218,0.9602251,0.97684,-0.23364449,0.8146143
POLK,-0.5107603,-0.24209738,-1.1147228,0.5940037,0.51639414,0.95524454,3.2604055,-0.3966961,-0.37717056
POLH,-0.54698753,0.029951096,-0.57293606,-0.76623726,-0.5088067,0.19688416,-0.7490783,0.022047043,0.36191988
FGA,0.8140906,0.9098269,-0.8777423,0.6330782,0.7630253,1.0984061,3.979868,-0.2045356,-0.31618345
GARIN1B,-0.15325499,0.2145648,0.72517824,-0.6100671,0.075323105,0.97237754,2.419098,-1.1907258,1.0307708
PDE4D,0.88989043,1.2823017,1.2353542,-0.7841116,0.26427078,2.055806,2.3918922,1.4259417,1.7656863
FGG,-0.39629418,-0.13525999,-0.9885378,0.7100601,0.6180228,1.0765208,3.381237,-0.29116416,-0.2769338
PDE4C,0.6425915,0.41207743,-0.11556101,-0.8307338,-0.015378952,0.8250842,1.9040895,-0.19464874,0.46023703
UPK3B,0.4398408,0.84325695,0.4205861,0.559042,0.898962,1.1988902,0.8951397,0.8276787,1.1988053
UPK3A,3.2200508,3.028172,2.7928057,3.5173063,3.5194335,3.6325645,2.4162989,3.0397844,3.002222
ARID1B,0.43087482,0.8047948,0.21020317,0.93959427,1.4140654,-0.31676102,-1.3519406,1.0710545,1.052988
FGR,-0.45228195,-1.5595341,-0.2663746,-1.400856,-1.9445915,0.124637604,-0.14448929,-1.2776623,-0.079977036
KCNA10,-0.4301777,-0.42012215,-1.1570919,0.11368728,0.2820704,0.8288815,3.0819228,-0.62486947,-0.6219003
MCTP2,-0.1361661,-1.661257,0.6541624,-0.9384947,-0.7098317,-0.56545305,0.06168127,-2.0215206,-0.33276796
RGS19,-1.0717106,-1.559753,-0.8991909,-1.8768625,-1.8087487,-1.5290241,-1.8852682,-1.4353733,-1.5259647
POLDIP2,-0.34555435,-0.6492653,-0.5675459,-0.75255203,-0.6920481,0.023136139,-0.94361687,-0.32433414,-0.3925743
RGS16,0.50082016,1.6254587,2.607112,0.8880997,1.1677494,1.6289253,3.0556602,1.5063648,1.1810169
PON1,-0.5391182,0.536664,-1.0399094,0.49501276,0.50771594,0.9479432,3.2489927,-0.44167984,0.47739375
DBF4B,-0.88311505,0.90319633,-0.30666637,0.3234315,0.8666024,-0.1714518,0.88871765,1.0514698,-0.125103
RPH3AL-AS1,-0.18861938,-2.0821605,0.8434372,-1.4691901,-1.3210483,-0.27288318,1.3523154,-2.2896316,-2.323763
HSPD1,-0.66437006,-1.0860448,-0.93186474,-0.76375484,-0.9611201,-1.9999676,-3.235148,-0.8225064,-0.8467698
STRN3,0.013575077,0.34275532,0.62848663,0.35448742,0.53283596,0.8096018,1.318326,0.53856087,0.3826685
DLL3,-0.54785275,-0.33283693,-0.60376763,0.48853135,0.4197048,0.8754405,3.2091837,0.1325345,-0.51433223
ACAN,-0.000618,0.5385809,0.2066226,0.20407772,0.7650962,0.9421873,0.21981144,-0.09440756,0.6205263
SLC22A18AS,-0.41774082,-0.6856661,-0.7281275,-1.4886179,-1.0220842,-0.8067484,1.7688894,-1.1585407,-1.3555136
NRIP1,-0.21208286,-0.24960136,1.64783,0.20448399,0.3353157,0.2850008,1.2846842,0.597188,0.9509344
PDE6C,-0.6730722,-0.37723124,-0.036192894,0.46108627,0.38102317,0.8363464,3.1458602,-0.55548894,-0.22328353
CLASP1,0.51302147,0.50668335,0.4074335,0.7026024,0.9114857,0.46515656,0.19014025,0.5166664,0.5594158
PTCD1,0.13195515,0.065024376,0.40149403,-0.33894253,-0.3764906,0.6993761,-0.037487984,0.17710209,0.22046185
NIFK,-1.0494394,-1.4279175,-0.15945339,-0.7987814,-1.153244,-1.3459702,0.19072628,-0.9903383,-0.6320467
SGTB,-0.12497187,0.31983328,-0.6156988,0.3939991,0.76588106,-0.059417248,0.6675172,0.68739796,-0.15329695
ARID3B,0.55080986,1.429635,0.9869547,2.0385857,1.7769547,1.7874107,1.0591984,1.3068314,1.4171486
MEIS3,1.5379171,1.3726604,2.5172274,-0.3545854,0.3587668,0.85290456,2.4940145,1.5907938,0.4514308
MEIS2,-0.45894384,-0.18906444,-0.8787056,0.404657,0.5427853,1.0495582,3.3149214,-0.4052347,1.0310743
SH3YL1,-1.3312693,-1.8191214,0.16372395,-0.832602,-1.2875233,-2.3640037,-0.1835289,-1.7130527,-1.0494261
POMK,0.09796429,0.15371466,-0.5925212,-0.26865816,0.41515446,0.36831522,0.15388823,-0.008346558,0.24895048
RGS12,1.2748337,0.6570511,1.0210934,-0.13778305,-0.14314461,0.7018223,1.0266762,0.85079193,0.6305046
RGS11,2.6316776,3.340932,2.661437,3.6166124,2.9366117,4.031352,2.3922815,2.9480968,3.5452642
PDE7A,0.22667694,-0.27110195,0.40558624,-0.05855179,-0.005683899,0.16383553,0.14807701,-0.15990162,0.27743912
ATF1,0.031597614,-0.06267738,0.7554207,0.4367981,0.20429325,-0.40874052,0.051248074,0.22602749,0.26524448
POP5,-1.0999308,-1.4924698,-1.5478258,-1.7927599,-2.2688289,-1.4860063,-1.3822708,-1.4265718,-1.2241802
POP7,0.46439648,0.4038,-0.007910728,0.15668583,0.5153179,0.4932146,1.2335119,0.24560642,0.5854597
PRMT5-AS1,-0.58580804,-0.3032173,-1.0354134,0.54807055,0.45058703,1.8042023,3.2187843,-0.4939384,-0.4916392
POP1,-0.13016415,-0.45127535,-0.19593239,-1.2428088,-1.3170626,-0.71767473,-0.698946,-0.4739418,-0.60774755
TESK1,0.3773985,0.387393,0.6936493,-0.13296604,0.040917397,0.91764545,-0.35044003,0.33053875,0.28262615
F11R,1.809062,2.0830975,2.1916323,2.942603,2.999527,1.4804583,1.4791412,2.3057985,2.4240198
ENDOV,-0.09678888,0.6306162,-0.612916,-0.12367487,0.48993397,-0.2936597,-1.341959,0.14700985,-0.24645853
C3AR1,-0.14123726,-0.7304611,1.2080288,-0.8931942,-1.1241837,0.7103939,1.2167797,-0.33388996,0.026855469
ENDOG,0.26243305,0.14233494,-0.77294827,-0.76482487,-0.17902279,-0.27514935,-1.0219173,0.064204216,-0.1515398
LDOC1,0.46180725,0.658792,0.26097775,0.2389648,-0.045119524,0.16968107,0.79416513,-0.5199468,0.2480681
FRS3,-0.12454605,-0.38167286,-0.37905216,-0.7155156,-0.41277218,-0.020809174,0.032663345,-0.62655926,-0.25182915
THAP7-AS1,-0.31418085,-1.037138,-0.30836582,0.28257895,-0.23487377,-0.42919683,0.8003564,-0.8345256,0.1882391
FAR1,0.079704285,0.31591225,-0.55573845,-0.50511646,0.9917431,-1.1376314,0.32375908,0.16604614,-1.2357402
FAR2,-1.5704088,-2.756863,0.30979633,-2.7488785,-2.4787388,-0.92276,-1.0947452,-2.107211,-2.1482372
ATF3,5.233616,5.572592,5.4990177,5.1453247,5.502054,5.5896626,5.1138153,5.601202,5.134804
RABL6,0.836926,0.31676722,0.6252074,-1.1854022,-0.25086784,-0.16149473,1.0820847,-0.6856282,0.11257076
FLG,-0.4699465,-0.243667,-1.0703146,0.55953276,0.5115166,0.9626037,3.2786388,-0.452591,0.5123118
CDCA5,0.23864937,1.3821621,-0.5748596,1.4953251,1.0673742,0.8518257,-1.5371461,0.7895746,0.7793503
GATA6,2.6276217,3.6164465,-0.54676425,4.560863,4.2748623,1.3486162,3.274179,3.358347,3.6251678
PDGFA,1.6545382,1.5667377,0.60021305,2.1467237,2.576766,0.33595753,0.90551376,1.957921,0.7201977
GATA3,0.6350932,1.1570323,-0.01722598,1.7471933,-0.63237345,2.639855,1.9590497,1.7515059,2.1558743
GATA1,-0.89992505,0.022696137,1.633688,0.2538805,0.2871257,0.6108937,2.9184895,-0.78031456,-0.7956969
RPL21P19,-0.34770012,-0.45136452,-1.0534058,-0.41402054,-0.5139704,-0.22166634,1.6610527,-0.731575,0.39478493
EPB41L5,-1.3890836,0.81706285,-1.8970268,-0.30041277,-0.30345416,0.15344071,2.3799264,-0.3158791,1.1897719
EPB41L2,-0.8505988,-0.8031287,-0.6957989,-1.0102448,-1.1998725,-0.16776562,-1.5782018,-0.66818523,-0.8418517
EPB41L3,-0.1594963,0.08955479,-0.07723427,-0.1572113,0.3001423,-0.7785835,-0.66753197,0.3036394,-0.554409
PDGFC,-0.9903879,-0.29626226,-1.579433,-0.028293133,1.187706,-2.4334552,-1.2149496,-0.188066,-1.343565
PIP5K1A,0.7831459,1.1227651,0.3869877,1.6509962,1.3737421,0.5600443,1.071476,1.3741312,0.49088287
ATG7,-0.6405468,-0.45711136,-0.7378645,-0.8842697,-0.51496124,-0.037366867,-1.6559143,-0.23709393,-0.63181686
ATG5,0.7172966,0.88635826,1.1684828,0.98075867,0.76379967,1.3380775,1.3896656,1.0606041,1.2842598
FUCA1,-2.0048447,-2.6301365,-1.0699644,-3.0172443,-2.2582912,-2.4654179,-2.0351162,-2.3402853,-2.454628
YWHAEP5,-0.22377491,-0.009133339,-0.67678165,0.31826496,0.31210232,0.17225742,0.7668257,0.1785326,0.16471004
FN1,-4.706123,-4.724859,-4.233717,-3.438799,-4.3660164,-3.8866904,-1.4441319,-5.3012323,-4.8905287
OR4N4,0.6868236,0.3250358,0.8454766,0.7717941,0.6940043,1.1549118,3.5075672,0.5044422,0.5337086
FAT4,1.3461463,0.44437456,1.388968,-0.14061952,-0.26961613,0.16819,2.468155,-0.14954543,-1.227983
MTMR12,-0.590353,-0.28475523,0.14394426,-0.18693113,-0.20408154,-0.77386,-1.6660681,-0.16532707,-0.3931713
GALNT7-DT,-0.30713177,-0.63460493,-0.41381454,-1.0598755,-1.2860508,-0.17362213,-0.97590876,-0.22288275,-0.37970495
CFAP97D1,0.16225815,-0.12821054,0.12306404,-0.42109585,-0.26671648,-0.9406953,2.3233619,-0.8499174,-1.2241082
SMPD3,-1.9979713,-2.6990387,-1.3123302,-4.1279917,-2.4141092,-2.6318648,-1.1406169,-1.8999515,-2.1649802
GGTLC1,1.23944,1.3850107,0.743845,0.8438997,1.499074,2.350667,1.8826723,1.484581,1.4643602
PANX2,0.7007203,1.3782892,0.39538765,0.08965063,0.9609709,0.6890578,1.034514,0.83832264,2.3115444
PIN1P1,0.034830093,-0.07027435,-0.2659502,-0.8696461,0.30274868,0.17821693,0.4810295,-0.5172701,0.6294422
SMPD2,0.17882681,-0.17235422,-0.18742275,-0.70140696,-0.34551287,0.20676565,-1.3206539,0.49800873,-0.5588584
CHAF1B,0.000758,0.4196272,-0.26613855,0.758996,0.6518283,0.42565775,-0.41700888,0.2645774,0.398458
PINK1-AS,-0.27223492,-0.025513172,-1.0581617,-0.61832047,-0.44565773,-0.30350876,-0.04186535,-0.78876066,-0.6206441
ATIC,-0.4438305,-1.2702532,-0.74681664,-1.0526314,-1.6407142,-0.6651535,-0.6957731,-1.2575998,-0.8349209
OLR1,4.7684183,3.5986114,6.1277647,3.5997953,3.0951715,5.7314157,6.64237,4.9005165,5.637561
GATD1,-0.7545471,-0.5607252,-1.4847393,-1.0336609,-0.62983894,-0.88835526,-1.3503466,-0.8907013,-1.1156788
SPHK1,0.721776,0.91384983,1.1461487,0.51162624,0.68496704,1.4608774,2.318324,0.8458519,0.79230785
FOS,-2.4073944,-3.4798465,-1.198801,-3.675518,-3.7461562,-3.5096688,-2.429659,-3.2187138,-3.417554
GATD3,-0.05983162,-0.05364704,-0.14145088,-0.43833542,-0.42544174,0.14179611,0.06833935,0.017808914,0.08611488
PHF20L1,-0.49919415,-0.34205532,0.0886631,0.015778542,-0.15732479,-0.15505886,0.0654974,-0.13770676,-0.3372984
SLC7A5,4.735309,5.1968837,4.1189075,4.2575603,4.744224,5.0056376,3.8350768,5.3985868,4.5721984
SLC7A6,-0.014920235,0.5724163,-0.13361597,-0.24688482,0.040970802,0.54157686,-0.52032185,0.5357342,0.18408251
SLC7A7,-0.20353317,-1.1490345,0.55639553,-1.3789043,-1.310277,0.29340553,0.1033268,-0.63280773,-0.6857548
SLC7A8,0.010650635,-0.9358897,-0.38727665,-2.8983355,-1.5414791,-0.001121998,0.21996689,-0.8588872,-0.7043686
CYP21A2,1.0952635,0.37526464,0.4113388,0.59702635,0.3514557,1.3257108,0.07215166,0.14777994,0.11059952
CINP,0.054600716,0.15867615,-0.41725826,0.18812466,-0.10864735,-0.113633156,0.07040024,0.16667843,-0.121367455
NUP62CL,-0.53908277,-0.4622531,-0.14910197,-1.34042,-0.37260103,1.3179567,1.51103,-1.6307572,-0.16543698
ATL3,0.71666336,1.1967115,1.0895348,1.054903,1.0706482,1.1708698,0.6350746,1.2079973,1.0456905
ATL1,1.5483942,1.3431406,2.0917492,1.5783815,0.59597826,1.9090986,1.1292801,1.1032033,2.1273103
FAXC,1.0540264,0.50340605,-0.22674465,0.008921385,0.2625506,2.3609302,2.929444,0.90247536,-0.66121507
ATL2,-0.9739816,-0.35951078,-0.14166737,-0.08795357,0.08969903,0.023952007,2.271892,-0.5290804,-1.3999325
SLC7A1,2.5705957,3.2068167,2.2178621,3.5947313,2.848631,2.793336,1.4645319,3.3581066,2.756013
WRN,0.010894775,0.056693077,0.14126205,0.42612314,0.4014492,-0.2566371,-0.022057533,0.20907116,0.24995613
GAPDHP27,-0.6643772,-1.0330157,-1.6119347,-1.5964041,-1.0515165,-1.0068641,-1.5510244,-0.77444553,-0.7608795
MFN2,0.1745224,0.14251041,0.2535782,0.26943207,0.12138176,0.6084595,0.62545586,0.37512112,0.63233185
SAMD3,-1.2960234,-1.4671923,-2.7902572,-1.6993135,0.5388746,1.4892099,1.3137834,-0.20353818,0.18450046
C4orf3,0.12567997,0.5628376,-0.14238358,0.35384846,0.0945797,0.43262196,-0.000817,0.5672903,0.29311085
GOLM1,-0.399428,-0.05937016,-0.931283,0.64368916,0.68859696,1.1304228,3.3342144,-0.2623285,-0.25896215
NOC3L,0.33000374,0.52384615,0.5155482,0.75453043,0.75023794,0.38463306,0.97609186,0.7172036,1.240313
TMEM272,-0.50781465,-0.23697323,-1.0280867,0.6254747,0.5119802,0.9737245,3.3338485,-0.4374184,-0.42111498
TMEM276,-0.4627285,-0.53291893,-1.2168684,-0.7171669,-1.003314,-0.26983643,-0.20310783,-0.5851345,-0.56824684
FAM200A,0.17378569,0.3349223,0.5970125,0.37914944,-0.17194653,0.19162416,0.07462788,0.41349125,0.5677824
SLMAP,0.30630016,0.49967766,0.47219944,0.3672228,0.41310596,0.6872244,0.6779442,0.55943966,0.5997381
TTC30A,0.3879025,-2.0186708,-0.47428417,-1.4313385,-1.2998049,-0.76115465,1.5154781,-0.3320229,-0.26307535
TRAV8-4,0.99657726,0.22922087,0.9776907,-1.1236777,-0.39767075,0.8656354,1.391686,-0.42473674,-0.2533257
YPEL5,1.0903969,1.6880856,0.15894318,2.4549732,1.5561838,1.3100891,0.0487957,1.3426714,1.7250767
FRK,-0.76657397,-0.4373753,-0.9733896,0.09838343,0.27692223,0.75406194,3.0086763,-0.6869061,3.0238297
YPEL3,-0.08149147,0.21233082,-0.27466106,-0.635828,0.7937336,0.13390732,-0.3224306,0.39579868,-0.7550926
LIMS2,0.18449163,0.41104078,-0.75388193,0.040444374,0.28973627,0.7975273,1.2728882,-0.033810616,0.22230625
YPEL2,-1.1469445,-0.631382,-0.6765089,-1.0371256,-0.23907185,-0.75510883,-0.9780216,-0.59258366,-1.1092596
HYCC2,0.9631605,0.43655396,2.4453459,0.85826015,0.5161209,1.611598,1.7802839,1.1522493,0.9739523
MPV17L,-2.226802,-1.6987569,-1.1057405,-1.3095951,-3.1232998,-1.2351766,-0.24453497,-2.560134,-1.5433676
ATN1,1.0734653,1.2827806,1.0506763,0.6129513,0.53436565,2.2132492,0.8255482,0.8930292,1.8834972
PLOD3,-0.5363083,-0.6501522,-0.9674225,-1.6646252,-1.4507103,-0.24141312,-0.53646564,-0.6852808,-1.1651001
FRY,-0.82140446,-0.31787205,-0.7604737,0.53338385,-0.10836363,0.103675365,-2.0136623,-0.07048893,0.49933767
ATXN3L,-0.51317143,-0.29422498,-1.1120836,0.57162714,0.45045984,2.2955232,3.2488904,-0.5073024,-0.47136462
ADORA3,-6.9094934,-7.0434146,-7.052278,-6.2535696,-6.285912,-5.836296,-3.511969,-6.967864,-7.211259
GARIN2,-0.45796204,-0.19120687,-0.984483,0.6161878,0.5668365,1.017626,3.3482294,-0.3880986,-0.37784994
ADORA1,0.6169934,0.15317464,1.1055033,-0.68796,-0.19079041,-0.14901733,2.0421631,-1.1684812,-0.5995096
CIR1,0.33275795,0.005569458,0.15758419,0.67531395,1.1239882,0.29109955,1.4672794,0.600996,0.8696842
GARIN6,-0.44116694,-0.12145257,-0.56346977,0.47672272,0.60580766,1.0651186,3.354789,-0.33322704,-0.13204122
SYBU,2.2466626,3.1674395,1.5185688,3.2317123,3.420702,2.506121,3.2200923,2.1789353,3.2551336
BNIP3L,-1.4342127,-1.1553001,-0.67265606,-1.2786207,-0.81462383,-1.817687,-1.0751448,-0.9781141,-1.4269285
TENM3-AS1,0.021750808,-0.16727841,-0.46464884,0.6196419,2.8644285,1.04345,3.333681,-0.3465892,-0.3652612
SPAG11B,-0.5107512,-0.29227662,-1.0791539,0.5292003,0.44183815,0.9474932,3.2829695,-0.501078,-0.47668874
CISH,0.5576782,0.41935825,0.48088264,0.1023407,-0.84211636,0.4940529,0.40375233,0.34523296,0.25076866
EIF1AY,0.19257545,-0.24521387,-0.5896864,0.6052401,1.5852842,0.96671367,3.334402,0.5376854,0.3072567
EIF1AX,-0.28031158,-0.001847267,-0.22458363,0.03721428,-0.23089409,-0.15198898,-0.55189896,0.22253132,-0.29208565
RAD21L1,-0.46389377,-0.23494458,-0.4434048,0.534008,0.5116545,1.0238999,3.3388758,-0.41699606,-0.36727566
CDC25C,-3.0323782,-2.9444056,-3.7435105,-2.0877788,-2.204787,-1.7117114,0.61739683,-3.1556482,-3.124
CDC25B,-0.041701317,1.0436659,-0.41178894,0.041861534,0.6532717,-0.7650595,-1.7528796,0.7650032,-0.50783634
TPST2,-1.2138157,-1.5671902,-0.98169136,-1.5206242,-1.3379602,-0.9694576,-1.8010712,-1.1243715,-1.0807247
MFNG,-1.6645212,-1.8792391,-1.6306515,-2.0450068,-2.219533,-1.165473,-1.46838,-1.8351374,-1.6180582
LPAL2,1.0335052,0.28527784,-0.92969847,0.5235759,0.528185,1.0700608,3.3503246,-0.26457596,-0.34243017
IL6ST,0.16337919,0.61830616,0.14855576,0.8954439,0.5396986,-0.22441196,0.27107906,0.74648666,-0.048077106
SLC27A3,0.9974146,1.1331263,0.14062786,0.974349,0.7931776,1.3908625,-0.71652126,1.4092226,0.75456715
LINC02303,-0.37057662,-0.06454563,-0.9930643,0.43586397,0.6837791,1.0713766,3.2820952,-0.2923696,-0.36302698
CD274,5.2198496,5.9780254,5.598892,6.117982,5.9972134,5.609561,5.8490286,5.9924,5.9485903
DLX1,0.06834197,0.7546854,-0.39906693,0.32718778,0.47232056,-0.29221153,3.8724403,-1.2394292,-0.38613176
DLX2,-0.32640302,-0.12030935,-0.8519268,0.6610075,0.61552906,1.1566563,3.468635,-0.31625175,-0.2859589
SHC3,0.21125078,-0.344553,-0.30366564,-0.3424077,-0.07852268,0.48495913,0.57861805,-1.2701449,0.08162832
DLX5,-0.3043028,-0.012133002,-1.012001,0.67740154,0.66900384,1.1261871,3.4619746,1.1948547,-0.27455217
LIN7C,0.10453129,0.51817703,0.07801819,0.61938953,0.6287041,-0.13940716,0.75429726,0.5806446,0.06969547
CORO1B,-0.21619034,-0.060253143,-0.6619549,-0.48817062,-0.46679592,-0.8097019,-2.4176755,-0.19083881,-1.0181065
CORO1C,-1.0404453,-1.4347134,-0.6969423,-1.933094,-1.5280447,-0.33343697,-0.780323,-0.7725897,-0.7133503
EIF4EBP2,0.10054994,0.3528105,-0.32283795,-0.1669662,0.46728122,0.21370351,2.5328393,0.43852603,-1.2008052
ENSG00000271776,-0.32763934,-0.04092896,-0.684811,0.6956835,0.72043276,1.1491623,3.3747315,-0.22009087,-0.15679085
LINC01003,-1.2224288,-0.8685565,0.01867485,-0.19139957,-1.1797161,-0.5091753,0.28756332,-0.59065866,-0.13606548
SLC14A2,1.2505546,1.2597694,0.6713152,0.20023966,1.0035448,2.0501347,2.167328,0.2792387,0.29069233
LTO1,0.13199425,0.061941624,-0.23736429,0.36467314,0.007860661,-0.44058228,-1.1443067,0.4078684,0.04369116
FUZ,-0.3712902,-0.71102,-0.5994425,-1.0852785,-0.9375024,0.44752693,0.52059555,-0.7107897,-0.040833473
NDC80,-1.5701286,-1.428129,-0.52773666,0.27656293,-0.7135086,-1.0738344,1.1762893,-0.8495934,-2.363933
IGSF11,-0.45941854,-0.19909835,-0.3398924,0.50770795,0.54864454,1.0257279,3.320015,-0.3714416,-0.27261198
SYCN,0.14785552,0.24440837,-0.6065328,0.39789605,0.083379745,-0.74181795,0.79109883,-0.4389758,-0.27881575
LCN2,-0.5078487,-0.17222786,-0.9746326,0.3882898,0.53624153,1.0198369,3.2543476,-0.3971002,-0.3907218
LCN1,0.27612662,0.01593709,1.2439156,-1.1227198,-0.26085758,0.4558077,2.2504153,-0.94837546,0.2937889
ACO2,-0.18299484,-0.27755547,-0.2155447,-0.45972633,-0.65047073,0.003534317,-1.5824165,-0.24018669,-0.42175674
MT-CYB,-1.4622021,-1.0393772,-1.6192474,-1.3158112,-1.5267048,-0.45438385,-1.079462,-1.3969831,-1.5899525
LCN6,0.46857214,0.9733095,-1.0472745,0.5091202,0.5346886,0.9681113,3.243243,-0.4074757,-0.19740486
NIT2,0.85348606,1.0456791,0.25136757,1.2306929,1.092061,0.9616232,1.1063576,0.8947029,1.6116438
OR7A10,-0.38405067,-0.08953118,-0.7875891,0.41922235,0.60811365,1.1916049,3.452536,-0.2821461,-0.25649452
LRGUK,-1.8235497,-0.7217182,-0.3524549,0.79575324,-0.8746424,-0.29261875,2.174058,-1.7966413,-1.6598897
LEAP2,-0.6239104,-0.4844489,-0.7487898,-0.6820898,-0.71332264,-0.7375183,-1.3927593,-0.26654434,-0.6511178
AKAP8L,0.43686104,0.7170372,0.20105743,0.5350895,0.5857029,0.56508636,-0.45290947,1.0932121,0.1581688
TOB1-AS1,0.15529585,0.22646046,-0.10366058,-0.4844489,0.120393276,0.47164822,-0.18312883,0.4580722,0.36820173
RLBP1,1.9973035,1.9639463,0.2552042,2.2411318,1.1695094,2.4015622,2.6695342,1.9894342,1.9149265
TAGAP,0.25115013,-1.300147,1.8069735,-1.1653056,-0.31877708,-0.57640076,-0.99478054,-0.49738216,-0.9229603
ACP7,1.3027391,0.12516165,0.6525097,1.5062761,-0.12767601,0.32763028,2.5898237,-1.0649514,-1.0735598
UNKL,0.39413023,0.21751118,-0.20046473,0.055023193,0.9892602,0.21236467,1.723959,0.011282444,0.017933369
ACP1,-0.4250784,-0.09636521,-0.6701522,0.6959107,0.64965343,-0.89200234,1.4244912,-0.38483095,-2.3247607
EIF5B,-0.054121017,0.25786018,-0.08880997,0.14275742,0.17144108,0.57982063,0.00104332,0.5156584,0.3035164
ATRX,-0.46334553,0.03728962,-0.20596027,0.05289364,0.27960587,-0.85308933,0.30690002,0.30914497,0.113755226
SYF2,-0.13054752,-0.094405174,-0.44883442,0.3145857,0.6401839,0.029554367,-0.24623156,-0.11268711,0.24903345
HAND2,-0.5101032,1.016262,-1.0129914,0.4295621,0.42702663,0.98505664,3.2924125,-0.49856484,-0.45536393
LCOR,0.42651606,1.0256953,1.2726278,1.7953253,1.3428965,0.045301437,-0.8619852,0.88756084,1.024611
LCP2,0.004566193,-0.4149809,0.98024464,-0.4480667,-0.2448988,0.71808434,0.78082466,0.017726898,-0.18652153
SCOC-AS1,-0.81638765,-0.005600214,-0.8906958,-1.3009245,-0.07248354,1.0264482,0.9263859,-0.8586533,-0.5411551
MGRN1,0.24359894,0.10389614,-0.48993206,0.035095215,0.09818554,0.152565,-0.23971176,-0.002530098,-0.0946846
SLC5A10,-0.3707435,-0.022397518,-0.37302446,-0.081260204,-0.042875767,0.33026028,1.9406843,-1.5676208,4.816616
TSPAN32,-0.27085114,-1.7319641,-0.21255541,-2.6534724,-2.3455224,-1.6966467,-2.5953674,-1.8118615,-2.130711
TSPAN31,0.10550928,-0.06677723,-0.056468725,-0.5397265,-0.9037473,-0.037707567,1.0171273,-0.10184002,-0.47225595
CDC42,0.06321144,0.6010866,-0.12112427,0.5111656,0.46329403,0.12270546,0.47369194,0.22979832,0.5090847
CDC45,-1.2054453,0.16481113,-1.7436843,0.88515234,-0.79670095,0.99322844,-2.5337505,-1.4534659,1.813457
ATXN1L,0.8927431,0.6834178,0.16303587,0.02450943,-0.20593977,0.4531989,1.3676295,-0.19153309,-1.0336123
FYN,1.0898829,1.7676144,-0.31933784,1.3135309,1.7114897,1.8582277,-0.35574436,1.5860825,1.0285578
FSD1,0.5242431,0.70163465,0.10209155,0.4716251,0.028635979,0.85947394,1.5844767,0.1580751,0.18097854
EIF4E,0.002991676,0.07008743,0.5175028,0.017035484,0.16871548,0.2713976,0.48622036,0.16356373,0.31226063
H2AZ1,0.08882332,0.58605003,-0.2081356,0.7887478,0.7086735,0.6338558,0.27993393,0.5834007,0.90984344
NTRK1,0.06140876,-0.012664795,-0.06322241,-0.119236946,0.0493896,0.081204414,2.4317799,-0.5104387,-0.8645797
GADD45GIP1,-0.051538467,-0.17631245,-0.98381615,-0.7475071,-0.22063446,0.24397087,0.6050739,-0.31912518,-0.041992188
MARCKSL1,5.7949696,6.6613503,5.548232,6.2011395,6.793867,6.403715,4.6169453,6.3355827,6.553694
NTRK3,-0.1712017,0.4661343,-0.98745346,-0.12866688,-0.1927898,0.077181816,0.8483331,-0.28721404,-0.57813525
MID1IP1,0.010922432,0.5616741,0.33977795,0.6425085,-0.1613245,0.41014576,-0.998929,0.5295563,0.4704237
CDC5L,-0.9424832,-0.004792333,-1.4842731,0.1766721,0.056925178,0.52647483,2.9033504,1.1886281,-0.86902905
SYT15,0.036163807,-0.8438432,-0.3402815,1.0851488,-0.20908928,-0.8103204,0.47217226,-0.84054875,-0.36216593
SYT17,-0.21009731,-1.2870502,0.17199421,-1.427979,-1.4625359,-0.30541754,0.6932087,-0.777658,-0.97557926
TSPAN16,-0.35963035,0.57344174,0.22028828,-0.011404753,1.1026111,1.3692908,1.5446563,-0.6014571,1.8302794
TSPAN13,3.222374,2.627737,1.6681833,3.825655,3.027752,1.960392,1.9476461,2.7907581,2.6967015
SYT10,1.7382662,0.5763254,1.3309448,-0.33317113,-0.5844476,-0.3205068,1.9151409,-1.7031758,-0.110836506
EIF3H,-0.40307426,-0.3595724,-0.8556261,-0.3415966,-0.41667557,-0.1413536,-0.22457886,-0.5170851,0.099357605
EIF3E,-0.9734297,-0.69459724,-1.1566677,-0.3072443,-0.8516836,-0.59901905,-0.8608675,-0.72882175,-0.41328144
CD247,0.003605366,0.68472195,0.43517923,-0.42047215,0.47156286,1.4637151,-0.25564098,0.71747875,0.6079583
PIK3AP1,0.0239048,-0.84047794,0.3915348,-0.72221947,-0.7086973,-0.1143074,-0.40458298,-0.30130672,-1.4982204
RECK,-0.3480382,0.04252243,-0.32656574,-0.23695183,-0.14016438,0.09808445,-0.4209962,0.14128208,0.24868107
EIF3D,-0.9571781,-0.8939657,-1.0977745,-0.73655605,-1.0175438,-0.6049824,-0.9965124,-0.890008,-0.45170307
CD244,-2.5737166,-2.627964,-1.5655928,-4.368558,-3.512812,-3.2618191,-1.9286413,-3.5036535,-3.3002138
RPL21P68,-0.3018694,-0.47281837,-1.1983585,-0.03203106,-0.52296925,-0.57549953,1.4904394,-0.6176214,0.53647137
DMGDH,-0.21468532,1.2169327,0.04140389,0.98121107,2.6513147,0.9461819,3.2421412,0.500788,0.06744051
FLJ46284,-0.3422798,-0.004166126,-0.85545945,0.57246757,0.7484683,1.1134653,3.3405256,-0.21674252,-0.31724328
PPAN,-0.5830722,-1.0572443,-1.2701626,-1.4342589,-1.426661,-1.1655512,-0.47401857,-0.8662863,-1.2501574
NUDT1,-2.3077393,-2.527153,-2.950714,-2.2643547,-2.370407,-2.1352234,-1.2952423,-2.794817,-2.2730484
NUDT2,-0.037215233,0.031050682,0.12019634,-0.22614765,-0.28453827,-0.4811716,0.7001457,0.0647068,-0.54526615
ACTB,-0.3607731,-0.117601395,-0.9958334,0.2592888,0.30604076,-1.0112209,-0.53149986,0.17046356,-0.85206604
NUDT3,-2.2624736,-1.6635022,-1.989985,-1.9280243,-2.1918707,-2.3826275,-3.8861556,-1.4689884,-1.7554479
IL27RA,0.4501009,-1.0713997,-0.2449913,-1.7990046,-1.507947,-0.2571745,0.11676502,-0.7634506,-0.4941721
CDC20,-1.0615773,-1.3268485,-1.6569295,-1.9441733,-1.4613309,-1.6684127,-0.08684111,-1.8122683,-1.7218757
CDC23,0.48351812,0.4065032,0.9814153,0.95132303,0.6878233,0.8477993,0.7777872,0.4558735,1.5816498
EPC1,-0.16164017,0.029670715,0.2853279,0.28816605,0.5213394,0.043260574,0.25280476,0.48898888,0.6184807
EPC2,0.6705656,0.93996143,0.807539,0.8708391,0.6476183,1.0153036,0.9168472,0.91744614,1.1620817
SRP9P1,-0.39857292,0.06454277,-0.19658375,-0.1664505,0.14363956,-0.18223953,0.10346699,0.17714596,0.2775879
CTRB2,1.3723316,0.58618164,0.94281673,1.1767979,0.8700161,1.4236755,3.2810688,0.021871567,2.038702
CTRB1,-0.22442907,-0.32815135,-1.1218274,0.54706395,0.41497648,0.88925445,3.259376,-0.5271608,-0.5099269
CIRBP,0.44076538,0.5424385,0.26349068,0.54128265,0.9719906,0.7923298,0.37363243,0.84932137,-0.016803741
MFSD12,2.387309,2.7571974,0.677989,1.1091299,2.2228193,2.0948572,-0.14799976,1.8443804,2.1691866
CDC34,0.6881046,0.7929516,0.17838097,0.18291664,0.30801868,0.112558365,1.6097755,0.6358509,0.09268761
PPA2,-0.094675064,-1.1135836,-0.04506111,-0.56640625,-1.1935701,-0.5415096,0.44490242,-0.8169136,-0.0000343
KCTD10,-0.26979733,0.48207188,-0.29061794,0.062033653,-0.16113377,-0.23838139,-0.6232543,0.45756435,-0.07131863
PPA1,3.2336273,3.6084194,2.9492426,3.9753914,4.222744,3.1773186,2.7048874,3.6048365,4.0212364
CSNK2B,0.044059753,-0.31837177,0.058555603,-0.28818798,-0.20035744,0.28516388,0.17899513,-0.12926197,-0.0919857
CD226,-0.3389988,-0.4821725,0.48433113,-1.0734568,-0.5594115,-0.06968784,0.7060647,-0.45598507,0.06968737
TRIB1,1.0305042,1.6981688,0.5735645,2.2991085,1.2130747,2.0923424,0.5214691,1.3764458,2.5199757
TRIB2,0.09536624,-1.058506,-0.7593274,-1.3830074,-1.2991395,0.8576853,1.5439992,-1.522499,-1.7744755
KCTD18,-0.35007095,0.13080835,0.41931677,0.5490999,-0.17985916,-0.78259754,1.243773,0.003694534,-0.02478981
KCTD15,-1.1340814,-1.036891,-2.7469554,-2.479634,-3.5681863,-2.3809788,-1.4504852,-1.075778,-5.127345
LPAR1,0.5790348,0.55062103,1.2893915,0.87965584,0.4941635,1.1395378,1.5089865,0.8912306,1.7569485
XRRA1,-0.41092515,-0.7896397,0.88520527,0.09032345,0.6331353,-0.16108799,0.26065016,-1.2123301,0.72804403
ATP6V1C1,-1.3345661,-1.7026718,-1.7316446,-1.571635,-0.98847246,-1.6529863,1.8145275,-0.33251858,-3.2089605
ATP6V1C2,-0.14057827,0.2795124,-1.1764011,-0.37935734,-0.19732094,1.5353789,-1.2263112,-0.61275816,0.3518238
SMIM10L2B,-1.4130831,-0.83413553,-0.95947933,-2.5696402,-2.3869064,-0.9179635,0.32323217,-2.7124994,-0.109161854
STAT5A,1.3740616,1.7969952,1.3080835,2.3856869,1.8016567,1.4449844,-0.19944096,1.5623674,2.1261597
ZNRD2-DT,-0.47138357,-0.117366314,-0.027070522,-0.18017435,0.007728577,0.23082256,0.8421922,-0.33039522,-0.4402938
GREB1,-1.5199182,-1.2526582,-0.88507795,-0.3866799,-0.49753094,0.04191208,2.26006,-1.4065608,-0.3558991
KRTAP8-1,0.5464735,-0.1274333,0.09948063,-0.102208614,0.2216115,-0.68834686,2.4344802,-0.60479116,-0.551908
RAB27A,-0.19320774,-0.059321404,0.7565379,0.46329832,0.090330124,-0.05812931,-0.92969275,0.5499072,0.10987806
FTH1P8,0.2812767,-0.002613068,-0.34887695,-0.003385544,0.70685387,0.7125015,3.6063023,-0.08005142,0.007509232
OSGIN2,0.7241707,0.8031635,1.2063389,0.86741257,1.244792,0.75737953,1.1911373,0.7918806,0.8701153
PPBP,-3.259303,-3.6135316,-3.5841897,-3.1207714,-3.1015937,-2.480004,-0.38183832,-4.033162,-3.165653
FTH1P2,0.9238224,0.6541481,0.006420136,0.80607986,0.8990059,0.9520912,2.4787693,0.43901062,0.6917381
IL1F10,0.5586996,0.7665162,0.46627378,0.039770126,0.33637333,0.8583994,1.245513,-0.20011091,0.5018358
FTH1P4,0.78349304,0.84186554,0.34048843,0.6082039,1.2492561,1.0533676,2.7927284,0.69825363,0.9459305
AIMP1,-0.4641075,-0.51204395,-1.0106521,-0.26020193,-0.22719717,-0.86730576,-1.305109,-0.3300786,-0.56913424
ALDH6A1,-0.7178917,-0.90238476,-1.2077026,-0.3812275,-1.0517039,-0.72161436,-2.7777147,-0.8775902,-0.7843919
CD209,-1.4236712,-1.9627647,-1.1131096,-2.2803602,-2.1572127,-0.68522596,-0.038892746,-1.7651939,-1.3562226
LPAR6,-0.8931446,-1.144021,0.1381836,-1.3773346,-1.1855755,-1.3402233,-0.51439285,-0.9849415,-0.82396126
CDC16,0.10085964,0.5761156,-0.036174774,0.5410547,0.25311375,-0.43376637,-0.6055937,0.7817383,-0.08414364
MRAP2,0.04648292,1.0949929,1.2355151,-0.18793821,0.3541391,1.2670381,2.6493807,3.4112825,0.43298793
SUGP2,-0.2124033,0.053019524,-0.18032455,0.17809391,0.029248238,0.31257343,-0.78109264,0.28536892,-0.030011177
IL21,0.002437711,0.5759748,-0.058207154,0.14611459,-0.062713504,0.74019015,2.717648,-0.51252663,0.22848475
WFDC8,-0.42194057,-1.1465626,1.9862366,-0.3018198,-0.39589977,0.06194663,2.343999,-1.3303387,-1.3429434
IL22,-0.32814288,0.01636219,-0.64606166,0.55915475,0.72418773,1.0945029,3.3492901,-0.06472337,-0.30249053
WFDC9,0.9109738,-0.037805557,0.5571239,-0.9017093,-1.0026357,0.72141886,1.6662581,-0.72944283,-0.6164515
DHRS13,0.7652569,1.3212667,0.64810467,0.5409355,0.78196096,-0.11647987,-0.121647835,1.2202425,0.10977316
IL20,-0.41308922,-0.14617693,-0.9291917,0.5911604,0.5932306,1.0898541,3.3657475,-0.34158266,0.25807428
ACY1,1.5708342,2.4184303,0.7418833,2.5226984,1.8036156,2.6283197,1.1050024,2.02565,2.5271654
IL25,-0.30726218,-0.012968063,-0.8230362,0.7299144,0.7316549,1.1967564,3.4692664,-0.14520955,-0.20871073
IL26,0.37306786,0.21384048,-0.8819494,0.8920913,0.944973,0.268425,3.8489056,-0.37185812,0.001405716
NPM1P7,0.9008665,0.74674416,0.48556995,1.2619658,1.3860855,0.73528194,-0.3070135,0.7863836,1.0197535
NPM1P6,-0.002112389,-0.21209335,-0.45827675,0.30009365,0.35714722,-0.220994,-0.88006973,-0.12800312,0.5465574
WFDC1,-0.8678639,-0.64527076,-1.4719046,0.21163344,0.10319364,0.5705782,2.8884783,-0.8574456,-0.8219873
SH3RF1,-1.5201459,-1.5733657,-1.1827145,-1.8881364,-1.7878203,-1.3227572,-2.150896,-1.1916776,-1.9367089
WFDC2,2.7240362,0.94058406,3.6244707,0.709679,2.1183438,5.0413013,5.4735756,2.08209,1.8449506
AKAP12,-0.9330104,-0.72743094,-1.4451705,0.027288556,0.015119195,1.2105702,4.7033644,0.9889952,-0.09120822
AKAP13,0.33041096,0.4318409,0.41452503,1.0062628,0.09969139,1.2843542,0.5666647,0.3053913,1.6199541
CRTAC1,0.012033939,-0.64561844,0.23061681,1.733408,-0.11865902,0.31978893,2.469892,0.2785766,-0.6838082
EPG5,-0.3448634,0.48818636,0.18796873,-0.7691097,0.034401894,-0.7779889,-0.2226305,0.18053818,-0.73527145
OXGR1,-1.062374,-0.8596377,-1.5153548,-0.1906352,-0.12695682,0.45054734,2.7617092,-1.0477492,-0.9656023
IL10,-2.9606702,-2.8840702,-2.7000484,-4.0280814,-3.4280472,-2.5582917,-1.2980657,-3.4702916,-3.3089337
ATMIN,-0.1845169,-0.11428642,0.25340748,-0.059490204,-0.72622395,0.002996445,0.29346657,-0.1296215,0.397295
GAA,-0.77620506,-1.2545958,-1.2072983,-1.2255135,-1.5954542,-0.62132835,-0.8041172,-0.8678379,-0.6728687
IL13,-0.24712169,0.59404767,-1.0801742,0.44123626,0.5636239,0.9729924,3.4077778,-0.2647258,0.0229249
IL18,0.17002296,-0.702158,1.0119553,-0.24884796,-1.2767124,-0.12775993,0.23960686,0.08858967,0.01171875
IL19,-0.1755898,0.6295965,-0.41708088,-0.013226867,0.002583385,0.69142556,2.7911134,-0.40949428,-0.7385216
IL16,-0.4351601,0.003061652,-0.9247104,0.5144633,0.56307423,1.4192358,3.336369,-0.37736535,-0.13945138
PLAC9P1,0.15842628,-0.7779999,-0.5697861,-0.89843845,-0.19313526,0.604126,0.14303207,-0.33473396,-0.41104698
SYN2,-0.12506604,0.8069366,0.43879473,1.1771728,0.5824214,0.6602918,3.817072,-0.73127747,-0.7310854
GAK,0.6757488,0.8554888,0.55788517,0.56502724,0.6059599,1.04459,-0.23791885,0.88587093,0.4708538
IL1A,1.8574793,1.6507065,3.6732047,2.5510976,1.8900254,3.3087003,3.8249853,2.2512596,2.9282296
GAN,0.4827609,0.2895851,-0.079782486,-0.503109,0.092935085,-0.776546,1.828095,0.38361406,-0.09682751
IL1B,1.1050968,-0.4169426,2.662362,-0.2237072,0.19253731,3.610321,4.020479,1.3335199,2.643837
DMC1,-0.6108906,0.6464634,0.67842984,-0.37790477,-0.115155935,0.25563574,2.454269,-1.0925122,-1.1833506
PABPC3,0.24706078,-1.1704979,-2.787897,-0.77770615,0.09627724,0.8613033,-0.7708168,-0.013152123,-1.0909061
PABPC1,-0.3496933,-0.63161373,-0.71544933,-0.07756233,-0.2607422,0.26895905,-1.0312672,-0.7072573,-0.13950157
RELA,1.4611073,2.037036,1.739296,1.576397,1.6442223,2.187582,0.61586094,2.3372746,1.5663986
RELB,3.0791235,3.3899355,2.8919754,3.6288233,3.4268408,2.8890562,2.4681368,3.448389,4.0202456
NFIL3,1.751544,2.5345268,1.5884056,2.2599554,2.7146845,2.1452475,2.314454,2.6683168,1.857419
MGAT3,0.90790796,0.44462776,1.1230412,-0.93924296,1.1993895,1.750875,3.403129,-1.255347,0.3763945
MFSD4B,-0.27477264,-1.6260915,-0.83852005,-1.2115812,-1.2616582,-0.651402,-0.5172515,-1.1957493,-0.8006635
IL32,5.1070933,5.913257,4.756969,5.5774093,5.3813195,6.398664,5.2800555,5.819432,5.6031795
IL31,-0.4566009,-0.20015621,-0.6614945,0.6163285,0.5631769,1.0148661,3.5644228,-0.3907206,-0.3804397
GCA,-1.557987,-1.5241976,-0.548306,-1.637686,-1.1825652,-2.8467193,-0.54935694,-1.1705594,-2.3345249
IL37,0.45405102,-0.16139197,-0.16720915,-1.0065856,-0.5225525,0.8415265,2.0453038,-0.7107363,-0.30828857
H2BC3,1.5765305,1.5911026,1.6169224,1.3204975,1.7958384,2.0345383,3.1130438,1.4969292,1.7889843
PCDHB14,-0.29977226,-0.03266561,-0.8845191,0.6195655,0.7297617,1.1515062,3.4249294,-0.23706675,-0.2576279
PCDHB10,-0.25763345,0.122121096,-0.79285717,0.5856396,0.8314836,1.2880781,3.4243307,-0.055356503,0.40617633
VEGFA,1.9118538,1.8651943,1.8907957,1.5332088,2.4014006,2.366827,3.2115269,2.1244326,1.5906277
SH3RF2,0.121807575,0.18832779,-0.20368624,-0.77826726,0.3615296,0.16742659,1.911222,-1.8550956,-0.003720999
KITLG,-2.65391,-2.0557663,-1.1780415,-2.7041903,-2.822143,-0.56525254,0.010274887,-2.0420382,-1.175998
EPGN,-0.33290458,-0.079978645,-0.9051024,0.71040714,0.6718509,1.14516,3.4384913,-0.24164581,-0.19927526
CFHR1,-0.06641865,-0.14442658,-0.6962303,0.6285666,0.656808,1.3385761,3.5468402,-0.23088324,-0.34075236
CFHR4,-0.4154669,-0.18238616,-0.9931536,0.6786562,0.5649359,1.034317,3.3833165,-0.39435148,-0.35939777
CFHR5,-0.033144116,-0.042369127,-0.82603526,0.7228805,0.70479774,1.1550002,3.4573636,0.080240846,-0.22474897
CCNYL1,0.7737446,1.5487099,1.3141489,1.686039,1.208456,1.4069366,1.1079655,1.4784632,1.6693954
LINC02249,-0.4156822,0.046742678,-0.11226177,0.32801342,0.7235229,1.5981777,3.174442,-0.18761337,-0.2813704
UBE3D,-4.2474427,-3.386547,-3.3476198,-3.062171,-3.1868494,-2.7484727,-0.49411678,-4.1190867,-2.9875276
RPP30,-0.66924953,-0.56818247,-1.1682308,-0.41379642,-1.3354988,-0.92994595,1.2277999,-0.5054951,-2.0104022
ZFAND6,-0.08548832,0.015437126,0.30758858,0.45672703,0.12321758,0.4436102,0.6178198,0.2679186,0.6823149
WASHC2C,0.6071663,0.57222843,1.0738573,1.1434383,0.91390324,0.71523666,-0.2468319,0.5452442,0.5687256
UBE3B,-0.20238447,0.12034321,0.17078304,0.001198292,0.31741095,-0.001198769,-0.73012924,0.5346656,-0.08420229
UBE2Z,1.6642113,1.9336815,2.0241919,2.0930424,2.5885382,1.8509865,2.5865421,2.0362978,2.2312927
SRP14,0.009965897,0.15969563,-0.41213703,0.15003586,0.23281956,0.3140335,1.2445965,0.02325821,0.269207
TMEM266,0.348814,-1.9337194,-0.50902796,-1.4799285,-2.5423477,-0.21874857,-1.1769567,-2.8367414,-0.25250196
BORCS8,0.43444538,-0.29859066,0.47662067,-0.12084103,0.09012699,-0.14949703,1.1576653,-0.13405895,0.036719322
IL6R,-0.32359982,0.06912136,0.3746729,0.010579109,0.65907574,0.1844492,-1.1319971,0.14982128,0.20689106
BORCS7,-0.26737118,-0.08990955,-0.67729664,-0.12445545,-0.07793522,0.12055111,-0.32625294,0.2964859,0.061886787
BORCS5,0.82590866,0.404768,0.95997715,0.6584339,0.36439705,1.1821213,1.830965,0.73203754,1.1136284
GEN1,-0.062129974,0.9037218,-0.640573,0.8639803,0.81130266,-1.2930107,-0.61971235,0.82938766,-0.11648989
DTX2P1-UPK3BP1-PMS2P11,0.56008625,1.2541876,0.98735523,1.2360988,1.3112383,0.6896601,-2.2139359,1.0691776,0.9424591
IL4R,1.2466164,1.7142076,1.5153112,2.235588,1.853694,1.9462786,1.1988544,1.8010712,2.120142
TMEM250,0.11941147,-0.23621082,0.5021906,-0.8878937,-0.3130417,0.19358635,-1.1383204,0.09724426,-0.025384903
POU3F1,0.092227936,0.44552803,0.1036706,-0.23508453,0.24679852,0.3990283,0.45245838,-0.40123892,-0.12491512
TMEM251,-0.2771101,-0.92101383,0.25920105,-1.2165275,-1.2309141,0.10743046,0.59621525,-0.5153799,-0.3105421
POU3F2,-0.76427066,0.050930858,0.3799584,0.5445057,0.21349001,0.72407436,3.0311775,-0.71607167,0.58650374
GEM,0.835505,0.61830807,2.4331636,0.8197689,1.0246596,1.0354385,1.82549,1.381299,1.1556044
POU3F3,0.049253464,-0.399889,-0.46427345,-0.24333191,0.33386993,1.1639423,-0.11131096,-0.17600441,1.2921429
POU3F4,-0.7129843,0.2272253,-1.457346,-0.64663243,-1.0453358,-0.747803,1.4934607,-0.46747422,-0.503747
ST13P7,0.16732883,-0.037168503,0.28279972,0.12157917,0.2604351,-0.065629005,-0.2509346,0.038121223,0.096261024
MAP7D3,-0.001435757,0.12608528,-0.9657769,0.8164787,-0.44448662,0.31054068,-1.5887756,-0.13204765,0.9782772
ANKS6,-1.4643614,-1.2184261,-1.7942929,-0.55233943,-0.47404933,0.03100276,2.3039165,0.8289492,-1.2864602
ST13P2,0.2030468,0.107172966,-0.03252983,0.48669434,-0.22900677,-0.004152298,-0.14291763,0.13229847,0.6960373
PPIA,-2.1142359,-1.3464165,-2.0193071,-1.6685638,-1.6005311,-2.045361,-3.1515088,-1.3056698,-1.9495373
ST13P3,0.19677162,0.05124283,0.28013992,0.2883854,0.32787132,-0.19302845,-0.17334843,0.042572975,0.39530182
DLGAP1-AS4,0.04606521,-0.16665447,-0.41974616,0.46348906,0.5664215,1.0136025,3.2928476,-0.37813163,-0.42108
CACNA1A,0.26138735,0.5770793,-0.001682282,-0.15170765,0.10849047,0.57938004,1.6456432,-0.31128502,0.097435
BHLHE22,8.372832,10.393537,7.066427,8.997836,8.190976,8.971646,7.1003895,10.67914,9.385753
CACNA1C,0.005473137,-0.011131406,-1.0710244,0.55365276,0.71241343,1.101823,3.265648,-0.26053357,0.31218052
CACNA1F,1.1180501,1.268569,1.530303,1.3407602,0.34018278,2.6160798,1.5549092,1.3848724,1.2427979
TMEM242,0.20530319,0.24273491,0.87641335,0.3920412,0.16926193,0.1889062,0.78314304,0.7682209,0.09109306
CACNA1I,-0.7777426,-0.6470436,0.9911678,0.11613035,0.11407709,1.2019799,2.774406,-0.82370675,-0.7776362
TMEM248,-0.78305817,-0.62016773,-0.91726494,-0.42650986,-0.74854183,-0.11222839,-1.7811785,-0.75963974,-0.29481697
DHRS7B,0.38370895,0.2899065,0.29642582,0.07428169,0.17383575,-0.26303864,-0.5482578,0.120762825,0.14486504
UBE2F,0.8516054,0.7905865,0.798769,1.0074415,1.0419426,0.31838894,1.5586023,0.8746977,0.78934956
SYT5,-0.1590606,0.3188709,-0.97454226,0.6448101,0.8612865,1.3010706,3.4958954,-0.08004594,-0.17503846
UBE2I,-0.45366,-0.1926899,-1.0781727,0.017701149,-0.4043026,-0.027903557,-0.9965143,-0.055692673,-0.26838207
TFAP2D,-0.41199255,-0.12993443,-0.98239243,0.77608,0.61895657,1.0719222,3.366898,-0.29629087,-0.31193292
SYT2,0.39995718,0.39055824,0.019001007,-0.41434956,0.21146202,0.7546053,1.0534153,-0.3021636,0.15350723
RPP40,-1.950871,-2.496313,-2.4283113,-0.94084215,-1.2691965,-1.893745,-1.6478996,-2.5956984,-1.2218132
GGH,1.3069277,1.8162298,1.1150188,1.7926626,1.4979696,0.8263407,1.0371771,1.9336052,1.5413294
ADA2,-2.0532055,-3.3475676,-2.7532916,-3.641407,-2.8865418,-3.0538201,-2.615765,-2.9659562,-3.4758706
UBE2A,0.7748537,1.1541252,1.2416964,1.3587656,1.4826202,1.390027,0.79496765,1.1986485,1.4844923
TMEM230,0.21481514,0.44546318,0.4389887,0.05854225,0.12207794,0.1868515,0.012153626,0.7673693,0.31560135
HIGD2A,-0.10471535,-0.54762363,-0.9181738,-0.24035835,-0.19259739,0.36397552,-0.28520012,-1.1722269,-0.12305641
TMEM232,-0.5005152,0.33630133,0.7064866,0.38885832,0.5247133,2.7513747,3.2793097,-0.41846526,4.562768
UBE2W,-0.06324196,0.25733852,0.001711845,0.77503014,0.15362358,-0.6519623,0.9953537,0.51175594,0.14948845
TMEM237,-0.2094779,0.25510454,-0.34468555,0.69086933,-0.19698524,0.36049223,0.9740379,0.1661129,0.50568295
TMEM238,1.6726551,0.7408886,1.4370775,0.73469925,0.0989151,1.8391285,2.145132,0.3923998,1.3507843
BHLHE40,0.34505844,1.2133512,1.0114822,1.6170273,0.7808304,1.1725368,0.25864983,1.3592434,1.6821003
UBE2N,-0.33957052,0.18823957,-0.043124676,0.52468777,-0.11452913,-0.25432205,-0.7883687,0.3577876,0.1869111
IL7R,2.964673,3.233241,2.144085,2.5780306,3.4184113,3.898141,2.308793,3.6546555,3.3345346
MXD1,0.48713017,0.9911213,1.0043106,1.0427923,1.0687456,0.9293356,1.3024511,0.90871906,1.168191
MXD4,-2.404492,-1.766501,-3.4475603,-1.8097868,-1.8343883,-2.4611955,-3.0454197,-1.928052,-2.1202316
MS4A5,0.35858512,0.083349705,1.3061285,0.21808672,-0.6655623,-0.22285962,2.07135,-1.6044899,-0.6061964
ADAL,0.980577,0.72547674,1.0958886,0.78837824,0.031545162,1.1983209,0.82919884,0.8622818,0.88159657
GHR,-0.40403712,-0.011345148,-0.7802701,2.5998974,0.7084099,1.0650092,3.1383896,1.2487785,-0.2827469
ST13P18,0.02759552,0.023803711,0.1325264,0.10326767,-0.12706566,-0.20524216,-0.14547539,0.21623039,-0.11100006
RASGEF1B,0.15647984,-1.0406165,0.84473896,-0.23526049,-0.24493265,-0.38613605,0.58865356,-0.40890884,-0.496727
MAN1A2,-0.8755517,-1.1888275,-1.3455586,-0.6293788,-0.5603485,-1.6610656,-1.3078971,-0.8880248,-1.7052102
GET3,0.16195107,0.29293442,-0.3682127,-0.4755268,-0.01957035,-0.38023186,-1.1426735,0.13289642,-0.5578041
ARFGEF3,-0.83830655,-0.57772887,-1.4079037,0.17781234,0.17373383,1.1689004,2.947372,-0.73858833,-0.6683343
DACT1,-3.0828338,-3.5477371,-2.1083243,-3.4471762,-3.3256521,-2.787398,-0.51032066,-4.2883577,-2.2201366
SNTA1,-1.0074625,-0.9895544,-1.59834,-1.4961476,-1.109683,-0.6073923,0.25634384,-1.4957876,-1.1302519
SPIDR,-1.039412,-1.1858535,-0.5652113,-0.9545622,-0.8709588,-0.7244301,-1.0771022,-1.006053,-0.79387283
GREM2,0.96968496,0.74082696,1.2233537,0.4927163,0.56416655,1.7481692,3.0973458,-0.39713264,-0.44331503
TMEM216,0.7292595,0.5627804,0.77086926,0.5682697,0.11776543,1.6325302,0.6526022,0.5315752,1.0692215
TMEM217,3.0655437,2.36233,3.081818,2.0781941,1.835105,3.188024,3.2958856,2.4051204,2.3667617
MS4A2,0.98275375,0.25333214,-0.51775396,0.42344618,0.3616364,0.7117212,3.0879161,-0.5470301,-0.62394124
MS4A1,0.085112095,-0.3333478,0.06989336,-1.5978603,0.5271206,1.0765762,0.5923338,-0.46385384,-0.8130853
FBP1,-0.45951366,-1.7733374,0.54929924,-1.7406626,-2.1776667,-0.21961117,0.8371706,-1.4843693,-0.010394096
IL9R,0.5280571,0.3570428,-0.8448839,-0.38856506,-0.45232248,0.4803276,0.13370275,-0.14923143,0.21396065
ADD3,-0.8927412,-1.225256,0.006075859,-0.915555,-0.58228683,-0.7085085,-0.10770702,-0.6320257,-0.5862379
ADD1,0.26716852,0.47245407,0.27008247,0.44225883,0.9295368,0.16277122,-2.465631,0.31535864,-0.13335276
AGPAT4,0.11018467,1.2479525,0.7453065,0.25550604,0.99448967,0.32746315,0.5449462,1.2196755,-0.2456739
ADD2,0.99796414,-0.09451938,-0.79768515,-0.43936408,-0.5076605,0.029094934,2.2559466,-1.4267102,-0.9827852
PABPN1,0.057516098,0.5020027,-0.73685455,0.32647896,0.049653053,-0.018606186,-1.1074066,0.53073215,0.18720245
SPOCK2,0.3105464,0.47405577,-0.5271797,0.21758509,0.5887985,0.6093674,1.0307713,-0.032942295,0.68475914
MXI1,0.16961622,0.6942444,-0.26607847,0.9666915,1.9900956,-0.21976471,-1.093298,0.8215699,0.29364967
MAN1C1,-1.2874746,-1.3977079,-1.2381134,-2.3571196,-2.5571527,-1.4542017,-0.46371698,-1.2618985,-1.4209356
SPOCK1,-1.4180825,-0.60418415,0.023259401,-1.186079,-0.14622593,0.4868486,1.626528,-0.02893138,-0.026462555
RPP14,-0.15353298,0.20314217,0.36697006,0.17551088,-0.047919273,-1.004487,0.035120964,0.40470982,-0.45464706
ATF7IP,-0.6530256,0.36745954,-0.6429951,1.738821,-0.7832351,0.64631176,1.7496948,0.29027843,-0.07109094
ARFGEF1,0.113497734,0.40104198,0.20658016,0.6767168,0.7319708,0.40881634,0.65584564,0.7209654,0.7160063
RAMP2-AS1,-0.3138005,0.000848,-0.36779523,0.63058877,0.7513454,1.1890309,3.3964593,-0.1988113,-0.05043602
ZNF804B,-0.5087745,-0.21756935,-1.0240009,0.6828095,0.52879405,0.9887638,3.274808,-0.40314353,-0.40986282
KICS2,0.51185894,-0.48221445,0.21144581,-1.2090342,-0.4904108,-0.098642826,0.056471825,0.08630848,0.023078918
ZNF804A,0.047926903,-1.5936646,1.7390394,-1.2759649,-1.2213801,0.15678215,1.5051894,-0.14808941,0.57572746
ZNF300P1,-0.3203733,0.54331136,2.4010217,3.005862,1.6190963,3.2792437,3.771858,0.7390456,3.297272
ACKR4,5.651436,6.1039886,5.7664566,6.454109,5.816037,6.68169,6.084564,6.043561,6.6375656
ACKR2,-0.5474025,-0.25548387,0.011977673,-0.15968466,0.15242219,0.5054083,2.605124,-0.9730897,-0.6896938
GLA,0.1309967,-0.5854635,0.005210877,-1.107563,-0.67007446,0.31082916,0.40900803,-0.52596474,-0.001411438
MAP10,-0.44785643,-0.24938679,0.31267405,-0.29039574,-0.3775916,-0.2365241,1.3945422,0.007750034,0.32518196
ANKLE1,0.7816472,0.6917782,0.9230304,-2.2142062,0.345376,-0.005439758,1.089797,0.33438826,0.06064892
ARHGEF26-AS1,-0.7355782,-0.3291551,0.8962842,0.67593634,0.37219656,1.7564868,2.9130454,-0.55447364,1.0650586
DMP1,-0.4505701,-0.19234872,-1.0032651,0.5392978,0.5574186,1.0308774,3.3295486,-0.35910487,1.1211812
FAM95B1,-0.8543821,-0.22707856,-1.1407077,0.047815084,0.14444208,0.7138529,2.9835038,-0.7704644,-0.57711375
ANKRD20A1,-0.37407857,-0.1311351,-0.798087,0.48406112,0.6039443,1.133903,3.4713573,-0.3404467,-0.17612994
CSPP1,-1.115632,-1.5579267,-1.3257337,-1.0365887,-1.223722,-1.4503522,1.1296215,-0.9983072,-0.79442024
CDK5RAP1,0.36402893,0.8325472,0.4077673,0.587245,-0.046455383,-0.50449324,-1.33004,0.77672386,-0.065265656
PROK2,-5.7486815,-5.468487,-6.2673364,-3.987578,-4.72348,-4.2582316,-1.9185548,-5.026876,-4.085349
AP1S1,0.4161663,0.582613,-0.10918951,-0.5614791,0.25836992,0.3100605,-1.1679926,0.40542173,-0.34953403
AP1S3,1.1247907,1.7627306,1.3092837,2.5168252,1.3377247,1.1994381,2.3764849,1.6821213,2.0651588
CDK5RAP2,0.9464245,0.70063305,1.074131,0.5105667,0.6389637,1.1078205,1.401762,0.8199959,0.46434212
GML,0.3661785,0.7004256,-0.83072567,-0.3582387,0.49221277,0.64047766,0.20953941,-0.6899805,-0.43782663
REV1,-0.3324914,-0.31179762,-0.1096077,0.16053581,-0.21007633,-0.38255882,-0.76777315,-0.2984476,-0.014897823
GTPBP6,-0.031050682,-0.19952488,-1.4401913,-0.001210213,-0.8704605,-1.3108511,-1.3541193,-0.006718636,-0.74224186
GTPBP8,0.28816795,0.29958248,0.326437,0.6318207,0.5477066,0.36475945,-0.049061775,0.39626694,0.8545532
GTPBP2,1.7714806,2.2421656,2.0993881,1.7011681,1.8130083,0.8728857,0.31794643,1.9934874,0.634212
GTPBP1,2.1604757,2.5873718,1.9804888,2.609994,2.2535572,3.0034685,1.2603798,2.691022,2.63095
C21orf62-AS1,0.07828903,-0.21075249,-0.010012627,-0.99834657,-0.95639324,-1.1301892,1.021388,-0.9133115,-1.1892512
ZC2HC1C,0.95555973,1.1121874,1.4880772,0.44419813,-0.19349086,0.7268131,2.6234212,0.8868017,0.6820116
MAP1A,0.06368542,0.5475378,-0.59617376,-0.03938818,-0.33525658,0.4510541,-0.3044262,-0.19070864,-0.16096449
ADPRS,0.6409483,0.77856636,0.84748363,0.32732296,0.46066952,-0.18554592,-0.2093172,1.1386175,-0.11130619
FAHD2CP,0.27508545,0.14394951,-0.5774565,0.2153244,-0.14636135,0.44223595,-0.73545456,0.06231308,0.322464
SEH1L,-0.28190994,-0.34771442,-0.10350227,-0.10874653,-0.47639275,-0.7862139,0.5434227,-0.4235096,-0.31967068
RPS4Y2,-0.056890726,0.051225066,1.3838277,0.19964182,0.2702365,0.6758089,2.8433852,-0.6874255,-0.70220137
C10orf62,1.5520346,0.5397546,0.31686497,0.34108543,0.7652075,-0.06947708,2.2218373,-1.4987915,-1.4403458
ADH5,-0.18952274,-0.038080215,-0.002441406,0.11106777,-0.30303192,-0.4129629,0.072449684,0.12522316,-0.22614002
C10orf53,-0.30908608,-0.050409198,-0.8865622,0.723315,0.70229065,1.6384252,3.475329,-0.20826936,-0.1504426
RMDN2,-1.1050854,-1.6209884,0.11925125,-1.6680794,-2.0189023,-1.6146059,0.418396,-1.4053035,-0.99530315
RMDN1,-0.29018116,-0.16142178,0.6002264,0.18331242,-0.31122303,-0.4284029,0.9514303,-0.032626152,0.34031582
GP6,0.5783191,0.2461524,0.5143657,-1.0577276,-0.4955504,-1.4580543,0.78755,0.54710007,-0.07431507
GP5,-0.43178457,-0.19278508,-0.97406125,0.57864225,0.5557021,1.0541044,3.3487802,-0.36796004,-0.31925452
FOSL2,-0.22513199,-0.106832504,0.7662277,-0.22925186,1.1751518,0.33624268,1.74963,0.4112301,-0.26494217
ADI1,-0.89663506,-1.319221,-1.6434746,-1.4314294,-1.3098688,-1.4556551,-1.9122,-1.1520433,-1.361824
TOLLIP,-0.07704878,-0.12172079,-0.23584604,-1.7961812,-1.0921955,-1.06286,-2.0585947,-0.012956619,-1.059063
SNAI2,0.58948565,0.3120675,-0.10255909,1.2008624,0.8101897,-0.19009566,3.2797732,-0.49652147,-0.12152219
PPT2,0.16952324,0.12943697,-0.2178607,-0.28335905,0.06054926,0.017219067,1.5367122,-0.48316002,0.24478912
PNISR-AS1,0.3949442,-0.44911623,-0.36244106,0.23002195,-0.042007923,0.70389605,-1.587193,-0.38887358,0.48140526
PCDHB7,0.06607008,0.7929559,-0.24360466,-0.054370403,0.01770401,-0.23056555,1.1002564,1.0997787,0.64399433
GPI,-1.2156029,-1.3475962,-1.2487116,-1.7012463,-1.6427736,-0.586462,-1.003684,-1.0896816,-1.1445446
ARPC1A,0.3429947,0.50864124,0.5549288,0.24618149,0.71721077,0.2926731,-0.5255928,0.5842247,0.29169273
TIMP2,-1.3670712,-2.1805992,-0.98179436,-2.6868076,-2.3158817,-1.509079,-0.57317543,-1.8675222,-1.8635902
TIMP1,-1.3252621,-2.131033,-1.1173134,-1.9147243,-2.1662197,-0.12524796,-0.67879105,-2.120678,-0.80789566
PLEKHN1,1.1907277,1.0436916,1.1941595,0.8300166,2.0597444,2.3970013,0.90657234,1.2639441,1.3291187
TEAD2,-0.5475349,-0.27344394,-0.21082234,0.2753725,0.42360604,1.0186834,3.638803,-0.4704988,0.21002793
TEAD3,0.65771866,0.13282537,0.89062595,-0.3654828,-0.00387001,0.9631438,1.8761339,-0.4483161,-0.2896843
SHPRH,-0.81797075,-0.47437096,-0.6023483,-0.115656376,0.34676123,-0.6408601,0.093076706,-0.2547865,-0.46087027
BRD7P2,0.30240822,0.33886147,0.61832523,0.41978264,0.41932106,-0.5619068,-0.9470568,0.5185585,0.051721573
NUTF2,-0.42275238,-0.46986008,-0.597373,-0.33665848,-0.5556984,-0.14778519,-0.3386097,-0.640337,-0.17932701
FAM210B,1.1932201,1.1978207,0.5549936,0.9676857,0.87669563,1.5917721,0.33243752,1.284728,0.7791233
FAM210A,-1.1106071,-1.3393798,-0.99846506,-1.8481417,-1.5938168,-0.97919035,-2.430009,-1.3815999,-1.5378404
CDC123,0.039834023,0.22432709,0.12391758,-0.07793522,0.1445179,-0.15345478,-0.71836185,0.39023018,-0.005860329
GRN,-0.48579216,-1.2093353,-0.35172653,-1.1743088,-1.9852276,0.1388359,0.36492538,-1.2974052,-0.53868484
APOLD1,-0.8442147,0.16526699,0.03492546,-0.13012171,0.04825878,-0.54394007,-0.061438084,0.095541954,-0.18597317
SCAF8,0.06923962,0.24899483,0.7211561,0.7578554,0.59869576,0.15115833,0.54506207,0.3902254,0.68817425
GPNMB,-4.1519985,-5.349454,-3.4325075,-6.005682,-5.8054676,-4.0392723,-3.2284946,-4.673395,-4.434496
TP53TG3,0.75985956,0.73416996,0.73357296,-0.051626205,0.28353548,0.59648514,-0.040219784,-0.0667367,0.29930067
FBXL9P,0.06873107,0.29453015,-0.31604242,-0.37087846,-0.7160759,0.4432149,1.4503021,0.005469084,-0.5397961
SIAE,-1.2429849,-0.027962685,-1.1246285,-0.5881486,-0.9215555,-0.5442972,1.7851691,-1.6447659,-1.942335
RUNX1T1,-0.68731964,0.23418427,0.5027466,0.11423743,0.3686328,0.84037113,2.9599621,-0.5503404,-0.65507984
C10orf90,-0.30178136,-0.07582438,-0.8096311,0.6499343,0.65013444,1.1958233,3.5164728,-0.27293408,-0.2557627
GSN,0.3776493,-0.13643456,0.8528166,0.017120361,0.018872261,0.6128311,0.16878891,-0.06912613,0.76839256
YTHDF3,-0.923089,-0.40594482,-0.54375553,0.09623337,-0.5022249,-0.96089935,-0.39432144,-0.16585732,-0.9108949
MGMT,-0.69210243,-0.69528675,-1.7440281,-1.1014385,-1.1797428,-0.57658005,-0.95965767,-0.88669586,-0.8680935
CSNK1A1,-0.16156101,0.14795542,0.17089844,0.15307236,0.21751261,0.42041588,0.00111723,0.17962742,0.42475605
GSS,0.49759674,0.6582918,0.10345173,0.3628235,0.3579998,0.7117233,-0.23380661,0.4147253,0.3054924
SLC8B1,0.073532104,-0.19067383,0.41285896,-0.31285858,-0.4102831,0.08275795,-0.589056,-0.107481,-0.15231133
SLC8A3,0.04174328,-0.5138831,-0.76639223,-0.06468582,0.0812974,0.20755434,-0.18673658,-1.6190233,-0.11946583
SMOC2,0.61178184,0.6244862,-0.8700173,0.249812,0.46206856,2.3742285,3.1895885,-0.41789353,0.7592132
NUCB1,0.0660038,0.23042965,0.25418663,-0.33615685,0.07150173,-0.52607346,-1.5100374,0.041894913,-0.9483509
TMEM39A,0.710227,1.015441,0.89932346,1.5774813,0.93846416,1.0561762,-0.29562855,1.1154718,1.6332254
TMEM39B,-0.002321243,0.36726284,-0.47694397,0.21609688,0.35212708,0.10074997,-0.46460533,0.25898075,-0.017280579
RAB3B,-0.50213677,-0.24399698,-0.9827565,0.40023506,0.4974562,0.9955753,4.5707374,-0.43652093,4.6794305
ANKRD13C,0.12459278,0.1968832,0.2896204,0.33752537,0.17027283,0.38546467,0.71479034,0.52500916,0.50254536
RAB3C,-0.00034,1.4534502,-1.0254148,0.37803054,0.8103521,2.439039,3.2080362,0.16781032,-0.27063847
TEDC2-AS1,-1.6036284,-1.8086238,-2.365725,-0.9994687,-1.0502465,-0.6098244,3.152099,-1.9627714,-1.9232743
PROS1,-1.3790603,-1.4016261,-0.11961365,-2.1913652,-1.8377109,-1.2866168,0.06764412,-1.4229798,-1.6233711
RAB3D,-0.08181143,-0.19869566,-0.31785727,-0.43571758,-0.2262001,0.39692068,-0.48651457,0.14556408,-0.31092978
PRORP,-0.74518824,-0.91917133,-0.40803528,-0.86943483,-1.2166858,-0.732749,-2.0300713,-0.51217985,-0.4529729
CEP120,2.4838653,2.5218925,2.6199646,3.1698856,2.6165905,2.568344,1.199337,2.4872065,2.8360977
SYAP1,-0.08438492,0.22050476,0.5460768,0.18645668,0.25427437,0.08460045,1.0526695,0.02341938,0.23687553
IL5RA,-0.741697,-0.1015892,0.46522093,1.0344927,0.35434723,0.80571985,2.9802704,0.46493244,-0.58350086
FAM216B,-0.37017685,-0.14866698,-0.89518493,0.62164587,0.59657747,1.1175392,3.4357078,-0.33461177,-0.28569603
CDC14A,0.06775713,0.7444439,-0.14770555,1.6916947,0.9098625,0.04899931,0.1071434,0.62389517,0.8390274
HID1,0.8716402,0.70002604,0.61932755,-1.6413825,0.61759615,0.6845002,0.9513383,-0.06783104,0.5738187
RAB43,0.8480482,0.78323555,0.58792686,0.5559988,0.98844147,1.2197962,0.6831236,0.6404457,0.7942152
IGHG4,-0.11657834,0.001126289,-0.57580805,-0.32280636,-0.001126051,0.8860431,0.891726,-1.6073213,-1.5330967
IGHG1,0.17969704,0.23087788,-0.7636137,0.001443863,0.24029446,0.6328888,1.4494038,-0.34954357,0.75362587
SALL1,-0.38640815,0.015312791,-0.6509079,0.51576734,0.65306294,1.2164745,3.4282746,-0.24353528,-0.05870676
RAB42,-1.9480925,-3.1279454,-2.4488358,-3.3648925,-3.504839,-1.8662262,-3.8549376,-3.1664443,-2.088746
SALL2,-0.07994199,0.09532833,0.32266855,0.065885305,-0.044002295,1.1203752,1.5016465,-0.5518789,1.083427
SALL4,0.4837308,-0.073797226,-0.7817955,0.9376066,0.67386866,1.1801769,3.4518456,-0.25316554,4.416031
PHYHD1,-0.15533686,-0.3128276,-1.3302741,-0.67556524,-0.7451639,0.5089693,0.6283493,-1.0159931,-0.2789054
SLC39A5,0.5787368,0.24184704,-0.002411842,0.08183479,0.30066872,-0.009967327,0.38001204,-0.03317213,-0.104308605
PLXNC1,-0.72791624,-0.48271084,-1.0865116,-0.25025845,0.3198042,-0.17823887,-1.0706034,-0.36159182,-0.6377611
SNRNP35,-0.20246935,0.45230103,0.30515862,-0.32438707,0.35698128,0.6294155,1.0891004,0.3843665,0.302382
PLEKHJ1,1.0637074,1.0195131,0.49179077,0.55582047,0.76998997,1.4670448,1.0618286,0.81486607,0.97385406
SLC39A3,-1.0307674,-1.4471674,-1.7776389,-1.964037,-1.6497183,-0.86972904,-2.1401553,-2.050705,-2.1386232
TLE4,0.31075096,0.24612522,0.741189,0.86608124,0.5232887,0.6903534,-0.27414894,0.5401068,0.91389465
RAB2A,0.04456711,0.20902252,0.15506554,-0.27952766,0.017151833,0.20463562,0.41742706,0.44702435,-0.00460434
CSNK1G3,1.472332,1.8708038,1.4129467,2.2239437,1.87708,1.6455345,3.3008568,2.0492296,1.9775791
TLE3,-1.7892385,-2.0642753,-1.5387826,-1.0554795,-1.2384033,-1.6824417,-2.5621243,-1.8091636,-1.700511
SUPT16H,0.4597721,0.60783005,0.44377232,1.352108,1.3081083,-0.033554077,0.03962326,0.7777357,0.26169968
CEP135,-0.64695215,0.041584015,0.43439198,0.24325418,0.5930376,-0.2440114,-0.24920034,-0.37588596,-0.21325493
SPICE1,-0.8172517,-1.2392764,-0.2364316,-0.8663521,-1.4703946,-0.5770755,-0.8756609,-0.542552,-1.0718374
ILF2,-0.14410019,-0.11001587,-0.07505989,0.010406494,0.001256943,0.26605415,0.30237007,-0.21512127,0.39550972
TRGV5,0.5428591,0.37065697,0.6272998,-0.047265053,0.74582005,0.5589299,2.1925044,0.027589321,0.40586472
TLE6,0.7851491,-0.89621973,0.09121466,-0.815264,0.007647991,0.85105705,2.8454032,-0.92103434,0.47363186
TLE5,1.1786642,1.136756,0.44478798,0.4073801,0.20455742,0.097771645,-1.6082335,0.6840515,-0.3622446
ILF3,0.04501629,0.2916546,-0.5160303,-0.5336752,-0.33707142,0.093325615,-1.0593853,-0.11855793,-0.52011013
RAB30,3.6361756,4.0611653,3.2019038,4.4597464,4.2574015,3.5280619,2.4197621,4.1138053,4.6892295
PRELID1P3,-0.044244766,-0.49507427,-0.47953224,-0.9399624,-0.8410101,0.027088165,-0.26301956,-0.49343395,-0.6203785
RAB37,-2.308301,-2.7113318,-1.2424545,-3.4357471,-3.5695722,-2.5024197,-0.8270407,-3.5965583,-4.51787
SNRPE,-0.2539425,0.09561634,-1.0688515,-0.3687725,-0.16098118,-0.4590435,1.3250237,-0.19116306,-0.25345993
SNRPF,-0.7278547,-0.61399555,-0.55168915,-0.89828205,-0.93796635,-0.77592564,1.8892412,-0.8240557,0.32229328
CSNK1G2,0.23635101,0.49502277,-0.12884235,-0.21330833,0.25895023,0.84194374,0.5219059,0.11433983,0.29888344
CSNK1G1,0.64453745,0.52434015,1.3930063,1.2257175,1.0477037,0.9822192,-0.19314861,1.3759308,1.0491819
LINC02223,1.2718253,1.776422,0.36656523,0.63060784,0.62185526,1.0474124,1.55965,0.9309511,0.4923153
BRSK2,-0.9565002,1.6145642,0.17536855,0.37332463,0.87110925,1.0651219,2.8115532,1.2592971,-0.9203621
FAM114A1,-0.25184202,-0.10927057,0.39917183,0.18432522,0.1368227,-0.742826,-0.8298764,-0.000558,0.15473509
TBX5-AS1,-0.53330314,-0.24617827,-1.0288401,0.606251,0.5083494,0.964136,3.2609034,-0.4332598,-0.43642676
DDRGK1,0.56259346,0.29262257,0.24802494,-0.2463398,-0.005517006,0.42092133,0.05178833,0.18124199,0.09871483
TTC21B,-0.31841183,-0.04575205,-0.5143676,-0.17345381,-0.101097584,-0.74780226,-1.1318417,0.09009123,-0.41891527
PLXNA1,-0.58339024,-0.41300392,-0.090019226,-0.8361082,-1.4169579,-0.35353756,-1.1102667,-0.09366512,-0.18526173
SRGAP3,-0.50344145,-1.1627972,-1.3260686,-0.4901383,-0.42044306,-0.000345,2.1699667,-1.3770324,-1.3793385
SRGAP2,1.1907463,1.0915556,1.5896387,1.1606216,1.2837543,1.4107494,0.9803486,1.1605854,1.2853928
RAB6B,-0.67592144,-0.39693195,-0.3726282,0.49647975,0.34801412,2.547447,3.1104379,-0.57790315,-0.4720006
AP1M2,2.359982,1.4153361,3.3609266,0.5710664,0.9390397,0.3428769,1.2270641,1.2991543,0.07071447
NIFK-AS1,0.5849843,0.13150859,0.017623425,-0.9782064,0.1527462,-1.3391902,2.3504038,-0.5271561,-0.14045525
PLXNA4,-0.32525092,-0.10845673,-0.89107704,0.7164823,0.6260922,1.1337581,3.4666126,-0.31697953,-0.2916814
PLXNA3,0.9236965,0.7892022,0.29082823,0.1521678,0.5407038,0.12491417,1.2013044,0.50358295,-0.275321
SEC16B,0.69015884,0.3288803,-0.53383255,-0.117349625,-0.19177246,0.26225853,0.8000908,-0.4951439,-0.34045935
RAB4A,-0.8149929,-0.9476843,-0.7255907,-0.75829124,-0.66943455,-1.2334633,-0.52404404,-0.7349081,-0.74178314
CEP112,1.4228199,1.7047646,0.2793877,2.375313,1.2542174,1.4027817,1.284807,1.3395917,1.8086421
FAM217A,-0.32308948,-0.01288116,-0.8173764,0.76597214,0.74659824,1.1965241,3.4888473,-0.19113469,-0.21310782
MIR4453HG,-0.71022713,0.2961967,0.8134897,-0.20896935,-0.20545149,0.23622489,4.161644,0.3136897,-0.017903447
FAM217B,0.3517685,0.50063133,0.9333525,0.5196686,0.5530062,0.9281349,0.6017227,0.6488104,0.7572155
SLC7A6OS,-0.082603455,-0.035452843,-0.61864567,-0.07254219,0.11792278,0.13042831,-0.20510101,0.1205616,0.10588646
P4HA1,-0.9665766,-1.0226407,-0.83169174,-0.77997255,-1.5160232,-1.4337564,0.06279755,-0.8629303,-1.0295649
P4HA3,-0.012757778,0.054388285,-1.3946034,-0.629241,-0.5407393,0.02614212,2.3212373,-1.4746512,-0.68856275
SLC26A7,0.9508914,-0.23370636,-1.0736731,0.5088997,0.51836705,0.96394646,3.2837038,-0.39552915,-0.3046025
PLXNB1,0.83027554,0.97939014,0.89631367,-0.31569004,0.029161453,0.3956809,0.92782164,0.5243807,-0.9018004
SLC26A4,-0.2716539,-1.0870271,-0.0763669,-0.26690352,-0.3501686,0.12997127,2.4799623,-0.001022577,-1.2746983
SLC26A6,-0.14790535,-0.042538643,-0.25106812,-0.96847916,-0.4862156,0.02391243,-0.63779354,-0.054825783,-0.8187237
DUSP5P1,5.753668,4.7231293,4.8520575,5.7850018,6.781994,5.150591,5.556471,5.077017,5.512413
WDR1,-0.31308508,0.5163374,-0.23886251,0.8915162,0.70675945,0.3325281,-0.9395194,0.34900331,0.39730453
ADPGK,0.50603104,0.371356,0.72662544,0.17950821,0.09245968,0.6142235,-0.5675583,0.5476885,0.5085964
WDR3,-0.92912006,-1.6568804,-0.71280193,-1.2717547,-1.0538588,-1.0781112,-1.0614977,-1.0490246,-0.8938031
WDR4,-0.24566936,-0.75319386,-1.5488234,-0.783556,-0.8280678,-0.34893322,-0.5497236,-0.81501675,-0.094841
FCAR,-0.0656085,-0.99091434,1.7901697,-1.4781418,-0.007089138,1.1800885,1.7697725,-0.15898514,0.09899187
AP1G1,0.44503212,0.8912296,0.83444786,0.47616386,0.53816986,0.30949402,0.010276794,0.9178238,0.14814377
WDR5,-0.34032583,-0.17459297,-0.14955807,-0.1957984,-0.1777525,-0.25377655,-0.52417946,0.087062836,-0.38486576
TLK1,1.0120754,1.0599699,0.79751253,0.7328477,1.5661187,0.585515,0.89925766,1.1333995,0.52491665
EIF2B1,-0.42904282,-0.41064072,-0.19881248,-0.094451904,-0.40629673,-0.16712952,-0.41490364,-0.2528925,-0.25802994
RFC3,-1.2853699,-0.517447,-0.32856274,0.46098852,-0.5154047,-1.636117,-0.26689434,-0.08482981,-0.8014016
ENSG00000257550,-0.37757236,1.4363154,-0.978322,0.7231542,0.6402298,1.0914074,3.405599,-0.26739752,-0.2477982
RFC1,-0.09370041,-0.00055,0.35289478,0.3118744,0.04381466,0.31578445,-0.25299072,0.25038624,0.1686058
RFC2,-0.28157043,-0.050992012,-0.22106266,0.12639236,-0.36309242,-0.7591686,-1.1085052,-0.23873997,-0.5646095
CHPF2,-0.13766766,-0.24349976,-0.31079674,-0.34954357,-0.14944935,0.19409657,0.43925953,-0.4434719,-0.050042152
CEMIP2,-1.4063635,-1.5806241,-1.6978135,-1.6420102,-0.8878174,-1.9985175,-3.4507933,-1.4904943,-2.5299149
SKIC8,-0.5938616,-0.6924248,-0.6032953,-0.46181774,-0.99070644,-1.303338,-1.5109205,-0.71268463,-0.6212206
SKIC2,0.45797348,0.71012497,0.2931509,-0.03992462,0.36039925,-0.048330307,-1.0734949,0.29944324,-0.25306702
CATSPERD,0.13423681,-0.3487298,-1.1138545,0.6469232,0.39128566,0.9007826,3.226908,0.8462446,-0.5200704
MTFR1,-1.722064,-1.0540037,-0.27644396,-0.834321,-1.1097016,-0.97834015,-1.6808023,-0.75649023,-0.960186
AQP7P1,-0.19499063,-0.4582684,-0.53133774,0.14896011,-0.004155994,0.44242048,2.6848278,2.7989154,-0.9514508
CATSPER2,0.5749669,0.8424506,0.06283808,1.3872075,1.2113042,0.70198584,-0.83332014,0.7642312,0.57589245
FRG1-DT,1.6881456,2.175139,1.9800377,0.90744424,-0.015289068,1.969388,2.1928644,1.1539457,1.6037092
HERC2P2,-0.09340143,-0.3615265,-0.5019183,-0.044617653,0.003173351,-1.038157,-2.4266143,0.2709303,-0.6078615
P2RY4,0.6171069,0.28680825,0.4417796,-1.3952165,-1.3685691,0.7774081,1.3053555,-1.0740438,-0.046766758
RAB25,0.3375708,-0.02366352,0.32760143,0.43115354,0.53871655,1.0890436,3.2023625,0.017710686,-0.40798366
PRKAR1B-AS2,1.176132,-0.1827836,0.65978956,-0.5758828,-0.72430897,-0.27493358,2.0250134,0.0406034,-0.7844616
RAB23,1.540667,3.0366535,1.5729165,3.4173236,3.0244746,1.4305005,-0.1680665,2.8534207,2.1385727
P2RY1,-3.5875595,-3.328256,-3.5672598,-2.5526037,-2.5681121,-2.1227362,0.19946718,-2.2365675,-3.5178804
RAB29,2.3674374,2.923643,2.8880472,3.633932,3.013112,2.0405693,1.6410866,3.110485,2.626976
RAB28,-0.058947086,-0.3554783,1.0788069,0.24427986,0.1909256,-0.10411167,0.15996695,0.21541786,0.17720842
ANGPT4,0.39903545,0.13975525,-1.2221003,-1.5369778,-0.7346952,-0.98591995,1.9607282,-1.1149826,-0.6606827
PPIL1,0.07082558,-0.20462132,-0.091454506,0.004858017,-0.82405186,0.0858593,0.096713066,-0.13403416,0.4197235
ANGPT1,-0.3628481,-0.029817224,-0.8731451,0.7168182,0.7206613,1.1750379,3.408839,-0.22517693,-0.22259355
KRR1,1.0247593,0.960444,0.90059566,1.1054144,1.0357294,0.8427439,0.35506248,1.2770109,1.6318283
FBXL19,0.62851524,0.698287,-0.51406765,-0.54039,0.13015938,0.9582634,0.77732086,-0.2276125,0.07810211
CEP152,-0.38676596,-0.5243683,0.27736568,0.43138123,0.30104685,-1.7572403,-1.1716866,-0.898787,-0.34610367
SNX29P2,-1.5581379,-1.9848871,-1.414218,-1.919363,-0.8446932,-1.8979645,-1.6060009,-1.9638996,-1.7223625
FBXL17,0.085668564,0.133955,-0.27199936,-0.15702248,-0.21812916,0.11901283,0.37540627,-0.6123104,1.2820854
FBXL12,0.15664053,0.07699871,0.59514236,0.16128922,0.45492887,0.47008896,0.6702366,0.42508125,0.6997223
P2RX7,1.4152203,1.4811726,1.7821264,0.6296787,1.5039558,1.6929417,1.853199,1.696989,1.2564716
P2RX6,0.53571224,0.09219837,-0.100082874,-0.15932512,2.274785,1.6965613,1.4986758,0.10323572,0.48700047
P2RX5,0.58383703,-0.022540808,0.44222212,-0.71447825,-0.59293103,-1.0017366,0.76818085,-0.08396721,-0.9779763
TAFA5,-0.42659122,-0.15620553,-0.8923863,0.4683516,0.58177614,1.0738115,3.3482943,-0.35562086,3.9799752
TAFA2,0.7748108,0.5510516,0.8216467,0.79560614,0.8750801,0.33789396,2.871636,0.29102373,0.7949734
VAPA,-0.1458168,0.1803751,-0.026079178,0.4158764,0.026079178,0.40379715,-0.09071064,0.3233137,0.36415482
KIAA0586,-0.75519276,-0.6210594,-0.43371868,-0.46765423,-0.8157778,-0.3639059,-0.947217,-0.7138853,-0.25973034
P2RX1,-1.4969869,-1.4359179,-1.229691,-1.7511373,-1.6862073,-0.9378481,-1.5365877,-1.5759664,-2.0643835
RAB12,1.3579159,1.5929699,0.933548,2.0295753,2.0344467,1.3333378,2.0760698,1.5645008,1.6314278
TLL2,-0.81973296,0.46864212,-1.1328853,0.13249195,0.13234222,0.67185783,2.9578533,0.37276244,0.93580246
TLL1,-0.48772287,-0.22693962,-1.0582756,0.6224767,0.52238,0.99236774,3.275667,-0.39356756,-0.38207293
PPIL6,-0.40046203,0.7039182,0.78617597,0.69213986,-0.38438582,0.09134507,2.4374065,0.6198218,0.6052625
PANK2,-0.4198246,-0.3220868,0.24312592,-0.11025572,0.8974514,-0.9524126,1.0814581,0.01675129,0.104929924
PANK3,-0.7492647,-0.9155259,-0.5183439,0.12119484,0.3629799,-1.3928432,-1.8809614,-1.4077926,0.16065025
TRAF3IP2,0.9567187,0.4219153,1.783839,-0.059758544,0.89506984,0.4104228,2.6769025,1.3614218,-0.53258514
PPP2R2A,0.7097969,0.6993332,1.1344299,0.37498856,0.75850487,0.9455013,0.17447281,0.93584824,0.43175888
PPP2R1B,0.30272532,0.5659394,0.15240383,0.83339214,0.37666798,0.12494564,-0.43885422,0.47402,0.45746136
RPL36AL,-0.31668663,-0.1674099,-0.43871975,0.24519348,0.02230072,-0.19787216,2.3193684,-0.39238548,0.36171532
KDM7A-DT,-0.69943047,-0.654264,0.63342524,-1.6627834,-1.6665285,-0.31532478,0.29598475,-0.23442268,-1.017437
KAT7,0.004087925,0.63270855,-0.004087925,0.6193433,0.057306767,-0.24430323,-2.2437758,0.8329034,0.070581436
SEPHS1,-0.86434746,-0.43187904,-1.7217221,-1.0165277,-1.1334434,-0.8246951,-1.9251299,-0.6736193,-0.8474059
ICOSLG,0.93456984,0.96925735,0.32027054,1.2387471,0.28178692,0.9833083,0.15263319,1.2943087,0.7188935
TKTL2,-1.1346269,-0.8361491,0.6453638,0.0801034,-0.08851147,0.36049008,2.6527529,-1.0092593,-1.0317426
IL15RA,4.9942217,5.5253553,5.0705967,5.142455,5.3723125,5.0999403,3.5825615,5.716118,4.4960203
KRT8,0.46417046,0.235322,-0.13721943,-0.050497055,0.388978,1.0122566,1.6930761,0.0914278,0.82354736
FLT3LG,1.8741026,2.1204605,1.9985771,1.3682175,2.0296316,1.7711782,1.5548906,1.9776688,1.3549414
DLEC1,-1.8741891,-1.8966312,-0.8005271,-1.4789488,-1.9238513,-2.944352,-0.6758294,-2.6727216,-1.9789238
MAPK8IP3,0.2931304,0.3771329,-0.22248459,-0.49497652,-0.13309288,0.33160925,-0.827333,0.3094368,1.3028407
SIK3,-0.11651564,-0.173635,0.18532252,0.30532312,0.53140116,-0.43697405,1.8752873,0.6012316,-0.3932705
SIK1,0.31305695,-0.014496803,-0.6464882,-0.20850945,0.09757519,0.79711723,0.78676987,-0.3105421,0.60655403
PGAM1P5,0.684227,1.0177441,0.37588882,0.4049816,0.94913673,0.5968399,-0.25268364,0.6521816,0.6123371
TWIST1,-0.59304357,1.5668111,-0.28152168,0.35537064,0.41271567,0.8455868,3.1366165,2.3819335,0.9661093
ATP6V0A4,-0.40949416,0.28698063,-0.44436097,1.6730134,-0.033722162,0.41840148,2.6630144,-0.9709183,-0.95936334
TP53BP1,1.0308247,1.7314968,0.6315727,2.254156,1.0024776,1.7208462,-0.7074175,1.4304094,1.6361828
TMEM167AP2,-0.26431847,-0.3609066,-0.110687256,-0.07653999,-0.31640434,-0.5093937,1.1381836,-0.012012482,0.023496628
CCR10,1.9842796,1.5194235,2.8018198,1.6588211,1.1318779,2.6887913,3.8414154,1.5647945,2.1207924
SPTBN2,0.4528761,-0.23972225,-0.21776009,-1.3370998,-0.50460243,-0.37220955,0.35865164,-1.0084453,-0.5784173
ATP6V0A1,-1.4762764,-2.5667915,-0.50878716,-2.8148346,-2.5424051,-1.4224663,-1.4585676,-2.4283028,-2.1244717
VAT1,-0.7696228,-0.72077656,-1.1002893,-1.056982,-1.3415356,-0.18018913,-1.3682642,-0.6624603,-0.8144226
FUT8-AS1,-3.0922577,-2.4998727,-1.4044349,-1.8001342,-2.1496134,-1.5600145,0.7547269,-2.5656164,-2.9894533
SETDB1,-0.36014843,0.12059212,-0.3314724,0.21731567,-0.08655453,0.44137955,-0.5942726,0.08528805,0.48975945
TINCR,1.0165348,1.0151825,1.2471876,2.1683083,2.053864,1.9230113,1.7639251,0.8721051,1.474783
CCSER2,1.0869589,1.6433039,1.088007,1.9824972,1.387496,1.4702959,0.529212,1.5965719,1.2827387
SIM2,-0.4086666,-0.09380627,-1.2239369,0.37806177,0.6169543,1.0484855,3.2318766,-0.33009183,-0.43048525
TOP2A,-4.696102,-3.7500434,-3.1750836,-2.445413,-3.7747543,-3.2395687,-1.2531061,-4.4149494,-3.6523695
FTH1P14,0.19581437,0.5908885,0.38023806,-1.5616616,-0.32378387,-1.0980141,1.1045003,-0.95145535,-0.27284813
LIMD1,-0.25123787,-0.333045,-0.04464197,-0.06779146,-0.1403017,-0.32162857,-0.34152794,0.29872704,-0.57414675
LIMD2,-1.011157,-1.200263,-1.0015492,-1.8311243,-1.5665889,-0.42538452,-1.2735448,-1.4449649,-1.5453691
DNER,-0.56654036,-0.28937274,-1.1268237,0.60480285,0.45784092,0.9186189,3.2034464,-0.4606663,-0.46829367
TINAG,-0.12568784,-0.78887475,0.9279882,-0.1514219,-0.026179433,0.39137042,2.6604452,-0.99241924,-0.541448
CBFA2T2,-0.11372423,0.6273155,-0.12037134,0.70707035,0.2421732,-0.1261239,0.9684391,-0.4856987,0.62359047
RENBP,-0.9642744,-1.576097,-1.5243397,-2.49023,-2.1235728,-0.9993396,-2.3332224,-1.4735255,-1.8227625
VAV1,-0.83995914,-1.8747854,-0.53286934,-2.0952845,-2.268834,-0.7098055,-0.67334366,-1.5865917,-1.5151987
KRTAP9-9,-0.37882632,-0.15643859,-1.0536518,0.64016795,0.6215913,1.0478909,3.400076,-0.3427533,-0.3474539
VAV2,2.192626,2.2786322,1.1221437,2.1383657,2.4971886,2.5355673,1.0383348,2.3534355,2.4205542
TLR1,-0.70439434,-1.6926899,0.13871288,-1.6696024,-1.3894625,-0.17166615,0.4457407,-0.97642994,-1.1557093
ALDH5A1,0.2946949,-1.3583064,-1.7574861,-2.2958593,-0.53689265,-2.0596416,0.2511034,-3.0222127,0.078611374
CDCP2,0.74402833,0.35979438,0.28562045,-0.23038125,-0.39292073,0.06567049,2.3511386,-1.3202919,-0.28358912
TLR8,0.17124176,0.21343136,0.19618225,-0.6175537,-0.06685543,-0.20129776,0.18947792,0.6328459,-0.46395493
TLR7,-2.7170048,-2.3583388,-2.0597315,-1.5580716,-1.4010339,-2.2572274,-2.3450823,-2.5227456,-3.021215
CD302,-3.9709678,-4.149288,-3.7012053,-2.7836585,-4.529431,-2.903635,-2.6669517,-3.7491798,-2.6381726
TLR6,-1.0138559,-1.6743536,-0.23748398,-1.5953774,-1.3427353,-1.1143789,-0.721612,-1.2757196,-1.3691945
TLR5,0.32685995,0.4657092,-0.26363802,0.015805721,0.13710403,0.91216516,1.9010329,-0.47485733,0.006229401
TLR4,-1.729352,-3.3596287,-1.1131897,-3.6321425,-2.7935958,-1.8893652,-0.64242935,-2.904437,-2.6202574
TLR3,0.6984153,-0.29529238,1.5792432,0.056331635,0.12926722,0.6642575,1.2597022,0.6087575,0.33373976
TLR2,-0.36423206,-1.7469645,0.67660713,-1.4904642,-1.08955,0.1100893,0.41515255,-0.7361326,-1.1159277
RAB7A,-0.24102783,-0.31156158,0.012365341,-0.4512291,0.013763428,-0.25144768,0.21113491,0.007844925,-0.66184616
ZNF3,-0.1783843,0.34493732,0.4418497,0.21436691,-0.18424797,-0.29168606,-1.3566265,0.5536699,-0.32613754
NKD1,-0.39926094,-0.11777127,-0.70621455,0.48470914,0.5744467,1.1399792,3.4364161,-0.36214542,-0.15556967
NKD2,0.15707684,0.5131798,0.19658184,-0.5647192,-0.28494358,0.5788603,0.38642788,-0.6441145,1.4475298
UBTD1,-0.34352684,-0.9557214,-0.4216404,-1.6502366,-1.6355886,-0.00989151,-0.73441315,-0.75917816,-1.3166938
APBB2,4.121062,4.1406035,4.0525146,4.2201114,3.7540812,4.5259914,2.937862,4.3383327,3.6794372
SPTSSA,-0.48706818,-0.5488863,-0.14715767,-0.4881897,-0.46106434,-0.39572525,0.52399063,-0.39424992,-0.05463028
APBB1,0.7694392,1.4504056,0.47036648,2.771885,1.6119308,1.567523,2.1055565,0.44848776,3.3704453
KANSL1L,0.06668663,0.8326454,0.779778,0.75267124,0.7378974,1.2881341,-0.5625558,0.8909936,0.74207306
GABRD,0.7464416,0.62548256,-1.8883632,-0.56214213,0.1817851,0.0688777,2.3469753,-1.4086523,-0.9791988
GABRQ,1.0209188,-0.04505849,0.24642658,-0.6058459,-0.55883276,0.33502364,3.0425062,0.16915679,-0.71645415
ENO1-AS1,-0.5883994,-0.62615347,-0.31970072,-0.55945873,0.29080582,-0.1319766,1.0827541,-0.5571108,-0.10447073
CAPZA1,-0.2435894,-0.07573891,-0.22381115,0.52933884,0.77089405,-0.15077782,0.29466152,0.1609106,-0.3020134
CAPZA2,-0.42954636,-0.3254032,0.056307793,-0.49638748,-0.08472347,-0.49751282,0.26651573,-0.19931602,-0.5783806
FCN1,-6.5038786,-7.294107,-5.0081816,-7.8020205,-7.3972173,-4.712694,-4.0529613,-6.778664,-6.2488995
FCN2,-0.7124649,-0.050468087,-0.7700876,0.6191331,0.3055762,0.94849026,3.3110437,0.007957339,-0.5766274
FCMR,-1.1452222,-1.4308109,-1.0550313,-1.851017,-1.0027614,-0.24636221,0.8106017,-2.04285,-1.6323628
HFE,1.808095,1.2721028,1.0930333,-0.4608817,0.011230946,0.6269767,2.2277656,-0.5095985,-0.011230707
H2AB3,0.77414274,0.30862427,1.136342,-0.03929329,0.008733749,0.97875834,0.63795424,-0.2808566,-0.07877445
RASEF,-0.40032643,-0.13611674,-0.1323849,1.5333318,1.273161,1.0715127,3.3790061,1.8715516,-0.28401405
RPS27AP17,-0.27083492,-0.7574425,-1.0658865,0.09262562,-0.51859474,0.05023861,1.9040823,-0.23129559,0.57098484
HAPSTR1,0.06687832,0.828331,0.23953056,0.6054125,0.55110073,0.42449665,0.14055538,0.7594452,0.41769123
HOXA13,-0.2165634,0.003903627,-0.95144224,0.75627077,0.74970686,1.2016177,3.540417,-0.20132196,-0.20077097
TATDN2,-0.04555416,0.4100523,0.22560215,0.4765482,-0.07374573,0.73868275,-0.050720215,0.65337086,0.304492
SIT1,-0.8265281,-1.6002183,-1.0553083,-3.3020864,-2.0887084,-0.6663933,-0.41154957,-2.6182466,-1.3064754
COTL1,-3.199133,-3.495216,-3.4040813,-2.9826174,-3.7779317,-3.7459617,-3.1727266,-3.0740185,-3.2932572
TRAPPC12,-0.43586397,0.25599384,0.28673983,0.028158188,-0.09140921,1.0399718,-0.088101864,0.24040222,0.4578209
MIGA2,0.35548115,0.26893425,-0.30554438,-0.19251919,0.16380978,0.64542913,-0.86542463,0.9849782,-0.6470852
SPDYE12,0.27470112,0.6727495,-0.0735116,-0.019586563,0.7691889,0.28750372,0.6178012,-0.48485303,0.61260176
H2AC4,0.6158142,0.09179878,0.21246529,0.16755295,0.39940453,0.614048,3.1225643,-0.20690441,0.7397156
HGF,-0.29765368,-0.40599775,0.70201206,0.47892904,-0.609818,-1.1477585,0.02920723,0.040945053,0.56711197
NANOS3,2.7101164,3.127265,2.7539177,3.1917238,2.4022121,4.1699142,5.86582,3.1512842,3.062532
SPDYE14,-0.2953229,-0.059449673,0.28633213,-0.330657,0.22716236,0.049263954,-0.8009739,0.02690792,-0.12086582
ALG14,-0.401886,-0.45915794,-0.6169987,-0.17983532,-0.7129593,-0.22886372,-0.42054176,-0.56320477,0.01173687
NOSIP,0.7047577,0.54937744,0.49829865,-0.03684807,0.5940933,0.5084553,0.53009605,0.57743263,-0.2476368
ANXA11,0.37164116,0.13394928,0.285038,-0.043468475,0.30134296,0.17035103,0.027441025,0.19929504,0.25990868
SHISA2,0.32098508,-0.23634875,0.040587544,0.4236251,0.52201736,0.9237467,3.1675282,-0.44869292,0.17896712
SHISA7,0.42591715,0.8443184,0.14677477,0.43241596,0.49465752,1.3105283,2.269476,-0.23125267,0.34542227
MYCL,0.17392159,0.35314226,0.25987244,-0.59003854,0.5432644,0.5605631,1.075419,-0.5104966,0.25989485
PACRGL,-0.43774414,-0.5716305,0.2797284,-0.21386385,-0.25511694,-0.7377186,-0.22307396,-0.32462215,-0.9841728
RPS17P2,-0.6862898,-0.5131836,-1.3171387,-0.43713665,-0.7020979,-1.0527201,1.255269,-0.6729555,-0.37560177
PRPF3,1.2692547,1.4549093,1.1783304,1.5068989,1.4634857,1.3564873,1.0343761,1.6808586,0.8629322
ENSG00000290964,-0.54738426,-0.40167475,-1.3920145,-0.93490934,-0.7271099,0.021992683,0.09516811,-0.8404951,-0.2374115
FBLN1,0.8981433,0.17224097,1.0194416,-0.7454262,-0.7914976,1.2722263,3.4802065,-1.1880331,-0.3449049
GS1-24F4.2,-0.3584901,-0.094457746,-0.9566697,0.76297104,0.6598302,1.1126608,3.421401,-0.24874866,-0.24060506
EFNA5,-0.3842628,-0.03507805,-0.9080813,0.5376549,0.6752162,1.1832273,3.35097,-0.28610277,-0.33858597
PRPF8,-0.4748211,0.059851646,-1.5829849,-0.53757286,-0.59661484,-0.3975792,-2.4565506,-0.036359787,-0.8432026
EFNA4,-0.46491003,-0.5945983,-0.69903374,-0.31669044,-0.5932088,-0.38306284,-1.7775335,-0.44456053,-0.2841587
FBLN5,-0.20929718,-0.07195568,-1.0172262,-1.727541,-1.2557051,-0.037753582,-0.068731785,-2.3870418,-1.0908775
SCUBE2,0.25434256,-0.045024395,-0.21115112,-0.8280394,0.16254473,0.5129523,0.9556551,-0.19967604,0.23911262
SCUBE1,0.6899586,1.1105781,0.5141649,-0.23398328,-0.6429696,-0.3467059,1.8549728,-0.47800994,-0.006510735
RPRD1B,-0.8528414,-0.3411498,-0.24147844,-0.23598623,0.79259586,-1.9464729,-0.17369604,-0.34450865,-1.3225136
ATP5MG,-0.08487129,-0.26215172,-1.0145044,-0.28013992,-0.24034786,-0.21809578,1.9776115,-0.6223602,0.07734108
ATP5ME,-0.7234955,-0.95079136,-1.6810827,-1.2969189,-0.9865589,-0.9438133,2.526598,-0.9336662,-0.44554138
POU2F1,-0.5347059,0.12766719,0.36053038,1.51576,0.08146906,-0.6600764,1.6168199,0.3721769,-0.13363433
HAND2-AS1,-0.46377373,-0.14647305,-1.0217689,2.9396532,0.6070044,1.0311091,3.9401038,-0.34857893,-0.32733285
LRRC52-AS1,-0.18026131,0.07020044,-0.51454496,0.7171663,0.8167522,1.2423337,3.516459,-0.14651918,-0.17917657
NKG7,0.19040298,-0.07877684,0.37325764,-0.31105423,-0.41248274,2.3510542,1.6932611,0.1940918,0.7081251
POU2F2,-3.1447806,-3.5785112,-2.1537838,-3.2990627,-3.4996853,-2.0823703,-4.1811647,-3.2859674,-2.7119212
EIF2S2,0.015253067,0.44213867,-0.66393614,0.4690385,0.60436344,0.13278961,-1.4407053,0.39750767,-0.018597126
CRLS1,-0.44651604,-0.35162354,-0.573823,-0.88152313,-0.42674446,-0.9917221,-0.069309235,-0.46967316,-0.5252838
EIF2S3,-0.6881628,-0.76808834,-1.3982525,-0.31696033,-0.15580368,-0.7984762,-0.6867895,-0.70207787,-0.26744938
TLX2,0.77184796,0.5034044,0.70775914,0.23566699,0.46187663,0.8832104,2.2986166,0.13912272,0.23141551
PRPH2,1.9778895,2.1639903,1.8364623,2.038179,1.3459337,3.5228083,2.8441246,1.6941421,2.9201329
TLX1,-0.46120054,0.28299344,-0.124578476,0.40385008,0.45455873,0.9861953,3.2232077,-0.13118231,-0.28981924
PI4KB,0.16504478,0.36055183,0.017638206,0.24393082,0.24179745,0.2633953,-1.2191877,0.25055695,0.056510925
DYNLRB1,0.38454342,0.6051502,0.23791218,0.2711687,0.6105213,0.34805965,1.2320061,0.55916023,0.33620358
TMEM35A,0.7238951,0.13543892,0.9201126,-0.9937403,-0.091305256,0.09090185,1.7243218,-0.32700062,0.07539511
IGHV1OR15-1,-1.0718377,0.15960646,-1.5376639,-1.4031676,-1.2294812,-0.021064997,2.0721045,-0.2404151,-1.0699892
SIX1,5.335084,6.78907,5.4806995,6.6159315,6.7541246,6.3255987,5.152095,6.8912344,5.931403
FBLL1,1.157968,2.0729322,-0.39635563,1.5747399,-0.47011328,1.5627823,0.39370823,1.1761255,0.92682695
HAPLN3,7.144064,7.587247,6.4338455,7.5603905,7.7534657,6.4351807,3.7830553,7.4633102,6.2804623
HK2,0.98823166,0.03603649,0.92979145,-0.41165924,-0.21464443,3.210947,1.3753662,0.46190357,0.8533726
HAPLN1,-0.45922202,0.031670332,-0.21924555,0.6186613,0.551224,1.0150211,3.31696,-0.3590752,-0.3316816
HK3,-0.63964844,-2.141653,-1.15693,-3.0050926,-2.6702213,-2.6108818,-3.5107117,-2.1426601,-2.9277282
SIX4,-0.24588549,1.8841559,-0.8729136,2.2476368,1.3077575,1.0675844,3.3363261,1.5049711,1.9018983
MCF2L,0.32771063,0.6605277,0.32748294,0.29523838,0.22932386,1.3963542,3.0200524,1.0890567,0.23078203
SIX3,1.6066966,0.009549618,1.2627692,-2.1524277,0.055519104,-0.9333966,2.204195,-0.84728,-1.0286367
CPLANE1-AS1,-0.13209438,0.047706604,-0.54918194,0.11960173,-0.17156506,0.502162,2.0329447,-0.014510632,0.5218334
RHBDF1,1.0643697,0.34326315,1.4640775,0.017992973,0.16686344,-0.3631091,0.10649204,-0.017992973,-0.2197504
AKTIP,0.44582605,1.0232849,0.83756065,1.115139,0.6534853,-0.02955246,-1.0742626,1.1374273,0.37515688
MYEOV,0.44192505,0.26804447,0.70865154,0.050736427,-0.44874144,1.5889716,0.87491894,-0.4620509,0.63168144
PPP2R5D,0.44768715,0.5350094,-0.032172203,0.19939804,0.35920525,1.0446396,-0.46348286,0.63310814,0.43400764
AXIN2,1.2011275,0.31181097,0.19244719,2.6711879,1.6950684,0.7798877,1.0607991,-0.20001364,0.97248936
TMPRSS11E,-0.34648293,-0.075959206,-0.95194364,0.7785976,0.6816634,1.1209908,3.4246714,-0.23143029,-0.22300053
MYH1,-0.30620682,-0.10063732,-0.78991616,0.59681344,0.6419511,1.1926769,3.4777231,-0.28815162,-0.20410514
RASA3,-1.7920284,-1.7570267,-1.2542219,-2.4950466,-1.7823143,-1.0331364,-0.81113243,-1.940238,-1.7826138
RASA4,-1.4055319,-2.1556926,-2.1682692,-1.7289286,-2.9432058,-1.512754,-2.9974718,-1.7969394,-2.0773768
TRAPPC6B,-0.026323318,0.47865462,1.3697629,-1.2607448,-0.34444928,-0.87952733,1.4684854,1.0203586,-0.7798233
RASA1,-0.51891136,-0.36732006,0.03211975,-0.043388367,-0.6274357,-0.8665409,-0.6305876,-0.13314629,-0.83353615
RASA2,-0.16566753,0.013430595,0.51593304,0.5343218,0.2887907,-0.45836544,0.14328289,0.22376633,0.15820408
MYH9,0.5329542,1.4316702,0.43027306,0.87063503,0.7972536,1.3257875,-0.5143814,1.3076429,0.99683857
SOWAHA,-0.6407453,-0.40831864,-1.1749021,0.37128484,0.33835256,0.8462311,3.1656823,-0.59010834,-0.21700037
MYH6,0.51209176,1.9842261,-0.27935278,2.5851936,1.7064279,2.2473087,3.095345,0.48585272,2.4504704
MYH7,6.1035147,7.2470675,5.1747403,7.055373,6.663799,7.79642,4.6502686,7.128809,7.6463156
COLEC12,-3.7097783,-3.434762,-3.8339958,-3.1735792,-2.74397,-3.6392655,-4.087228,-3.3194156,-1.8026843
STOML2,0.24193192,0.087408066,-0.08520031,-0.02299881,-0.19650745,-0.6999054,-0.77954674,-0.063176155,-0.33181953
STOML1,1.3243761,1.5120497,1.460576,0.91633797,1.2212396,0.14221573,-1.0367188,1.3910141,-0.23068237
ABRAXAS1,-0.19962549,0.10462332,-0.35546923,0.65809774,0.127038,0.5110712,0.038544178,0.41854525,0.66212225
LEF1,-1.56389,-0.013093472,-0.81056595,-1.1702583,0.55570555,0.17543793,-0.15934134,-0.13712263,-0.04683256
RASD2,0.46451616,0.45273447,-0.9114747,-1.1241171,-0.005489826,0.76379776,1.7102251,-0.5899844,-0.46713734
MAPK9,-0.11027908,0.4049101,-0.049999237,0.5916624,0.13148499,-0.4345665,-0.81103325,0.4468851,-0.10981703
RASD1,0.38326073,0.6065099,-0.28197408,-0.8673575,-0.38386202,-1.3507166,0.9371426,-0.9207523,0.20704985
PPP2R3C,-0.012669563,0.25078773,0.49855137,0.3590746,0.41232967,0.42392063,0.9075346,0.47760582,0.07379627
HLX,2.076439,2.3509998,1.3653316,1.6344452,1.8263311,1.6620083,0.015309334,2.1912174,1.6486397
MAPK1,-0.34327316,0.2935686,0.17521286,0.4347191,0.10731888,-0.024045944,-0.22237015,0.4956293,0.43692398
MAPK6,-0.39399862,-0.31450605,0.6601691,0.47729063,-0.2832799,-1.4043908,-1.4659581,0.2510147,-0.7874851
LIMK2,2.2851992,1.5929241,3.1986818,1.6861429,1.5786133,2.625022,2.8763742,2.1760006,1.993083
OR2T29,0.39236712,0.06753945,0.2825842,0.51968956,-0.7551507,-0.31641793,2.1356049,-0.964468,-1.7192211
ANXA2R,0.33795738,-0.30978966,1.6225958,-1.6142383,-0.4319992,0.34490967,3.231409,0.4058838,-0.9557209
CKLF,-0.005277634,-1.2909222,0.049736023,-1.51231,-1.2327728,-0.701458,1.9050846,-0.86366177,-0.46165848
MAPKBP1,0.3172145,0.79600334,-0.36819124,1.6921444,0.3422861,1.0669131,0.1322279,0.5551634,0.6958885
CYBC1,0.6482773,0.4467907,0.39142704,-0.31100464,0.23591328,0.5263519,0.003383637,0.92807674,-0.16749573
PGAP4,-0.11498642,2.0424314,1.7833959,0.5371455,0.44750595,0.8956412,3.2098055,-0.46056056,1.0197455
EQTN,0.2471211,0.9132664,1.0643692,-0.13126588,-0.740744,-0.31122684,2.8730664,-0.9004431,-0.17241907
GHITM,0.12123108,0.2690754,0.28773022,0.39444542,-0.06485653,0.38430786,0.37872505,0.3894987,0.661911
ZNF826P,0.46452713,0.5735254,-0.19612694,0.6912842,0.90714264,0.4215374,0.75826263,0.83452606,-0.23651695
RPL35P5,-0.1770668,-0.1341114,-1.2616425,0.2583027,-0.1913948,0.09461403,2.3962307,-0.31798553,0.66096497
ENSG00000264845,0.66290426,1.2194986,0.42167616,0.59897137,-0.0623374,0.97523594,0.4668069,1.099565,0.34459782
MRTFB,-0.53560376,-0.9271755,-0.72416925,-0.72736216,-1.5262516,-0.5916953,1.2618356,-2.2955775,-0.68737864
MRTFA,0.23606682,0.31282902,-0.037795067,0.7760029,0.24052429,-0.05946541,-1.7402301,0.53372765,0.37282372
RFX1,0.389297,0.5291605,-0.827075,-0.41085196,0.3125701,0.12920856,1.4999533,-0.36095858,-0.19898224
HDHD5,-1.2940464,-1.6910782,-1.1908903,-2.3225818,-2.0019145,-1.4955082,-1.459116,-1.6255369,-1.4646835
HDHD2,-0.52587795,0.12025261,-0.6195345,-0.5803976,-0.36154366,0.030014992,-0.31384563,0.3381672,0.095505714
MYL4,0.15879607,-0.13870025,-0.0360353,-1.3255093,-0.35854125,-0.5449414,1.519088,-1.5757092,-0.98923826
CTBP1-DT,0.02756691,-0.4354267,0.18240452,0.02486229,0.3885393,0.6963091,2.0851269,-0.092022896,0.15091324
RFX6,-0.31749427,-0.023930192,-0.8475468,0.8233173,0.73713565,1.1654365,3.362386,-0.21222627,-0.13087094
RFX7,-0.31485367,-0.099313736,-0.9193039,0.1741333,-0.03883457,-0.36974525,0.007668495,-0.052461624,-0.096170425
ETHE1,-0.65306664,-1.7187786,-0.2839136,-1.5492821,-1.793602,-0.5597229,0.51712704,-1.2218771,-1.0232735
MYL3,-0.15281093,0.52493036,-0.667374,0.44897866,0.31057012,0.768005,3.066557,-0.62154436,-0.63471836
UQCRC2,-0.8025236,-0.9936733,-1.0008259,-0.5908098,-0.73743343,-0.667222,-0.61194134,-0.8129873,-0.29407024
MYL9,0.9903288,0.0808053,-0.025779247,0.0691514,0.48419333,0.5449629,0.06976318,0.08637619,-0.509501
FABP5P3,0.3266363,0.4350834,0.24882126,0.6149664,1.0516205,-0.011021614,0.53189373,0.31199932,0.95006466
AGAP10P,-0.7774496,-0.791523,-0.98239136,-0.81270695,-0.6945696,-1.5577102,-1.0074263,-0.5820818,-0.83430195
GIGYF2,-0.18839073,-0.610281,0.18556023,0.07533455,0.49840164,-0.5059433,-0.94291496,-0.60862446,0.5501423
IL22RA2,0.7882185,0.47615767,-0.39729142,0.9069123,-0.09465456,1.156003,2.063672,-1.5790414,-1.4028059
HSD11B1,1.3159456,0.47114182,0.62964725,0.88024807,1.7319937,0.12555599,0.35388088,0.1364212,0.19871616
HPX,0.71724176,0.64117575,0.87623787,-0.12328315,1.0038137,0.4423828,1.0935612,0.22758389,0.21438813
CYB5R3,0.8222828,1.5704823,0.19634247,0.9658909,0.8539629,0.7998352,0.43557978,1.3172245,0.24836254
PRRT1,0.44465113,0.2181797,0.25870752,-1.7697034,-0.7743206,0.900794,1.575594,-0.8946881,0.027106762
GPR12,0.17760658,0.44496155,-1.1509466,0.20891762,0.31799126,-0.52903366,1.0405827,-0.22316551,1.500473
SCDP1,-0.7606578,-0.18126726,-0.62879086,-0.12564039,-0.00766325,-0.34583282,-0.2709484,-0.6732898,-1.1502094
SNUPN,-0.4239478,-0.55882835,-0.54270124,-0.72437525,-0.8306384,-1.2017589,-3.2034616,-0.37935162,-0.6742606
LYPD6B,-0.4265424,-0.104717135,-0.7978748,0.35249865,0.5804784,1.1702286,3.408247,-0.30169117,-0.25795186
NOSTRIN,-0.6478059,-0.000458,-0.8291838,0.5648768,1.1599185,0.9152305,2.3679392,0.000458,1.0607731
CYB5RL,-1.482003,-1.1741016,-1.105083,-3.0509667,-1.2447464,-1.6423469,-0.25961542,-1.4943581,-1.9743776
AVL9,-0.4390378,-0.5457077,0.36637878,0.20363331,-0.5943451,-0.6716676,-0.97558117,0.045523167,-0.120296955
GPR19,-1.4161774,-1.1908063,0.005799055,-0.48131585,-0.44099236,-0.000175,2.3168657,-1.3996464,-0.8241317
GPR27,-1.3788695,0.80634975,-1.5349684,0.6079769,-1.3887863,0.23125458,-1.4976358,0.7730522,0.25526237
LRRC36,0.63000107,0.28872943,-0.23937392,2.283163,0.14778876,0.99613047,1.6446142,0.036196947,2.0236707
GPR25,0.29956102,-0.030663013,-0.50082064,-0.3487296,0.024515629,0.27413368,1.1795201,-0.5925989,0.010015488
GPR26,-0.65361476,-0.2575643,-1.010521,0.1022805,0.42539,0.95470047,3.10839,1.1328623,-0.48160052
MYPN,0.34719253,0.40244985,-1.2453933,0.41686833,0.29250288,1.1986846,3.1391563,-0.6617955,0.45360446
LRRC31,-0.4224639,-0.30823898,-1.1789427,1.9801645,0.43147635,1.2577481,3.0352976,1.6740351,-0.5038656
LETM2,-0.36644983,-0.26919818,-0.25855494,-0.028288126,-0.48306632,1.0756073,1.0768061,-0.6350763,-0.32547522
JPH2,0.50193477,1.2123811,-0.23632598,-0.9221432,0.50320673,-0.54200697,1.8053567,0.001126766,0.572845
NIPBL-DT,-0.5320811,0.021965027,0.04232645,0.054687023,-0.28331375,0.05244398,-2.16851,-0.19845724,-0.19885492
SH3BGRL3,-1.3942947,-2.3194027,-1.4551935,-2.9777699,-3.1677809,-1.0396061,-1.5283813,-2.334056,-1.9691753
RNU6-892P,-1.0697904,-1.3492403,-0.23657417,-0.9693403,-0.6173153,-1.6666465,-0.798687,-0.49700546,-0.9563689
CGNL1,8.336763,8.556997,7.482858,8.205202,7.874268,8.442957,7.1,8.525633,8.158533
MYOG,-0.091151714,0.19860983,-0.023609638,-0.39511633,-0.10592985,1.1102791,1.4333811,-0.4648552,0.093408585
TMC1,-1.5581856,-0.48291063,0.06861997,-0.40466428,-0.48703277,0.7544825,2.8465405,-1.4223344,-0.1675837
GPR35,0.8211584,0.99434376,0.6331582,0.90187025,0.48640442,0.56862926,0.48417616,0.56007385,0.28325796
GPR32,-0.03025484,0.3060789,-0.53991365,-0.01254797,0.2069974,-1.1797061,0.15739393,-0.32348967,-0.6352308
MYOF,0.9266195,0.4068985,1.5112457,1.0393553,1.0846329,0.19795513,0.26519775,0.5011692,0.30652714
PGAM2,0.20943761,0.4711659,0.49968767,-0.03121531,0.10163808,0.44855332,2.654425,-0.863245,-0.969593
LRRC40,-0.014780045,0.4088421,0.5020437,0.19983292,0.66641426,0.6155319,0.8069916,0.5339012,0.8618736
TMC5,-1.5168018,-1.154885,-1.9529213,-0.6524297,-0.45238018,0.029325485,2.2315602,-1.37745,-1.3792571
PTGR2,-0.7885709,-0.1587491,1.0497074,-0.52940416,0.21626854,-0.4262247,0.8420992,0.30974722,-0.14017248
TMC2,0.043910503,0.44195104,-0.03409028,0.45552135,0.5300447,0.98432994,3.2626421,-0.4198916,4.5722017
LRRC42,0.36067057,0.98323774,0.7919359,1.0853152,0.60835457,-2.377429,-1.2584252,0.7539263,-0.23946524
VAMP1,0.08828926,0.6693778,0.11712456,0.68175745,0.89102364,-0.32607746,1.9836545,0.343019,0.20916557
PGAM5,-0.14402962,0.3347249,-0.47992325,-0.15972757,-0.8521404,-1.4829185,0.27470255,0.14737415,-0.8018906
VN1R3,-0.51823467,-0.22743416,-1.0124984,0.6362575,0.5258262,1.9636045,3.2801402,-0.41296124,-0.4187978
VN1R4,-0.33059293,-0.10355377,-1.0863633,0.60267687,0.6422533,1.0869288,3.4058318,-0.31135464,-0.32404536
VAMP4,-0.34814405,-0.70184183,0.17916107,-0.9017105,0.006765842,-0.8774023,0.013777733,-0.3605528,-0.7286663
KANK2,-4.0688047,-4.7313805,-4.30756,-5.860846,-4.783899,-3.300366,-3.7342653,-4.748435,-4.028509
LRRC14,-0.730917,-0.4675436,-1.1357517,0.044431686,-0.8310857,-0.050210953,-2.0631266,-0.7083974,-0.19497013
PELI3,0.50910187,-0.7101984,-0.18415165,-0.22543716,-0.47062302,-0.066488266,0.06738281,-0.51889324,-0.18753624
PTGS2,1.5838408,0.66869164,4.03438,1.4032044,2.3210602,2.7096267,4.004552,1.868763,1.5950713
PTGS1,-2.251111,-2.8507423,-1.673646,-3.0157099,-3.8329496,-2.6057568,-3.1209316,-2.3696537,-2.6268058
GGA2,0.01760006,0.39207077,-0.5637131,-0.2184782,-0.003845215,-0.63668346,-1.3296762,0.1060524,-0.27276707
TCOF1,-0.5780859,-0.83745813,-1.1728187,-0.45467758,-0.25112057,0.36590052,2.327344,-1.0541263,-0.6751828
MICALL1,2.1382504,2.8147173,1.9235964,2.2262344,2.446353,1.4425869,1.319953,2.6100597,1.4415083
MICALL2,2.4080124,2.8786583,1.9098377,2.4250298,3.0490475,2.735342,2.3246975,2.8432903,1.8143005
LEO1,-0.022233963,-0.19348049,0.10585499,-0.26728058,-0.118712425,-0.35118866,0.5547247,-0.13748455,0.2729416
RABAC1,0.5256252,0.69732475,0.42120266,0.45996857,0.8450155,0.8784809,1.7203503,0.53414345,0.5906105
YKT6,0.4846468,0.9730501,0.48544025,0.3904047,0.47333717,0.3138342,-1.0131807,0.89839745,0.16252613
SRSF10,-0.19008493,-0.099152565,0.31546116,0.58828354,0.3151741,0.38935947,0.10232544,0.117051125,0.30062294
EXTL3,0.037947178,-0.090845585,-0.58610535,-0.2690549,0.45796776,-0.40045452,1.0116367,-0.13834524,0.38428426
SRSF11,-0.13158512,-0.012156487,0.5320244,0.43048382,0.7234726,-0.72124577,-0.082247734,0.25818348,0.050148964
SRSF12,5.850564,6.440309,5.6058145,6.3548408,6.234037,6.825973,6.3185325,6.7037253,6.937164
LRRC23,0.14296532,0.58643913,-0.05055666,-0.0821414,-0.41637707,-0.72840977,-0.76922655,0.5357213,-0.53782415
ATRNL1,-0.27170503,-0.040358305,-0.28349698,2.7005734,0.6916491,2.114976,3.5053356,1.0911883,-0.04981661
SMAGP,0.29190874,0.62768173,0.8306961,-0.55051136,1.4927211,-0.41907024,-0.055947304,0.43211412,-1.3398325
LRRC28,0.5254631,0.5950494,0.77613163,0.22108364,0.6784568,1.0232449,-0.012774468,0.7692776,0.23576593
LINC01232,1.6457925,1.4612317,1.3789558,0.50273085,1.7553091,0.98368406,2.521862,1.2755313,2.0060453
GPR68,3.004301,3.0829935,2.541955,1.7965527,3.1179934,2.7086887,2.731186,2.6472588,2.746832
GPR65,-1.2016068,-1.2235966,-0.038168907,-1.0612392,-1.3139362,-0.75733757,-0.27528667,-0.62978077,-0.39873314
LRRC72,0.7234473,0.946301,-0.036319256,0.26236963,0.54157305,-0.10738373,1.0752602,-0.37115932,-0.110660076
GPR62,-0.013698101,0.6231117,-0.8610842,-0.1751039,-0.57483745,-0.06315923,0.90862226,-0.42664003,-0.5066004
PRDM10-DT,-1.0279586,-0.758542,-1.5494125,0.09081936,-0.007001996,0.4516691,2.8057084,-0.9584911,-0.94255555
SLC9C1,-0.70628893,1.0000134,-1.24774,1.4264379,0.37728906,0.97305703,2.97141,0.018312097,-0.5663631
YY1,0.3908043,0.5542917,0.51930046,0.5474396,0.73768234,0.61658096,1.0275354,0.8633671,0.94433784
RUVBL1,0.03564024,-0.7733226,-0.6231575,-0.12376022,-0.28226948,0.37173605,0.9928837,-1.2059913,-0.89932823
LEPR,0.055625916,0.31535912,1.2476716,0.13198853,0.31009293,1.006897,2.6356285,0.6200311,0.6318431
SH2D5,0.40635347,-0.004050732,0.8843913,-1.603359,0.24083042,-0.029760838,1.9778538,-1.037952,-0.68122864
TCP11,0.25709414,0.1186862,-0.01651287,1.4492295,0.55431604,1.3590195,3.3303149,0.7225306,0.6886803
SH3GLB2,0.13579941,0.7989464,0.04181385,0.51286507,-0.24253654,-0.035066128,-1.9848795,0.8210077,-0.4423256
SLC38A1,0.76760626,1.1235266,0.57882595,2.1573162,1.0261049,1.9755392,0.011250496,1.4627113,1.4773254
AGTPBP1,-0.9011898,-0.58132935,-0.5837221,-0.47418976,-0.7815714,-0.37335205,-0.7750759,-0.3014469,-0.43730927
GPR75,-0.15679765,-0.203125,-0.27205276,-0.11965704,-0.27554274,1.3005853,1.041686,-1.5021713,-0.40547252
FTSJ1,0.567214,1.0207233,0.15950108,0.17743969,0.7311287,0.36006832,-0.71836805,0.6749811,-0.1252284
OLFM1,-0.45351273,-0.15954208,-0.94339645,0.57974684,0.6066761,1.1343887,3.346924,-0.3371278,-0.37405193
FRMD6,-0.33214116,-0.32884002,0.22408438,-1.6094086,-1.7180822,-1.2526503,1.0362849,-1.5636401,-0.2257874
TXLNA,0.39373016,0.3702011,-0.114907265,0.9090309,0.66563416,0.17010689,1.2063351,0.43185425,0.7132988
MAPKAPK3,-0.27106285,-0.5359869,-0.987854,-1.52174,-1.1493053,-0.4163475,-0.9084625,-0.7288885,-0.84640884
TXLNB,-1.0079403,-2.175777,0.78362274,-1.8148937,-2.5278225,-1.0979757,0.39672947,-1.3433204,-1.1704612
FRMD8,0.38294053,-0.33325922,-1.1927952,0.3878429,0.39822352,0.8453765,3.1664846,-0.5153948,-0.42351222
SAP25,0.11259651,-0.13199997,-0.56274414,0.25486755,0.28009033,0.7003994,1.6732655,-0.56095886,0.70749474
MAPKAPK2,0.29784918,0.5892453,0.6893859,0.3393798,-0.26087904,0.420887,-0.1519866,0.84388304,0.14481878
SLC9A9,-0.038993835,0.4203148,0.013426781,0.6224861,0.7972431,1.0737228,-0.020825386,0.88184834,1.1597576
ANAPC4,-0.31699753,-0.31051064,0.15502644,0.24511337,0.21412277,-0.2527027,0.02472496,-0.3829155,0.21940804
S100A4,-3.9118338,-3.604354,-3.8195782,-3.6803446,-3.7714224,-3.198327,-0.65630054,-3.4192638,-3.306016
ANAPC5,-0.18977833,-0.20547485,-0.32550812,-0.467412,-0.22633743,0.5035887,-0.3985691,-0.3098669,-0.24761105
S100A3,1.6540933,4.702134,2.553831,3.5341787,5.1491537,3.6623049,3.3205824,4.3239136,2.4971628
IGFALS,0.3740549,0.33830547,-0.05951023,0.5462322,0.5272074,0.16620922,1.4978504,-0.51879454,-0.0718894
S100A9,-1.9248114,-4.811604,-1.1240034,-4.6481175,-2.619588,-2.3557272,1.3400965,-3.58811,-3.2270517
S100A8,0.055662155,-3.3489199,0.11425686,-3.432539,-1.1290646,-0.40329933,3.5598297,-2.5238295,-1.7053528
S100A7,0.46400642,0.07368946,-0.42460585,-0.19751596,-0.48066568,0.24917507,1.9887762,-0.81089234,-0.20125389
LRRC59,-0.16895103,0.006588936,-0.11971092,-0.17193413,-0.42821884,-0.14048576,-0.38274002,-0.10916233,-0.08891678
LRRC57,-0.4559903,-0.017645359,-0.41599894,-0.4049263,0.39494658,-0.42371368,-0.5741439,0.18524551,-0.6853566
UBFD1,1.2696409,1.2414904,0.6218262,1.176795,1.2495785,1.5440226,1.2662601,1.4449492,1.4399652
GPR83,-0.36591005,-0.10234034,-0.88460004,0.76481414,0.64386106,1.1226496,3.4343271,-0.29159427,-0.17451262
LRRC55,-0.35805094,-0.095140696,-0.9553876,0.7571926,0.6589767,1.1131637,3.4219816,-0.24917448,-0.23876035
CRNDE,-0.9903364,-1.1274586,-2.580357,-0.106695175,-0.7488966,-1.0335093,-1.295784,-1.387291,-0.54491186
SLC38A6,-1.810761,-2.2764168,-1.7107058,-2.3948536,-2.207934,-1.4591637,-0.7685714,-1.9192495,-1.6236668
SLC38A9,-0.17979717,-0.13273335,0.62131214,0.02439022,-0.1959753,0.43665028,-0.105537415,0.32514668,0.27215862
LRRC61,2.2225447,2.43575,2.6348,2.7002783,3.2528868,4.355321,2.933425,2.2946978,3.105071
NFKB1,2.4987965,3.4566364,2.6099768,3.6878166,3.1351547,2.916706,1.6095409,3.1576347,3.5675278
NFKB2,2.6720562,3.286543,1.7809315,3.1249275,2.604557,3.4291553,1.0602264,3.2676468,2.8203297
TMIE,-0.93936074,-1.5470837,-0.3149972,-0.91783774,-0.80268645,-0.3629763,1.8733191,-1.7466929,0.21019864
GNL3L,-0.9154682,-1.1506119,-1.0264835,-1.42453,-0.5555744,-0.3762741,-1.4152641,-0.89916325,-0.84716797
NALT1,-0.79782486,-1.9336019,-0.7136402,-1.6230187,-1.6641612,-0.95461655,0.043585777,-1.7050529,-1.8169823
SLC25A3,-0.6046562,-0.28481865,-0.8372469,-0.2206173,-0.40864277,-0.32822418,-0.58247375,-0.18659878,-0.045459747
CRYBG2,0.27986646,0.08832216,0.22343063,-0.759923,0.05535555,-0.4341383,3.0459151,-0.94664574,-1.2879176
TSSK1B,-1.0931412,0.5292418,0.030844927,-0.18651879,-0.11343229,0.33104968,2.6320992,-0.77722466,-0.26975155
EFCAB14,-0.27410126,-0.41137218,0.3994131,0.001070023,0.24386215,0.05121231,-0.7362461,-0.2444725,-0.056907654
EFCAB11,-1.1616713,-0.14735734,-1.4917189,0.31310415,-0.13539791,0.43868613,2.65379,1.0899482,-0.01107955
FCGR3A,-6.0940065,-8.142981,-5.2163916,-6.2196565,-6.5011044,-4.98547,-4.9114275,-7.1117063,-5.4159174
EEF1A1P10,0.21053314,0.23602676,-0.19703674,0.8023701,0.4993782,0.39530754,1.0589104,0.29233932,0.67790985
PRB1,-0.2537371,-0.023139954,-0.97070944,0.6707581,0.7295319,1.1650627,3.4708104,-0.23341525,-0.24091643
EEF1A1P11,0.58471775,1.2207451,0.00808239,1.0059347,0.63370323,-0.47734165,-1.0178823,1.0581312,0.63055134
EEF1A1P12,0.77426624,1.5148783,0.010416031,1.2943583,0.7992563,-0.1920023,-0.10521221,1.2296038,0.49283504
PMEPA1,0.61962223,0.54831123,0.45151997,0.30806446,0.31943417,0.97040844,2.567422,-0.19369507,-0.003697395
UPP1,1.1270905,0.66975117,1.2210474,0.39308357,0.074225426,0.92401123,1.5319958,0.96473885,0.43032265
DNM1L,0.16629028,0.5605526,0.66333294,0.71043587,0.5890026,0.40517807,-0.2753706,0.7813082,0.2097435
ERC2,0.6029494,0.7424114,1.8743408,1.1854877,0.71783066,2.2164962,3.4332633,1.5139048,2.5673387
KSR1,-0.022031784,0.27353907,-0.45970917,0.028847814,0.08172166,0.5052488,2.7893906,0.15792608,0.7127991
VEZF1,0.36182117,0.7107687,0.7856407,0.7483072,1.0878744,0.842885,0.64991474,0.7133217,0.8040762
GIGYF1,0.03924465,-0.3485117,-0.53220844,0.0319376,0.7808142,-0.086642265,0.5465517,-0.38537025,0.31047726
NT5C3B,-1.1436663,0.55016804,-0.46257734,-1.3143973,-1.8481069,-1.8672566,-1.0687637,0.34004164,-1.6940999
PPM1B,0.5430317,1.076457,0.9761381,1.2897758,1.0803308,0.56877327,-0.42593765,1.2109652,0.8199768
SLC25A5,-2.5223942,-2.866435,-2.3132868,-2.4726944,-2.774972,-2.3989563,-2.2309866,-2.7258863,-1.8863163
SLC25A4,0.93741846,1.8781347,0.313581,1.8655505,2.2613602,1.2623096,0.11483765,1.3185749,1.9557247
SLC25A6,-1.1738234,-1.0620489,-1.9084988,-1.0718355,-1.6612883,-1.4201174,-2.3845682,-1.3148212,-0.97586536
SEC22C,1.5278144,1.9106507,1.403029,1.643601,1.7915359,1.6882501,0.9494691,1.7811885,1.4846587
RUSC1-AS1,-0.28922176,-0.6065383,-0.61994505,-0.23570395,0.012727737,0.02348566,-0.06302023,-0.15511894,-1.5171216
SEC23A,0.21640587,0.63194704,0.36646318,0.82587385,0.8939843,0.48199177,0.007837772,0.6811662,0.80245256
GTF3C4,-0.44498634,0.017233372,-0.5879822,0.28093815,-0.44641066,-0.78856516,0.13356781,-0.19887877,-0.40803766
PPM1L,-3.8251257,-3.5838163,-4.9075656,-4.5616336,-4.336599,-3.928507,-1.8671956,-3.204098,-3.9869027
PPM1J,-0.91165113,-0.49058056,-1.2230153,0.09118557,-1.1683726,-0.9248452,-0.4186926,-1.0613685,-1.3593311
PPM1K,2.3188725,2.313445,2.3969479,3.7524605,3.6465616,2.874529,2.0595455,2.375741,3.0664616
PPM1E,-0.429313,-0.12673211,-0.7633935,0.4229653,0.5545,1.1413388,3.4194171,-0.34636796,0.7741835
PPM1F,-1.0538054,-1.1858506,-0.6856184,-1.1031237,-0.61078644,-1.0931473,-0.12287855,-1.0730901,-0.8377485
IFI16,-0.012828827,-0.23147392,0.49592304,0.4365101,0.9755602,-0.426836,0.97351074,0.1653347,0.5404129
TP53INP2,0.3979659,0.8230467,1.2299242,1.2671771,0.8042064,0.2613201,0.14530945,0.9138508,0.4163351
TP53INP1,-1.2352667,-0.50851107,-0.44095993,-0.9601679,-0.23541641,-0.774518,-0.27820492,-0.066221714,-0.8633385
SH3BP5,0.44289017,0.26511192,0.38031387,0.6801548,-1.0859442,0.36605072,-2.3414707,0.74372196,0.7109184
D2HGDH,0.75639486,0.19866753,0.4770708,0.06447935,0.46438837,0.6074538,1.3677139,-0.02695036,0.53911734
LINC01208,0.4202752,0.4395132,-0.52857924,-0.23916578,0.09154844,1.012528,0.8174076,-0.43412018,-0.0730629
FCGR1A,-0.32021904,-3.063428,0.12411308,-2.4420223,-1.3583641,-0.8428707,0.035102844,-2.6361666,-1.5352764
SH2B3,-0.01432991,0.38570118,-0.17858982,0.7356224,0.15948486,0.39312744,-1.5076284,0.18403244,0.87724876
SEC23B,-0.28172684,-0.08169651,-0.04177761,0.1844387,-0.5389738,-0.38544846,-1.5049067,-0.011454582,-0.3102951
BEND5,-0.49822903,-0.028452873,-2.3926752,0.53755426,-0.22008204,0.14798975,2.4328203,-2.2820969,1.6333079
LRRC8E,-1.2510273,-1.145548,0.5174422,-0.42641294,-0.16055,0.04825163,2.3547306,-1.3540792,0.5375712
SLC12A2,-1.173286,-1.1857061,-1.9993439,-0.43265104,-1.1598234,-1.0242953,1.3558254,-1.7265501,-0.83630323
SLC12A3,1.4857829,1.7893908,0.43585515,1.6766613,1.911825,2.4397848,2.0787075,0.23184109,2.788283
SLC12A4,-0.49479628,-0.12726068,-0.6469946,-1.0181208,-0.73818874,-0.11286354,-1.3634787,-0.3764243,-0.6460409
SEC24A,0.63739157,0.8998213,0.67164326,0.48352766,1.101192,0.9014163,-0.9378209,0.96220016,0.6851945
ERAP2,0.21558571,2.635562,2.7357855,-0.22661018,0.47864437,0.7298107,2.1438198,2.9985151,0.030496597
ERAP1,-1.3004646,0.49566603,0.64185333,0.93273115,-1.2293372,1.0050106,1.1955152,0.72930384,1.630064
PRRX2,3.515256,1.4963288,3.9583387,1.9290166,2.2527113,2.6445432,4.2341833,1.649972,3.0672197
LYSMD4,0.5527222,0.60772634,-0.18869996,0.8267853,1.3005259,0.9311154,1.0647852,-0.14042497,0.52838874
LYSMD3,-0.5546732,0.48695087,0.004349709,0.1817522,0.6840162,0.33753872,1.4725912,0.07820487,0.52027607
FCGR2A,-2.969286,-4.5661187,-2.417822,-5.179419,-4.0730457,-3.5235271,-1.998744,-3.8186188,-4.1957016
DOP1A,2.163352,2.1880803,2.73287,2.320016,2.9089355,2.5429335,3.5705614,2.480218,2.347375
TTTY12,-0.33010268,-0.12220657,-0.76850414,0.5316384,0.6066077,1.1884332,3.5019724,-0.31227446,-0.22262812
TTTY13,0.91633296,-0.6798289,0.17536569,-1.1345286,-0.7619622,-0.006619215,2.9010713,-1.6884296,0.02543521
FCGR2B,-3.0097523,-5.4720793,-3.351594,-7.8692684,-5.860757,-6.0759306,-3.201089,-4.607461,-5.9982986
AHCYL2,1.307353,1.6370468,0.9282675,1.9691916,1.9975214,1.8850584,1.1932917,1.6027575,2.486371
JPT2,0.75276566,1.3838301,0.006427765,1.6119766,0.7877197,1.1239147,0.11841774,1.2638988,1.5529804
ZAN,0.020561218,0.47221422,0.31040478,-0.12958002,-0.17499924,-0.06574869,-0.1550417,-0.49290562,-0.3626747
PRF1,1.0700517,1.4143424,0.5339861,1.0136127,1.5760188,1.9988804,2.1476278,1.3023777,0.83671856
JMJD1C,0.1161108,0.40118647,0.74732685,1.0896349,0.97703266,-0.5248203,-0.015171051,0.4603672,0.4931326
IFI35,3.5990753,3.769189,3.5312119,3.142437,3.7789192,2.9585094,2.427371,3.902197,2.6978111
RASSF1,-0.08650398,0.47838783,-0.003355026,-0.3292961,0.24921799,-1.5915241,-2.7175026,0.24764347,-0.9171605
RASSF2,-0.4092312,0.08769703,-0.6524062,0.4740281,0.5202069,-0.26716995,0.43660975,-0.20710945,0.63339806
PAQR6,0.5982151,0.7587004,0.929595,0.2738247,0.37092113,0.7186127,0.5627804,0.32704735,0.40989113
PAQR5,-0.18208909,-1.2423421,-0.17731094,-0.9353672,-1.1058311,-0.65271354,1.640301,-1.3990393,-2.0492764
TM4SF5,2.662601,2.1267533,0.26950312,1.2751598,0.7423434,2.399427,0.9581814,1.6473904,2.3194675
HNF1A,0.78780866,0.27950835,0.33645105,-0.50580716,0.3079195,0.0658319,2.2665133,-0.74827933,0.10838628
TM4SF1,2.6867187,4.4274683,3.2616827,5.5877523,2.304448,3.2845972,3.2366889,4.3416767,4.5524435
EREG,2.2266579,2.6157846,4.1325455,2.4800186,3.918128,2.9726067,4.727025,3.3236866,2.5324116
PPP1R3F,1.818685,2.3255787,1.1755881,1.5938215,1.4898491,1.6577811,2.0013218,2.1429806,1.5691547
IFI27,9.762434,9.658426,9.36273,9.711065,9.946911,10.271923,11.374954,9.554407,9.9866905
PPP1R3B,-0.58991337,-0.76097775,0.08005047,-0.77790165,-0.516078,-0.4269476,-0.21177578,-0.48765278,-0.32259083
LORICRIN,7.388984,7.9109674,6.1240926,7.7478194,6.930488,8.234016,6.249411,7.478996,8.161446
TMEM123-DT,0.020898342,-0.020898342,0.5690217,0.32774115,0.4087491,0.31196308,3.2407832,-0.6108327,0.1239562
PPP1R42,-0.3235944,-0.052357316,-0.7889806,0.56703115,0.65989816,1.2062201,3.495373,-0.25334764,-0.24635047
PREB,-0.23285389,-0.21362877,-0.52536106,-0.8845358,-0.69250965,-0.09763241,-1.0649786,-0.2393446,-0.59108067
STX1A,-0.47174644,-0.3329177,0.32147503,-0.5134282,-0.6724801,0.4362831,0.81176853,-0.2791481,0.37493277
PLA1A,5.9176216,5.8766317,5.4828453,6.2159233,5.7985687,7.2933216,4.5663214,6.097555,6.653633
L3MBTL1,-0.677999,-0.63490963,-0.8755317,0.26386642,-0.92744493,-0.10508251,-2.0536704,-0.66206837,-0.2171011
PPP1R36,0.1676426,0.57958364,1.4338629,-0.08043218,-0.30549216,0.880347,1.7349355,0.49038982,1.2130392
ACE2-DT,-0.27424562,0.007493377,-0.8054086,0.6896577,0.727409,1.8028344,3.512094,-0.2097795,-0.1985861
PPP1R35,0.05463028,0.09701347,-0.5121107,0.100343704,0.33720207,0.16874123,0.3565693,-0.06989479,0.24827194
PCDH15,1.1292458,-0.01047194,-0.8656663,0.55498314,0.74078536,1.1017902,3.3822074,-0.22621047,0.013423562
OR7E121P,-0.01602912,0.010682583,-2.0339813,1.3501165,-0.075624704,1.0095987,2.1458383,-1.628825,0.7830367
PRH2,0.30377054,0.55417204,0.2678485,0.25381613,0.33306074,0.97490025,1.419559,0.6767626,0.51128817
C5orf24,-0.37703657,-0.12985086,0.13004541,0.30989313,0.64385414,-0.1210618,-1.1212955,0.2608261,0.07529116
C5orf22,0.49516487,0.29574633,1.354857,0.6869817,0.7550225,0.17028713,-0.013118267,0.5600457,0.7943864
MAP3K4-AS1,-0.64602995,0.6092701,2.1119957,-0.11579418,-0.6416707,1.6444931,1.8140197,1.4065595,1.175401
PGBD5,-2.5837002,-2.3201447,-3.11471,-1.4769613,-1.5680268,-0.2992792,1.248869,-2.522316,-2.5027351
ERI1,0.26869535,0.15111828,0.9617257,0.62389135,0.07735062,-0.54252386,0.9805193,0.282609,-0.08026934
TSPAN6,-0.8479053,0.1604842,-1.6149194,-0.037628412,0.16623032,0.58336437,2.8124309,-0.7958759,-0.861983
TSPAN7,-1.5892508,-1.3523978,-2.128643,-0.57517064,-0.60467744,-0.1029191,2.2045465,-1.5302825,-1.4845951
TSPAN3,0.26153946,-0.40204144,1.4687805,-0.9270611,-0.63385487,0.60881233,1.2567654,0.09980774,-0.07939911
HMGCLL1,0.012117386,0.76027966,-0.39215922,-0.7765657,-0.6645193,0.66640186,2.1832573,-0.012117386,0.2430036
PAG1,0.2820797,-0.16378784,0.2121315,-0.5041542,-0.71637726,-0.18845367,0.18359947,0.25186062,0.44768906
XRCC2,-1.5646402,-1.2777379,-1.9425733,-0.71206915,-0.5543113,-0.049675226,2.2099357,-1.5124589,0.46146202
TRAV12-2,-0.36854392,-0.06564379,-0.8538977,0.77247286,0.6919553,1.5686967,3.4571009,-0.24210405,-0.26093078
XRCC3,0.28836107,0.7399926,-0.30683708,-0.18524742,0.32216167,0.44415903,-0.9157567,-0.110970974,0.17896366
EAF1,0.4240961,0.41771126,1.6527843,0.84790325,0.5937214,0.5744524,1.0232859,0.98875237,0.9771795
PRG2,-1.3421335,-1.9334809,-0.57862306,-1.8032466,-1.2976999,-1.0120182,1.0363998,-2.4325976,-2.1421099
DCLK3,-0.7923711,-0.47287512,-0.71369267,0.121447206,0.28620172,0.67067075,2.91867,-0.6761861,-0.7585148
XRCC1,-0.38445473,-0.52022076,-0.46171474,-0.2743206,-0.6530657,0.19578362,-1.1020756,-0.51373005,0.2245102
RASSF8,0.62840605,0.7953758,0.03443241,1.1002245,0.5314493,1.1549745,1.5568638,0.57934237,0.22184014
DCLK2,0.18546748,-0.13061643,-1.0074861,-0.069922686,-0.26607513,-0.31380606,1.2653036,-1.2299669,0.4622302
PRG4,-0.40681833,-0.14142036,-0.98360956,0.62231743,0.6115546,1.066546,3.3858883,-0.29875505,0.8879039
PRG3,0.27548313,0.03285837,0.11877823,-0.11761141,0.08057022,-0.00787878,0.48179483,-0.39119577,0.26660252
PNMA8C,-0.35859096,-0.039499164,-1.0048796,0.41792727,0.70155346,1.081835,3.2683203,-0.2773373,-0.36228305
ATOSB,0.004414082,0.3241105,0.36205864,0.3082533,0.051689148,0.8551688,-1.7958899,0.08447456,0.37982655
ATOSA,-1.3217249,-1.3321133,-0.14437008,-0.93384266,-1.6587605,-1.0060306,-1.4854832,-0.91128254,-1.2852964
C5orf34,0.005520105,0.6431761,0.86199284,1.2676725,1.5476947,0.5529022,0.6018839,0.9622073,0.15839052
BPIFB3,-0.88893604,-0.3558724,-0.75850344,-0.007110119,-0.17085242,0.3057692,2.3843346,-0.7690661,-0.839875
ID2,2.263342,2.6307278,1.148653,3.2736359,2.6132193,2.4961815,0.5696697,2.3883972,3.3915577
PPP1R1C,1.1082823,0.5182755,1.2492292,0.31239772,-0.9750465,-0.19835448,3.0116165,-1.2463105,0.9453378
ID1,-1.6709266,-2.519199,-1.7415721,-2.94347,-2.1959853,-1.6188459,-0.17454767,-1.9992347,-2.2952964
PPP1R1B,0.16469252,0.12953866,-0.80426633,0.39906538,0.49712873,1.0673397,3.3693633,-0.43765998,-0.25414753
ID3,1.2448902,1.5289917,-0.6104078,1.9099693,1.517004,1.1068878,-1.1489353,1.0931768,2.4770184
PAEP,0.73324895,0.6959846,0.95181656,0.16988575,0.054528236,0.5153003,2.864616,0.17869449,-0.88050807
HBBP1,0.39479685,0.11279273,-0.44064188,1.0146925,-0.45275712,-0.6387942,3.0864804,-0.35107112,0.39667034
CALM1,0.059101105,0.24711895,0.36125183,-0.20788765,0.44208813,0.26568222,1.1819859,0.35742855,0.42453575
CALM2,-1.4736032,-1.1669626,-1.4724255,-0.89090824,-1.2151594,-1.1633253,-0.4629774,-1.1918669,-0.750144
BARHL2,-0.8469789,0.79095554,0.40714598,0.1555531,0.11380911,1.4876919,2.9585543,-0.81999636,-0.05637908
LINC02482,0.11788845,0.22690582,-1.9259009,0.21353722,-0.7340498,0.8355818,0.61897755,0.19696236,0.8686552
KIF14,-3.6321523,-3.33938,-4.158885,-2.4294055,-2.5934467,-2.1353745,0.15096664,-3.519793,-3.5325985
AKR1B1,0.02328968,-0.4948902,0.92868423,-0.9799433,-0.97036266,0.20953083,0.50660133,-0.059724808,-0.42851162
SECTM1,1.9111595,1.2954435,2.567071,0.7685833,1.776268,1.984354,2.2496395,1.6196508,1.1216507
MIA2,0.38594437,0.51887226,0.5843859,0.652586,0.26735306,0.7471161,0.28960228,0.63013744,0.5671692
BRCA1,-2.0306559,-1.7065725,-1.5208597,-2.0637941,-1.2331257,-2.203588,-1.4684939,-1.1536174,-1.4155374
KIF11,-1.9052806,-1.4877791,-1.9976625,-1.0539494,-1.9895859,-1.7450166,-2.3264093,-1.6682253,-1.5370731
INTS15,0.23132801,0.24499989,0.024671555,-0.17343426,0.06735611,0.40000057,0.30869007,0.20765686,0.052905083
KIF17,2.0392075,1.6941147,2.1505547,1.8213406,1.8707161,2.393898,2.8078337,1.5836926,0.922832
PPP1R18,0.9918184,1.3923454,0.6883507,1.1087408,1.1551504,1.8129053,0.73247814,1.2660704,1.4927988
KIF19,-0.34913087,-0.09554446,-0.78859425,0.4973662,0.6160159,1.1967653,3.492774,-0.28406024,-0.2571429
KIF1B,0.54639435,0.6081438,0.73750305,0.44650078,0.7632532,0.46265602,-0.19870377,0.58898544,0.69734573
KIF1A,0.47677803,0.21345139,0.21913147,-0.23936033,0.49999762,-0.052850723,1.8050251,0.51928234,-0.20434761
NDEL1,1.0581703,1.6363802,0.8467884,1.4409256,0.8406658,1.0665112,-0.15795422,1.1952477,0.77010155
NBPF4,1.6362319,1.7119637,3.3670888,2.888875,2.3711782,4.2248588,4.1478486,1.421773,3.2168183
LYNX1,-0.44198036,0.04816246,-0.41151476,-0.39782143,-0.6024332,0.11269379,0.05269766,-0.7852812,0.2402196
TMEM198B,0.19509172,-0.14386797,0.23819685,-0.4428978,-0.70308447,-0.18565845,0.8669033,-0.6758666,-0.40685415
ZFR,0.036317825,0.53668404,0.53355503,1.2877026,0.64009476,-0.38738775,-0.53314495,0.8574543,0.37670898
SORCS1,-0.008623004,0.6809046,-0.19538832,-0.026757479,0.07024121,0.630949,2.9265661,-0.87358284,0.4488964
KIF23,-1.2159848,-1.401506,-1.3184481,-1.5449176,-0.698915,-1.2019911,-1.5252247,-1.4628892,-1.1620584
SORCS3,0.30700207,-0.33280575,-1.1165913,0.49457037,1.5708537,0.90693426,3.2523317,-0.51990986,-0.4925441
TLCD3B,0.33657646,-0.38004875,-0.72349167,-0.27588463,0.20906639,-0.27191544,1.5494947,-0.92745686,0.44887733
ZFX,0.2935648,0.8014722,-0.005739689,1.1380138,1.0440025,-0.26050568,0.25945234,0.7367015,-0.035316467
KIF27,-0.33461857,-0.38999224,0.6439738,1.7536249,0.37337518,-0.18772459,1.2171493,0.11168599,0.4320736
CFL1P2,-0.32525063,-0.06536293,-0.36400318,-0.5879631,-0.54666805,-0.39718056,-1.5417252,-0.14093018,-0.61641884
KIF2C,-1.8332,-1.1926575,-0.4133892,-0.47997427,-2.5837073,-0.790884,-3.3703585,-1.3273187,-0.12562513
CFL1P1,-0.16131783,-0.042339325,-0.13243008,-0.45470428,-0.50502586,0.35070038,-0.493248,-0.18628407,-0.14421082
PDZRN4,-0.514387,-0.20756435,-0.97508407,0.4223038,0.5144272,0.9754274,3.237109,-0.4265256,-0.41986573
LINC01138,-0.16704035,0.43227148,-0.193542,0.15715694,0.58992577,0.026567936,0.79075766,0.18422747,-0.2324748
POPDC3,-0.100660205,-0.31633234,-0.15570748,0.03569138,-0.04298675,0.46737778,2.8012981,-0.9837493,-0.9607952
STX17,1.5448055,1.5361042,1.5591049,1.5971775,1.8279333,1.6171303,1.7711678,1.6611061,1.3830929
TMPRSS6,0.151155,0.13806438,-1.0503936,1.2559328,0.47290123,0.9165845,3.2145066,-0.4819047,0.111876965
TMPRSS3,3.425982,5.272535,2.0660996,5.1749363,4.578885,3.0913072,3.6669903,5.055429,3.224679
DERL2,0.45490837,0.41075993,0.8714409,0.6818676,0.54563046,0.4544487,0.6568146,0.5999851,0.17812347
COL19A1,-0.37794644,-0.038876295,-0.80234337,0.47011197,0.66105247,1.2183511,3.4037821,-0.25630426,-0.25611687
NDUFB4P12,0.2512579,0.4516678,-0.8292923,0.17564869,0.31254673,0.74508,2.6724615,0.21545696,0.32736683
RXRA,-1.1143618,-1.2914963,-1.1412239,-2.1678305,-1.2187281,-0.7349825,-2.1515436,-1.1273746,-1.0054674
EXOSC4,0.20169735,0.0713501,-0.057888985,-0.5929022,-0.22325039,1.0937662,0.7517767,-0.002926827,-0.086361885
EXOSC9,-0.10751915,0.038674355,1.3161802,1.4727383,1.2549257,0.391922,1.5286951,0.3491249,0.71515656
DGLUCY,-0.53069115,-0.53279686,-0.6109953,-0.22496605,-0.80420494,0.041147232,-0.9361057,-0.32898617,-0.4965515
POLR1HASP,-0.24369621,0.27426124,-0.07428813,0.67324233,0.7870729,0.8420193,2.3364556,0.45624232,0.32065535
PAK6,0.4805429,0.79940176,-0.2921729,-0.9479834,0.49032092,1.0829482,1.7656374,-0.24189377,0.030872345
PAK2,-0.2618637,0.5591297,-0.41709614,0.239254,0.06950569,-0.4335518,-0.26015282,0.8936033,-0.66910934
MICA,1.6370373,1.6523905,1.5142937,1.5640259,1.2410078,2.2240162,1.1529903,1.8016596,1.871563
MICB,1.5180397,1.2901869,1.5010157,1.2806988,1.2626076,1.7023373,1.1437931,1.3053102,1.5723495
TSNAX,-0.29428864,-0.5914755,0.07191086,0.23045921,-0.17088127,-0.39935112,0.9844246,-0.016529083,0.39572716
PLEKHA2,0.001913548,-0.13710642,-0.9065738,0.2901044,0.32573032,-0.06545687,1.116756,0.04863262,-0.57746553
CRYBB3,-0.9040903,0.8393688,-0.122733116,0.14428926,0.058226347,0.51861596,2.8590438,-0.9020593,0.9168043
PLEKHA6,1.7688899,1.3545294,1.6302714,0.20324612,1.5770345,1.9421644,1.6487389,1.3017592,1.0274544
AP2B1,-0.09682369,0.37731886,-0.79689646,-0.39694738,-0.3480568,-0.010434151,-1.3774753,0.5260005,-0.46846676
PLEKHA8,0.062099457,0.07415199,0.3819065,-0.40975332,-0.075918674,0.005695343,0.1861,0.36925745,-0.34434128
MIB1,-0.6647892,0.024299145,-0.67762756,0.2495656,0.25347805,-0.49016905,-1.2630429,0.31672716,-0.6403618
RGP1,-0.9113307,-0.34322166,0.38576412,0.8159337,-0.4879632,-0.93624973,1.301362,0.036008358,-0.7253127
STK17A,2.5945888,2.2355666,3.3911152,2.7102795,2.5112352,3.4233437,3.7841396,2.5552683,3.3121738
MIDN,0.1343503,0.2427752,-0.4195752,0.12220645,0.26679993,0.96587944,1.789424,0.5656748,-0.04908824
PLGLB2,-0.72081804,-0.34681082,-0.92775345,-0.6288161,0.15477467,0.030733109,-0.6023903,-0.14967442,-0.000544
COA6-AS1,-0.54022217,-0.89848185,-0.6777048,-0.7031851,-0.5914531,-0.5216665,1.3676271,-0.46933556,-0.6228037
JADE3,2.351388,3.2491632,0.7609358,3.812101,3.4767566,1.4060287,2.4032044,3.3581233,1.9765415
KNDC1,-0.90475166,-0.3513441,-0.6616535,0.74597144,0.12129676,0.5858488,2.9257967,-0.8175938,-0.81157404
CLGN,3.2188106,2.1704803,2.700111,1.0554538,2.1594582,3.0640159,3.0124397,2.809279,2.3662815
RGS2,-0.10808277,-0.26212502,-2.5424805,0.21982098,-2.421031,0.1000433,-1.7600107,0.043723106,0.75687504
RGS1,2.2131872,2.7930489,2.0949087,3.8481512,3.6783314,2.9830523,2.3803968,2.988286,3.938428
CCRL2,1.5795565,0.6324024,2.808731,0.35942745,0.5352764,2.0465403,2.2793875,1.1587601,1.2389936
KIF5A,0.6124582,1.1128106,-0.49106097,-0.05157709,0.026688457,1.7247038,3.3691373,-0.17659819,0.0510993
WWC3,-0.34431362,0.30693722,-0.72073936,-0.294631,0.58519554,-0.122115135,-0.7563276,0.043242455,-0.6400194
BAALC,0.97682023,0.981174,1.3667428,0.66120625,3.3977945,1.9707277,1.9221942,1.1409392,1.608206
PRND,-0.46746796,-0.24126214,-0.9981073,0.5573188,0.50273263,1.0174567,3.352942,-0.43110102,-0.3922522
RGS6,0.71039426,1.3658761,0.19315898,0.16525185,0.9568392,1.2144095,2.8184319,0.28401554,0.7498206
G6PD,1.1784687,0.9160681,0.8515177,-0.23750782,0.68763065,0.9135914,0.817574,1.1903696,-0.07240486
MAT1A,0.095151186,-0.007647753,0.091395855,0.87605524,-0.5971854,-0.024977922,1.3475208,-0.7560127,0.15164089
PRLR,0.9696312,1.6364093,1.4477415,1.9324775,2.1972861,0.6225724,1.1422706,1.6310115,0.9738326
ERN1,0.63666916,0.6494827,-1.2064276,0.8886242,1.5052633,-0.08856392,2.7668495,0.35433865,-0.0933857
ERN2,0.85863256,-0.58200216,0.068228245,-0.36208773,-0.04526949,1.2606359,2.3732262,-0.9734659,-0.916903
GPANK1,0.7063904,0.50333023,0.9592695,0.12560463,0.437356,0.98690987,1.4251995,0.5524435,0.957386
DOK3,-1.5874424,-2.5629783,-1.6124372,-2.8349295,-2.384647,-0.98568726,-1.3824806,-2.7960663,-2.1402345
TMX2,0.40633678,0.09026718,-0.061005592,-0.3747263,-0.04880047,0.5771723,-0.2882471,0.090177536,0.3157549
TMX1,0.5511856,0.6555567,0.67898273,0.629055,0.76642704,1.1530762,1.1033096,0.9411793,1.1129322
DOK6,0.3940959,-0.514647,1.6779423,2.2573795,0.22527027,0.7034352,3.1852255,0.11992979,0.22654581
PLA2G10,-0.3727016,-0.14508402,-0.7227334,0.6551869,1.022601,1.0872496,3.4251933,-0.35500038,-0.3341725
MASP1,-0.26444626,0.114289045,-0.7565069,0.5877404,0.5450814,1.1615772,3.440029,0.069780946,1.2011127
PSMD10,0.11125088,0.62614393,0.78703403,0.7276187,0.42530346,-0.6609616,0.721076,0.36204767,0.25740528
PSMD12,0.3397522,0.21194935,0.7984896,0.72036934,0.58448505,0.48407936,0.65613174,0.41041183,0.63672256
TMED10,0.1148386,-0.09197998,0.9535732,-0.25903416,-0.20372581,0.29706287,0.12183285,0.027359009,-0.16846752
YTHDC2,-0.3420086,-0.35027122,-0.9309559,0.14730978,0.8181367,-0.6630821,-0.64470816,-0.28354216,-0.5119939
SEL1L,-0.1697731,-0.23869038,-0.56493855,-0.03942871,0.29723454,-0.11831474,-0.05076027,0.4395218,-0.4263115
PSEN2,1.5007172,1.6337261,1.2034445,1.503191,1.7020388,1.7654018,1.1510677,1.5513115,1.6276131
PSEN1,0.57759285,0.9812794,1.1614847,1.0912781,0.6890516,-0.18666887,0.8052349,1.1463261,-0.22406387
MCHR1,-0.2518685,0.7355571,1.7981782,0.6162157,1.5280073,1.2642252,3.4481459,-0.1161989,2.4958744
CALCR,-0.38516212,-0.21323586,-1.1440439,-0.5043802,-0.2233777,0.08510375,2.0543847,-1.1259087,-0.38841677
DYNC1I2P1,0.4055338,0.844512,0.3255949,1.1643553,0.50244904,0.10269642,-0.59239197,0.7635374,0.5345888
KIF3B,0.5247154,0.98398304,0.6406679,1.3961563,0.6470499,0.82320786,0.26514626,1.002882,0.48501205
CYP11A1,0.14367676,0.16300535,-0.24122524,-0.70803,-0.32196474,0.2699299,0.89671564,-0.83151436,-0.5306797
CALD1,-0.3332441,-0.03931117,-0.9164654,0.78129625,0.7175801,1.1458104,3.3836887,1.0852575,-0.20749557
FUT9,-0.5414709,-0.28159094,-1.0758559,0.5821134,0.46138036,0.94280577,3.303388,-0.47492296,0.8294078
DSP-AS1,0.41449356,0.55148983,3.1715975,-0.766786,0.22193861,1.8824105,4.4156837,0.8123605,0.08905172
CAMTA1,2.3148322,3.3986807,2.393023,4.271521,2.7550573,2.6805468,1.4496756,3.7395205,3.9515262
NPHP3,-0.26115036,-0.08559036,-0.3045435,0.07890701,-0.30891895,-0.31472588,-1.260994,0.18771076,-0.24413681
ISOC2,-0.44675827,-1.30233,-1.4364834,-1.0032587,-2.0343623,0.31191158,-0.34047794,-1.3223658,-0.25529957
PRNP,-1.9097424,-2.1912622,-1.4351845,-1.8650036,-1.9647274,-2.2000465,-1.0688858,-1.8919945,-1.8760529
GGT7,0.5039239,0.7792082,0.75671816,0.6765132,0.31557798,0.14129782,0.37001276,0.001384258,0.6862807
VTA1,-0.16449165,0.27146482,0.35745335,0.2054801,-0.42985153,-0.6042628,-0.8726239,0.54408264,2.4620466
PHF12,-0.6330806,-0.14261281,-1.0880849,0.2355603,0.30860674,0.8923627,3.2082825,-0.6000036,-0.5523897
CACFD1,-0.5325813,-0.4109974,-1.2070684,-0.6477213,-0.52915955,-0.3827858,-0.3820696,-0.9070091,-0.684597
CLK4,-0.061314106,-0.06229067,0.18402004,0.57348394,0.5602379,-0.38102484,-0.30033588,0.37219715,0.11099529
IL2,-0.38802075,0.33534753,-0.5476575,0.5572536,0.73831666,1.4287354,3.5120482,-0.08896685,-0.24024493
CLK3,0.31126595,0.63515854,-0.038677216,0.18919563,0.3936615,0.5957794,-0.9450321,0.662673,0.04678154
IL4,-0.46493202,0.07715845,-0.82853055,0.44210327,0.60492015,1.2842149,3.2979488,-0.3576293,-0.2046262
IL6,6.793809,7.7374067,6.540105,7.0282946,7.709078,6.9305296,6.4901857,8.002063,6.709874
IL5,-0.33598828,-0.44485188,-0.97331536,0.34620893,0.6607294,1.1878338,3.045559,-0.5578581,0.39744556
IL7,0.5921836,0.75831366,1.4007006,0.50920534,1.5102644,0.50245714,-0.002550602,0.99158335,1.0219884
CYP11B1,-0.09426975,-0.30525398,-0.9688997,-0.6423979,-0.3359537,0.59377956,1.4212923,-0.8242688,0.1381445
KIF4A,-4.29383,-4.508255,-4.6619453,-3.791976,-3.7736697,-3.3147564,-0.99908113,-4.7164183,-4.4333706
IL9,-0.46461546,-0.20536113,-1.0070176,0.6078136,0.6917367,1.0002162,3.330872,-0.4058293,2.5840392
PHF14,-0.7608659,-0.92151785,-0.1474948,-0.24072075,-0.80650043,-1.9181972,-0.101769924,-0.962265,-0.82518506
GSK3B,-0.9817648,-1.3646452,-1.2625561,-0.92425823,-1.2569194,-1.970335,-0.91510963,-1.2280369,-0.97369003
MAST4,-0.11609352,0.9145621,-1.137543,0.5156255,1.1888086,0.9017428,3.2445526,2.124279,-0.28848755
CSE1L-DT,0.7622814,1.1806917,-0.3960781,0.7623868,0.45217323,0.80967236,2.1024952,0.34504557,-0.07575035
MAST3,-0.6421175,-0.44143105,-0.9606209,-1.60217,-0.85246754,-0.98964787,-2.34654,-0.58367634,-1.3757033
PRKCSH,-0.25228882,-0.095728874,-0.76524067,-0.65473366,-0.23098278,-0.4030018,-1.8287563,-0.16801262,-0.9315405
ILK,0.3880539,0.66743565,0.09474468,0.33049965,0.36722088,1.1928654,-0.55681515,0.8339653,0.3217907
TRIAP1,0.51954746,0.4676237,1.112216,-0.12168789,-0.13378239,1.0343027,0.9972334,0.5856571,1.2226152
TMEM191A,0.3678007,-0.365057,-0.18830681,-0.33628368,-0.2419262,0.62764645,1.228467,-0.71336746,-0.18440151
AFF4,0.6819334,0.88637877,0.42172527,1.1833806,1.4302325,0.45190096,1.4758077,1.3552275,0.081819534
DNAAF10,-0.41503525,-0.49926186,-0.34582615,-0.72719,-0.6486645,-0.5948162,-1.2916641,-0.025767326,-0.0719738
TMEM191B,0.27602005,0.19387531,-0.29763508,-0.16827393,-0.28575516,0.690897,1.3681164,-1.1312914,1.0687675
MLST8,0.8625636,1.0093913,-0.15804338,0.2479701,0.5305762,-0.14297485,-1.6512675,1.0632195,-0.22914982
TIMM17A,0.24435902,0.41514397,0.19311905,0.3737669,0.27479076,0.21623325,0.955472,0.4390564,0.3655119
TIMM17B,0.8809986,1.051816,0.25495434,0.95988464,0.8420725,1.7357693,0.9026222,0.8263693,1.2545128
CNPPD1,0.614151,0.97553635,0.23720455,0.8763218,0.96077347,-0.108198166,-1.3847523,0.87430096,0.37779808
HSDL2,-0.20750046,-0.09680843,0.65468884,-0.15446854,-0.330719,0.3719139,0.28562164,0.13288498,0.20736885
NCBP1,0.09087181,0.055555344,0.31267548,0.02291298,0.15497684,0.33488083,0.08071327,0.29547977,0.665802
PLA2G4C,2.3560529,2.6553435,1.6046071,1.7511525,2.1413202,1.1668582,-0.019249916,2.6526132,1.1082335
PLA2G4A,-0.7610874,-1.5081706,0.29971838,-1.9703941,-0.9503207,-1.389638,0.2591343,-0.7626209,-0.812315
ARHGAP27P2,-0.10961723,0.0740366,-0.39399147,-0.011940002,0.02248478,0.45365906,1.0461578,-0.6574354,0.8557701
MASTL,1.242526,1.6022797,1.3335285,2.1038256,1.4613771,0.9693608,2.1583662,1.8057404,0.25719452
SSTR2,4.1342597,3.4713883,4.004601,3.6721163,3.3346076,4.9365478,2.9172525,3.8262362,3.616191
SSTR3,0.16199207,-0.5408106,-0.16353512,-0.29528522,0.22359848,-1.0275888,1.5550871,-0.70259476,0.842206
VCAN,-4.2049294,-3.7075229,-4.2433214,-3.0280113,-4.311918,-3.698031,-4.608499,-3.5361962,-4.1932263
LMBRD2,-0.29234648,-0.27773476,0.5034957,0.22132778,0.35307312,0.42588997,1.1753826,0.34210014,-0.09504652
NCBP3,-0.0956707,-0.14650106,0.41479683,0.26002598,0.54595184,-0.2940421,0.6784458,0.41720295,0.48644972
ZP3,-1.6170182,-2.1211796,-1.8834968,-3.1356764,-3.2818127,-2.8167596,-0.5281482,-3.054838,-4.209304
HSPA12A-AS1,-0.6633976,-0.44214147,-1.0821993,0.40212393,0.3086052,0.77063656,3.2250323,-0.6533381,-0.6196465
MAT2B,0.4526596,0.5354538,0.60604286,0.496233,0.8187218,0.9297886,0.95529556,0.6678667,0.91630363
SAMHD1,-1.2315245,-1.709826,-0.6157875,-1.7687311,-1.1924238,-1.8486271,-0.6687498,-0.8276043,-2.1945481
PTHLH,1.026835,0.45180225,-1.0754864,0.018102169,1.0205052,0.7415099,2.8730118,-0.6258645,0.1567986
INS,0.064071655,-0.18453074,-0.4275217,-0.54930735,-0.25442076,0.60032654,1.3971257,-0.8700695,-0.03202057
PRTG,-0.26168752,0.032051086,0.5214062,-0.2789706,-0.043889523,0.3804717,2.575224,3.6742558,-1.0890837
CLN3,0.2697258,-0.24351215,0.30946827,-0.5292282,-0.29108715,0.45412827,-0.40204716,0.003501892,-0.3431492
PDLIM2,-2.8782663,-3.0268981,-2.3660502,-4.59969,-3.13571,-3.2801573,-1.8398061,-3.7180216,-3.4815657
SH3TC2,-0.47366786,-0.6869179,-1.4619726,0.7281809,0.05353546,0.5539353,2.8929071,-0.8940735,0.046654105
KTN1-AS1,-2.0132527,-2.0583215,-2.226518,-1.3572792,-1.3051648,-0.867609,2.199874,-0.7298553,0.11131096
PDLIM5,-1.1146126,-0.7987008,-0.45926762,-0.20764542,-0.2632184,-0.74961376,0.82146835,-0.6247549,-0.38727236
WARS2-AS1,0.21512032,0.44619608,-1.3943043,0.44587708,1.113553,-0.85292864,0.29353094,0.37913752,0.36639023
SMNDC1,0.50750446,1.2847528,1.0628767,1.3776102,1.8437023,1.1008539,1.2799616,1.5117407,1.5135489
PDLIM4,1.6636629,0.89086866,1.4267526,0.22102118,0.20475149,1.4665976,1.1326208,0.8040986,1.5638165
MBTPS1,0.14860916,0.20015812,0.28280163,-0.39184952,0.20653439,0.57801056,0.1760664,0.31949425,-0.002241135
R3HDML,0.33539176,0.054120302,-0.6697967,-0.89757216,-0.07822418,0.1850648,1.8437028,0.22425842,-1.2749707
PLA2G2D,0.34533787,0.5002575,-0.35807085,0.17285109,0.3445773,0.22813988,1.9275455,-0.93018913,-0.3165574
PLA2G2E,-0.18397915,0.51076853,0.79232943,0.1942631,0.15658939,0.43839705,2.7491126,-0.9465196,0.3846146
CHURC1,0.60796547,0.7203827,-0.26577282,-0.076627254,-0.10482359,-0.7413902,-3.4796724,1.1434441,-0.54860973
MIIP,0.8856039,1.0995283,0.26069355,0.5446253,1.256979,0.4708948,-0.6583967,1.1402397,0.3868513
MAPK14,-0.23960543,0.02347374,-0.051693916,0.000315,-0.08052921,-0.14909172,-0.3525362,-0.011198044,-0.041671753
U2SURP,-0.003520012,-0.06260967,0.39719105,0.65599155,0.7247124,-0.047862053,0.4627676,0.18136215,0.27154827
MAPK13,-0.37666035,0.22498894,-0.6325531,0.4520216,-0.9982624,-0.91387844,-1.7423162,-0.1627903,-0.12941265
TMEM161B-DT,-0.93869615,-0.78968,0.00408268,-0.0120368,0.37901592,-0.9763398,0.11656618,-0.6112428,-0.54151917
CEP170P1,-0.43467426,-0.47934246,-0.31271744,0.14426327,0.007653713,0.04827547,-0.25832176,0.14066744,0.14069939
NPHS1,-0.9627992,-0.054367065,-0.36962032,1.9163456,0.13535333,1.4672906,2.746162,-0.8237449,0.22475338
CHPT1,-1.6166034,-1.5015087,-1.0689106,-1.3166342,-1.6344042,-1.8950868,-1.386549,-1.0653648,-1.4671922
MBTPS2,-0.29341364,-0.14981937,-0.75755024,0.23774576,0.26354074,-0.46656704,-2.3493652,0.27587223,-0.8309946
RPL32P17,-0.27371788,-0.28476715,-1.5026512,-0.09277153,-0.32245636,-0.30461502,1.4009876,-0.46931648,-0.18447495
PATJ,2.4350126,2.691054,1.0394659,3.8362634,3.018864,0.96291757,3.1152952,3.4077313,1.8921425
SERPINE1,1.0945554,0.49647045,0.71942854,0.39642334,-0.7484355,-0.59339905,0.7018323,0.06558943,0.37792635
BACH1,0.021039963,0.052052498,0.8191509,0.5837928,1.1024143,0.32318342,2.6555133,0.5217562,0.44836044
SOX17,-0.47474706,-0.20741987,0.9431751,0.66492057,0.5434413,1.0029702,3.2981696,-0.36894214,-0.36872482
HENMT1,-1.222805,-1.5277438,-1.0094318,-1.3431683,-1.3748064,-0.9725132,-0.47062588,-1.2925901,-0.91399956
DCANP1,-0.9164171,-0.50041294,-0.23328304,-0.87660336,-0.94717646,0.11181855,1.8299041,-0.66138554,-0.1154356
CLP1,0.30988884,0.45505047,0.8961401,0.3199606,0.047696114,-0.23287821,-1.2283101,0.51011086,0.066150665
DIP2A,-0.5356736,-0.14874077,-0.14519215,-0.28717375,0.15126133,-0.6049299,-1.4521971,0.17270994,-1.6504073
HOXA6,-1.7285528,0.16920233,-1.3518277,-0.6933538,0.850955,-0.24554634,2.0945878,0.2740574,-0.3207016
HOXA5,0.08163071,0.15077305,-0.8644414,-0.567101,-1.2482572,-1.5886967,0.8767719,-0.8856673,-0.13572073
ACOT9,1.994112,2.266304,2.0116034,2.0412693,2.3123732,2.1926994,2.1493473,2.1805735,2.3995285
UNC13C,-0.47870362,-0.1896925,0.23218346,0.5030495,0.5770271,1.0018353,3.2935138,-0.37545156,-0.35028195
ACOT7,0.8984184,0.33842087,0.39834595,-0.08793068,0.001677513,0.2543049,-0.001678467,0.23901176,0.341547
SERPINF1,0.87054825,1.6131849,0.024112701,1.8260555,1.849824,2.1642265,0.9125805,1.292078,1.5201759
LGALS14,3.5222402,3.0396156,1.9469013,0.19675374,2.677081,2.2053044,3.1292186,3.2126112,1.1165838
SYTL5,-0.3066811,-0.08828318,-0.8894806,0.7424339,0.6474602,1.143995,3.48441,-0.29868674,-0.27295846
SYTL3,2.114172,2.7012634,2.1081638,2.441307,2.9138699,2.8202171,1.8688774,2.202918,2.0921001
ZNF529-AS1,0.7344184,0.983685,0.83185387,0.32436657,1.0108547,0.9979148,1.2395697,1.0557265,0.41198683
FCAMR,1.0451622,1.2082677,0.41489697,-0.33584785,0.27322388,1.0613775,0.4895563,0.89183235,0.10470629
NISCH,0.51820374,1.1560831,0.26515198,0.4102249,0.5014572,0.08661461,-0.5430374,1.1042557,-0.2089448
HOXB9,0.8137512,0.054726124,-0.2592442,0.45904946,-0.86546516,0.64570355,2.1723647,0.7699418,0.40948653
FDX2,1.0506372,0.72739697,0.39050102,-0.36111927,-0.07441902,1.1558676,1.8307266,0.65551376,0.3365202
ANOS1,-2.0047364,-3.356223,-1.3425536,-2.7437239,-2.5690656,-2.2131739,0.06190014,-3.5343351,-3.4286647
SERPING1,5.4483185,5.3629923,5.86852,4.764532,5.6532803,6.1619186,7.4369965,5.804886,4.333767
YME1L1,0.43996143,0.69328976,0.9243212,0.32023907,0.91534615,0.8863764,0.699481,0.95654774,0.9050646
HOXB1,-0.10404527,-0.16127086,-0.9903461,0.3032285,0.39648962,0.9844899,3.2966113,-0.5081321,-0.4566012
HOXB8,-0.35721725,-0.094304085,-0.959257,0.7321285,0.66229343,1.10969,4.058057,0.655164,-0.21784663
HOXB7,0.7740383,0.1541872,-1.2057104,0.6315956,0.03321743,-1.1843953,1.7623672,-0.81052685,0.3662777
PRR14,-0.016166687,0.11336994,0.5587139,0.36215973,0.615819,0.491127,-0.10662842,0.45005226,0.423172
ENDOD1,1.6942787,1.3990622,2.5697021,0.73612785,1.2313519,1.8430405,1.6062031,1.6521063,0.98786736
SKA1,-1.1041867,-0.8504123,-0.76438713,-0.09550309,-0.09929192,0.3757074,2.6712918,-1.014465,-0.949359
SKA2,-0.33578968,-0.04637575,-0.81660414,0.5329685,0.02419138,-0.08035946,0.03958273,-0.17294884,0.47281075
INE1,-0.041703224,-0.22995615,0.3726511,0.3323984,1.2328758,-0.8412924,-0.008194923,-0.28233337,0.9324846
KIAA0319L,0.47629166,0.107237816,1.6087475,1.1509438,1.2573462,-0.2834816,0.17443657,0.8285675,1.4091892
HOXC8,0.7099689,-0.115297675,-0.7264439,0.504043,0.60131,1.1777827,3.4850988,-0.32737684,-0.17689496
RREB1,-0.04967022,-0.05295849,-0.4300871,-0.39340305,-0.07231665,0.008705616,-0.57296324,0.13515854,-0.7000041
S100A11,0.3245926,0.47690868,0.24922085,0.22573471,0.45836258,1.0959358,0.6203232,0.33002186,0.6007366
NXNL2,0.038013697,0.6171365,-0.1528995,-0.70827913,0.23210931,-0.30272126,2.0565271,-1.7446578,-0.31350136
ELANE,-0.60938597,-0.62851906,-0.88597393,-2.1665752,-1.3351016,-1.4592779,0.54700136,-1.4546039,-1.833416
S100A10,-1.03582,-0.84368324,-0.19500065,-0.41557884,-0.36063385,-0.4680271,1.032299,-0.5982523,0.101034164
PRR30,0.50820756,0.5130825,0.27023005,-0.062294364,0.127473,0.5336518,2.7765162,0.13732696,0.79376054
MTHFS,1.35322,1.253871,1.0777216,1.48065,1.5953274,1.7448463,2.0356274,1.2877645,2.0635147
NPLOC4,0.6948528,1.0684366,-0.13895702,0.7388096,0.61562157,0.7826824,-1.2839079,1.1342449,0.02883339
TFDP1P3,0.11739588,0.024507523,0.050380707,0.44423962,0.073565006,0.47837305,0.75407124,0.7471261,-0.121825695
TNFSF4,6.370464,6.7298493,5.902226,7.0843673,6.415568,7.0113845,4.888186,6.4478564,7.434015
UNC119,0.38057518,0.4436865,0.21902275,0.49720764,0.29625607,-0.14227295,-1.4165306,0.7281313,0.006231308
RAD17,0.5238919,0.8346591,0.5805044,0.7457676,0.23671198,-0.6193199,-1.3229465,0.72572756,0.26292992
TNFSF8,-0.72390795,-0.034486294,-1.3339162,0.002211571,-1.1337857,-0.29041958,0.28407145,-0.069508076,-1.1285653
SERPINI1,2.336508,1.8090756,3.1460884,2.085395,0.9150109,1.7648356,2.6840007,1.9458077,2.6446235
HOXD3,-0.44641358,-0.19622856,-1.0228682,0.6731286,0.56375,1.0069911,3.3226705,-0.399059,-0.38677526
NCOR1P1,0.5724621,0.5266104,0.83935547,0.52741337,1.2785072,-0.5569415,0.07153702,0.55690193,0.9669037
CLTC,-0.5972824,-0.51725197,-0.53985596,-0.46011543,-0.49703407,-0.42261314,-0.8840275,-0.48042297,-0.3385582
LPCAT1,-0.30474567,0.6304703,-1.2244291,-0.18916464,1.036129,-0.45061922,-2.859304,-0.1201396,-0.21839762
HIF3A,0.46391654,-0.651914,-0.55049324,-0.4652983,3.3557105,0.8744905,2.3676987,-0.9074997,-1.0721325
ING1,0.56173515,0.4945011,0.5085306,0.5156803,0.33887672,0.5681133,-0.45642757,0.34397125,0.5637932
ING4,-0.072244644,-0.004122734,-0.016719818,0.12200737,0.02341652,0.2797413,-0.7691841,-0.0752697,0.38326836
LFNG,-0.113069534,0.25228024,-0.154459,-1.1081882,-0.09847927,0.64962196,1.5074968,-0.7045107,-0.10239792
ING5,0.36314154,0.32651377,-0.41218805,0.4723215,0.8870106,0.6439743,0.39738894,0.82867336,0.7738037
ING2,-0.95338154,-1.1146364,-0.68288994,-0.6298151,-1.7508497,-1.3203173,-0.8229475,-0.804245,-0.8054037
ING3,-0.41494656,-0.17538929,-0.55116653,0.37980366,0.010023117,0.5587282,-0.654871,0.16010189,0.5032644
PIP4P1,0.02726078,0.052963257,0.16156197,0.2350359,-0.20060349,0.3013525,-0.8693085,0.22287655,0.015820503
SERPINB4,-0.29009414,-0.32145858,-0.3028109,0.419909,0.419801,0.990633,3.1901724,-0.50766754,-0.3898139
MIOX,0.3045454,0.7041321,-0.81416035,0.08568859,0.13737059,0.33979273,1.0512094,-0.14554453,-0.28320217
BATF2,3.1589012,2.7132282,3.5748081,2.4336338,3.0233326,3.1719818,2.8322563,2.8805256,2.406229
SERPINB2,-0.7035718,-0.6642971,-1.3139024,-0.6419283,-0.5008664,0.23346853,1.9802928,-1.4607801,-1.1110721
MIOS,-1.2420897,-2.4458761,-1.1023223,-2.101978,-0.52923036,-1.4941344,0.74464536,-2.8773987,-2.9435763
HSBP1,0.16653919,0.17575741,0.14713192,-0.007370949,-0.007785797,0.4796362,2.051978,0.17882442,0.64895153
FCRL3,-0.806286,-1.1236416,-0.5936463,-0.81053245,1.1007688,-0.4847393,1.8258252,-0.2898562,-1.0333246
FCRL4,-0.05036819,0.3020308,0.036821604,0.10336447,0.19105124,1.3910844,2.8482506,-0.753337,0.5412719
TTC3P1,-1.5622377,-1.3266358,-1.4096661,-1.0000448,-1.4478736,-2.2241082,-1.8891454,-0.98913,-1.3153615
PAX4,0.14014292,0.000363,-0.6905136,0.2190628,0.44408703,-0.045314312,1.9363914,-0.3398404,0.021250248
PAX5,0.77234983,0.2508,-0.09261656,0.14139771,0.34924412,1.3315036,2.9245505,-0.3433993,-0.33602226
FLJ42393,-0.59733844,0.62004614,-0.004370213,0.73300266,0.47835255,-2.3681269,-0.0729785,0.77807856,-0.16780901
SERPINB6,-0.3644085,0.063812256,-0.6880541,-0.011116028,-0.34425354,-0.6330261,-1.0684137,0.033270836,-0.84976006
BACE2,-0.30403996,0.36776066,-0.39487505,0.82123613,0.19169807,1.049417,-0.84229136,0.18654537,0.83343506
PAX8,-1.1269801,-0.49156165,0.21416128,0.003213048,-0.12304866,0.34869444,2.727409,-0.8149663,-1.0487223
PAX7,0.59648657,0.3750062,0.42311907,-1.3725352,0.27478266,1.2859321,1.1898675,-0.30247355,-0.46286058
PAX9,0.2222929,0.46461105,-0.7594843,0.3713174,-0.018540382,-0.47196722,1.8467884,-0.9814029,0.1812439
DYRK3-AS1,-0.094142795,0.680097,-0.23772371,0.23909605,0.26318586,0.14489758,2.4503684,-0.6770253,-1.0595253
AHNAK,-1.2547665,-1.1506405,-1.541976,-0.09171486,-0.8438015,-0.73352146,-0.68954086,-0.9466858,-0.7056608
SERPINC1,-1.461602,0.8866136,-0.9674895,-0.58656144,0.6521001,-0.034968376,2.244377,0.81964517,-0.2628138
TM9SF4,-0.29545307,-0.64794827,-0.44583893,-0.35810184,-0.15509701,-0.011973381,0.3318777,-0.5264158,0.008400917
CHRNE,1.4044781,1.8601055,1.6749659,1.2906861,0.6802335,1.8385029,2.0569954,1.6583319,1.2490668
C17orf78,-0.9980195,2.3684871,-1.0144808,0.007810831,0.09725618,2.6633084,2.7656395,-0.80590963,1.0156682
METTL7A,-2.332644,-3.3764787,-1.6149893,-2.95055,-3.0246973,-2.5372882,-1.5232215,-2.978994,-1.5819287
WWOX,-0.5694208,-0.77792454,-0.85662556,-0.90759945,-0.94879436,-0.6600065,-0.060297966,-0.9136753,-0.7088766
SERPIND1,-0.40165597,-0.15698671,-0.1301012,0.5045161,0.7131958,1.1099277,3.2865386,-0.42013264,-0.34486568
ZFTRAF1,0.7883091,1.1400776,0.059824944,0.74196434,0.9383459,1.037365,0.25606632,0.90453243,1.2651825
WWP1,-0.6673193,-0.4055872,-0.46395683,-0.14643955,-0.7508478,-0.31702137,-1.1269941,-0.29325294,-0.18046284
SEPTIN3,0.74460804,-0.22299528,0.057181954,0.14227152,0.022349477,0.48391974,2.8346748,1.081441,-0.91201276
WWP2,0.091566086,0.515131,0.17057037,0.18748951,-0.23615122,-0.5790024,-1.9553552,0.6444435,-0.8307824
SRP68,0.17447662,0.6668024,0.24285221,0.3817196,0.008918762,-0.65812683,-1.4010196,0.7698984,-0.3701477
SEPTIN9,-0.97003365,-1.0348063,-1.1828184,-1.7524452,-1.375783,-0.6490154,-0.9377785,-1.5497513,-1.099474
SEPTIN7,0.033345222,0.055275917,-0.103713036,0.7204714,0.65630627,-0.33904362,-0.63927364,-0.20331383,0.4104185
ADAT2,-2.4855757,-2.557077,-2.9202175,-2.1027126,-2.4453773,-2.7689457,-2.2628345,-2.6991053,-2.3704114
KTN1,-0.38147163,0.04181385,0.11427307,0.36879158,-0.002759934,-0.05439377,-0.018566132,0.11117935,0.40940857
RYBP,0.06775093,0.7665186,0.51051426,0.7515259,0.9079056,0.7926121,0.24286842,0.83837795,0.91659737
INGX,0.39657545,0.40720868,-0.027715445,-0.27741098,1.0500417,0.41175413,1.5842266,0.027715445,0.9499819
LPCAT4,0.32069492,-0.008510113,-0.11582708,-0.26912022,-0.6957936,-0.5572486,-1.3936162,0.18747711,-0.56288195
C17orf67,2.7524161,3.3073287,2.5075536,2.5988193,2.8088412,3.0571322,4.151567,3.312345,2.7915835
LPCAT2,-1.3528309,-2.0609646,-0.43206692,-1.7511554,-2.128878,-1.9196463,-1.5079908,-1.4077168,-2.039178
INHA,0.40361142,0.029056787,-0.036224365,-1.1424583,-0.49287605,-0.6183429,1.7750037,-0.74988985,-0.023619175
CYB561,-0.19659138,-0.19703484,0.13166428,0.17106915,-0.51785564,-0.00562954,0.00562954,0.05209732,-0.35895634
HSPA1B,0.7599535,1.2308321,0.778533,1.0215578,1.8829947,1.4163332,0.11866093,1.1547985,1.8151922
HSPA1A,0.46566296,0.95967865,-0.32885265,0.1905098,0.76427364,-0.41545677,-0.7602596,0.65958786,-0.004274368
SEMA5A,-0.21482396,-0.26281393,-1.0263857,0.5176536,0.4669099,0.98959017,3.318682,-0.46770287,-0.44822
CHRM3,-0.46289176,-0.24020457,-0.9836242,0.5068133,0.50636816,1.0271347,3.3305202,1.5460639,-0.36305362
LINC01111,0.037238717,0.27259505,-1.4268684,0.19640851,0.11985123,0.63255525,2.88454,-0.81432843,-0.8335023
ATP8A2,0.0249753,0.5846007,0.79628575,0.5913205,0.711967,1.1381329,3.3713655,-0.27481985,-0.18419707
CHRM4,0.753685,-0.4105096,0.16194177,0.9824488,-0.5753846,-0.28578544,2.2667937,0.22648358,-1.4005542
TUSC1,0.63603115,0.38804817,0.53064823,-0.001204491,0.55655575,0.64311504,1.279212,0.26551533,0.25129795
FABP12,0.40457022,0.012169361,-0.98895776,0.5908114,0.73250294,1.194483,3.4189525,-0.19795191,-0.23547316
PYCARD,-0.62217236,-1.9700584,-0.6970968,-3.087699,-2.5411882,-0.633584,0.76525974,-1.5401678,-1.7387838
LINC01106,-0.03828764,-0.57760334,-0.4837408,0.1158762,-0.54905796,0.09580612,2.5458317,-1.6312554,-0.23345709
SMARCAD1,-0.5596323,-0.005685806,-0.4641199,-0.13234806,-0.45775318,0.044898033,-0.5314865,0.1487608,-0.09666157
TECTA,1.0293143,1.9813007,1.5422579,2.5336623,1.4027576,0.9101192,3.0611386,1.5768042,1.8941908
TPD52,1.312994,1.108046,0.54662895,2.0270033,1.4756026,1.0854278,1.5930347,1.3609533,1.274488
TOR3A,0.502059,0.5209303,0.6199188,0.59471416,0.34846306,-0.088116646,-0.98454237,0.7778349,0.17498064
BIVM,-1.0150609,-1.066793,-0.58304644,-1.0187931,-1.427228,-0.7389207,-1.9559231,-0.44281626,-0.6452918
SEMA6A,0.007549286,-0.23716068,-0.7243657,0.5737014,-0.16118026,0.50977325,2.5943894,-1.4317861,-0.05858326
IGFBP4,0.8197789,0.26867962,1.2946081,1.9736214,0.047621727,1.980341,-0.5842967,0.44629002,1.3656898
MITF,0.069773674,-1.1668205,0.56040287,-1.487771,-1.1396065,-0.06117344,0.5266447,-0.41853523,-0.026270866
CYB561A3,1.0752296,0.5685139,1.5530787,-0.28162384,0.2612505,-0.20552635,-0.39130402,0.6760521,0.18229103
GTF2F2,-0.3492365,-0.4217329,-0.313879,-0.39833164,-0.55928993,0.10387516,0.58441734,-0.18117619,0.05043316
ZNF962P,-0.27421522,0.032643795,-0.1255107,0.80418015,0.22206593,-1.026195,0.5601516,-0.29432154,0.25502396
ADAM9,-1.0251598,-0.76690674,0.06459427,-0.48277855,-0.19462109,-0.97393227,-0.5978756,-0.39132977,-0.6422672
ADAM8,0.5204382,0.90999126,0.009922981,1.6655893,0.7247124,1.2307673,0.029864311,0.6879473,1.9079294
TNIK,0.76200724,-0.73163795,1.521193,-0.4064932,-0.14087963,1.6354084,1.8107867,0.08053398,0.82105446
SEMA7A,3.8383117,4.8603435,2.0337224,6.027826,4.61459,3.6482272,3.230599,4.5413003,4.563209
MINDY3,0.27824688,-0.3606367,1.0234509,-0.49340343,-0.19722366,0.97757435,1.1864882,0.025074005,0.5636244
RTL10,-0.6967907,-0.38903475,-0.93072796,-0.25596476,-0.6187372,-0.79368305,-1.3556385,-0.7174015,-0.6724491
TNKS,0.32869625,0.6567483,0.34191513,1.1041355,0.5102601,0.70918083,-0.65297747,0.79564476,0.75123405
METTL2A,-0.13648033,-0.19620037,0.063797474,-0.21208334,0.14657259,-0.7571254,0.037791252,-0.35605907,-0.26410913
VTCN1,1.0336003,1.485843,-1.1560642,0.002122045,0.0918479,2.0180585,2.9072375,-0.87290025,-0.33552372
RHOBTB1,-2.7378497,-3.7885613,-2.7569556,-5.413227,-4.047296,-4.2167306,-2.2872796,-3.8796182,-3.8804088
ITPRIPL2,1.2967329,1.5002995,0.9968996,1.1386919,1.499588,1.3455229,1.0446405,1.595828,1.4704103
ITPRIPL1,-0.13384962,-0.64983654,-0.04692173,-1.3178988,-0.7569504,-0.21654463,-0.7748084,-0.93631744,-1.8907323
ADAP2,-0.37320995,-0.08006668,-0.12931347,-0.6758127,0.15997887,0.73003864,-0.23756886,-0.13490963,0.056492805
LINC01128,0.06042576,0.76960826,0.34430122,0.092196465,0.7749765,1.8119538,2.678778,0.20579386,0.70547557
LINC01126,0.23813152,-0.110871315,-1.2264905,-1.8254161,-0.56257343,0.37115002,0.7403197,-0.22083282,-0.24491692
LINC01127,1.1276379,-0.22172976,1.5239372,-1.3693657,-0.4747615,0.7961178,1.8102884,0.42404127,0.29259443
ATP8B2,2.6103086,2.8995366,3.101821,3.318264,3.4695368,2.8529253,1.8663983,2.9748683,3.0639577
GON4L,0.13200712,0.61174774,0.04422617,0.21456671,-0.15631866,-0.21094847,-1.9674401,0.3737464,-0.16651964
SERINC3,0.095207214,0.014760971,0.22163963,0.041734695,0.29104424,0.42996025,0.62475014,0.16060543,0.2732029
ANKRD33B,8.29548,8.595497,7.2577868,9.397502,8.819603,8.763448,7.0675945,8.32572,9.555268
SYCP2,0.89650536,1.4061809,0.8140273,1.4805193,2.8385367,1.2699692,1.876339,1.5506902,1.1317747
PSD2,-0.5976817,-0.09212971,-0.90296173,0.115219235,0.47847223,1.0590408,3.1899905,-0.389104,-0.33834386
OPA3,0.4490981,0.33556747,0.08533859,-0.000525,0.15659952,1.15308,0.98046875,-0.33264637,0.12483215
PSD4,0.23233986,0.21042919,0.059220314,-0.061203003,-0.63588333,0.14908218,-0.6516628,0.6688404,-0.31736183
PSD3,1.1463122,2.808486,2.2200375,2.2386913,2.576908,1.5556345,1.0221462,2.591259,1.7571201
HYDIN,0.838747,0.4700706,0.2377696,0.607723,0.78855824,1.2159323,3.4548497,-0.1665268,-0.23168558
ELAC1,0.14715672,0.18353939,0.53400326,0.4284296,0.27567196,0.15585232,0.80063915,0.4899416,0.8213663
RTN4RL2,-0.26020288,-0.30458975,-1.321733,-0.8839736,-0.2871151,-0.009035587,0.78761864,-1.0072498,-0.54060173
TBX18-AS1,-0.9428056,0.8397596,0.56241655,0.01403296,0.7381129,0.57105017,2.93086,-0.6165794,0.10187769
NIPSNAP2,-0.6243763,-0.53305817,-0.27847195,-0.34789658,-0.8293123,-1.3160262,-0.39766598,-0.3729391,-0.32569695
PTP4A1,0.15163326,-0.09841967,1.2262206,0.0806303,0.40458393,0.6055174,0.8292804,1.3349786,-0.19314861
TNMD,-0.18425465,0.13294697,-0.888958,0.684044,0.8489187,1.3132448,3.5174754,-0.078535676,-0.12751555
DMRTA1,-0.5506259,0.1742208,-0.70799303,0.2784487,0.45761,0.8986212,3.1252646,0.362409,-0.5617603
RPL37A,-0.2286892,-0.54405594,-1.3147287,-0.24543,-0.16075706,-0.42554665,2.3279438,-0.91349506,0.34696198
SEMA3C,-0.2304411,0.09082985,1.1843557,0.673151,0.8836112,-0.121501446,-0.5177522,0.71781826,0.9769187
UNC93B1,0.9172659,0.9986,0.66079426,0.33098125,0.6036129,1.0468531,-0.6047373,0.940155,0.036286354
SEMA3D,-0.481287,-0.21554375,-0.49402523,2.2066903,0.51375437,0.9696698,3.2443752,-0.42308843,-0.46145868
RPL36A,-0.677032,-1.1294413,-0.5578041,0.08525133,-0.8847618,-1.7854254,1.1934175,-0.25301695,-0.16772175
SEMA3E,-0.39676595,-0.15553635,-0.94062734,0.6408148,1.1939259,3.0551147,3.4027634,0.8157697,-0.29682326
SEMA3F,-0.5121497,-0.2878945,-1.0532136,1.0942752,0.45278978,0.960809,3.3003523,-0.10811734,-0.45783842
UNC93B7,0.9850254,1.2516661,0.6348467,0.62708473,0.6887598,0.49105835,-1.5732822,1.3726625,-0.37232018
GOLGA8EP,0.3652978,0.39928007,0.013358116,1.1606388,1.0871353,-0.39208126,-1.9011955,0.61335087,0.033647537
LINC02411,1.4405481,-0.09247196,-0.8746015,0.6446787,0.6737119,1.1093594,3.4136362,-0.27214468,-0.3050974
SEMA4A,1.1835785,1.8410597,1.5238323,1.2411861,1.637043,0.9920273,-0.33401394,1.938487,0.44835472
SEMA4D,0.544662,0.7959933,1.7860508,0.22331381,-0.060162544,0.85968924,-1.084486,1.928956,0.2850976
SEMA4C,0.16104412,0.43217468,0.926877,1.5932808,-0.20942259,0.521307,1.3622818,0.000514,1.2212334
ADRM1,0.31098175,0.23960972,0.21495628,-0.05281639,0.17334461,0.4623947,-0.6129265,0.38434696,-0.1704483
CFLAR,2.386036,3.0495281,2.9445238,3.27524,3.154727,2.059744,1.1300316,3.1419888,2.785469
CDC42BPA,1.4273233,2.1883602,1.3381796,1.9330163,1.4592471,1.8074827,1.2855415,2.0763035,1.7509913
TPCN2,0.56075096,0.58140564,0.24445248,-0.1043396,-0.16354942,0.07519913,-1.7521138,0.8616781,-0.0241642
RAD51,0.018768787,0.5147104,-0.3271203,1.003303,0.70577,0.24698114,-0.05128622,0.34592533,1.2953544
SH3D21,0.25518227,-0.00893116,-1.0675182,0.12892342,0.08168888,-0.514555,1.2794075,-0.73233604,0.3319168
CROCC,-0.446702,0.2839656,-0.099892616,0.06698084,0.5989413,-0.059397697,1.955534,0.042362213,-0.04046583
ESF1,-0.07794857,-0.79381895,-0.09956455,-0.44283676,-0.46284056,-0.4439559,0.28270245,-0.6712799,-0.19371128
SLC24A5,-0.5602336,-0.032335043,-1.1154101,0.5448916,0.42001677,0.90144086,3.265613,-0.5337091,-0.50046754
TP53RK,-0.34705114,-0.5490875,0.20337963,-0.21231985,-0.25080872,-0.20483351,-0.42517138,0.24860382,0.005289078
DNM1P51,-0.8118812,1.0607643,-1.2646674,0.056712627,0.12552285,0.7091539,3.0264554,-0.22401392,-0.72590786
DPH3P1,1.7095575,2.366809,1.9950619,2.4523668,2.5556726,1.5499468,2.751134,2.373519,2.286788
ANTXR1,-0.99513286,-0.70585644,-1.3566304,-0.16676569,-0.016593337,0.57646406,2.856484,-0.9113977,-0.8106624
SOGA1,-0.10390568,-0.011294365,-0.5072222,0.07701683,-0.03458023,-0.03132248,-0.25958633,-0.3871956,0.15966415
DPF1,1.1193852,-0.3847549,1.1432915,1.5612626,0.36633444,1.9389861,3.1191752,1.3495333,-0.57737845
CHAC1,2.7270432,3.3578358,1.8570833,3.3329277,3.0229235,3.695736,2.7521439,3.0107327,3.1658173
TNS3,0.4587698,0.005711556,0.54531956,-0.7276411,-0.6704197,0.15181255,-1.0996046,0.23992538,-0.07294369
RPS7P3,-0.35036469,-0.316988,-1.0930023,-0.26208496,-0.17290688,-0.2117424,1.0867386,-0.6474905,0.09451294
SKP1,-0.012436867,0.10046196,0.36107254,0.26343155,0.33036137,0.05513382,1.1525536,0.3657732,0.36998558
CMC4,-0.0308609,-0.082611084,0.32373142,-0.41103554,0.037935257,0.27462006,0.60300636,-0.00056,0.18525696
SLC6A13,1.473136,0.5570297,-0.041606903,-1.2066777,0.81506777,0.19484186,0.017709255,0.26724005,1.0247598
PSG1,-0.34059894,-0.11725569,-0.8331324,0.583583,0.6079993,1.1670747,3.4849503,-0.3094685,-0.28849167
EBF4,1.7856331,2.1256466,0.46708107,1.9796104,3.344967,1.707592,0.9515419,1.5909548,0.8569832
RUNX2,1.778122,2.6546488,1.6816349,2.9820595,3.533988,1.647028,2.1812906,3.000802,2.183939
ZPBP,0.7420218,-0.86913466,1.6228442,0.20827651,-0.19044328,0.22346139,2.4873695,-1.1577122,0.08625531
RUNX1,0.02909851,-0.25999832,0.2450018,-0.7257557,-0.035830498,0.03633499,0.13617134,-0.07727337,-0.029006958
PSG9,1.11609,-0.1123265,0.23012161,0.57341254,2.4865866,1.0782573,3.3662484,-0.329481,-0.3192191
PSG8,-0.018414974,0.2960801,-0.08643532,-0.21259236,-0.71973705,-0.5058863,0.46553183,0.461998,0.090278625
PLPP6,0.261106,0.35035944,1.0270209,0.71683455,0.4261546,0.7379737,0.58695555,0.42746115,0.46525717
MARF1,-0.043907166,0.47266865,-0.14861298,0.33104324,0.7910557,0.19943619,0.10712242,0.4687376,0.14068222
PLPP3,-0.8479972,-2.4465928,0.48478317,-2.403635,-2.9172602,-0.47089767,0.71883583,-1.683567,-1.2321768
ALDH7A1,-2.3115792,-1.6390657,-2.3889976,-2.7528539,-2.9478106,-1.9724555,-2.0605602,-1.8547907,-2.0559554
PLPP1,1.5294652,2.429339,0.7011037,2.7978864,1.4881387,1.8906064,-0.01342392,2.0879617,2.4912515
RWDD2B,0.87894154,0.30548143,0.74935293,1.3452363,0.011744499,1.4722486,-0.012269974,0.78605604,1.6596665
LMAN2L,0.83122253,1.1278839,0.67092514,0.3841095,0.6811943,1.0682487,0.5298004,1.2992706,0.59013367
LINC01095,2.866447,2.0801086,3.1410112,2.442348,0.87733793,3.1556358,5.1375294,2.2763467,1.8800211
EBI3,7.604574,7.411256,6.07415,8.56888,7.31917,8.334862,6.384775,7.1794376,8.818926
PTDSS1,-0.6008167,-0.82305527,-0.40023708,-1.0309391,-1.2161732,-0.20869255,-0.95415115,-0.78562164,-0.72262764
DPH1,0.41069794,0.18572903,0.21871376,0.19998169,0.27523804,0.5484867,1.0825443,0.20887661,0.3879013
DPH2,-0.7306771,-1.0473833,-0.88449764,-1.0316653,-1.8202219,-0.6200676,-2.0995765,-0.7169156,-0.6583948
DPH3,0.59706306,1.3104801,0.678525,1.5295277,0.91162014,1.2612534,0.5927353,1.3817024,0.90377617
DPH7,-0.033689022,0.069414616,-0.25399065,-0.08117151,0.010812759,-0.9163847,-0.16373158,0.18914747,-0.55140543
IGKV6-21,-0.43883365,-0.17621881,-0.7933397,0.40906632,0.54376507,1.0792726,3.3537374,-0.29233658,1.358091
FMO9P,0.6193763,-0.32932007,1.0282518,0.31460905,0.40419638,0.8499218,3.4129171,-0.5234685,-0.34879506
SRPK3,0.47220898,0.4202237,0.13174105,0.19601607,0.7528696,0.72665405,2.9089732,-0.048806667,0.16395521
TMEM50B,0.67047024,0.756423,1.285037,0.7674818,0.97408676,0.42208195,1.7935781,1.1648521,0.5855894
AMMECR1,0.0888114,0.49808693,-0.26105213,1.3774657,0.8572159,0.35817528,-0.69175196,0.103113174,0.62418795
NOTCH2NLC,-1.0560989,-0.7502289,-0.8317013,-0.07947588,0.07815075,-1.8539457,-0.78015757,-0.7944703,-2.11342
TMSB4XP4,-0.016145706,0.427536,-0.7996845,-0.06863785,1.0744133,-0.89484787,2.6339645,-0.052928925,-0.2632799
MARCO,-4.6977158,-5.147232,-3.0317068,-6.7587457,-5.983811,-4.0577183,-2.0613842,-3.842391,-5.468401
GPAA1P1,-0.73318577,-0.61386347,-1.2603698,-1.0538983,-0.53188324,-1.6581154,-1.4145703,-0.5486369,-1.9413209
RYR1,1.3929462,0.8439951,1.9362736,-0.17630816,-0.46601868,1.8256245,0.7520795,1.0240078,0.3167839
LINC02363,-0.50455594,-0.36957645,1.1831801,-1.1070232,0.033124447,-0.65567803,1.6495445,-0.031407356,0.41206813
ZMYM1,-0.5272231,-0.4433775,-0.007500649,-0.40834427,-0.09168291,-0.39536667,-0.42080975,-0.21006012,-0.38329315
EPB41L4A,1.6719699,2.269776,2.0697427,1.7478786,1.3894472,2.4503326,4.2460403,2.4639144,0.6988411
ZMYM2,-0.879509,-0.5328369,-0.2097168,-0.057785034,0.13714981,-0.94693565,-0.74950504,-0.0635643,-0.6745415
ZMYM4,-0.28311825,-0.054927826,-0.030424118,0.05474949,-0.089811325,0.28052807,-0.26453018,0.058873177,0.481637
NKIRAS1,0.072182655,0.5062599,1.20751,0.9248328,0.15307951,0.33728027,0.41380072,0.7357421,0.8101139
NKIRAS2,0.9612112,1.1412764,1.2972527,0.88561153,0.8741846,1.3793974,-0.5061655,1.1664581,0.8135233
LINC02359,-0.4919188,-0.24414831,-1.02996,0.5937396,0.49970496,1.0836012,3.3444958,-0.43379343,-0.4091854
CAMLG,-0.17961979,0.39983797,-0.35404015,0.44745827,0.2602172,0.59578705,-0.26404142,0.28341818,0.82824564
RHOH,2.8597627,2.7516103,3.487824,2.3269262,2.7688355,3.3190293,3.765531,3.2024808,2.219245
AP3B1,-0.15700531,0.39869022,-0.14909077,0.012029648,0.23450089,-0.43852615,-0.6789408,0.23405647,-0.71611214
TUBG2,1.2966013,1.4894428,0.6843653,0.6840477,0.9410448,0.15822315,-0.64004993,1.500721,0.32808304
RHOF,3.0567136,3.883965,1.8089423,3.6378598,3.4566464,2.6739812,0.98637056,3.5419307,3.2395787
IL17RD,1.3364887,2.899385,1.42063,2.9283938,3.352088,1.5707619,3.0704274,2.3878055,2.2335525
RHOA,-0.20775127,-0.002795219,-0.096450806,-0.14674664,-0.017687798,-0.0663805,-0.21312809,-0.025115967,-0.14290333
UCHL5,-0.52019024,-0.42005444,-0.13373947,-0.30186558,-0.29395962,-0.92623425,0.16985703,-0.09984493,-0.56753635
CEACAM1,2.815782,2.0800695,3.4255514,1.6462579,1.7030358,3.6590471,5.1837664,2.2193832,2.6112013
NME6,0.5227356,0.57733345,0.37414932,0.48600388,0.42370605,0.37748337,-0.29225922,0.69855213,0.2161026
CEACAM5,-0.46596932,-0.20986736,0.30464935,0.6074623,0.54250526,1.0100698,3.3067777,-0.36902475,-0.34118444
TNNT2,4.517439,4.996829,3.4372053,4.9234543,6.047326,4.848259,3.9207268,5.099951,4.606678
NME9,0.067858696,0.17606449,-1.3698344,0.16294599,-0.4774828,0.37378812,1.1575804,-0.372859,-0.82036304
RHOJ,-0.13345194,-0.29328,-1.1082486,0.5733603,0.45140982,0.9284165,3.247527,-0.5061557,-0.47018832
RHOU,-0.38468647,-0.895978,0.24283314,-1.3079004,-1.3131876,-0.06596851,0.3703413,-0.39676857,-0.98855495
CEACAM8,-0.41343248,-0.61340785,-1.1156949,0.25764894,0.14766109,0.9300084,2.9343803,-0.49347603,-0.87262434
DNASE1L3,-0.9937949,-1.4982252,-0.2933843,-0.7899146,-0.7312206,-0.29718947,1.9417071,-1.6659629,-1.5232105
RHOQ,-0.18010426,-0.13185215,-0.55330896,0.07011104,1.1821575,-0.6509297,1.2646089,-0.1066041,0.27818227
OPRD1,0.583642,1.0144744,0.4148984,0.21665668,0.73840237,-0.24628067,0.12054443,-0.1173687,-0.001091003
UQCR10,0.09437752,0.04871273,-0.22088337,-0.18210983,-0.08726597,0.30360985,2.911623,-0.052168846,0.03388977
RAD54B,-0.15651274,0.06119871,-0.4272852,-0.04647875,-0.22517157,0.000851,-0.000851,0.15016699,0.15539217
PBLD,-0.08878422,0.32673836,0.16983509,1.0351086,0.28744936,0.24577713,-0.7659421,0.2596345,0.4490838
TBL1Y,1.1558437,0.8584719,0.1576519,0.6334858,0.92188835,1.3913097,0.24536514,0.8925381,0.79782295
JHY,0.65277576,0.71701336,1.5206823,1.437016,0.9006219,1.0143294,1.7503633,1.1246891,1.2920585
TBL1X,1.1118021,0.91679,0.15693474,0.5515375,0.68363,1.6178503,-0.49612427,0.9005594,0.86825085
LY6G6E,0.41416097,0.34681416,0.5334933,-0.33581364,-0.4092878,0.04541397,2.3565662,-1.3447194,-0.7775271
ADAD2,0.5112047,0.37687874,0.4315052,-0.7439513,-0.004448414,0.49410248,2.9950504,-0.8205843,0.004448891
IGHV5-78,-0.08533263,-0.2858243,-0.9700309,0.37460232,0.46610975,0.84768224,3.0860457,-0.4881569,-0.56486595
B9D1,-1.5958064,-1.821121,-1.637598,-3.1846852,-2.4237714,-0.8393984,-0.4628253,-2.648065,-3.2744157
ZNF354C,0.00815773,0.037652254,0.06880164,-0.07251978,0.06593323,-0.09165454,1.3133385,-0.6794238,-0.17644835
NALF1,-0.8171685,-0.55908835,0.86410964,0.2565596,0.19482791,0.6554328,2.9633236,-0.21963191,-0.6824791
ARHGAP44,-0.3644811,-0.1320889,1.3436604,0.47978914,0.5832472,1.1748867,3.485958,-0.32083464,-0.2527942
ARHGAP42,-0.5852877,-0.33863384,-1.1006677,0.35277724,0.40821123,0.9056866,3.182226,-0.25879323,-0.41709775
C14orf132,-0.27389205,-0.011449575,-0.8200326,0.70615816,0.737231,1.2090974,3.5094624,-0.18032432,-0.08629948
GHSR,1.0992432,2.7031946,1.1332426,3.645462,2.4620504,3.7840137,2.4789476,1.2917414,4.757267
RAP2C-AS1,0.40743256,0.5680952,1.4797764,0.4132061,1.0004306,0.5179353,-0.37460423,1.04634,0.6043215
LINC00265-2P,0.34714794,0.18355942,0.20202255,0.64709187,0.93787384,0.9445963,0.41166782,-0.006905556,0.061793327
KCTD2,0.23464298,0.5170717,0.11276722,-0.045786858,-0.08857775,0.007658958,-0.4995675,0.33155537,-0.00206089
KCTD3,-1.7287536,-1.5228887,-1.8450756,-0.92187977,-1.1613622,-1.1636167,-1.5722761,-1.3515224,-0.9098463
KCTD4,-0.6633342,-0.45246446,-1.1777964,0.30133343,0.29179764,0.8263943,3.123432,-0.63950336,-0.5852591
KCTD5,0.14906788,0.23547173,0.3363266,-0.027731895,-0.43726158,0.07034016,-1.190422,0.25966644,-0.12244892
DPM1,-0.5529299,-0.7919369,0.24101448,0.20576382,0.266634,-1.1102667,1.633069,-0.17398357,0.13596821
DPM3,0.28909874,-0.30348444,-0.1839943,-0.7488847,-0.13210249,-0.74814606,0.6740761,-0.733058,-0.8607769
BTF3P11,-0.57432556,-0.5208559,-0.76921654,0.10453606,-0.32796764,-0.7825737,-0.70726395,-0.20358276,-0.21456909
TIPRL,0.36666107,0.8030596,0.4146738,0.6315155,0.77189636,0.69872093,1.0632,0.85375977,0.6174698
STEAP1,1.2430253,2.6829462,0.43104315,3.3004723,2.5849075,1.2324514,-0.05014181,2.122058,2.1674652
TMEM59L,-0.5152241,-0.4509381,0.84881616,-0.17432714,0.47220683,0.11189723,3.181506,0.46049213,-0.11959195
ARHGAP19,-0.34102392,-0.014706135,-0.8182087,-0.60401917,0.014951706,0.013103962,-0.9496579,-0.12921906,-0.82646465
ARHGAP17,-0.72854805,-1.4592562,-0.090135574,-1.5062866,-1.2285643,-0.4071045,-0.5276623,-1.1362019,-0.49329567
PALM2AKAP2,3.5767913,3.749322,4.4745545,4.653796,4.1757193,3.6274104,1.6533298,3.905242,4.344008
DPP4,0.2926433,-1.9367636,2.4266539,-1.4901125,-0.90084887,0.63861156,2.9745054,-0.000556,-1.3732568
PDZD2,-1.1842623,1.357753,0.65591145,1.134475,0.7163472,0.28508592,2.6045299,0.116699696,0.2629609
DPP8,-0.6376629,-0.06298208,-0.24675703,-0.28704977,-0.7517557,-1.7308517,-2.8422766,-0.079808235,-1.0407662
DPP9,1.176074,1.7289543,0.91529226,1.5294051,1.778573,0.99896526,-1.556418,2.2588906,0.73038006
MAN2A1,-0.9343896,-0.80844593,-0.61405087,-0.50250053,-0.33694744,-1.516098,-0.5917406,-0.08520508,-0.7950039
MYH10,0.00374341,0.39855146,-0.61643505,-0.41168356,-0.26914597,1.0127382,3.2793937,-0.4952824,-0.7093123
PDZD8,-0.53633547,-0.51873636,-0.7554774,-0.4026146,0.7723584,-2.1294987,-0.03591156,-0.2713685,-1.2562757
MARK3,0.23896217,0.7805691,0.51199913,0.6315365,0.564065,0.1529274,0.58288,0.78407097,0.000669
SMAD2,-0.54846096,-0.4515972,-0.6194372,0.12395191,-0.064602375,-0.033216953,-0.5919366,-0.27949905,0.013391495
SMAD4,-0.22188997,0.002985477,0.66526985,0.6407709,0.7086172,-0.6214633,-0.42807484,0.3478155,-0.34751225
SMAD3,-3.9097764,-4.8402257,-3.0524907,-4.2212324,-4.250701,-3.3142378,-1.8264179,-4.5796123,-4.5368185
ARHGAP29,-0.3468833,0.016026735,-1.1670551,0.4155649,0.70351934,1.7060935,3.2655132,0.9618697,-0.3631134
SMAD9,-0.9829011,-0.71857005,-1.5146736,0.08832848,0.039189816,0.4900062,2.8245494,0.9618361,0.3455435
TDRD7,1.8029938,2.3638163,2.1290722,2.4807358,2.330944,2.2549858,2.085867,2.2978287,2.4672184
SMAD7,1.3406572,1.6843376,1.4988375,1.861249,1.1442146,1.7275991,0.59621334,1.4563093,1.7885771
ARHGAP33,-0.5669646,-0.6016569,-1.7770414,-0.8433552,-1.0893099,0.3935213,-0.32883787,-1.2559757,-1.4410083
RADIL,0.8506968,1.2390206,-0.28163314,0.4723487,1.1642649,0.81389856,2.7306445,-0.88626766,-1.0294945
ULBP2,-1.4483047,1.6937952,-0.9818897,1.2506189,-0.71799064,-0.78605986,1.1586533,1.8757315,0.52715063
ULBP3,-0.55831766,-0.24140012,-1.0664649,0.38000667,0.507226,0.9289224,3.2062738,0.006469727,-0.41558242
PRAC1,-0.38894904,1.0353143,-0.0852344,1.8620839,-0.25694227,1.511091,2.324851,0.9039638,-0.26488543
CRISP1,-0.48067117,-0.21778166,-1.0213978,0.6454575,0.52646625,1.0050474,3.3434668,-0.4037977,-0.39105296
TAS2R9,0.3606279,0.5078597,0.1906724,-0.9351964,0.33751965,0.37282658,0.96211004,-0.5674236,-0.25261927
TAS2R8,0.55141234,-0.93409747,0.3100531,-0.051308393,0.90751696,0.27629805,2.6237721,-1.1295348,-0.7253629
SUMO2P3,-0.13738918,-0.067845345,0.11367035,0.3584261,0.28194618,-0.11163807,0.2056551,0.002085686,0.36584187
CRISP3,-0.31349754,0.20111096,-0.89620876,0.748708,0.7272272,1.1484301,3.3863873,0.2778293,-0.27589083
BDKRB2,-0.95697737,-0.500738,-1.3782208,0.19521141,0.53320026,0.60732126,2.8704762,-0.8592727,-0.5868678
BDKRB1,-0.05537951,-0.13341153,-0.8584511,0.5036925,0.5820563,1.7858968,3.4374125,-0.3294357,0.18370962
MADCAM1,-0.0955112,0.22180796,-0.39666772,-0.1533804,-0.747499,-0.1172874,1.1785259,0.052675247,0.012032747
MAN2C1,-0.4435234,-0.04921627,-1.0951834,-0.35331154,-0.4538412,-0.90680885,-3.4526243,-0.016544342,-1.1423855
PTGIR,1.4225321,2.782135,1.1019592,2.1573992,2.484253,1.381362,0.7962084,2.031726,1.152175
PTGIS,-0.3944702,-0.13867724,-0.7461983,0.45567715,0.57989943,1.1250116,3.4065409,-0.37265027,-0.16553271
DESI1,1.2115936,1.6222534,1.245018,0.62809944,1.1210885,0.063807964,-0.90421104,1.5511742,0.44118357
LMNTD1,-0.3450266,-0.14210874,0.36292887,0.52772605,0.5901048,1.1681678,3.4803686,-0.32986856,-0.25140142
URB1,-0.7365236,-1.0246477,-1.8276954,-0.6025219,-1.2594724,-0.81416225,-0.85366726,-1.255043,-0.9540806
RNU6ATAC27P,0.5250058,-0.0286479,0.92597866,0.15640688,0.44545078,0.0286479,0.13231182,0.42058277,-0.07539129
UACA,-0.61732674,-0.8151984,0.21892977,-0.3832016,-0.6275635,-1.123755,-2.015077,-1.0128078,-0.46172094
PRRG4,2.4158459,2.8124352,2.5098572,3.2776966,3.2667274,2.2959461,1.675992,2.6571035,2.9735641
ERBB2,0.6401782,0.4635706,0.019319057,0.46732187,0.6099572,0.8745136,2.291428,0.37102556,0.6848383
NT5DC3,-3.270999,-2.302919,-2.9685998,-2.553691,-2.9283524,-2.42047,-0.2508421,-1.1806417,-2.3075128
LRIG1,-1.1132703,0.057903767,-1.3965993,0.4871335,-0.078642845,-1.1704483,-1.4503074,-0.16323948,-0.88589287
S1PR1,0.17330456,1.7993689,0.57758236,1.2565603,2.251361,0.1726408,-1.0642066,1.709403,0.87343884
BPNT2,-0.14238453,0.00713253,-0.045292854,-0.40079403,-0.124238014,-0.44126987,-1.2317195,0.25832653,-0.7126703
BPNT1,-0.19556046,-0.30617476,-0.009165764,-0.40131712,-0.42218018,-0.61778927,0.74674845,-0.04224205,0.16795254
RWDD3,-0.02997303,-0.09119606,0.31042004,0.5025492,0.4323511,-0.21978664,0.8971548,-0.051379204,0.32181644
LGI2,-2.8241813,-2.5273309,-3.5752559,-2.0396094,-1.7966425,-1.3898864,0.8151827,-2.7634492,-2.840835
SSBP3P1,-0.017659187,-0.3557248,-0.8587613,-0.025674343,0.5603938,-1.1201959,0.5528903,-0.76276827,-0.4180255
NAP1L3,-0.30224538,-0.017320752,-0.8970169,0.84251463,0.73886096,1.172623,3.4485865,-0.18404472,-0.18606055
NAP1L2,-0.40749282,-0.13685119,0.21827888,0.742867,0.61686707,1.0652678,3.3712778,-0.29349113,-0.29758936
OPRK1,0.28168344,0.229509,-0.45957232,0.683545,0.7274103,1.2141523,3.4825315,-0.06344557,-0.21731484
NAP1L1,1.4159102,1.159956,1.0995541,1.3492765,0.88396263,0.87083673,0.13998222,0.8034549,1.0674233
SGPP2,4.011751,4.244656,4.7062173,4.63558,3.5633345,5.533632,4.7589545,4.7885165,4.572107
NAP1L5,0.6775584,0.6090741,0.40059185,0.887866,-0.48082304,0.116188526,0.5686865,-0.008635044,0.22080898
FMNL3,1.2679162,1.7797084,0.87164736,2.0727258,1.7465892,1.4178853,0.80651855,1.7268271,0.7510152
FMNL2,0.5465832,0.31431484,1.3530416,0.026565552,0.3722105,0.84946823,-0.18440342,0.5709095,0.24950981
XPNPEP1,0.907465,1.4133272,0.79607296,1.3699131,1.4794064,1.077486,-0.16127586,1.2270012,1.033617
XPNPEP2,-0.11926174,0.395957,0.34916973,-1.1603055,-0.17890835,0.917233,0.09313536,-0.597878,-0.7415433
XPNPEP3,-0.6671419,-0.63203955,-0.88001585,-0.11393118,-0.13220549,-0.8804054,-0.87841225,-0.030391216,-1.0352521
SSBP3,-0.014438629,-0.33576488,-0.5761442,-0.5957031,-0.31419277,0.15286255,0.48017693,-0.9262781,-0.66246986
SOX5P1,1.8205011,3.12501,-1.0600014,0.9740505,4.7090387,0.95840955,3.2644439,4.1315384,0.719614
SSBP4,-0.9523897,-1.033803,-0.86703396,-1.4097338,-0.98702717,-1.7548018,-0.80313396,-1.0024967,-1.1921968
ZPR1,1.0131712,1.0058994,0.975688,0.809062,0.7091551,1.1359911,0.5993538,1.2860785,1.1208315
ITSN2,-0.5314388,-0.16903639,-0.5121374,0.39131784,0.26711082,-0.9346523,-0.4147849,-0.13399172,-0.9211416
NUP107,0.2843771,0.21530247,0.7581663,0.6599016,0.6096153,0.4509821,1.1682615,0.4512844,1.0912294
ITSN1,-1.7321258,-2.4779706,-1.0270624,-1.8714557,-1.320231,-1.7970123,-3.8502846,-2.1537538,-1.7605624
TEX44,-0.54480195,-0.2529049,-1.0311458,1.5847547,0.51182556,0.9561982,3.2663047,-0.42964077,-0.45677435
SPINT2,0.7306042,0.9159479,0.3794794,0.99233055,0.3151436,0.9776287,0.7783489,0.7822523,1.1100559
TEX48,-0.4784813,0.0663017,-1.091709,0.5911168,0.47614384,2.1745825,3.2996106,-0.47762275,-0.44578403
SLA2,-0.6847149,0.3996613,-0.27164125,-0.31616855,0.5099826,0.9361758,2.4623752,-0.3388245,0.40911245
ZC3H12C,1.4862156,0.806036,1.2287445,2.0530548,0.9237633,1.9596462,1.8595943,0.8568535,2.2801304
ALKBH5,0.1535368,0.00173378,0.19481373,0.21146107,0.003458023,-0.062039375,-0.8260422,0.34169388,-0.22841549
DPYSL4,-0.70189166,0.20083189,-2.0501256,0.009987831,-2.0910273,-0.33934736,0.38353872,-0.2405734,0.3792448
KIAA1586,-1.0132384,-1.1023088,-0.9333806,0.14424086,0.13241768,-0.5708742,-1.8496451,-0.759954,0.00301981
FAM110C,-0.32477158,0.002577305,-0.7678809,0.6272328,0.74313045,1.1838069,3.4307153,-0.198964,-0.025769591
ALKBH1,0.46724033,0.8830867,0.83952475,0.683444,0.6630883,0.021695137,-2.3462396,1.0810981,0.15526485
DPYSL2,-0.22485161,0.010093689,-0.6624241,-0.10418892,-0.142066,-0.35156822,0.2837696,0.11503029,0.24239922
FGFR1OP2,-0.44112015,-0.30205536,0.40268707,0.071035385,-0.016057968,0.5035248,1.0045033,0.09763527,0.33302116
DPYSL3,-1.4007084,-1.2868941,0.6206541,-0.65527654,-0.7740222,1.0568147,1.9866648,-1.7078618,-1.721494
FAM110B,-0.21687555,-0.18213463,-1.03367,-0.41362047,-0.0504179,-1.602293,-0.8137913,-0.97040606,-1.8745885
ANKFY1,-0.18687916,-0.54712534,0.13704205,-0.29805756,-0.23749352,-0.61628056,0.16004848,-0.2808509,-0.003023148
CKMT1B,-0.5323321,-0.29173386,-1.075054,0.50577927,0.45536077,0.95320344,3.2713525,-0.47106904,-0.4345358
PWWP2A,0.20843697,0.44552898,0.19340038,1.1697521,0.49235153,0.12953949,-1.319797,0.6797619,0.7502365
ALOX15P1,0.56848526,1.2322736,0.49413204,0.017295837,0.63467455,0.19779968,-0.2827387,-0.003842354,0.23880386
FNBP4,-0.08532143,-0.18638515,0.20145988,0.45475006,0.8405676,-0.16758919,0.7397175,0.23094463,0.4166298
HEMK1,0.27864456,0.10020256,0.38638592,0.35889244,-0.1660819,0.49225044,-0.1595192,0.3707428,0.38674927
TEX51,-0.37160283,1.493021,1.1372254,0.52793527,0.6339543,2.5369043,3.4290235,-0.28699088,4.931849
CXADR,0.03922391,-1.3426986,-1.2744408,-0.8020817,0.029997826,0.16618395,3.009078,-1.6843909,-1.7357945
FNBP1,1.2779226,1.8209753,0.691432,2.266488,1.783701,1.1992197,0.16101646,1.2442694,1.8488665
IGHV3-33,-0.49997163,0.24311256,-1.4343262,-0.7140813,-0.03327799,-0.21819901,2.0994415,-1.5667169,-0.5918933
PKD1L1-AS1,-1.0285331,-0.7683927,-1.5596199,0.10394812,0.05223,0.44969344,2.8278475,-0.97184616,-0.94930476
CACNA2D1,-0.3910954,-0.07493448,-0.91338813,0.50053906,0.6840551,1.069428,3.3120933,0.30276775,-0.3606513
KIAA1143P1,-0.56646824,-0.6458521,-0.40901566,0.11178684,-0.107367516,-0.5569315,0.41243267,-0.30750847,-0.31555653
SPINT1,1.9992638,2.2683964,1.7700768,1.5797462,1.513031,2.614418,0.73827934,2.5064077,1.7439938
EWSR1,0.16025734,0.47295666,0.24637985,0.5322876,0.20764065,-0.32461357,-1.1706352,0.32462215,0.05517578
FEZ1,-0.5364426,-0.2747743,1.1481042,0.64032483,0.5631492,0.9257642,3.2167325,-0.44974303,-0.44802666
FEZ2,-0.39842224,-0.24450397,-0.26461506,-0.27887726,0.20712376,-0.23781586,-0.23130798,0.017079353,0.22856522
TXNIP,-0.9391899,-0.7571888,0.913558,-0.6792984,-0.21522617,-1.6329174,1.1504288,-0.3834324,-1.0648098
JTB,0.1538248,0.27126408,0.37064648,-0.10813999,0.07857227,0.15461445,0.10957813,0.4432106,0.031975746
TCEANC2,-0.12652588,-0.18469954,-0.04956484,-0.6835489,-0.16578579,-0.7305889,-1.6954894,0.031779766,-0.37066793
ASPHD2,2.0034142,2.011527,2.8459377,2.0301132,2.0356503,2.056013,1.0533781,2.015746,1.942667
MPPE1,-0.4779091,-0.11606026,0.38582897,0.057502747,0.029912949,0.6571903,0.038597107,0.12352753,-0.0823288
CLOCK,-0.63497066,-0.5825105,0.09293032,0.052773476,-0.105110645,-0.61047554,-0.5239816,-0.26256466,-0.23419094
SLBP,-0.30714607,0.059357643,0.003886223,0.31126213,-0.030387878,-0.16681862,-1.1296234,0.28059387,-0.052646637
SAR1A,-0.20752525,0.18271065,0.56884956,0.4955616,0.25025082,0.24597168,-0.43305588,0.17894363,0.552269
SAR1B,0.8104572,0.77913284,1.1016588,0.6365566,0.95600796,0.94289017,2.3003922,1.0521908,0.31889343
ZC3HAV1,1.6490402,1.8358288,2.1676111,2.1683216,1.6562805,2.4113998,1.3563299,1.9065485,2.553526
TEX28,-0.5925951,-0.39488292,0.14253473,-0.37773728,-0.5047158,0.08637118,2.3759367,0.26883817,0.8734646
PRPSAP1,0.104081154,0.13799286,0.81745625,0.08372784,-0.012229919,0.17765522,-0.030867577,0.15917492,0.097275734
FAM245A,0.650095,-1.0105155,-0.52542067,-0.119409084,0.44744778,0.19939494,2.5296373,-1.2010164,-1.1981498
PRPSAP2,0.36600304,0.6875191,0.66511536,0.80703354,0.3842001,0.111284256,-0.708889,0.6866255,0.16093254
HLCS,-0.16454601,0.24699879,-0.27683544,0.14613056,-0.14942455,0.2569933,-0.692317,0.1874609,0.13070488
MOV10L1,-1.9981523,-1.1626799,0.55627394,-0.8790457,-0.98757195,-0.51540184,1.7649889,-1.907002,-1.8977596
LTA4H,-1.6059818,-1.6737852,-1.4832048,-1.8518066,-1.7253408,-1.3158512,-0.73351383,-1.3243904,-1.2920914
JAG2,-0.77638507,0.9871483,-2.6154218,0.71859074,-0.85223603,-1.1328301,0.53032064,0.52715254,-0.027797699
HEXIM1,1.182476,1.6751566,1.1849594,1.7908688,1.6169252,1.48946,1.0053768,1.4061546,2.1622581
HLA-DRB5,-0.9572544,0.40872192,-1.0515575,-0.43950653,0.5822716,0.45735168,-0.8685951,0.4215088,0.1764698
JUN,0.92938995,1.5865726,1.3770399,1.8172722,1.1804724,1.6846123,2.040779,1.609231,1.351448
CREBBP,0.8871002,1.1547842,0.6137476,0.74404335,1.2168102,0.6862602,0.8165264,0.7614708,0.9814129
BTBD19,0.21666837,0.15173459,0.26074648,-0.34711814,0.31321597,0.8079829,2.9262748,-0.74793124,-0.8158276
JAG1,0.035736084,-0.9737272,0.7650089,-0.039033413,-0.6187506,0.31112432,0.5830951,-0.42444468,0.45740843
HLA-DRB4,-0.06734085,-0.5097103,-0.2198,-0.63225937,0.038373947,-0.08655357,-0.62345505,-0.5413513,-0.15875053
EIF2AK2,2.3310328,2.6295643,2.318696,2.157691,2.647726,2.4103994,2.251811,2.484933,2.2677183
LNPEP,-0.0972414,-0.49020243,-0.4034238,0.38430262,1.5083327,-0.23547411,-1.2833486,-0.7870331,-0.030940533
TEX38,-0.2508819,0.17885947,0.029253006,0.23499298,-0.5317259,-0.73939824,1.5459299,-1.9633269,1.6612511
PBX1,-0.68642026,-0.41872883,-1.3233242,0.30677712,0.31615913,0.8917779,3.0555887,-0.6252109,-0.63722765
FAM111B,-3.5165806,-3.2580645,-4.054571,-2.5336998,-2.5347822,-2.034847,0.2816944,-3.4705098,-3.4577322
FAM111A,-0.30853558,-0.20324898,0.222826,-0.38413143,-0.28908634,-0.8042555,-0.4858446,0.14648438,-0.9611759
AGO4,-0.14004993,0.40591145,-0.5540538,0.035945892,0.35618973,-0.6653166,-1.6885915,0.25251818,-0.4298811
AGO1,-0.19234371,0.003792763,-0.21818447,-0.047125816,-0.20548153,0.18874454,-0.53103256,-0.013094902,-0.10101986
AGO2,-0.20582485,0.2323904,-0.03581333,0.3528452,0.053462982,0.066960335,-0.32854557,0.28586483,-0.019658089
NMT1,-0.04717827,-0.033127785,-0.5652857,0.093717575,-0.14608574,-0.23482704,-0.9796772,-0.6037712,0.5955944
HLA-DRB1,0.15012741,0.12244415,0.37979412,-0.6454258,0.25081253,0.048858643,0.05324936,0.02740097,-0.20321083
CRYBB2P1,1.2547016,1.6062927,1.0836344,1.5928879,1.4981289,0.99317694,1.0902772,1.4123516,1.3533955
NCAPG2,-1.0128279,-0.8586521,-0.61890125,-0.37921858,-0.6266222,-2.502327,-0.41053104,-0.93850756,-0.6623559
CASP10,0.6796527,0.6394582,0.6564479,1.2003369,1.7335639,-0.17455292,1.3644853,0.7295337,0.7239919
JAK2,1.767911,2.0916405,2.3802137,1.9755659,2.3580122,1.8298712,1.0942144,2.1976318,1.4882746
JAK3,1.4788208,1.9046774,0.8191643,1.6486835,2.0519495,2.0704203,1.4003935,1.7309132,1.783287
DUSP4,1.984169,2.263278,1.466939,3.4745274,1.5566349,2.8244457,1.9036846,1.5666809,3.5891895
DUSP2,0.40509033,0.7679758,-0.052856445,0.93787575,-0.53512764,1.0561714,-0.04235649,0.20777512,0.6818981
DUSP3,-0.3083663,-0.68096924,-0.55856514,-0.7260585,-1.0347781,0.37957096,0.33058548,-0.9850316,0.01992464
DUSP1,0.5375147,1.6968842,1.2016716,2.2120485,2.2713308,1.5855246,1.6207838,1.910325,2.323081
TEX14,-1.2589016,-1.0429168,-1.6760088,-0.40518057,0.18911839,0.2643082,2.577045,-1.2386426,-1.1311872
DUSP8,-0.48904943,0.121533394,-0.35565042,0.7046652,-0.12433767,0.25808573,-0.93312263,-0.06966734,0.29641676
DUSP9,-0.16537046,-0.548326,-0.6942663,-0.46093988,-0.1912117,-0.4504285,1.8090334,-0.6394305,-0.13419819
TTC28-AS1,-0.49061108,-0.19239211,0.25167084,0.72084904,0.55592513,1.0022631,3.2929897,-0.36457777,-0.3871299
PLSCR3,-0.90039444,-0.93386555,-1.1217527,-1.1239624,-1.1209192,-0.72442436,-0.40612411,-1.2065134,-0.7098999
SDHAF3,-1.337635,-1.690877,-1.0516167,-1.6377497,-2.4326735,-1.7053084,0.41853046,-1.3156476,-1.4879217
AGPS,-0.31818247,-0.5991459,-0.23407888,0.2718892,-0.063596725,-0.756516,-1.1987433,-0.12469387,0.1036973
CHST1,-1.7639636,0.25034332,-0.8359096,-1.1245916,-0.77650785,-0.66873217,1.6405764,-2.0737088,-1.3864233
CHST4,0.44259596,0.41700792,0.00490427,0.008762836,0.34953022,0.81608915,0.7864866,-0.22309542,0.52160263
SLC18B1,-3.0671349,-3.8367004,-3.2997427,-3.5460358,-3.6734896,-2.4834385,-2.488471,-3.8395581,-3.351265
PAFAH1B2,0.002799988,0.4757414,0.50298214,0.5327835,0.40867138,0.44573593,-0.65657425,0.61421204,0.32225227
PAFAH1B1,0.72401905,1.0467119,0.7829981,1.139966,0.83035374,1.6128416,1.0246258,1.0049553,1.0901518
ECHS1,0.020754814,-0.11233425,-0.72070885,-0.24250698,-0.5151739,0.25279522,-0.44670105,-0.003533363,-0.09150028
URM1,-0.5280347,-0.41003275,-0.7650647,-0.75095177,-0.51911354,-0.3356223,-0.6337905,-0.54669476,-1.4541597
ZC3H12A-DT,2.5915937,1.9393835,3.2488432,0.99784946,1.5632563,3.0444098,2.7115011,2.4636078,1.6168394
SNX32,-0.879427,-0.6041907,-0.28205442,0.24852204,0.15367568,0.5896983,3.896106,-0.76351786,1.6198733
FAM117B,-1.6689541,-2.4264865,-2.8568509,-1.6302929,-2.8344975,-1.653672,0.63811684,-2.0323274,-3.7873464
FAM117A,0.38290977,-0.004764557,-0.08197975,1.0943413,0.04829979,1.3872032,-0.09256077,0.14734173,2.6435509
RIDA,-0.8312168,-1.1943274,0.016813278,-1.3739724,-1.8520646,-0.9095788,0.8885107,-0.78588486,-0.5904398
SNX25,-1.2316799,-0.7590933,-0.039680004,-0.33774948,-0.7539511,-0.42470598,-0.9885764,-0.21841669,-0.44959545
TP53I11,0.19545841,0.88213634,0.09697342,0.7870455,0.03742695,0.24625874,-0.677083,0.6576214,0.10830021
RIC3,-0.42921388,-0.1455378,-0.9230447,1.0097269,0.6176044,1.0640222,3.3686352,-0.32826388,-0.3428889
SLF2,0.2511096,0.3815632,0.68878746,0.16457272,-0.2798643,0.10265875,1.3616362,0.44140482,0.29585934
RIC1,0.1279478,0.5721693,1.0046988,0.45101643,0.38723564,0.17532253,-0.4346323,0.5843229,0.5112543
CKMT1A,1.1740279,-0.56106734,0.6536579,1.2051086,1.2923055,2.415885,2.3327193,-0.47881627,1.3142443
ATAD2,-0.3596549,-0.05592966,0.4406438,0.011464119,-0.14709806,-0.25007534,-0.63130474,0.37348843,0.04147291
MATCAP2,0.031514168,1.3863515,-0.21857822,0.30720103,0.37895334,3.0389223,3.2125936,-0.5679387,-0.14766097
PASD1,-0.3960402,-0.14598024,-0.9485707,0.60020196,0.6043904,1.0867188,3.373874,-0.31356144,-0.24564326
KIR3DL1,1.943644,2.2306824,3.2113328,2.3980865,1.6937914,4.0596085,2.4853659,2.343861,1.9493599
SNX21,-0.46790266,-0.02759695,0.14537525,-0.68164873,-0.35737228,0.34555435,-0.6849737,-0.10940266,-0.25316095
SNX22,-0.70231676,-1.0496392,-0.46550465,-1.5580106,-1.3825526,-0.9893503,-0.89185333,-1.5681558,-1.0743113
KIR3DL3,0.59922266,1.0391526,0.6753502,0.3525076,0.5971246,0.95625114,1.2651787,0.37978268,-0.19828415
SNX20,0.09299421,0.19528627,0.50592804,-0.03669834,0.48056984,0.6843109,1.0891638,-0.02777195,0.16088486
DCBLD1,-0.16354132,0.3525386,0.28240442,0.44753027,0.12615538,0.4618864,-0.064054966,0.7672968,0.08453083
SNX19,0.4311142,1.0135765,1.1308222,0.65657043,0.9261508,0.5978341,1.0661306,1.1776781,0.40413857
CIAPIN1,0.41615677,0.7373886,-0.15356827,0.40154457,0.13525772,0.8520584,0.083221436,0.60765743,0.0862484
AGRN,3.2618542,4.396188,2.7702436,3.209567,3.3948488,3.8847294,1.4562149,4.170396,2.3518581
LGR5,-0.26779073,0.07342613,-0.79301405,0.8474499,0.8238987,1.183863,3.3914137,-0.14915383,-0.25349647
LGR4,-4.7592816,-4.215209,-4.7397966,-4.1710787,-3.0442972,-3.623368,-1.5239406,-5.230351,-4.580472
DPP10-AS1,-0.39936912,-0.19538754,-0.9146247,0.5689423,0.5457766,1.0890691,3.379686,-0.38541096,-0.3402965
ALDH1L1,-0.52407044,0.011508107,0.052882195,1.0345285,0.5370412,1.2743254,3.268098,-0.4087509,-0.45001358
RIF1,0.22812223,0.7371025,0.4714198,1.0152979,1.1121659,-0.13030386,0.08691263,0.9400387,0.20382643
TMEM167A,-0.09755421,-0.22033119,0.28805733,0.17774487,-0.09719658,-0.6741419,0.9687948,-0.058185577,-0.009438515
LY75,4.191329,4.7606153,3.6216135,5.1127462,4.5992994,4.409135,3.344821,4.9046793,4.969329
MAP3K7CL,1.4833479,0.84774446,3.5523934,0.8418212,0.40087175,1.3688211,2.8433647,1.2420931,0.68821716
ALDH1L2,-0.85810924,1.5478663,0.9992788,0.085909724,0.011735559,0.46955037,2.922011,-0.30122328,-0.8721696
SMG7-AS1,0.007968903,0.28298426,-0.916039,-0.44089985,-0.17379665,1.0511503,1.2247734,-0.82385397,0.21650982
KMT5B,-0.5494695,0.004430771,-0.5047693,0.5144353,-0.003937244,-1.005518,-0.9360218,0.12160778,-0.04391861
KIR3DX1,1.0097089,0.87148595,-0.8974426,0.31766593,0.42011404,0.98739314,3.2916608,-0.51766956,-0.34146607
EIF2S3B,-0.6869488,-0.6759434,-1.7884083,-0.07032013,0.29817677,-1.6947699,-1.3314047,-0.7349014,-0.30970764
ATP11B,0.61851597,0.8545189,0.85688496,0.8385396,1.021409,1.1498632,0.72594786,1.0582638,0.40699863
ATP11A,-0.7328119,-0.58866215,-0.39645863,-0.54547024,0.005639076,-0.86846447,-0.4669857,-0.25791168,-0.5869303
LY6D,-0.31200504,0.45925283,-0.38405704,-0.32044697,0.01888895,0.64040375,1.3650212,0.56415224,1.0013862
SRSF3,-0.6326847,-0.40711975,-0.610034,-0.16117859,-0.081438065,-0.6774082,0.72328377,-0.22349072,-0.07860947
SRSF4,0.1289463,0.27500916,0.9881058,0.43359566,0.39335442,0.8232937,0.42820168,0.65364647,0.6185837
PTPRCAP,-0.30258465,-0.33618832,-0.4572196,-0.79410696,-0.06739044,1.2065463,0.08599615,-0.43871832,-0.51100254
SRSF6,-1.5729089,-1.6152558,-2.0748801,-1.2298756,-1.4840255,-2.0561419,-3.3899622,-1.769979,-1.1112733
LY6H,-0.14305472,-0.004572392,0.15086436,0.64042735,0.56980395,1.0238168,3.3331676,-0.36819017,-0.3839383
SRSF9,-0.7352295,-0.8876648,-0.3718748,-0.71998787,-0.36762714,-1.5258312,-0.29691982,-0.6665554,-0.760479
LY6E,3.5036898,3.6904097,3.9114923,3.0455732,3.7985687,3.0592508,2.6660624,3.9708214,2.3533278
KMT2E,-0.093076706,0.18196774,0.22659206,0.2175827,0.31978893,0.28056908,0.5429001,0.32803917,0.27524376
KMT2A,0.8246012,1.6478963,-0.044319153,2.0882215,1.7845421,0.30672932,0.005496025,1.5299983,0.61607695
KMT2C,-0.3324566,0.15222216,-0.67349434,0.3352356,0.16401291,0.15937233,-1.169714,0.000724,-0.3463664
LY96,0.12408638,-0.048235893,-0.23456192,-0.3458748,0.18080139,0.54460716,2.0144615,-0.082912445,0.26493835
CREBL2,-0.6779337,-0.577301,0.121767044,-0.26310444,-0.7687216,-0.41178608,0.3176756,-0.054920197,-0.6734972
PKMYT1,0.017161846,-0.011106014,-0.93853617,-1.0874414,-0.41094875,-0.81437016,0.26163387,-1.0019202,-0.847312
ARL17B,1.2720857,0.38507748,0.72045517,0.90601206,0.5387411,0.3381362,0.19737339,0.37107182,0.49368668
ARL17A,2.5940847,0.0020051,-0.16464472,0.9983883,0.62289476,-0.13141918,0.95257425,-0.14062643,0.73528004
AMDHD2,0.3794117,-0.13912868,-0.21147728,-0.35842276,-0.6628394,-0.78388596,-1.3691864,0.3248787,-0.69421196
TNFRSF17,-0.46327174,-0.1475879,-1.0291941,0.4921726,0.5834285,1.0392088,3.2862272,-0.20691109,-0.33174598
TNFRSF14,0.35798264,0.3451395,-0.060465813,-0.000507,0.07732296,0.7144947,-0.088186264,0.40908813,0.5201664
KRTAP4-2,-1.0822675,-1.0999303,0.3041358,0.9684081,-0.3800919,-0.05142474,2.0515215,-0.6322422,-0.36529708
KDSR,-0.011976242,0.08785534,0.7265272,0.5403919,0.39497375,0.18515015,-0.17108154,0.14073181,0.18559647
IP6K1,-0.11286163,0.24044609,-0.003182411,0.5331621,0.5434818,0.5256729,-0.99065495,0.08187103,-0.052160263
SAC3D1,0.32551003,0.69516087,-0.6376209,0.07474136,0.5298853,0.5374031,-0.31468964,0.38878536,0.21800613
GRIA3,-0.4253667,-0.1825375,-1.0658069,0.51692545,0.5765276,1.0090039,3.3017735,0.8094504,-0.3909821
IP6K3,0.10627937,0.053509474,1.2180567,-0.65743446,-1.0243438,-0.66000724,1.5679021,-1.5214483,-0.06577039
GRIA4,-1.8054214,-0.5393133,-2.0389488,-1.7500496,-0.59405327,-1.2800958,1.0228581,-0.8553529,-2.715978
IFNA21,-0.7677758,-0.003962517,-0.74472857,0.71770096,0.35802937,2.0885553,4.938823,0.12318182,0.034311533
KRTAP4-5,0.8920698,0.2782328,0.482584,-1.0167043,-0.17100382,-0.117115736,1.5609603,0.4813702,0.19786501
LY86,-1.8378153,-3.7122507,-1.7155495,-3.0616865,-4.4800434,-1.1353865,-0.32313633,-3.3863382,-2.1850595
BFSP1,0.21301675,0.17085433,0.5055585,-1.5696275,-1.4500617,0.62077737,1.3157048,0.13692498,2.4123545
RHPN1-AS1,-0.24424529,-1.3934844,-0.6409843,-1.8307985,-0.77340317,0.16482282,0.97511744,-1.0305662,-2.7049103
TRIM72,0.8847108,0.577827,-0.70741224,-0.14802647,0.50753546,0.22529554,1.1763902,0.1816063,-0.24383402
IGHV3-66,0.89395297,-0.5176101,-1.0364687,0.1917336,0.23153162,0.67308295,2.9775782,-0.68990445,-0.5732045
ZBTB20-AS1,0.37713695,0.5072839,1.0337496,-0.30993176,0.36753178,0.002274513,2.304277,-0.6505884,-1.3622375
PTEN,0.5317631,0.8791828,0.61069393,0.6376152,0.54463196,0.76368904,0.33511353,0.76801777,1.1250343
ECE1,3.2834463,4.225133,3.1258059,4.006028,3.4904156,3.0302973,1.9934282,3.758174,3.4046602
ETFA,-0.16904211,-0.04172373,0.24153233,0.9615092,0.43334675,0.03240013,-0.8475218,0.29185867,0.55708313
ECE2,0.7574111,-0.5930966,0.36657417,0.12513566,0.15622318,0.5994445,2.911571,-0.7622887,-0.6517681
RESF1,-0.68906784,-0.91638565,0.16923618,-0.3522892,-0.024442673,-0.72813797,0.57345295,-0.7670698,-0.1938343
TRIM69,3.5432882,3.979885,3.156764,4.1133223,3.8927631,4.759,3.3941631,3.8737192,4.727706
TRIM65,-0.7471318,-1.1309109,-1.3903022,-0.6745429,-1.0507078,-1.0491796,-0.95348597,-0.7557702,-1.2715011
NKX3-2,-0.29523998,0.001635432,-0.88627446,0.6940534,0.75089645,1.1797639,3.430962,-0.19096935,-0.20046985
NKX3-1,0.18481493,0.32361317,0.30412817,-0.17584276,0.16936255,0.9928098,2.760067,-0.36851835,0.36694622
ZNF880,2.0998964,-2.117252,-0.034030914,1.4535522,-1.2365205,1.2982793,0.32165003,-1.6762812,1.6714029
IGHV3-74,-0.5217221,-0.32123613,-1.5005381,-0.4098668,0.66376257,-0.26152682,2.3940444,-0.5386708,-0.7746879
GRID1,-0.3882985,-0.17292601,-0.9012532,0.5666945,0.5727385,1.1031443,3.399064,-0.3577658,-0.2951303
TNFRSF18,3.8730392,4.0892954,3.7122736,1.9092984,2.0204158,3.487793,3.697855,4.541833,1.9938822
TNFRSF19,0.089194775,0.09878135,-0.3822174,0.80329084,0.6539755,1.0292761,3.3656726,-0.24985886,-0.05231619
TNFRSF1B,0.2809267,0.1496172,0.4567747,0.12465668,0.54798794,-0.4694829,-1.008048,0.15281868,-0.17289543
ARFGAP3,0.02118206,-0.031188011,0.86292076,-0.10343647,-0.02865696,0.4508028,-0.010050774,-0.039805412,0.26441288
ARFGAP1,0.00549221,0.9537401,-0.2933321,0.2441907,0.22327185,0.62433386,-0.36370945,0.70309305,-0.26172256
ARFGAP2,0.016617775,0.57801056,0.11033058,0.34318066,0.05928707,-0.60755634,-2.7816062,0.7906952,-0.34769344
TNFRSF1A,0.009943008,0.24007607,-0.21982098,-0.0000381,0.060832977,0.660696,-0.22703266,0.26453304,-0.12972832
PCCA,-2.5324054,-3.0502706,-2.8177238,-2.6961484,-3.3844967,-1.6578412,-1.9898844,-3.3237724,-1.4857998
SMCR5,0.052230835,0.24062538,-0.5904999,-0.08751869,0.030295372,0.9721775,0.48422813,-0.3241501,0.35873795
TRIM58,1.1112251,-0.76974106,0.62883425,1.4782343,-0.033370018,1.4027019,-0.36178493,-1.9572263,2.0074353
TNFRSF25,-0.039832115,1.1330848,0.007201433,0.03304577,0.7073965,0.7977357,2.57241,0.72102356,1.3339982
ETF1,-0.16894245,0.0799036,0.22879791,0.23283291,-0.016100883,-0.7642126,-0.5952463,0.34849167,-0.038039207
TOP1,0.17121506,0.27606392,1.1047945,0.62495995,0.7132797,-0.07923889,-0.20706272,0.4626112,0.2196083
AGXT,-0.38038933,0.99438906,-1.009442,0.36743844,0.43441033,0.9884739,3.291419,1.7710884,-0.4675309
TRIM55,-0.4948138,-0.2433784,-1.0296401,0.46957064,0.50485635,0.9917753,3.2763712,-0.41669464,0.3765918
TNFRSF21,-2.325098,-3.3031354,-1.8784094,-3.3674626,-4.1385436,-3.0571823,-1.5006542,-3.5903606,-2.938219
SAA3P,-0.5662768,0.9722011,0.8321905,0.15444744,0.086416245,0.67639756,2.9741743,-0.28169882,0.7842026
CANT1,0.3287773,0.97933674,0.3750286,0.7304325,0.07540703,-0.1686554,-1.7002354,1.0493584,-0.12338114
SRSF1,-0.25604153,0.09079552,-0.28897476,0.1636095,0.22766304,-0.54864216,-0.5741968,0.03455162,0.000667
ATP10A,0.962667,1.4905591,0.72754717,0.03376341,0.6212039,0.7786784,0.859941,0.8889184,-0.6278281
PTH2,0.6393852,0.2805686,0.0570755,-0.68301153,0.062325954,1.080349,1.1066017,-0.68319464,1.8777122
ENSG00000267260,-0.85344005,0.58298934,0.14167821,0.08027613,0.09920633,0.64050114,2.918768,1.6269852,-0.31312215
UBQLN1,0.5385189,0.67095137,0.5327506,0.92329407,1.0770359,0.8407011,1.1163716,1.7141647,0.14380169
E2F2,-0.31485748,-0.2709756,-2.1501603,-1.1720414,-0.75092506,-0.96404266,0.60843754,-1.1771641,-0.9244418
TRIM47,0.020382881,-0.65076923,-0.4477892,-1.5522985,-1.5278087,0.56039333,-1.0998678,-0.5678139,-0.6025896
E2F6,0.53001595,0.37704563,0.57236385,0.35759544,0.110393524,1.0931778,0.24544334,0.6401901,0.71953964
UBQLN3,0.040231705,0.001252413,-0.06719184,-0.070077896,0.23737311,-0.26422024,1.7576747,-1.8819,0.1802454
TRIM45,-2.6501224,-2.0635748,-2.2392871,-2.676589,-2.803605,-1.80772,-0.004386425,-0.47131634,-3.5123253
UBQLN2,0.89368916,1.3422842,1.092309,1.4701567,1.1984005,1.5013227,0.53012943,1.4029913,1.2117357
TRIM41,2.1945963,1.3319864,1.1281357,1.3820658,1.6051874,0.777627,0.44499207,0.9128065,1.276164
SMIM10L1,0.2882738,0.12757015,0.08967495,0.04214382,0.2875042,0.47285748,0.047060966,0.49069214,0.41484356
GZMA,0.17457294,0.5715318,-1.4507031,-0.2911334,0.22392702,1.2848783,-1.4441624,0.665823,1.2442346
MAP1LC3B2,-0.036100388,0.4996109,0.86301804,0.008846283,0.67962074,-0.33756256,1.8251381,0.505003,-0.003124237
GZMB,1.5154428,1.0686111,1.7304296,0.08841133,0.7374239,1.7881823,1.9555769,1.3191805,1.7549715
KIAA0232,-0.94199944,-1.0869274,-0.073804855,-0.59594536,-0.29476357,-0.8641548,0.039608,-0.67507267,-0.35970306
TM6SF1,-0.9165573,-1.0280199,-0.20997715,-1.0567489,-0.5836754,-1.4357629,-0.59340954,-0.8617525,-0.757133
TM6SF2,0.3394704,0.828177,-1.1861463,-0.03525448,0.8790488,-0.70758677,2.0586824,-0.5210676,-0.17315865
GZMK,-0.8143258,-0.24999475,-0.8268001,-0.36727476,-0.75963736,0.95217466,0.98043156,-0.58574486,0.704679
DBNDD1,-0.079052925,0.29274797,0.7876456,-0.4194318,-0.40216923,0.9403043,2.3645077,-0.049168587,0.89649487
TRIM39,1.6896915,2.4904184,1.5303125,2.6171188,2.0011463,2.2975101,1.2058029,2.2675982,2.1879082
UBQLNL,0.02000928,1.2385225,1.3355322,2.0521603,1.6861296,1.4776897,0.97053766,1.3055863,1.8865051
TRIM37,-0.33153582,-0.0183959,-0.3921919,-0.7320776,-0.26604939,0.1841054,-0.5113692,-0.35853577,0.29107285
ZNF850,-0.4016142,-1.5943952,-0.52122545,0.08020067,-0.27583647,-1.3077707,0.31591272,-1.184978,-1.2489114
TRIM33,0.6698284,0.8918295,0.8831434,1.3204823,0.88708115,0.32324028,-0.4529276,1.0782824,0.643713
ECI1,1.5016642,1.7230778,0.7465248,1.3360052,1.59797,1.4368353,1.2697725,1.4255972,1.4678297
ICAM3,1.2980165,0.5821619,1.8506241,0.51853085,0.15459156,1.5482473,1.8306475,0.81997013,0.6393995
C16orf89,-0.7913882,-0.5721667,-1.5046977,0.17482698,0.17997265,0.6244986,3.2709472,-0.78021526,-0.7741873
IKZF2,0.12367821,0.19083643,0.22468948,0.7999463,-0.110868454,1.3513103,-1.5432167,0.45243216,1.7201004
C16orf87,-0.3935814,-0.36859322,0.04170227,0.55378914,-0.40784454,-0.003547669,0.18223953,0.09346676,0.2614689
ANPEP,0.53829193,0.8965025,0.12438488,0.27986526,0.25809097,0.5494461,-1.6510334,0.95661163,-0.000809
KDR,-0.19491494,-0.28765738,0.4316466,0.06844163,0.041672945,0.5903704,2.7996993,-0.89218104,-0.6411004
TRIM26,1.7095757,1.7218103,1.4345131,1.6386681,1.7297287,2.1614265,1.1567688,1.5894289,1.8546314
TRIM27,0.35642624,0.46099472,0.48231125,0.01499176,-0.001879692,-0.5055065,-0.63580704,0.19309902,-0.38352776
TRIM22,1.713131,1.6007042,2.4712992,2.009325,1.9937286,2.0074558,1.8301315,1.8476171,1.9524612
TP63,1.8042603,3.5893645,2.1354465,4.4094253,2.335279,3.469811,2.4511013,3.0740728,4.8383875
ARL10,-0.23503828,0.23096299,-0.7398672,-0.12632847,-0.28339434,0.32687712,1.1534371,0.33251858,-0.10996866
ARL14,1.3980517,-0.05213332,-0.83034015,0.44193637,0.64691687,1.147835,3.3565416,-0.27716422,0.6259494
ARL15,-1.0016427,-1.7043324,-0.7515569,-2.1025627,-0.939487,-1.287211,-0.40952492,-0.8935466,-1.1566825
ECH1,0.28845406,0.19029045,0.06944847,0.1293335,-0.30580425,-0.006519318,-0.583478,-0.097328186,0.23125458
TMEM170A,0.83336353,0.96370125,0.65204906,1.2497854,0.98326683,1.6334505,1.5011148,1.2300358,1.4146738
SNHG14,-0.43040156,-0.066381454,-0.9478967,0.47703123,0.6761726,1.0128905,3.2045102,-0.29673064,-0.41994458
SLPI,0.32979488,0.20605087,1.1494498,-0.081478596,-0.052235603,1.9937596,2.9084883,-0.5859885,0.80977345
RIN3,-0.06847191,-0.26926994,-0.5859213,-1.0304928,-0.9858856,-0.19046402,-1.2514429,-0.06019306,-0.8050041
TRIM10,0.939003,0.000669,0.4139409,-0.33683205,0.36896515,0.26120567,1.4059582,0.4607973,0.059051514
RIN2,0.06503534,-1.1861691,0.29238796,-1.6399813,-1.2332735,-1.3685036,0.58440113,-0.97407055,-1.3050504
TP53,-0.20843554,-0.25405884,-0.15253448,-0.63711405,-0.11044836,-0.2426629,-1.9332681,0.045843124,-0.13416958
ROPN1,-0.38806224,-0.18421483,-0.79192317,0.58205605,0.5565095,1.1002202,3.3922696,-0.37478566,-0.058647275
WWC2-AS2,-0.43184233,-0.0994215,-0.16779184,-0.11919451,-0.4952984,0.31616592,-0.29410124,-0.33775568,0.6748018
ACTR3B,0.5937419,0.6449933,0.9344492,1.2899065,1.9195209,0.4905157,-0.4942255,0.55156183,0.5856104
MED12L,-0.3989699,-0.5468495,-1.8285462,-0.30463648,-0.34283984,0.18493605,2.5118632,-0.76933634,-1.2564275
SYNGR1,-0.7113576,-0.94073963,-0.5698166,-2.3042712,-1.0573211,-0.4898963,-0.64278126,-1.4138622,-1.179203
HLTF,-1.5781827,-1.5031037,-0.60582113,-1.02496,-1.9952884,-1.8971329,-0.8485379,-1.1739473,-1.3006649
B4GALNT1,2.0897107,3.4763212,1.3377681,3.2941556,2.3952675,1.6366599,3.0682483,3.15061,2.9082036
B4GALNT3,-1.7199204,-1.4829874,-2.2553492,-0.66445553,-0.7391021,-0.236099,2.1119404,-1.6730413,-1.641006
B4GALNT2,0.23706603,0.32642055,-1.1951467,-0.582808,0.48390746,0.27995753,3.4947333,-1.5637009,-0.2706282
PCK2,1.996563,2.0978508,1.6927853,2.0654316,2.0849037,2.4891853,1.5078583,1.8958693,2.3668785
HARS1,1.7076206,2.1875906,1.3006973,1.9456291,1.9906588,2.2348328,1.0182152,2.0597792,1.5866127
FAM9C,-0.35546076,0.19873416,-0.9493902,0.81074274,0.67290246,1.1195352,3.4230087,-0.23864949,-0.24896252
CNFN,-0.14176178,-0.55801773,-0.72979164,-0.69316673,-0.58381176,0.4393654,1.3036995,-0.8976393,0.02664566
C16orf54,-0.23355961,-1.1477795,-0.19626284,-1.6525755,-1.0117619,-0.58851767,0.04606104,-1.0171809,-0.38173485
PTK2,-1.9749699,-1.7763338,-2.4551506,-0.57387924,-1.8769326,-1.2428083,-0.6172919,-1.4111977,-1.4957204
ZNNT1,-0.32129812,-0.06226492,0.044327736,-1.1704378,-0.48014402,-0.64075947,0.006221771,0.20374393,-0.74626637
MAGI2-AS3,1.9928536,2.8041692,2.8145885,2.1858706,0.75275326,2.728589,3.3624096,3.1376128,2.6278157
UBE2FP1,0.8116417,0.88207054,0.56606865,0.8821068,0.9799547,0.8697243,1.5345325,0.7401905,0.87472725
NDUFAF1,0.20843506,0.15135002,0.13710308,0.014324188,0.32437038,0.13126564,0.3774128,0.30141544,0.18180847
MON1B,0.005502701,-0.021019936,-0.2995186,-0.3693409,-0.08202362,0.4535694,2.4487038,-1.0097733,1.4425774
SPAG17,-0.9983702,-0.6836233,-1.3951311,-0.20700145,0.010243297,0.5850923,2.82641,-0.5459287,-0.86462307
ECM1,-2.7313294,-3.380052,-2.3717995,-4.3404307,-3.6409926,-2.01789,-3.105812,-3.321457,-3.0718508
AP4E1,0.35002232,0.52020645,0.7703409,0.43287992,0.43224716,1.1377211,1.3613343,0.99901676,0.54604244
GRIK1,-0.28636026,0.053525805,-0.7787758,0.6169287,0.7654729,1.2324629,3.4592593,-0.17324269,-0.16488886
KHK,0.044478416,-0.7600546,-0.59110737,-0.87845135,-0.68979836,0.57160664,0.42039204,-1.2240648,0.65705013
HERPUD1,-0.56245995,-0.32336235,-0.6787648,-0.006597042,-0.08680487,-1.1041703,-0.47262287,-0.21132088,-0.08964586
ACTR1A,-0.23764229,0.013922691,-0.39597034,-0.036916733,-0.41509914,0.4453659,0.008914948,-0.21314907,0.121910095
PCM1,-0.18893719,0.061854362,-0.18317127,-0.24392605,-0.29069996,-0.28175068,-1.130765,0.1311903,-0.30360317
NMRK1,0.49580574,0.9446707,0.31583023,0.96124077,1.0494709,0.8596878,0.4167614,1.3487673,0.90426064
CNTRL,-0.1424532,-0.19506693,0.1690793,0.29886484,0.31402063,-0.5653424,-0.9123483,0.47312403,-0.30182838
MCF2L2,-0.3208599,-0.120306075,-0.80338085,0.58273137,0.6135912,1.1848361,3.4981241,-0.30643392,-0.255046
CTTNBP2NL,0.44046593,0.4367895,0.7581625,0.96248627,1.2601671,0.6643162,-0.8823061,0.76863194,1.1306515
TOX4,0.6766186,0.7486334,0.73599625,0.98000145,0.65317917,0.99858665,0.14690018,0.77118015,1.2275944
ANKFN1,-0.4812665,-0.23327291,-1.0174781,0.6111915,0.50975776,1.0017507,3.3619857,-0.4263481,-0.4018758
SLTM,-0.04065323,0.08268833,0.007458687,0.18110085,0.3814106,-0.021112442,0.19631958,0.10130215,0.13234329
KIT,-0.48158622,-0.2119441,-1.0511807,0.5070851,0.5187241,1.1342728,3.2935183,-0.41292357,-0.33223367
AFAP1-AS1,-0.1961391,0.9001415,-2.1539578,1.3488193,0.33162236,-0.694772,3.7327905,-0.1839242,0.68002295
PTMA,-0.7921963,-0.9449291,-0.76154613,-0.97673225,-0.021133423,-1.1736546,0.24972153,-0.778492,-0.6933632
ARHGEF5,2.9508655,1.9791172,3.7851589,2.313935,0.7682235,3.651735,3.160095,2.3605921,2.4947584
ATPAF1,0.17574978,-0.034038544,-0.9755776,0.42492437,-1.0287428,-1.33005,0.9502988,-1.1261101,-0.6084912
OR10D1P,-0.2345916,0.14016962,0.22211862,-0.38474596,-0.4217385,0.027993202,2.3578882,-0.5951741,-0.72248185
AHCY,-1.5379295,-1.6081147,-1.530282,-2.1166992,-2.6124415,-3.0667524,-4.208544,-1.4895258,-2.0356054
GPALPP1,0.006677628,0.019041061,-0.2598114,0.35124826,0.25513887,0.056755066,0.049650192,0.058919907,-0.07255554
NOXO1,0.4344058,0.43925142,0.61566067,3.587037,-0.17849207,3.6067572,2.5452495,-0.00932169,5.0626726
FITM1,0.353518,0.46548748,-0.13349867,-0.45752048,0.23517609,-0.64187694,1.9511867,-0.1259079,-0.49188566
FITM2,-2.0505877,-2.5357685,-2.373993,-3.501997,-2.7651606,-2.1600475,-2.9336772,-2.5897784,-1.9278536
AHSA2P,-1.6394973,-1.5179291,-0.65777683,-0.79229784,-0.61590767,-0.6534147,-0.24855995,-1.2612286,-0.7955394
PCNT,-0.45112514,0.197896,-0.8306446,0.33008957,0.42101574,-0.20958805,-0.9517641,-0.000875,-0.12304878
ELF3-AS1,-0.5277076,-0.30739564,-1.0646528,0.5186013,0.4334278,0.9482918,3.2784503,-0.029611707,-0.4733014
CYP8B1,-0.30124348,-0.0000594,-0.801321,0.6720388,0.7653556,1.1783998,3.4630454,-0.18634081,-0.24295872
YIF1B,-0.2822876,-0.5324755,-1.1429911,-1.0701427,-1.2345333,-0.23926926,-1.5437737,-0.859149,-1.0568027
GRIN1,0.7772052,-0.47786343,-1.825991,0.9398782,1.0286603,1.5364714,2.505079,-1.3005917,1.1237097
RP1L1,-0.6031437,0.01774931,-0.1211977,-1.91507,0.5154338,-1.4036117,2.1068664,-0.29842472,-1.6194096
SEC23IP,-0.22331,0.13903236,0.29775715,0.7255416,0.39237928,-0.42465162,-1.2909689,0.04036188,-0.0905714
SGSM3,-0.30129623,-0.3622427,-0.7563963,-0.49067497,-0.3554592,0.14758873,-0.7668934,-0.7211704,-0.44114304
SGSM2,-0.16063881,0.099313736,-0.9349909,-0.01276207,-0.1971178,-0.4522686,-1.3699508,0.008623123,-0.66767883
ACTR10,0.3349085,0.64807224,0.7215624,0.70652103,0.8111677,-0.083153725,0.37883472,0.7614603,0.12369633
IL18R1,-0.5985495,0.18712735,-0.64205194,0.13879108,0.17407477,1.9094415,2.9568899,0.58999705,-0.37694788
AKR1C6P,-0.29339683,0.018808126,-0.7870139,0.6815028,0.75704134,1.2013385,3.5109806,-0.16818929,-0.009200573
NEK11,1.0091829,1.2200632,1.3434949,1.4300342,-1.1596212,-0.23963714,2.6375246,1.1232705,-0.51467943
PRDM7,-0.001169443,0.19169545,-0.04412055,-0.17442203,-0.82736087,0.73265624,1.5449083,-0.612556,-0.054284334
NUP188,0.24225664,0.28337765,-0.14447212,-0.20424557,-0.48238897,-0.33135557,-1.2549758,0.50039387,-0.48855543
PRDM6,0.28402376,1.2546759,-0.289526,0.24928856,0.6357875,1.8896575,2.9445543,0.39443922,1.13519
PRDM1,2.8203378,3.2140908,3.0130954,3.4997392,3.6832566,3.0586205,3.342987,3.1576996,3.1909757
ETS2,-0.18626976,0.8208332,0.6382599,-0.7467022,1.2766476,0.29937363,1.4168491,0.81405354,-0.28759575
POTEKP,0.044508696,0.66277766,-1.2805073,0.3029728,0.43830574,0.7081158,3.0113862,-0.6869122,-0.5784491
GNPTAB,-0.065639496,-0.20283031,0.6074209,-0.083984375,0.29358768,0.15657997,0.21233368,0.13737965,-0.025945663
LINC00933,-0.94413394,1.9522041,1.2465273,0.018335462,0.037661433,0.56554615,2.8361797,1.4970113,0.46038997
TMOD4,0.12549782,0.3601942,-0.5292201,0.55362225,0.2665615,0.6691785,1.167717,0.2619505,0.9670844
SPINK6,-2.6237755,-2.3555381,-3.0252452,-1.768936,-1.6259949,-0.46325564,1.1521158,-2.577796,-2.3810508
ACOT11,-1.159862,-0.35188484,-1.5102072,-0.95410824,-0.24814034,-1.015739,-1.1589689,-0.64084053,-0.5953064
HNRNPA1P53,-0.87289906,-1.24191,-1.1611805,-0.110980034,-0.257267,-1.5104933,0.18527508,-0.747921,-0.007998467
TMOD2,-0.9193816,0.16904354,0.49157476,0.030631065,-0.29574537,-0.23157215,0.85047865,0.7813711,0.5716944
KMO,0.21672344,-1.3343339,0.7187195,-1.0579901,-1.2393122,0.11910534,0.64789486,-0.9130144,-0.15747166
TRAV34,-0.28578383,-0.014409184,-0.8654016,0.75679815,0.74125886,1.1842955,3.5009427,-0.1715101,-0.10351598
CENPCP1,-0.30537224,-0.18703079,0.10199642,-0.1486454,-0.13007641,0.01022768,0.13518143,0.11285639,0.23657656
SLFN12,-0.1531887,0.22633123,0.60309696,0.4350767,0.08485699,-0.27423286,0.058135033,0.54652023,-0.07380724
LINC00929,0.70170355,0.013908029,-0.88228106,0.66339874,0.73909545,1.1986074,3.471768,-0.20144033,-0.19811916
PCP4,0.23385477,-0.21846199,0.47525167,-0.026977062,-0.27902603,0.48471022,1.5681825,-1.1331997,1.1063771
TYROBP,-0.44993973,-0.77708435,-0.506443,-0.72668076,-0.6430893,0.30129623,1.9719563,-1.0113983,-0.16345024
NDUFB10,-0.014940262,-0.17061996,-0.41094875,-0.3233261,-0.3320551,-0.33732033,1.8125076,0.014523506,-0.38809776
UBA6,0.6126089,0.31996298,0.8458452,1.5014267,0.94767,0.000284,0.3507843,1.0573454,0.100389004
SLC41A2,2.5995808,2.5485888,3.1899328,3.0270786,2.8168507,2.8860474,3.5065975,2.9339008,2.9424095
UBA5,-0.1638031,-0.5797844,-0.55892944,-0.16866589,0.052876472,-0.2130146,0.127141,-0.39238644,0.25214386
SLC41A3,0.13414001,0.22158623,-0.30948067,0.58538437,0.40555573,0.41480446,-0.047534943,0.26898575,0.7555256
GLYAT,0.7248175,-0.038886786,-0.19995522,-1.2587883,-0.19812274,1.1876338,1.933738,-0.31606746,-0.2202034
INAVA,0.3021717,-0.33641386,0.30757022,-0.79678774,-0.5338421,-0.16135025,2.0715938,-1.5165224,-1.420794
CNN2,-1.8037605,-1.6666832,-0.6225519,-1.1727543,-1.278924,-0.96216965,-0.8476715,-1.4328289,-1.2723827
LINC00957,0.24160957,-0.4529686,-0.5979662,-0.77819824,-0.25685787,0.6519222,1.196392,-0.6985855,1.4424038
LINC00958,-0.0875082,0.08283472,-0.4935875,-0.6462436,-0.27286863,0.5137167,0.65582705,-0.6726904,-0.7029624
TCAF1,-0.46519613,-0.19667673,-0.011741161,0.10726166,0.30470705,-1.4133663,0.25640583,-0.0411582,-0.012413979
NUP155,0.21577358,0.65357876,0.11219406,0.43359852,0.10840464,-0.029647827,-1.0604,0.7555027,0.21365976
USB1,0.57284117,0.2935462,0.44017506,0.41815376,0.01148653,0.7236185,0.65764046,0.39014053,-0.008244514
UVSSA,-0.54502106,0.20955372,-0.5795412,0.3111782,-0.44951725,-0.20861053,-1.1093636,0.07259941,-0.33146858
CNTN2,-0.3459862,-0.09671414,-0.8030362,0.58654904,0.61834884,1.1889248,3.4892642,-0.28772283,-0.26879936
UBA1,0.1859808,0.88600445,-0.16873932,0.36008167,0.49450684,-0.56719494,-1.5281839,0.8432255,-0.5548754
CNTN4,-0.26387596,0.03713119,-0.9864868,0.51636016,0.77162814,1.1702347,3.3710923,-0.19999123,-0.2767521
NEDD8P1,-0.38559055,-0.6074753,-1.0105476,-1.0741682,-0.61971855,0.26687717,1.0670271,-0.64034843,-0.5225096
TTC26,0.07535148,-0.7920712,-0.23085022,0.28980923,0.630039,0.058488846,2.2968524,0.33093548,1.5500047
TNFAIP3,3.4922123,4.0564194,3.8759842,4.8385553,4.2875967,4.547268,3.9794064,4.403184,4.387396
TNFAIP1,1.064848,1.5193195,0.7930374,2.028864,1.5049248,1.1303978,0.9699192,1.2994213,1.789896
LTB4R,0.3158927,0.1591897,-0.50613976,-0.115912914,-0.02853632,0.5042186,2.2963543,-0.39163446,0.015885353
LMNB1,2.0521317,2.3990278,1.2057447,2.2535324,2.7481842,1.7467384,2.0409966,2.3614082,2.2466812
LCMT1-AS2,-0.087688446,0.78740335,-0.7215142,-0.07107735,-0.4089346,-0.22309232,1.5183153,-1.5460739,-0.8814497
TTC31,-0.31981707,-0.22459316,0.010763168,0.18406534,-0.15158653,-0.30313635,-0.6453333,0.12060261,-0.40661287
OLIG2,1.4580878,0.5875107,2.2423482,0.23881686,0.20917714,0.7552396,3.0562797,0.8239802,-0.6825297
SYNGR3,2.3883815,4.491396,1.6611333,3.5455275,2.4277754,3.0747519,1.5675001,4.0542717,3.397376
ETV5,-2.775873,-3.5822184,-2.3448877,-3.365696,-3.6653304,-2.4257867,-0.863873,-3.4304936,-3.6151803
OXLD1,0.25128746,-0.04303646,0.016709328,-0.2992897,-0.120121,0.79237366,1.2705746,-0.1985588,0.09403801
ACOX3,0.0461998,1.7350311,0.72939396,1.3245039,0.8036556,1.1648855,1.1632948,1.5420723,1.2674818
CYTH3,-0.75083447,-0.72897387,-0.7482252,-0.64661217,-0.70328283,-0.14167213,-1.2864151,-0.0436368,-1.1667724
CYTH2,-0.05480051,0.21607351,-0.2817979,0.5838256,0.46223593,-0.084579945,-1.2844348,-0.05176401,0.26043558
FOXN3-AS2,1.8856797,-0.38866913,-0.96951115,0.21350145,0.304775,0.8625643,3.1554587,-0.64098084,0.18302524
CAND1,-0.43008614,-0.2253089,0.24636936,-0.49670362,0.1302948,-0.40883303,-0.10823679,0.034927845,0.19499445
CYTH4,-1.0918422,-1.1671376,-0.6161585,-1.7505903,-0.5023546,-2.0375118,-0.07212162,-1.0509496,-2.12323
CNR2,0.10655403,0.38542318,-0.60674095,-0.84321785,-0.0447731,0.15477276,0.9678273,-0.64245415,0.10310507
BNIP1,-0.057659626,-0.3804102,-0.878983,-0.38064528,-0.60942364,-0.80652094,-0.25354576,-0.2327609,-0.65487003
PTK2B,0.8956785,1.4792967,0.9927387,1.1169863,0.82517624,0.964242,-0.37764072,1.5655746,0.51369
PRPS1L1,-0.21810293,0.017848969,-0.21880865,0.16154718,-0.27869463,-0.3930149,-0.436666,-0.44749928,0.15641022
ABRAXAS1P1,-0.18265867,-1.07255,-1.1523793,0.27634144,1.0869458,-0.83010364,1.5192082,-0.5431485,0.3012557
TRDMT1,-0.90356827,-0.85680246,-0.5002036,0.04766798,-1.3612175,-0.49690723,-1.6291404,-0.7831979,-0.3299551
CYTH1,0.90256596,1.0570488,0.73754025,1.5016985,1.660039,1.5103273,0.95336056,1.0208054,1.3869562
TIMM8B,0.1693573,-0.3835516,-0.37954617,-0.39807892,-0.13703918,0.009658814,3.052023,-0.30314922,0.30119896
NIPSNAP3A,0.024898529,0.7428427,-0.5804796,1.2886486,0.490098,-0.29974556,-0.20904541,0.5734997,1.0104389
TTC17,0.020077705,0.41268635,0.15881348,0.7151289,0.35492468,-0.024615288,-0.2419405,0.62494946,0.16425419
LINC00905,0.8894887,0.35740614,-0.0712316,0.073684454,0.09690869,0.53408074,2.795084,-0.8463261,0.000665
SMUG1,0.15535021,-0.036322594,0.0092206,-0.4795332,-0.058090687,0.18344355,-1.2799568,-0.0092206,-0.20836401
ERCC4,0.018087864,-0.6992526,0.55509186,-0.47476387,-0.09679079,-0.31471586,1.0986004,0.1649952,0.51231956
POLE2,-0.51497364,-0.21169996,-0.6416731,0.002279759,-0.3220067,-2.160328,0.14011908,-0.9353924,-0.519923
PTX3,-4.0223207,-4.4854355,-3.5809999,-4.3431396,-4.777824,-3.78175,-3.1948643,-4.0976095,-3.418779
GPD1L,-2.5675383,-2.3143368,-2.5387492,-2.779183,-2.4815621,-1.9898219,-2.2690506,-2.2194357,-2.6949196
ERCC6,-1.6407174,0.38477254,0.60930014,0.8625603,-0.18369937,0.17870402,1.9326777,-0.15521097,0.79523396
PI4K2B,1.5056353,2.048975,2.7527275,2.6710615,2.219163,0.9258127,1.4554148,2.3703833,1.6599245
WIPF2,0.42083168,0.5871887,0.7673216,0.784605,0.774251,1.0265026,0.24765968,0.6841459,1.0322018
SLC4A1,-0.4624648,0.15104103,-0.55581796,0.42083788,0.44384646,0.98950744,3.376561,-0.4884696,0.17950046
SMC5,-0.36693668,-0.24710608,-0.1973772,0.59782124,0.28988028,-1.5007293,-0.7791815,-0.14365721,0.1337285
WDR83,-0.004713059,-0.45537186,-0.24231529,-0.8047123,-0.5100479,-0.36046028,-0.20796967,-0.6310768,-0.4821949
SMC6,-0.071071625,0.34558868,0.109111786,0.54003906,0.35584736,-0.30525494,-0.45720434,0.64528847,0.35845184
SLC4A3,0.83753824,0.14435005,-0.2454505,0.17402124,0.8969879,-0.13841248,0.82924557,-0.060616016,-0.28713465
WDR89,-0.26067019,-0.26812315,-0.61065817,-0.05705309,-0.25093412,0.5038419,-0.9919658,-0.099534035,0.25766468
SMC4,0.14998055,-0.098254204,0.13493729,0.72773933,0.23887062,0.18141747,0.17416382,0.19057369,0.095553875
CNST,0.16778946,0.26057243,0.7298317,0.09072685,0.34004784,0.36449814,0.36633015,0.28978252,0.3104515
ZMIZ1,0.3002429,0.3600936,-0.4633484,-0.49469876,0.44099092,0.10889411,1.8256431,-0.72987676,-0.45019746
WDR90,-0.8391676,-0.656456,-1.3893437,-0.9165373,-1.0949864,-1.4250188,-0.037050724,-0.8858242,-1.6417551
ZMIZ2,1.7734213,1.9635563,1.5033054,1.5037355,2.008525,2.6668253,1.1972475,1.4211102,1.9456568
NAMPT,2.233307,2.4811802,2.5643082,2.4383144,2.856001,2.4990177,2.769678,2.5679846,2.5683842
LINC00899,-0.75105107,0.48499835,-1.4771919,-0.02807331,-0.019792914,0.50926363,2.7586975,-0.16374052,-0.9331075
PRSS8,0.4552312,0.35612726,1.411757,-0.22476101,0.50839853,-0.017222881,1.8207612,-0.000145,-0.12180853
LINC00896,-0.24120855,1.2487805,-0.554291,0.4211266,2.6802874,0.48051977,3.8551402,0.0868876,-1.1386164
NUP214,0.13475323,0.42139053,-0.20344734,-0.13345814,0.05433941,-0.107468605,-0.6148348,0.31372643,-0.5817232
NUP210,0.2546196,-0.23377037,0.03001976,-0.28873205,-0.49568176,-0.4072361,-0.6533351,0.31064415,-0.57861376
XAGE1B,0.31399465,-0.2627635,0.016344786,-0.6977694,-0.42638946,1.9879899,2.224594,-1.1897641,-1.3507332
ARMC9,1.6591463,1.8080425,2.0678692,0.10064125,2.1159515,1.174201,0.9500632,2.1413803,0.77453613
ARMC7,-0.11678219,0.12273598,-0.78044605,-0.41116047,-0.32757092,0.3959074,-0.1255331,-0.03566742,-0.49126148
WDR72,-0.5192834,-0.2665928,-1.085655,2.2912352,0.4931047,0.9379437,3.259902,-0.46873868,-0.45580918
ARMC8,0.43162632,0.4252572,0.6962805,1.0430832,0.4741726,0.71746635,1.4083471,0.693655,0.73410416
FAM86EP,0.09162617,-0.006675243,-0.4365368,-0.6477623,-1.1557937,-0.40174103,-0.8220997,-0.38416147,-0.53512526
HCFC1,-0.017551422,-0.12020159,0.3710103,-0.914721,-0.088276386,0.74274683,-0.35635996,-0.24484015,0.28819036
WDR77,-1.8256493,-2.268993,-1.5586157,-1.7212534,-3.0066504,-1.6931319,-2.6826077,-2.1863418,-1.9257755
DEPDC1B,-2.2476096,-1.2311742,-1.2257214,-1.9733253,-1.7396922,-2.481346,-0.194798,-1.621438,-2.2139416
ADCY9,-0.03198719,0.76366854,0.49698448,0.45677423,2.1028032,1.0865254,0.003063202,0.7866025,0.6753411
WDR82,0.6361742,0.7085657,0.92853165,1.1534805,0.90151024,0.90618324,0.2014389,0.9274435,1.2489395
ARMC6,-0.24425316,-0.1751442,-1.4577951,-0.6680012,-0.7544737,0.07858467,-0.28323555,-0.7678337,-0.18003082
PARD3,-1.3920045,0.27116823,-1.5710979,0.13706231,-0.3151574,2.0246158,2.3893876,0.23220134,0.035303116
AKAP17A,-0.21599722,0.6323905,-0.01823473,0.4325261,0.36336923,-0.31897426,1.1335707,0.8725066,0.24748802
RPS20P14,0.07473755,-0.057592392,-0.874938,0.26376343,0.24677086,0.425663,2.3024197,-0.13383293,0.6930847
ARPP19,0.6312008,1.3287668,0.7926922,1.4320278,0.6144924,1.1779137,-1.5709596,1.4549608,1.0063095
PLAC8,0.3527689,-0.424438,2.4845047,-1.3596482,0.39880943,0.87003946,3.821042,0.43699932,-0.10237074
BLOC1S6,-0.123202324,-0.14472485,0.20084,-0.05547428,-0.40703678,-0.6165552,-0.28073025,0.18257809,0.15045261
NCSTN,0.120529175,0.03276348,0.26574707,-0.14746475,0.2760458,1.0646591,0.5528965,-0.024038315,0.22564316
XKRY,-0.26333684,0.030881047,-0.78063464,0.72417223,0.7865578,1.2218994,3.4695716,-0.15019894,-0.04163146
BLOC1S2,0.9383507,0.6156502,1.4187498,0.7564945,1.233182,0.66516685,1.3372135,0.942585,1.0452442
PLAC1,1.4791269,1.2863686,0.7695961,-0.00376606,0.2996769,1.4951794,2.6647654,0.22474647,-0.09015477
HLA-DQA2,1.9675236,-0.05089569,0.23651695,0.8696499,-0.08739567,1.920557,1.1706638,0.21984386,2.0701141
HLA-DQA1,-4.1224566,-0.16756439,1.6020088,-0.5621662,0.8827343,0.89118004,1.8086262,0.002371788,0.63202286
RPL23AP8,-0.9990015,-0.634532,-1.4249687,-0.26826763,-0.72905636,-0.32975674,0.9067488,-0.7841997,-0.2733717
RPL23AP1,-0.6968441,-0.7168026,-1.5861158,-0.3309822,-0.71297455,-0.3459854,0.9698849,-0.6949911,-0.3488922
RPL23AP4,-0.5862293,-0.60496616,-1.3449125,-0.4364109,-0.5539875,-0.3047657,1.1123753,-0.6373472,-0.20291519
WDR54,0.44642258,0.8664999,-0.6452799,1.4756107,0.44764328,0.7505932,-0.081474304,0.42092896,1.1426086
POU6F1,1.7523861,2.6334224,1.6013708,1.9726486,1.8294525,1.7279606,-0.14697552,2.4200206,1.5646696
GPR32P1,-0.7103118,0.5029068,-1.4041839,-0.04993081,0.017428398,0.56629133,2.8493114,-0.5380455,-0.811417
GJB4,1.4407253,0.4942515,0.61206913,-1.1803385,-1.0738924,1.4637299,3.1970334,-0.60622025,2.6869202
ARL2BP,-0.20585918,0.03837967,-0.07378483,-0.10439396,0.059350967,0.065320015,1.1373281,0.13144207,0.4238081
GJB3,-0.47019184,1.069001,-1.0808827,0.7448082,0.5560181,1.0142438,3.271582,-0.38274252,-0.38530302
GJB6,-0.24334443,-0.08419633,-0.6123135,0.124555826,0.3748455,0.70216703,2.965765,-0.6923779,-0.646133
SMG1,0.3653431,0.69042873,0.2233057,0.8734894,1.0117168,-0.37633133,-0.6435785,0.7692032,0.13742828
WDR44,-0.17888403,-0.32564306,0.42897797,0.7307968,0.3540268,0.2869072,-0.44016743,0.19700909,0.66633224
UBL5,0.50337887,0.5476799,-0.34548855,0.311244,0.1554861,0.39132023,3.2150106,0.2539816,0.619874
UBL3,0.19763184,0.41879082,0.9414339,0.7884407,0.6169491,0.2811947,0.8846054,1.0078373,0.08420181
HELLS,-1.5174563,-0.25974035,-1.7714701,1.5428867,-0.21243048,-0.45059276,1.8876178,-0.6928477,0.7200718
WDR33,0.45058942,0.7652297,0.50848484,1.0864019,0.825681,0.34944916,1.5383365,0.883832,0.9840405
GJD3,0.18762589,0.005707741,-0.6339798,-0.005708695,0.05880642,-1.0649261,2.4664574,-0.36315155,0.512743
KIFC2,-0.386281,-0.13306904,-1.188426,-0.17519951,-0.59172344,0.16441822,-0.7946453,-0.3129816,-0.1890049
KIFC1,-2.8935528,-3.4420886,-2.2873447,-1.4667759,-3.2381506,-2.78939,-0.47769594,-3.598062,-0.24272919
LINC00842,-0.25821733,0.010320783,-0.91815984,0.6979505,0.74181247,1.2007241,3.498707,-0.19870293,-0.20041823
AHRR,1.3892326,1.6926479,1.8250799,1.4828987,2.2811909,1.1069794,1.8791504,1.9025488,1.9810886
HLA-DQB2,-2.0049305,-0.014393806,-0.41091633,-0.68797493,0.2108841,-0.17049599,-1.3131838,-0.001601219,-0.060216904
LINC00840,-0.45789218,-0.18187326,-1.0019364,0.7062453,0.56306756,1.0299726,3.3288763,-0.36192048,-0.36298704
HLA-DQB1,-0.7316761,0.24058056,-0.105573654,-0.41009712,0.61177063,0.54647446,-0.2614956,0.16581917,0.30387688
LINC00841,-0.27814996,-0.05648774,-0.9600493,0.7008697,0.6987239,1.1426526,3.4639945,-0.26458466,-0.2521696
ADCY2,0.4373467,0.23359585,0.46965885,0.18255949,-0.67597055,-0.21608996,2.0368147,-0.43223476,0.08029127
SPTY2D1,-0.6412349,-0.4164977,0.083251,-0.010991573,-0.56519413,0.13031912,-2.5726476,-0.46751833,-0.007165432
TRBV7-4,1.1084023,-0.42506742,-1.118794,0.478225,0.40839767,1.7089751,2.8750353,-0.29527354,-0.20236742
ADCY6,-1.0722013,-0.7149544,-1.8095794,-0.77416134,-1.8046961,-2.392626,-0.19324398,-0.4856143,-0.93666077
FGD3,-0.47863197,-1.3116236,-0.27976608,-1.4594359,-1.254498,0.016248703,0.3121457,-0.7298236,-1.3352203
ARFRP1,0.9546442,1.6847658,1.1949387,0.9363413,0.9689789,-0.38611794,-0.06879711,1.6487875,0.25149918
FGD4,-0.889904,-1.792244,-0.2922306,-1.3465767,-1.822835,-0.96492577,-0.8215656,-1.7542877,-0.118658066
FGD6,0.65359306,0.8874321,0.5075636,1.2488346,1.3626089,1.1289024,0.48486137,0.916934,1.4344177
GPAT4,0.3866043,1.0104666,0.03505993,0.8209305,0.64501,-0.59264374,-1.7589235,0.89758205,-0.39489937
UBN2,0.10388088,0.28501463,-0.7738743,0.7645645,0.6817918,0.02683115,0.14270496,0.2690134,0.19034815
ASPDH,1.1163678,0.81802225,-0.29177117,-0.9739419,-0.3590052,1.1164157,2.012435,-1.7497717,-1.1943864
AHSP,0.3273344,-0.1186409,0.10090065,-0.7190895,-0.48937607,-0.17564964,1.9699016,-0.18432188,-0.44846344
SLC17A7,0.24012661,0.15893602,-0.578063,-0.53973246,-0.19632864,0.910409,0.9921274,-0.68630266,0.26867294
GPAT2,-0.199337,-0.42135334,-1.7603407,-1.2370553,-1.4239178,-2.0582738,0.027074814,-0.57163906,-1.3974652
SLC17A4,0.6269083,1.5431767,-1.3671155,0.1413765,0.17700195,-1.4204283,0.98263645,-0.7029052,-0.8298392
WHRN,0.7152848,1.467207,0.89819336,0.28310585,0.29200172,0.52179384,-0.7198148,0.844048,0.3884325
PCGF5,0.9293375,1.6447487,1.5873489,1.6475687,1.87362,1.1936178,1.168314,1.7048302,1.205226
KIDINS220,-0.80980015,-0.83849525,-0.07438564,-0.7286539,-0.5086155,-0.85851765,-0.7381792,-0.5242605,-0.6029806
PBDC1,1.0311441,0.74330616,1.1241226,1.0778761,0.6247282,0.74504757,0.2517376,0.7415676,0.52048016
IGLL1,0.46192122,0.46392584,0.12554264,-0.10351229,0.007876873,0.5072403,-0.2732954,0.65747595,-0.4405775
LINC00869,2.614234,1.9353371,1.2613745,2.6991358,2.6840305,2.0119352,1.4857883,2.1693363,2.190837
MROH2A,-0.5577141,-0.19285035,0.17376399,3.2816656,0.54560065,0.9996946,3.144004,0.88467145,-0.38505054
POGLUT2,-0.8543117,-0.61454153,-1.2700999,-1.506726,-1.2997193,-0.95953274,1.2376795,-0.43956852,-1.0602174
MRE11,-0.9381915,1.2454085,0.3547809,-0.004521012,0.10507953,0.5624976,2.8614128,0.70214224,0.40273786
TPMT,-0.3141861,-0.31181622,0.3364172,-0.18971443,-0.3430271,-1.0306411,-0.80543756,0.18871832,-0.36467505
TMEM179B,0.6328802,0.45143604,0.43449402,0.0887022,0.14470005,0.85486126,-0.07583904,0.7696991,0.31226826
PARK7,-0.4444294,-0.2664194,-0.7895708,-0.44491005,-0.33544922,-0.5206623,0.22157478,-0.29841423,-0.009624481
FGF1,-0.32082462,0.021239161,-1.0874232,0.4958582,0.7215804,1.1888236,3.340979,-0.20095944,-0.2952627
IPO5,-1.249455,-0.800632,-1.7357292,-0.81843376,-0.98333025,-1.6482038,-1.1197162,-0.6838112,-1.8688855
EDC3,0.64969254,0.9898367,-0.018752098,0.7795429,0.34876633,0.8483486,-0.9902983,0.7657623,0.53959846
PPP1CB,-0.47344017,-0.21081066,-0.85619926,-0.29016495,0.26042747,-0.8813648,-0.21066856,-0.27472782,-0.186203
RIMS1,-0.42753017,-0.20231086,-0.9703535,0.6409184,0.5383067,1.0439892,3.3855758,-0.4062305,-0.37357265
PPP1CC,-0.58472633,-0.5140314,-0.23675728,-0.18026924,-0.38701916,-0.8791237,-0.5992851,-0.18686295,-0.6292114
FGF7,-0.2740084,0.031086326,-0.7584622,0.6869273,0.784636,1.2206795,3.4410117,2.6504486,-0.031086326
RIMS4,0.82380486,0.049986362,0.9453063,-0.9517567,-0.18246746,0.24023819,0.8389597,-0.3219242,0.003299713
IPO8,-0.10030365,-0.038942337,-0.49480295,0.020559788,-0.3396144,-0.47640562,-0.62924814,-0.12999392,-1.0729842
IPO9,-0.084681034,-0.32595158,-0.3100958,-0.09708643,0.20783424,-0.025474548,-1.1697578,-0.3216915,0.20428371
FGF9,0.58087873,2.0733628,1.0478969,-0.08406353,1.8060279,1.1523316,1.8702426,1.727942,1.753324
SLC26A11,-0.20852852,-0.84718513,-0.001193047,-1.1764774,-1.248743,-0.5501671,-0.8163338,-0.6631546,-0.4823246
OR13D1,-0.1734693,0.8075955,-0.21816063,-0.007892489,0.00789237,0.5501938,2.8296635,0.89900637,-0.8563609
LARGE1,-1.1092114,-0.29167366,0.21147251,-0.21578503,-0.40241313,-0.5802467,0.60607815,-0.91362286,-2.9192903
POGLUT3,1.3792553,1.9340754,0.938035,1.8641977,1.8797154,0.6920123,1.5058742,2.1573248,0.13357592
LARGE2,-0.12305021,-0.14953661,-0.7983594,-0.39724207,-0.31292915,0.83470535,0.85354376,-0.620605,0.45678806
AP5S1,0.10643959,0.22231007,-0.03189087,0.1757679,0.19771004,0.5602665,0.7131138,0.14910793,0.45916367
CSGALNACT1,-0.6651182,-1.9843597,0.7271042,-1.1654437,-1.2650352,-0.67111015,1.0332956,-0.5084009,-1.6549492
IFNAR2,0.50447273,0.10636282,0.91842556,-0.3631816,0.44995832,0.084041595,-0.67392254,-0.2091279,0.726346
USP7,-0.21795177,0.10652161,-0.4295988,0.2746172,0.044293404,-0.42259502,-1.0934229,0.04421425,-0.17117405
TMEM178A,-0.060535908,-1.064539,1.2768369,-0.25339913,-0.30495036,0.13173532,2.43159,-0.72063005,-0.298913
SWAP70,-0.018465996,0.15879822,0.37720203,1.2513776,1.0857325,0.08368921,0.07879734,0.42442608,0.7142639
CSGALNACT2,-0.3139305,-0.253304,0.36509514,-0.34178686,-0.38344622,-1.0454507,-2.7770696,0.080031395,-1.1305442
USP2,-1.6926514,-1.264221,-1.0014565,-0.7595713,-0.57965565,-0.0956254,1.9232006,-1.4928353,-1.5821233
THOC1,-0.9443121,-0.8348942,-0.90865564,-0.27087831,-0.47890854,-1.3348637,-0.7029338,-0.71685314,-0.9747138
DYRK1A,0.5101056,0.7522149,0.005062103,1.47504,1.9205766,0.4441495,1.7453346,1.4744201,0.66714525
KERA,1.8114765,1.2376099,-0.5731778,0.30394208,0.40797842,1.5202646,4.170681,-0.5489428,-0.4307875
THOC2,-0.29154778,-0.048199654,-0.4822979,0.16251183,-0.014490128,0.13258553,-0.17748833,0.3668661,0.045740128
THOC5,0.31414795,0.8957701,-0.08415222,0.35417747,0.23526382,-0.5783243,-1.189558,0.8191986,-0.8637848
PYGO1,-0.40191233,-0.10827947,-0.95605946,0.80891347,0.6392553,1.0901759,3.3835084,-0.28000784,-0.30107749
MORF4L2,0.13048077,0.6779895,0.22994614,1.097086,0.39591026,0.6504364,0.8051071,0.62862873,0.64710045
SPINT1-AS1,2.0364442,1.5370054,1.9895725,1.5157561,1.2022829,1.985168,4.071623,1.4509616,2.1556034
ERICH6-AS1,-0.082604885,-0.19122219,-1.1851711,1.1116133,-0.3861432,1.565249,0.9932127,-0.42628384,1.151371
OR13C4,0.036460996,0.010912657,1.0865537,0.11276305,0.23533213,0.69592226,2.9411016,-0.69682777,-0.73931074
IPPK,0.45612144,0.48823166,0.79093647,1.1338711,0.7771292,1.00424,1.0884771,0.4353075,1.377964
ZNF792,-0.63005733,-0.13198328,-0.20575428,-0.047338486,-1.2020745,0.08846378,-0.5183587,0.14359713,0.084293365
ZNF790,-0.44478893,-0.78826094,-0.22515488,0.154068,-0.63810396,-0.06717014,0.98800564,-0.45841837,-0.29846144
UBR4,0.63926744,0.73270464,0.49458075,1.2375636,1.3550525,0.25378275,0.3255062,0.63280106,0.37356853
GLT8D2,0.24454641,0.901994,0.90257454,0.55855536,1.6536765,2.6717997,3.1546178,0.81525874,1.2129395
UBR7,-0.7767792,-0.6013346,-0.50572586,-0.46450996,-0.42367744,0.17945671,-1.1333771,-0.39224148,-0.14005852
MAP3K20,-1.1316962,-0.68712616,-1.7584028,-0.8661747,-0.03265381,-1.0291853,-0.97967577,-0.58153343,-0.8975558
MAP3K21,-0.30634427,0.58702993,0.4286933,-0.24680805,0.534585,-0.6653588,0.47505856,0.54407406,-0.09491444
ZNF787,0.35646152,0.31691933,-0.34460735,-0.02788639,0.052890778,0.42747974,-0.007246971,0.11584473,0.3426237
DRD1,-0.2544753,-0.039177775,-0.979759,0.72414505,0.7102816,1.1598792,3.4992526,-0.24564219,-0.2390045
ZNF785,-0.19605732,-0.032016277,-0.30800104,-0.25526428,0.40243387,-0.7965312,-0.7579074,-0.009096623,-0.5277853
FANCI,-1.7418065,-1.3314509,-1.9834323,-1.2181962,-0.19726562,-2.196202,-0.1996808,-1.0426254,-1.4489655
ZNF781,-0.60788655,-0.33623862,-0.29568624,-0.40346122,-0.38436568,-0.1093986,2.1812773,-0.75746596,-0.27386642
OSBPL8,-1.2691541,-1.5670147,-1.2215862,-1.3390355,-1.189311,-1.8131466,-1.0560265,-1.4216475,-2.0783844
OSBPL7,-0.8840177,-0.8084631,-1.3978982,-0.9174788,-1.9277203,-1.490057,0.80221295,-1.1106639,-1.4328449
OSBPL6,1.0201678,1.3083663,0.34374905,1.0341301,0.4986391,0.6866374,2.7754183,0.4180193,0.90455914
FANCC,-0.002232075,0.5510168,-0.8797865,1.0045705,0.3243022,0.77460766,-2.4746647,0.32248497,0.34378672
DAB2,-1.7706547,-1.6201963,-1.6176558,-2.5071392,-2.050891,-1.6207008,-1.4718018,-1.9158039,-2.256239
LHX2,1.1715508,2.449142,2.6838012,1.1779046,1.69344,2.000866,2.115355,2.534049,1.5608168
LHX6,0.5234544,0.9615009,0.49918413,0.5335046,0.60251784,1.0144663,3.1874387,-0.35406196,-0.36508477
TPP1,0.26133156,-0.07380104,-0.37038136,-0.27870178,-0.2365942,1.0373306,1.6401367,-0.37733078,0.52833366
ZNF777,0.757782,1.1157846,0.31449032,0.96424866,0.55463886,0.883379,0.60118294,1.0281515,1.1209164
ZNF776,-0.1654687,0.210361,-0.13456011,0.60313797,0.80947065,0.05341053,0.95320797,-0.001695633,-0.001070976
ZNF773,0.114899635,-0.6224656,-0.18664503,0.7699647,-0.114672184,0.3150215,-1.8959394,-0.52532816,0.5999017
LAT,1.6918449,0.596015,2.3357916,-0.000267,0.37357426,2.6056938,2.7812748,1.113966,1.4531574
MAP3K11,0.09724426,0.022967339,-0.34476376,-0.32682037,-0.13112068,0.85128784,0.49782372,0.09329796,0.039642334
BCL2L1,1.2763829,1.6270995,0.9432621,2.3460402,0.45851898,1.6020975,-0.4773903,1.6739311,0.88138103
MAP3K12,-1.7820067,-1.3329973,-1.7110467,-1.8076625,-2.2079916,-0.9499855,-2.164927,-1.3953438,-1.577095
IGKV3OR2-268,-0.9208224,-0.43570185,-0.29404068,-0.84659505,0.48916626,-0.04397106,0.9212856,-0.49339533,1.1101141
ZNF768,0.54388237,1.092433,0.093286514,0.00743866,0.41957378,0.098939896,-0.84133244,1.278676,-0.48373747
PHACTR2,0.7798281,0.957304,1.4107733,1.0558634,1.21029,1.034194,1.3074913,1.1518764,0.9051714
OR8D1,-0.27824044,1.0423915,-0.8391762,-0.70573246,-0.5926877,0.9290345,2.1896896,-1.4967673,-0.28736973
ZNF761,-0.027199268,0.01738882,0.5844598,-0.047491074,-0.0828166,-0.45811653,-1.1471443,0.23324203,-0.050644875
ILKAP,-0.20776272,-0.044624805,0.30616093,0.17634201,0.5484476,-1.0445285,-1.0982175,0.16570854,0.011476994
PLA2G12A,-1.8812618,-3.272049,-1.9872384,-3.7243755,-2.8352244,-2.6780984,-2.0907712,-2.6536074,-2.8427436
PLA2G12B,-0.539902,0.37083483,-1.0487835,0.40095282,1.1441884,0.9619105,3.2397075,-0.45986712,-0.09810889
CKAP2L,-3.146179,-2.852432,-3.6736238,-2.1568885,-2.108351,-1.6610377,0.65649366,-3.0272005,-2.2871785
COBL,-0.24578714,0.52554464,-0.3860979,1.4020536,-0.34254646,-0.003780603,1.2805631,-0.46195602,-1.1097896
ZNF75D,-0.10865402,0.16036272,0.5548639,0.4407835,0.09045267,0.66338825,0.007393837,0.38233852,0.31345654
SMC1A,-2.3029451,-1.6899929,-2.916675,-1.3960958,-1.8350329,-2.3424306,-3.2142143,-1.8689842,-2.0238633
TIRAP,0.12973928,-0.058119774,0.82416344,-0.036752224,0.018264294,0.29295015,0.76941586,0.15130377,0.020828724
LCK,0.1214447,0.41287565,-0.18306732,-0.8978176,-0.066152096,0.9490433,0.011493206,-0.086564064,-0.11590958
MEP1A,3.59797,2.7335167,2.3450933,1.081178,1.2688613,3.167584,1.7808566,2.4956474,2.4408727
DAD1,-0.66830444,-0.580678,-0.9597626,-1.0540981,-0.836751,-0.670187,0.33010674,-0.4544525,-0.66131973
NOA1,-0.8479347,-1.1960764,-0.7908344,-1.2277546,-1.2640791,-0.25216675,-0.89869213,-1.1063337,-0.6276264
DNAJC5,-0.55936337,-0.44038963,-0.5428343,-1.1252813,-0.5678263,-0.17083454,-0.55857944,-0.3605671,-0.84870815
RPL22P11,-0.9584265,-1.1102715,-2.7196798,-0.6687193,-0.8902149,-2.8727827,1.0245581,-1.1625872,-0.18010616
DNAJC9,-0.34269238,0.040057182,-0.5754576,0.30543804,-0.16843319,-0.040057182,-0.48227596,-0.28799534,0.52122974
DNAJC8,-0.18955612,-0.15073204,0.10720444,-0.09237099,-0.18437576,0.12968826,-0.60617256,0.22001362,-0.05439186
LCORL,-0.90358305,-1.3142614,-0.090238094,-1.2963691,-0.7445822,-0.70267963,0.29374456,-0.92156124,-0.444211
RPL34P18,-0.16777802,-0.30322742,-0.95514774,-0.07408333,-0.2264986,0.001775742,2.3857136,-0.6186037,0.24210167
HCG18,-0.02216196,-0.086101055,0.5072527,0.25126934,0.8094044,0.22164965,0.95624447,0.5700197,-0.46506166
FGL2,-0.18861389,-1.5534048,0.4354868,-2.0174046,-1.2078714,-0.569294,1.2974834,-0.83344173,-0.44672012
DNAJB2,1.513834,1.6480503,1.296279,1.3068962,1.4399385,1.7838917,1.3156471,1.4122839,1.4755173
DNAJB6,0.9741688,1.3115139,1.5013952,1.4959412,1.3018408,0.5403843,1.2374992,1.6140823,1.1356983
ZNF746,0.044603348,-0.17193699,-0.20841408,-0.11282158,0.20668888,0.11182594,1.1694355,-0.6576071,1.1739941
WDR97,0.15490913,0.40593338,-0.2499628,0.32328606,0.074035645,0.46274757,0.5982151,0.36170387,-0.18835449
MFAP1,0.84517,1.0116282,1.1990404,0.989768,1.0765829,0.92317295,0.6284857,1.1097116,1.2059393
ZNF738,-0.3658514,-0.40737772,-0.31214523,0.61448,0.52021694,-0.69183826,-0.42578793,-0.104644775,0.68890715
LEP,-1.9400644,-1.6155035,-2.2190094,-1.028127,-0.94629633,-0.38198185,1.8970132,-1.8718445,-1.6607844
DNAJA3,0.6355591,0.6198597,0.24104214,0.19016647,-0.046352386,0.4481449,-0.21324158,0.47847652,0.054180145
MFAP3,0.70315886,-0.6418996,-0.73936224,-0.90191984,-0.36181116,-1.2204208,0.67157125,-1.0798421,-0.35668993
DNAJA2,0.28134346,0.5274992,0.6252117,0.81014633,0.6238527,-0.5608406,0.3707857,0.66586876,0.4982319
HCG22,-0.2842785,-0.023305178,-1.0127081,0.64382505,0.7089777,1.1661341,3.4569077,-0.22895074,-0.25109136
ZNF732,0.07619476,0.09120178,-0.02026081,0.9037037,0.37831306,-0.033906937,0.24362564,0.14198017,0.40701485
IFITM3,3.3152065,2.9575424,2.844551,2.732956,3.2880478,3.584797,4.060278,2.8012886,2.5201492
LINC03013,0.038321853,-0.784323,1.1365788,0.004170299,-0.028612137,0.4265313,2.705908,-0.96671414,-0.27395916
RSC1A1,0.40090656,-0.10792923,0.6920986,-0.21782589,0.3966341,0.5265093,1.3172703,0.32234955,0.1094141
IFITM1,7.312825,7.2512674,7.1976213,7.0525217,7.2204056,7.7510767,8.614862,7.2715883,6.5396624
IFIT5,2.4864845,2.8086176,3.0637836,2.6301575,2.7086678,2.8598537,3.2496014,3.0388107,2.8929653
IFIT1,3.8836632,3.4822512,4.7833376,3.3469162,4.093562,4.508854,4.9642887,3.8578596,3.400484
HS6ST1,-0.3484478,-0.14167404,-0.4657688,-0.20140839,-0.21874428,0.14712524,0.23556423,-0.09545612,0.4285164
PDCD2L,-0.7939472,-1.4017587,-1.2521539,-1.5824075,-1.9906821,-0.40929556,-1.614171,-0.93848896,-0.23538828
IFIT3,5.354191,5.6304674,6.0096025,5.096531,5.716324,4.7635345,5.159689,5.907528,4.355047
HS6ST2,0.63977146,-0.178002,-0.9921082,0.7261206,0.5704267,1.0261556,3.3231258,-0.35741508,-0.3756696
ENSG00000268655,0.7917743,-0.07130301,0.90709543,0.9850614,1.8448112,0.9404402,3.2536962,0.45724034,-0.4601724
IFIT2,4.561372,4.1557407,5.66905,4.6661787,5.603094,4.636608,5.4679413,4.576457,3.882841
HS6ST3,0.10428929,-0.35146844,-1.1315422,0.48573244,0.39164662,1.1521423,3.2455728,-0.5443396,-0.51733714
TIAL1,-0.20100212,0.046489716,-0.05417347,0.290617,0.12297821,-0.49563026,-0.7063942,0.29057693,-0.1888485
RPS19,0.9602308,1.0987406,0.42518044,0.8607836,1.0859079,1.2633352,3.119462,0.8068018,1.376668
YBX1P10,-1.511549,-1.4364567,-1.6689854,-1.509676,-1.5045109,-1.3697758,-1.6935482,-1.1955376,-1.0733051
PDK4,-0.80683374,-1.6560717,-0.95772934,-1.2797003,-1.3689628,-0.863163,1.4901028,-2.016429,-1.880537
DAG1,1.1718807,1.5676527,1.4965487,1.2310314,0.67718124,0.7857609,-0.5418081,1.4966955,0.7099552
PDK3,-3.7548702,-3.3089535,-3.660997,-2.6539595,-2.7511835,-2.2708166,0.039498806,-2.5076008,-3.658371
HMCN1,0.048068523,-0.18177485,0.36308193,0.26638174,-0.6432562,0.37589455,2.4208288,0.6056409,-1.5742226
RPS13,-0.552475,-0.41861916,-1.4334183,-0.48070908,-0.7719555,-0.32889366,0.95404434,-0.6079292,-0.40704346
BRICD5,-0.057776928,0.19870043,-0.46326637,-0.7426791,-0.02558279,-0.21453714,0.35191822,-0.012213707,-0.7127266
RPS12,-0.40128136,-0.43593025,-1.7375488,-0.06503105,-0.4891281,-0.22506523,1.2902412,-0.59697247,-0.09780502
SRRM3,-0.2755177,-0.71090984,-0.5108657,-0.26051092,-0.44672513,0.00931406,1.9963207,-1.037154,4.8377514
ARRDC5,0.91290855,1.0960283,0.77576494,1.3505044,0.9629302,0.39109373,-1.740912,0.8907528,0.42533016
COG7,0.1475687,0.15243912,-0.5313101,-0.060845375,-0.06450462,-0.107764244,-1.4923086,-0.00809288,-0.17858028
COG5,0.44800186,0.4044857,0.79837704,0.556551,0.27151108,0.95575523,0.6240835,0.67584705,0.30039215
P3H2,-0.49674368,0.73343754,0.07554674,-0.8937335,-0.048150063,-0.08790398,0.64084435,0.12559319,-0.57953644
HLA-B,1.6146727,1.8111448,1.4839964,1.5633535,1.9393034,0.8648386,0.6356497,1.7225561,1.1500711
COG2,-0.077604294,-0.4304328,-0.5718856,-0.8047795,-0.24920559,-0.5035038,0.9906454,-0.6589074,-0.5670152
HLA-A,1.8857117,2.0500507,1.8227215,1.7872429,2.1093464,1.6805496,2.069353,1.927927,1.5637035
HCG4B,1.04389,1.3025131,0.6141243,1.1711617,1.272438,1.4673862,1.9243813,0.6424103,1.4503727
HLA-G,1.2249098,1.1941891,1.184803,2.3218021,1.5111217,1.9741535,2.2612991,1.2531128,1.6074247
WFDC21P,7.0616903,7.420417,6.4566526,7.167506,7.412756,7.2937574,9.376231,6.746133,8.1145735
HLA-E,1.7962971,1.875042,1.6718864,1.6302891,1.9865379,2.0541534,2.0348454,1.7826424,1.5050068
TIAM2,3.375544,3.2534833,3.8463159,3.9083543,3.5639338,4.144385,3.358273,3.4120488,4.5448155
TIAM1,-1.2224884,-0.9439373,-0.9905462,-0.07056999,-1.8806925,-0.87183,-0.7037716,-1.2340755,-0.451725
ZNF839,0.29808998,0.36989594,0.3574896,0.6051979,0.08200836,0.4940796,-0.102918625,0.38477516,0.57582664
DDX10P2,-0.23241234,-1.0604787,-0.08561516,-0.5749626,-0.53770256,-0.47967196,-0.7307515,-1.1482387,-0.22277498
GK3P,1.9146242,0.76002026,2.4886656,0.7524328,1.2216444,1.9669237,2.4495678,1.2436037,1.4198637
TMEM185B,-0.23447895,-0.3304205,-0.21263266,-0.09867144,-0.002121925,-0.257833,-0.35997057,-0.21112204,-0.20633364
TMEM185A,1.2836008,1.6050005,0.71623325,1.7845697,1.7163839,1.7177801,0.5285015,1.5952072,1.9874659
CSTF3,0.61190987,0.76199245,0.40537643,1.0982189,0.8345146,0.6269913,0.8154974,0.61839104,0.77547646
GSKIP,0.25885534,0.052863598,1.1837645,0.7255058,0.27258778,-0.8100047,-1.4236007,0.77511215,0.43521118
RPAP3,0.9296036,1.287488,1.4108181,1.5328846,1.2663164,0.89199066,0.94562054,1.5333824,1.520916
CD79B,0.13266897,0.03972864,0.20925426,-0.5027075,0.12165165,0.7216301,0.7643666,0.09152603,-0.27957916
FXR1,0.06677961,0.6021857,0.3395052,1.1936111,0.5619869,0.039787292,-0.6980028,0.8899288,0.73673344
CD79A,-0.15500069,-0.4711647,-1.000699,-0.8403053,-0.21787834,0.040496826,2.7417107,-1.1188583,0.002922058
SCFD1,0.36561584,0.4439516,0.35716057,0.20379257,0.4081745,0.71819305,0.000266,0.5374708,1.014143
AP5M1,0.29367018,0.64127636,1.2122874,1.0668097,0.88971424,-0.007070541,-0.020483017,0.87574816,0.029418468
ZNF827,2.1507761,2.6267045,1.4773629,3.6623232,0.96420145,0.19712448,2.307843,2.6085618,3.5878942
PDCD11,-0.07370186,-0.4557209,-0.852396,-0.48023415,-0.80214596,-0.10523605,-0.2947626,-0.30528927,-0.1454258
PDCD10,0.7110634,0.5805378,1.3637094,1.0004349,0.9808817,0.48863983,1.5299702,1.0948334,1.0880623
ZNF823,-0.31809235,-0.38121033,-0.5627036,-0.06365776,-0.48172474,0.030151844,-2.0858912,-0.30825758,-0.07673359
STXBP5,-0.034124374,0.45379496,0.3578248,0.07507563,0.730659,0.034798145,-0.28711176,0.6794548,0.07473469
HLA-P,2.127471,2.2022848,2.0884266,1.3937731,2.4981127,1.4003401,2.4284773,1.8154144,1.7901335
TMEM184A,-0.25187302,-0.001647234,-0.42329955,-1.1999044,0.5832293,-1.4149327,0.84228206,-0.71546125,-0.6030352
TMEM184C,0.24650812,-0.015766144,0.64287186,0.025073051,-0.026241302,0.6426978,-0.73563194,0.30091238,0.41458893
LINC03021,-0.50334835,-0.21898365,-1.0338113,0.6800215,0.5258341,0.98881567,3.2868552,1.1132575,-0.4074102
LIF,1.9786391,1.9362917,3.0197105,1.7759118,0.839808,3.3954492,2.1459694,1.7795362,3.1385298
PARVA,0.56559825,-0.009504557,1.1112251,0.37687898,0.67128444,1.1444299,3.2225988,-0.24533868,-0.37414217
PUM3,-0.011468887,-0.53873444,-0.64357185,-0.21907806,-0.058197975,-0.40927887,0.17011261,-0.23388863,0.25964928
PUM2,-0.53344536,-0.32061577,-0.12984848,-0.17037773,-0.08338165,-0.41612434,-0.23496723,-0.003851891,-0.21540451
TRIM52-AS1,-0.80451345,-0.54401404,-1.421141,0.10283911,0.2160182,0.63796115,2.9115078,-0.75200903,-0.4252193
TPX2,-1.3712621,-1.260459,-1.2947664,-0.81915236,-1.7707348,-1.0308676,-1.1479712,-1.441297,-1.2414432
RPS25,0.09235191,0.17383766,-0.79038906,0.2403965,-0.03168869,0.24180794,2.491497,0.058237076,0.6050415
SMTN,-1.1793113,-1.3232474,-1.2725835,-1.6025672,-1.7582221,-0.53636694,-1.8672004,-1.788898,-1.3508401
RPS27,0.37143707,0.4128189,-0.48480225,0.7007866,0.60978127,0.58153343,3.9065762,-0.17838669,0.7517433
ADCK2,-0.36956072,-0.41468763,-0.21656752,-0.8197541,-1.059309,-1.7199488,-2.1157923,-0.17559814,-1.316638
ZNF813,-0.4065609,0.2121067,-1.7417436,-0.12387848,-0.2470274,0.46229172,2.7944508,-0.63476276,0.42893982
RPS20,0.1310997,-0.036735535,-0.8901377,0.29484177,0.14604568,0.29185677,2.373169,-0.29063416,0.6236267
RPAIN,0.34156227,0.25747108,0.4172287,0.14643097,0.29314423,-0.24403763,0.90634537,0.26836586,0.7041855
HOTAIR,-0.38009524,0.01701188,-0.96587753,1.578057,1.2949924,1.1872518,3.2711477,-0.2061516,-0.20527625
ZCCHC12,0.12860727,1.1114662,-1.0394212,0.11400223,0.359483,0.81924605,2.952112,-0.5722034,0.10696983
ORM1,0.34952736,0.9404111,2.0650783,0.39786482,2.1274333,-0.8089776,4.6665072,1.8186603,-0.10737705
AHCTF1,0.24532652,-0.110034466,0.1363082,0.7717471,0.88474894,0.022693634,-0.42108965,-0.27062702,0.37105322
UBXN1,0.44901085,0.6125765,-0.66214085,0.35144234,0.3562765,0.9236126,-0.12659264,0.3426571,0.43288803
ZCCHC10,0.4138775,0.66187,0.58678055,0.78682137,0.8964405,0.55550575,1.2679787,0.87462044,0.91501045
C2CD3,-0.5448761,-0.54358816,-0.30651283,0.24512148,-0.73648643,-0.9231906,-0.6411462,-0.57256556,-0.43390703
ZCCHC14,-0.45418882,-1.0845251,-0.16742706,-0.9307823,-0.92455006,-0.5259681,-0.90160465,-1.2407708,-1.612668
COIL,-0.23393059,-0.31189728,0.08134365,0.22718382,-0.1334939,-0.30667543,-1.3627291,0.18175888,0.28077602
C1QBP,-0.52960205,-0.8387594,-0.9018831,-0.8453007,-1.0196981,-0.43022156,-0.40886593,-0.836566,-0.310915
UBXN8,0.14424706,-0.011351585,0.16227627,-0.5101185,-0.17633629,0.9028549,1.2798462,-0.39889622,0.3745556
UBXN6,0.25084114,0.33172894,-0.13010788,-0.14436722,-0.14382935,-0.09639931,-0.79136753,0.17867756,-0.381361
PARP6,0.73979187,0.83534527,0.8406391,0.39488983,0.38393974,1.1943054,0.21413803,0.9865608,0.33952713
EDN1,4.7766056,5.0783405,6.0087957,6.176876,5.3218946,6.8623333,6.560259,5.69339,7.0301437
PARP2,-0.026200294,0.075452805,-0.28289032,0.6024065,0.014872551,0.63489056,-0.29812717,-0.003537178,0.45997524
PDCD1LG2,2.255105,3.2877402,2.4832196,2.8858585,3.3620267,1.9296694,1.486248,3.6281786,2.329186
ZDHHC11,1.1628728,1.4837265,1.7389193,1.4194279,1.6713614,2.0488052,0.9183297,1.6152511,1.7522702
PPHLN1,-0.5708003,-0.40016603,-0.66973543,-0.22940254,0.12688112,0.21873283,-0.93340635,0.17846012,0.6319237
CYP7B1,4.3381724,5.5182395,2.44668,5.311069,5.0585113,3.4406462,3.432921,5.6332965,3.3427439
ZDHHC17,-0.33000088,-0.06797314,-0.4219036,-0.06549549,0.112597466,-0.001414299,0.13848019,0.10860634,-0.7716837
MLF2,0.5704937,0.5327606,0.24451637,0.3268528,0.015374184,0.6094799,-1.0674572,0.54915905,0.27323532
VWA8,0.74913406,-0.119199276,2.5138803,0.27010298,0.04657507,1.2765279,1.5068746,0.44619513,0.42795658
SLC66A2,0.39118385,0.2753849,-0.47495747,-0.2677021,-0.36943722,-0.67652893,-0.9791317,-0.029191017,-0.9612179
ZDHHC20,-0.7505207,-0.45036697,-0.6505518,-0.04004097,0.35943127,-0.7734127,0.13318253,0.5532999,-1.0028667
ATP13A4-AS1,-0.20050228,0.21300232,-0.88493633,0.5739738,0.8940562,1.3786577,3.418737,-0.01734221,-0.12692976
AMIGO1,-2.1485224,0.23589921,-1.2390397,0.74227,-0.6545534,-0.6502991,1.6402981,-1.7553657,0.55352736
AMIGO2,-2.3470974,-3.8011289,0.59409666,-1.0903258,-1.4193323,-2.5555346,-0.25286245,-2.695641,-2.3369906
NOL7,0.006316185,-0.09113407,-0.10560036,0.22515011,0.404624,0.2577181,0.55564404,0.09361458,0.6379576
NOL8,-0.37181473,-0.60151196,0.06382656,-0.58971596,0.0696497,-0.2974167,0.6718044,-0.08733463,-0.22065735
GDPD3,-1.0711555,-0.23944616,-1.6723819,-0.9897413,-0.8327575,-1.4481237,-0.8211427,-0.25413275,-1.8963904
ZDHHC22,0.42379963,1.1456898,-0.9982647,0.71021044,0.6221844,1.0725533,3.3864613,-0.2856028,-0.2687887
GDPD5,0.21147537,0.2176261,0.031239986,0.23122978,0.074380875,-0.25000525,-0.6642442,0.46246433,-0.12869883
AIF1,0.31925488,-0.14262342,0.18964767,-1.242707,-0.6799526,0.7354703,0.9949794,-1.0881643,-0.22724533
NOL4,-0.3182081,0.012055516,-0.8504741,0.705143,0.76487136,1.1700066,3.409356,-0.18459952,-0.23259985
NOL6,1.2032547,0.28870344,1.7632732,-0.59815836,0.31911469,0.15097761,-0.1046958,-0.29044962,0.046020985
PURB,0.8090172,1.182437,0.987113,1.2692966,1.1686306,1.4210434,1.2737408,1.2693548,1.5484447
PURA,0.30248213,0.6319661,1.2308769,0.7671931,0.84918404,0.3168087,1.3097658,1.1139383,0.57573366
PPP2CB,0.053463936,0.25547123,0.1002388,0.10948849,0.16028976,0.40136433,0.58412457,0.46551704,0.40393925
ZDHHC19,-0.000707,1.0008388,-0.14676595,-0.945058,0.36903667,0.8182614,2.2462208,0.08549237,-0.12635732
CHRAC1,-0.11913109,-0.16499805,-0.5474405,0.3608837,0.3065815,0.45918465,-0.27676582,-0.047798157,0.07767105
RNF7P1,0.4039011,0.4872532,0.28236198,0.43088436,0.3724861,-0.17953777,0.73429203,0.3699684,0.19791126
LAIR2,-2.0793197,-3.5332055,-1.5322084,-3.0147138,-3.4786558,-1.8724344,0.17335224,-3.6910915,-1.7746327
TRAM1L1,0.23201585,-0.46911526,-0.2683792,0.109920025,0.25803697,0.97624063,3.0083513,-0.6903708,4.4352984
PURG,-0.4940275,-0.24885738,-1.0361648,0.6179348,0.49363577,1.3834318,3.3520832,-0.4561748,-0.42658854
GINS3,-0.6919668,-0.116490364,-0.530777,-0.3519783,-0.25180292,-0.5773096,-0.15791464,-0.2810359,-0.4276371
AIG1,-1.7550163,-0.34796572,-0.556262,-0.5955732,-0.5716257,-1.7519205,0.9048748,-1.037714,-1.7103624
GRHL2,-0.39696383,-0.09076023,-0.9130763,0.81638014,0.65693164,1.1113622,3.4459023,-0.26970923,-0.2897436
ATAT1,-0.53925085,1.3890166,-0.8597126,-0.3492701,-1.2193017,-0.73190427,0.5238142,-0.26504517,-0.55780625
CD40LG,-0.7270261,0.006183386,-1.3372369,-0.700961,-0.460222,0.32899046,2.084579,-0.64663553,-0.033220053
TRIML1,0.22363448,-0.27043605,-1.0169636,0.07393253,1.5720196,1.5056591,3.1021802,0.6220162,-0.48937488
F2RL2,4.507796,4.202735,4.2867723,2.820623,4.7736964,5.481275,5.103078,4.252482,4.5010624
FOLH1B,-0.60259676,-0.36101782,-1.1577358,0.5063449,0.38370943,1.8727167,3.2279127,-0.57164073,0.43175888
NDUFA10,-0.4723363,-0.09842396,-1.0385075,-0.42213774,-0.5194025,-0.9483981,0.93544793,0.111582756,-1.0130363
ARHGDIG,0.3990686,0.2738459,0.8864088,-0.87201893,-0.60249925,1.0871365,2.1571088,-0.8853302,-1.1403972
ARHGDIA,-0.023815155,0.292408,-0.5785656,-0.2630558,-0.19061756,0.17551804,-1.6494064,0.33847523,-0.22386742
ARHGDIB,-2.525897,-4.1100407,-2.50739,-4.96412,-4.31429,-2.4029322,-1.9877272,-3.3301344,-3.0474176
AZI2,-0.13607788,-0.05065441,0.5419111,0.23864937,0.21381569,0.59744644,0.5720911,0.26463985,0.2677021
RPL7P14,0.008220196,0.06890535,-0.20180178,0.20272207,0.19876003,-1.7444735,-1.554307,0.15493631,-0.02862835
RALBP1,-0.01436615,0.10254097,0.00981617,0.6814785,0.7815056,-0.8440609,0.8235798,-0.1832943,0.41955376
LIG1,0.1442194,0.44716167,0.28727055,0.48535442,0.38680935,0.8526201,0.7978029,0.17257977,0.39955807
ATP1B3,0.9462786,1.5532866,0.74765587,1.4849806,0.957942,1.5105238,0.8155813,1.201827,2.014804
VWDE,1.3636029,0.82491636,1.2145307,0.49847484,1.8904359,0.7453177,2.7308156,0.71596766,1.1203351
ATP1B1,0.27778244,-0.38836384,0.9543371,0.23744583,-0.88881016,0.48807716,1.1822948,-0.35019302,0.72964096
PUS7,-0.89274263,-0.96819925,-1.8463321,-1.0227194,-1.6059923,-1.3677607,-1.9152017,-1.2441831,-1.0228119
LOX,-0.14880824,-0.14566815,-0.1237911,0.8426782,0.57595575,1.0802096,3.378767,0.025527477,-0.3101921
SRARP,-0.22940469,0.5468054,0.003764868,-0.417431,-0.544333,1.7684231,2.2084289,-0.3495257,-1.2813431
CERCAM,0.92136383,1.42876,0.5534587,0.78327703,0.09284592,-0.1304326,0.005439282,1.2201972,-0.2680211
UCA1,0.4810872,0.28951836,-0.3634913,-0.7168993,0.020197153,-0.2719705,3.9326782,-1.6767569,0.3086965
ADCY10P1,-2.7398028,-3.3815672,-1.0914879,-2.2972035,-1.2946258,-2.9161813,-0.6359148,-2.6604068,-1.7151005
LMO7DN,-0.6690834,-0.21739697,-1.2458898,0.42429996,0.29953194,1.2312167,3.1120465,-0.65648246,-0.6208363
COPA,-0.056406975,0.117269516,-0.003903389,0.103749275,0.13859653,0.05214405,0.021688461,0.16030788,0.29993725
RPL7P22,-0.14492798,0.16749,-0.43109512,0.120817184,0.23847103,-0.6445999,-1.0468855,-0.12903118,-0.11224365
RANBP1P1,-0.57936335,-1.058702,-0.9492674,-0.8547721,-0.8811865,-2.145928,0.79268456,-1.1981993,-0.8641205
GABPB1-IT1,-0.20142746,-0.50291157,-0.35390568,0.103839874,-0.3511486,-0.016405106,0.30109596,-0.33020306,-0.2938385
CDH23,0.10102749,-0.027368069,-0.91066456,-1.1474915,-0.21022034,0.90687656,0.6185522,-0.65827465,0.054070473
PMAIP1,4.9959817,5.620438,5.350492,6.014294,5.8028092,5.3684163,5.15148,5.608949,6.1125016
SPECC1,0.47845745,0.58774424,-0.23209667,1.1745119,0.5020366,2.452497,-0.82422066,0.67040586,1.5109229
MLKL,0.30690193,-0.1499672,1.034441,-0.48132324,0.09461975,0.058267593,-0.49951744,0.16865826,-0.9411087
COQ5,0.2741928,0.45957565,0.7697735,0.27028084,0.19970608,0.7323036,0.5678215,0.69775105,0.37239456
GRHPR,-0.42307281,-0.28745174,-1.5002308,-1.6696701,-0.85427,-1.4661427,-1.7404804,-0.6063814,-1.4165039
ZSCAN4,-0.49560946,1.2354189,-1.0281105,0.496346,0.48441267,0.99234974,3.2950697,-0.44221616,-0.38786262
BRWD1,0.03666401,0.4811821,0.80650043,0.61793613,0.5432997,0.21458721,0.3006506,0.6985712,0.3378687
COPE,-0.16710281,-0.28291273,-0.12296057,0.12997723,0.34065342,0.41854382,-0.070895195,-0.37483406,0.019373417
BRWD3,-1.8291602,-1.3185527,-1.3452749,-0.9193444,-0.8372922,-2.1054554,-0.6970563,-1.2525635,-1.9937761
GPSM2,-1.1764404,-0.8321272,-2.560813,-1.2055136,-0.8043995,0.6955435,1.6232715,-0.6826942,-0.8125551
ASNSD1,0.11851883,-0.32603264,0.26746655,0.45445633,-0.1626997,0.49967384,0.19378948,0.011695862,0.6025467
SLC40A1,-6.3546762,-5.971162,-5.988508,-6.058078,-6.383664,-5.8548317,-5.433997,-5.326749,-6.612081
ST8SIA6-AS1,-0.5056633,-0.28287083,-0.911654,0.34618473,0.44631648,1.7357507,3.3046587,-0.49001253,-0.34208202
RABEPK,0.19638729,-0.21702099,0.20269585,-0.15482235,0.14543343,-0.47361088,0.3118372,-0.14164448,0.7147913
OASL,5.460252,5.5004873,5.93001,5.241235,5.6949625,6.599921,5.8590097,5.8155613,4.9016714
RPS4X,-0.56150436,-0.5393524,-1.2196789,-0.110795975,-0.26048183,-0.2627716,-0.35464287,-0.5317879,-0.06952095
MFSD8,-0.6935568,-0.66926384,0.06202221,-0.39026594,-0.41973066,-0.45032024,-0.4616766,-0.20636082,-0.2640128
MFSD5,0.4468708,0.490407,0.4149065,0.002305031,0.2185421,1.0841236,0.025381088,0.6814823,0.33140373
BLNK,-0.5888605,-1.2914991,0.13719273,-1.4167633,-0.7430372,-0.5887146,-0.38147974,-0.6536522,-0.97750473
GPSM3,0.47756004,0.5672264,0.38716125,0.33294296,0.33075428,1.7983723,0.5653515,0.12909698,0.72955704
MAPK1IP1L,-0.181983,0.02354145,0.21643257,0.06358814,0.26725006,-0.037514687,0.34976673,0.13508987,0.4351778
HGSNAT,-0.30690432,0.09449291,-0.8072219,-0.4810729,-0.8618741,-0.08690548,-0.94477224,0.002666473,-0.4502983
LINC03040,5.0896373,5.544609,4.429062,5.8471527,5.288382,5.141473,2.2361932,5.648218,5.1550694
LSR,1.8240952,0.45234394,2.3373919,1.2826576,0.25646925,2.5191283,1.2897034,0.16537046,2.8124046
FCHSD1,0.5842843,0.6876221,0.7225752,-0.49579287,0.25407457,0.14234877,0.19376898,0.56792164,-0.48126984
ALDH1A3,-0.27500242,-0.060100734,-0.946684,0.74226904,0.6932347,1.1450202,3.4794543,-0.268798,-0.24575812
IQCK,-1.170784,-2.0948572,-0.36932325,-1.8999062,-2.232544,-2.0184355,-0.3668971,-2.059929,-1.9115367
AIM2,4.831566,5.016618,5.015767,4.3244534,5.421773,5.260315,4.843687,4.9705553,5.1435986
RABEP1,-0.04235649,0.21125603,0.06428337,0.97283745,0.02870369,0.779562,-0.08450985,0.36820602,0.9316635
OAS1,2.5600567,2.6351938,3.033722,2.327198,2.433402,2.159174,1.8864574,2.928896,1.8706493
OAS2,3.3193417,3.5647993,3.3331213,3.3795853,3.479313,3.6401691,2.4691343,3.8669748,3.0242214
THRAP3,-0.12730026,0.2273407,-0.16541386,0.51857185,0.080023766,0.18524551,-0.2755375,-0.033325195,0.43712997
OAS3,3.6291847,3.7559214,4.2327394,3.4353008,3.8909245,3.5768719,2.7755995,3.9670935,2.5840702
COL6A2,-1.6353246,-2.6982517,0.89742064,-1.8068444,-1.9529207,-0.91205454,0.8292272,-0.103530884,-1.4823048
AKT1S1,3.8540688,4.5167,3.527421,4.377163,4.0891914,3.4503784,1.9011164,4.7763786,3.3947926
CDH11,-0.28723663,0.07283616,-0.8794254,0.475083,0.80712783,1.1562693,3.3027952,-0.17894721,-0.29710788
LTA,0.55593777,-0.1485467,0.5002408,-1.5526533,-0.7855835,-0.03680086,0.5819082,-0.33602715,-0.231673
CDH13,-0.6233901,0.5566293,0.44922185,0.4016403,0.3850646,0.8655553,3.1241686,-0.28769255,-0.36779785
COL6A3,-0.62553936,-0.1331017,-1.0680046,0.33295107,0.37968647,0.84156775,3.2329242,-0.5492271,-0.5875683
COL6A5,-0.83640605,-0.62575245,-1.5353003,0.17597449,0.12407637,0.57880926,2.927733,-0.8328588,-0.8147382
CDH17,-0.35172987,-0.06655836,-0.88147724,0.6249176,0.67731893,1.1336272,3.448043,-0.2414366,-0.11536884
LTF,-0.84638834,-0.34268165,1.4064326,0.3217789,0.1714561,1.2316966,3.718124,-0.6350688,-0.20560229
LTK,1.5523486,2.3584313,0.9110184,2.652989,2.0613499,3.2031875,2.3862705,1.8237886,2.2733946
XPOTP1,0.37396002,0.5677905,1.2210569,0.74149084,0.39319944,-0.22334051,0.8270693,0.9446759,0.016789436
ATP1A4,-0.18813396,0.07823229,-0.983245,0.6794038,0.806779,1.2530731,3.5154586,-0.13548589,-0.18995988
ATP1A3,0.3020897,0.094763756,-0.25992107,-0.9041214,-0.79900074,-0.3650608,-1.1905289,-0.36804008,-0.55161667
FAM86DP,-0.14223361,-0.669889,-0.6819196,-1.0498991,-1.1812096,-1.4965181,0.5460701,-0.93633413,-1.333914
OGFRL1,0.48430824,0.9285116,0.95717144,0.6868019,1.3672199,0.63023376,1.3460884,0.9948511,0.8536091
FAM120B,-0.9927764,-0.8547306,-0.70553064,-0.41434765,-0.3905158,-0.32391977,-1.5594745,-0.7220559,-0.7046108
FAM120A,-0.2812767,-0.2577076,-0.08994198,-0.20193624,-0.01965046,-0.23172331,-1.313983,0.22293425,-0.17221642
ERICH4,-0.31962,-0.031714678,-0.8364495,0.6326597,1.3555229,1.1762164,3.4667099,-0.24899185,-0.23928428
S100PBP,-0.5520935,-0.20400238,-0.05051136,0.06821442,-0.37884426,-0.28240967,-1.021883,-0.12943268,-0.31651497
OPCML,0.12008786,0.38225937,-1.2137027,-0.70614743,1.6042888,1.4146659,3.7038786,-0.007489204,-0.74863935
LUM,-0.41169614,-0.15264142,-0.84687805,0.45668447,2.63729,1.0942619,3.361763,-0.361243,-0.19099313
SLC4A7,-3.0065007,-2.9936385,-3.077258,-2.8011765,-1.8947296,-2.5194259,-3.1996675,-2.67382,-2.461429
SLC4A8,-2.77952,-2.3223495,-1.5491471,-2.1220765,-2.1110244,-1.6182084,0.6932788,-0.8703134,-2.8802772
SLC4A9,0.6086774,0.77542996,1.0414171,-0.34199405,0.6398637,-0.40840244,1.9831033,0.07537317,0.8427601
SLFNL1,-0.1815517,0.52082276,-0.09980464,1.0971584,1.2301452,0.6783109,1.9069676,-0.027890205,0.3585539
PAXBP1,-1.0400534,-0.85986805,-1.268239,-0.37017918,-0.039793015,-1.2922969,0.36567736,-0.6991105,-1.3385639
GAGE1,-0.43335783,-0.21733624,-0.9295747,0.5700284,0.53643715,0.98586524,3.3167472,-0.42571414,-0.40597773
USP6NL,-0.14903975,-0.7150202,0.3900385,-0.48121166,-0.10068512,-0.25604248,0.053618908,-0.44864464,-0.76050043
LIPA,-2.7605429,-3.0432177,-1.5163803,-3.1871634,-3.35116,-2.7822847,-2.0625944,-2.8905478,-2.0708075
TSEN54,-0.6586175,-0.5915508,-1.4925451,-0.27444553,-0.7187357,-0.4355321,-0.8430643,-0.8857956,0.4170041
PREX2,0.49639988,0.72858715,0.26394653,-0.47503138,-0.76726294,0.3199253,0.8573103,-0.50053716,-0.2562132
ATP5IF1,-0.16760254,-0.33657742,-0.4897375,-0.276083,-0.5080395,0.11154175,2.101286,-0.46689415,0.5063782
NSDHL,-0.024727345,0.006060123,-0.22570896,-0.1375227,-0.32384968,-1.6736255,-2.4771252,0.14598942,-1.0105152
LIPC,-0.35904193,-0.30515885,0.59271336,1.0499964,-0.7834375,1.2614369,1.306148,-0.059831142,0.8551264
LIPG,-0.6409382,0.6478572,-0.6148,1.4476645,0.93851113,0.8090553,3.0192142,0.7126441,0.3013289
NKX1-2,-0.9860114,0.047044635,-0.5820339,-0.008002043,-0.015209675,0.44102645,2.777248,-0.19502807,-0.96095514
SAMD10,0.550972,-0.68286514,-0.19085789,0.15770292,-1.1269813,0.5406189,1.5305142,-1.6872463,0.6505718
STARD3,0.20685196,-0.009034157,0.13721275,-0.3028202,-0.5024166,-0.114089966,-1.4427633,0.11678696,-0.60671425
GABARAPL2,0.26249695,0.44519806,-0.012677193,0.8816776,0.66159916,0.4342556,0.51760864,0.20122528,1.133913
STARD4,1.2532282,1.2889671,2.0208235,1.8484125,1.5778627,1.6787462,1.7539358,1.3921947,1.4829645
STARD7,0.35603237,0.73441315,0.09334469,0.97467136,0.3478737,0.49986935,-0.026784897,0.7031536,0.49898434
CFAP91,1.2633488,1.149976,-1.0765294,0.42544746,1.341526,0.7418659,3.0289216,-0.7619083,0.60160255
DNTTIP2,-0.00266552,-0.008485794,0.30720425,-0.026181221,0.07402134,0.47033405,0.18377018,0.44707108,0.4291067
SLC5A7,-0.30733544,-0.08736724,-0.7981938,0.60293186,0.65780616,1.189348,3.4619303,-0.2665975,-0.17967498
SLC5A8,-0.407632,-0.19351047,-0.92692566,0.56997514,0.55077946,1.0808105,3.3877246,-0.3808787,-0.33009136
AKIP1,0.61672497,1.0585003,0.06622791,0.5484419,0.6675024,0.805398,0.6185999,0.6350832,0.71108913
PADI3,0.21654725,-0.9279667,-0.44254732,-0.14910328,0.20719957,0.28279996,2.6220922,-1.140432,-1.1225302
PADI2,0.4245038,-1.8480778,-0.23612976,-0.46996164,-1.7536013,0.31696463,0.21520567,-1.8920217,0.040175438
PADI4,1.8934942,-0.23126829,2.928481,0.4735633,0.24391043,1.3141333,2.9843879,-0.11848426,1.7615181
CFAP97,-0.09717369,0.1357398,-0.22293472,0.41179085,0.23557758,0.28863907,0.4129877,0.23121262,0.6639862
HACD1,-0.25119543,-1.0588851,-0.3684106,-1.1046867,-3.2893836,-0.052666187,-0.3050127,-0.9647279,-0.4489565
MTMR2,-0.6644187,-0.43509626,-0.8698945,-0.84311247,-0.9636698,-0.041520596,0.023545265,-0.7305465,-0.4519763
AIRE,0.31847715,0.44136047,0.13326693,0.5409055,0.4875121,0.7556219,1.0655208,-0.453135,0.61845875
MTMR9,-0.15279579,0.24898434,-0.1331873,0.5660038,0.51224995,0.102873325,2.256248,0.25243187,0.28670692
AIDAP1,1.152801,1.4936099,1.6814294,1.3575177,1.6843629,0.5081363,-0.4091673,1.7153659,0.55645275
OAZ1,-0.472435,-0.53580856,-0.58810425,-0.2708931,-0.29065895,-0.5221882,0.480402,-0.49338531,-0.24568558
LY9,-0.12224102,-0.2249918,-0.4386387,-1.5705969,-0.92150784,-1.023222,-0.19807053,-0.8049998,-0.8601203
SLC5A3,1.3801651,1.4450598,1.4158392,0.42212868,1.0041847,0.838089,1.9582539,1.7942553,0.6494007
SLC5A4,0.9928626,0.7005416,-1.3500605,0.21751595,0.16051018,0.6688181,4.1075854,-0.7718108,-0.73475003
OAZ3,-1.6493301,-2.1763053,-1.8777013,-2.92746,-3.2158048,-1.9833283,0.20685768,-2.6091614,-1.9736819
HACD4,-0.6045494,-0.78183174,-0.16582394,-1.2819061,-0.7993641,-0.47382355,0.08598232,-0.8528929,-1.4246368
FAM221A,-0.6237664,-1.0349255,-0.14589882,0.031741142,-0.4876728,-0.116337776,-0.18885231,-0.5031004,0.11920452
GUCD1,0.27013302,0.36942577,0.527627,0.126338,0.09356117,0.5264368,-0.41788387,0.38278198,0.21158695
HMGXB4,-0.080532074,-0.13348103,0.72714615,0.33512306,0.10051155,0.33628464,0.31886482,0.42172813,0.2674389
CFAP65,0.46860886,-0.13864326,0.04009819,-1.3488088,-1.5069957,0.53865767,1.1602182,-1.586932,-0.19083762
PPARGC1A,-0.84931016,-0.64836603,-1.3107848,0.0300287,0.0883553,1.557308,2.9613304,-0.8368483,-0.7508403
PPARGC1B,0.12434864,-1.3790045,1.1685705,-1.2776022,-1.6589565,-0.21941519,-2.4696708,-0.001119137,-0.41784906
PROSER3,0.023706436,0.32150602,-0.49346828,0.7616925,0.7978139,0.45292187,-0.16403198,-0.054345608,0.34376812
VTI1B,0.4241085,0.5941763,0.29489422,0.4323387,0.39375305,0.5669193,0.5100002,0.8364792,0.5656071
GPIHBP1,0.0713954,0.067703724,0.1350584,-0.4716258,0.015681267,0.025637627,1.1012793,-1.1067557,-0.33944654
LYN,1.1419077,1.407855,1.3667135,1.6890078,1.5852385,1.4994383,0.2707262,1.245081,1.5698614
FYB2,-0.21625948,0.04869914,-0.9890299,0.6769885,0.7779391,1.232141,3.5044487,-0.15974295,-0.20278287
FYB1,-1.7234726,-2.3900251,-0.8497267,-3.0199986,-2.0285587,-1.5485191,-0.88723564,-1.882698,-2.3885899
ERLIN2,-0.2933159,-0.69242096,-0.03192854,-0.4498825,-0.6289215,-0.8076916,0.008061409,-0.6463556,-0.6386862
AZU1,-0.71271896,-0.6826215,-1.0352535,-0.9385581,-1.2581329,-0.89538527,-0.4720869,-1.4094872,-1.4416666
BBIP1,-0.20262241,-0.17411995,0.6255913,-0.26658726,0.34779072,0.95154095,-0.49408436,-0.08648491,0.34138775
MLLT10,-0.1373825,0.12972355,0.30440807,0.39933014,0.29055023,-0.067583084,-1.0022259,0.29740524,0.45183182
PCDHGA12,0.2302599,0.00621748,-0.7547736,-0.25082016,0.20103931,0.631135,0.6804042,0.14805937,-0.84523225
NOX3,-0.08544743,-0.491212,-0.55191255,-0.16034687,-0.2804215,0.18735051,2.5637503,-1.2326669,-1.1506844
NOX1,-0.3046074,-0.07538009,-0.99366033,0.63037515,0.6788645,1.1152663,3.4231489,-0.28479493,-0.28772175
STAG3L1,0.3274393,0.37431145,-0.050668716,0.4785242,0.32140827,0.91461277,-0.6790781,-0.052324295,0.35262775
STAG3L4,-0.30703735,-0.13143158,-0.29915047,-0.16384125,0.5086589,-1.7309439,0.21236038,-0.20116234,-0.4480772
C7orf50,0.6121149,0.84526825,0.3395481,0.25067425,0.5964575,1.060832,0.43547726,0.7656498,0.6307745
NELFB,0.74415493,1.0500202,0.08878994,0.4256754,0.8475294,0.86853695,-0.40480328,0.30744267,0.7390528
FGFBP3,-1.0490685,-1.3548045,-2.0068927,-1.0427151,-1.6348181,-2.6467724,0.19991302,-2.043944,-0.9936924
HLA-DPA2,-0.79243183,0.5252638,-0.032853127,0.2898817,0.032853127,0.28872967,-1.2910757,0.40973568,0.5831785
HLA-DPA1,0.32457256,0.46412277,-0.029937744,0.29786777,-0.039628983,1.0039768,-0.6096554,0.31051826,0.68618965
RIPK3,0.6211567,0.9474201,0.97508526,0.91547775,0.7808752,0.4633522,-0.521122,1.2715578,0.48533058
ELOVL4,-0.6018347,-0.34204268,1.2281761,0.48137534,0.4128995,0.8685038,3.181141,-0.49526238,-0.46716803
ELOVL5,0.22547054,0.005670071,-0.75365114,1.1051836,0.49351168,0.7692237,0.8111725,-0.026414394,0.61122704
RIPK2,2.6308975,2.9423132,3.6286812,3.4574738,3.0919447,3.2400055,3.5408783,3.1740017,3.1952782
NSUN2,0.24405861,0.39291096,0.5310068,0.6438103,0.39167786,0.4244156,0.10429764,0.67985153,0.56928635
VWA5A,-0.0657959,-0.5613365,0.19513702,-0.07058716,0.18392944,-0.028884888,-0.22884369,-0.44411469,0.44815636
ELOVL6,-0.7034602,-0.26867056,-0.5688276,-1.1627553,-1.2879729,0.68970776,1.1281161,-0.64646983,-0.6610863
NSUN7,4.83193,5.446766,5.3896704,4.9003773,6.065652,4.1514196,5.0548306,6.0021563,3.9373593
POU5F2,0.087613344,0.030286789,-1.4793758,-0.73218656,-0.72479415,-0.26304722,2.0559325,-1.4520952,-0.6256604
SLC29A4,-0.06832361,-0.19522285,-0.3955927,-0.71811366,0.68203735,0.12664795,2.2451162,-0.5610986,-0.6862614
SLC29A1,0.26906586,-0.45208168,1.1191406,-0.93787,-0.9479904,0.7177315,1.4170685,-0.11882305,-0.18704224
SLC29A3,0.47451687,0.079179764,0.41208982,-1.1407871,-0.38438702,-0.4935894,-0.73693657,-0.20876884,-0.6204519
SLC29A2,-0.042807102,0.33755207,-0.4588995,0.72738314,-0.2378726,0.3204651,0.25075483,0.00620985,0.06834078
OR10H1,1.0476027,1.0830283,0.47014236,-0.7257786,-0.49696732,0.63989973,1.1512742,-0.76598525,-1.1595244
C7orf33,-0.42657435,-0.21323204,0.87733257,0.43010938,0.51155174,1.0976917,3.413003,0.42882013,-0.3180014
RPS27L,1.2043171,1.3265724,0.8994932,1.1761341,1.3335209,1.3302975,3.6076145,1.1402407,1.7185555
PROCA1,0.9600735,1.1115685,0.90608025,1.1083813,1.2680101,1.2411556,1.2380829,0.98533154,1.2083397
STYXL1,0.8134346,0.99163914,0.9268637,0.58462334,0.8294363,-0.006216049,0.41340637,1.2445946,0.49844933
RECQL5,-0.87119365,0.61355305,0.08217001,1.2810163,0.29128718,-1.096159,1.2139068,0.61199236,-1.4734278
UCP2,-1.523283,-0.7977438,-1.8951311,-0.69488907,-0.947958,-0.5978775,-3.330266,-1.1009178,-0.8500595
P2RY13,-5.3418446,-5.732462,-6.301739,-5.0027595,-5.0219297,-4.523567,-2.2491746,-5.9146867,-5.7308884
SLC16A1,0.057528496,-1.0077157,-0.033895493,-0.71615887,-1.0842829,0.27081585,0.4708109,-0.49194145,-0.43039036
ANKIB1,1.1689787,1.374681,1.8102145,1.7519794,1.5596957,1.6474261,1.21349,1.8356919,1.4401011
C20orf173,0.19468737,-0.38508213,-0.8696314,0.42845178,0.29231834,0.76378155,3.1249516,-0.64760953,-0.6345459
P2RY14,-3.0336714,-4.11686,-4.833777,-3.3970697,-3.0752177,-2.8550427,-0.59137344,-4.3145175,-4.2929153
MEAK7,0.4307356,0.8205595,0.58737993,1.6559572,1.2583313,0.5547013,-0.28196812,0.627398,1.0405059
YLPM1,-0.3225932,-0.2394185,-0.61897135,0.6210909,0.118395805,-1.34097,0.002688885,-0.1154089,-0.35532236
LYRM9,0.2945633,0.5172453,1.1251616,0.47553062,0.9428687,0.09642792,-0.72716665,0.37389278,0.30189514
FAM225A,3.137041,2.9646816,3.8761597,1.6645794,2.9837427,2.0953789,1.7805462,3.3766747,0.6407356
LYRM7,-1.2951136,-1.1893711,-1.3496923,-1.6128883,-1.1443009,-1.0218506,-0.72666407,-0.8419771,-1.0416222
HLA-DPB1,0.5062771,0.542778,0.01887703,-0.07548523,0.26872826,0.31711388,-0.21658707,0.50073624,0.20007801
MPLKIP,0.24541664,0.19108868,0.30784607,0.2650776,0.17616177,0.1692791,1.119173,0.31155396,0.86470604
OR10G8,1.5275612,0.5394063,1.4182019,-0.9828303,0.94921446,-0.8173845,1.0394459,-0.3881774,-0.50258493
ENSG00000291179,0.11096907,-0.37178993,0.14576387,-0.41640806,0.027490139,-0.6919899,-0.52694845,-0.8335185,-0.15189886
C7orf25,0.45018578,0.76611185,1.2612429,0.3304534,0.17640495,-0.5454383,-0.5800462,1.0965757,0.112555504
PECR,0.1835742,0.18895102,0.023531914,1.5166502,0.21942472,0.03751564,-0.3035612,-0.11843157,1.7522097
IQCB2P,-0.007678986,0.63802195,-0.41381884,0.91902065,0.9713931,1.0189972,1.1134748,0.42499924,0.50520563
HNMT,-0.8141899,-1.8898525,-0.4554329,-2.401782,-1.836174,-0.6533241,2.270979,-1.3546906,-1.3649826
CXCL13,6.1380944,3.9966416,5.053107,1.5967607,8.457687,4.991071,4.764964,6.3770757,3.983777
ANKRD20A18P,0.90005255,1.3281345,0.25881815,2.629125,2.8029447,0.024328232,-0.439178,0.6672311,1.2290449
CXCL16,2.261547,1.8993492,2.6401834,1.8344193,1.3671932,2.7619934,2.772129,2.1351042,2.4548492
SLC25A48,-1.1144241,-0.8939154,-1.7140354,-0.029593587,-0.14803195,1.7541249,2.6451344,-1.1067724,-1.0707308
STK11,0.4431715,0.9595442,-0.018221855,0.38542747,0.4782977,0.90021896,-0.5697565,0.89634514,-0.025863647
OSBP,-0.3913498,-0.2833581,-0.64356947,0.50897264,-0.2502122,-0.56483984,0.85820436,-0.55741596,-0.33047724
SLC25A43,0.028635025,0.49722862,0.8436947,0.42496967,0.35368538,-0.014282227,-0.3408022,0.9241314,0.3105755
KPNA5,0.62620115,0.7732134,0.8335452,1.3219128,1.5384526,0.9880438,1.4273925,1.0682831,1.023778
SLC25A42,-0.5983033,-1.6774573,-0.58811927,-0.3389907,1.989876,-0.6109276,2.154115,-1.9155353,-1.0859536
GPRC5D-AS1,0.61869335,0.5702076,0.15356731,-0.35098457,0.02169323,0.46804762,0.2411418,-0.3595562,-0.076684
KPNA2,-0.32912827,-0.13551044,-0.54813576,-0.10019684,0.08110428,0.28640556,-0.46170998,-0.07258892,0.25883484
ZNF687,0.63325024,1.1032143,0.2628603,0.40107822,0.13065338,1.6665812,0.1532259,0.99962807,0.72515965
SLC25A47,0.5281019,0.16129112,0.2478633,-0.32694006,0.1318078,0.63081026,1.4853969,-0.36266613,0.35431623
CCDC144BP,-0.6060629,-0.15632439,-0.96292496,-0.06799221,-1.2617478,-1.2601581,-0.06525612,-0.009004593,-0.48378134
SLC25A46,-0.23985481,-0.14172935,0.10813999,0.35853767,-0.18930149,0.32159042,-0.36771774,0.014691353,0.38287354
ZNF684,0.33179617,-0.27919436,1.7453532,1.0292115,-0.02998066,0.16751385,0.34416628,0.5294156,0.33760738
MYLIP,-0.9486208,-0.5759249,-0.18642521,0.06861782,-0.36097527,-2.0288358,-1.0441694,-0.6130104,-1.447278
ZNF682,0.1730094,-1.2836955,0.59653616,0.764925,0.18070364,0.31537437,0.000154,-0.7375853,0.35698605
CPA1,-0.5247084,-0.19500315,-1.0367808,1.1124723,0.5610368,0.939888,3.1867535,-0.39662528,-0.48290312
ZNF680,0.507102,-0.011925459,0.282578,0.8774736,0.49220037,-0.63949275,1.6273189,0.5627358,1.8994122
FOXP3,0.8689518,-0.001535654,-0.014919519,0.025172472,0.65818644,0.58401775,2.8287666,-0.43162537,0.053397298
FOXP1,0.3651247,1.0060501,-0.6810913,1.742238,1.3977718,0.48377705,-0.5212288,0.7808237,1.0817499
ACAP3,-0.56584644,-0.11588335,-0.7980175,-1.0878901,-0.51678133,-1.1908188,2.024529,-0.48018885,-1.6049356
MAF,-2.554843,-3.3816967,-4.150258,-2.6173105,-1.4173698,-1.3342867,1.2201433,-2.4161434,-2.2509584
FSCN1,4.6293125,6.224803,3.5803556,6.339244,5.405383,4.836604,1.3507175,5.5209675,4.9552717
SLC25A51,0.47592115,0.776309,0.5216141,0.55132675,0.6998091,0.5760789,1.2068977,0.6996708,0.6706934
MAL,-0.70967007,0.20266914,-1.0084262,-1.218338,0.31794024,0.22292471,-0.29453087,-0.51152706,-0.46607113
FSCN3,-2.1764789,-1.461875,-2.1317487,-1.5152369,-2.6470983,-2.336532,-2.1617055,-1.706706,-1.4277301
ZNF678,-0.7316475,-0.12763071,-0.37894917,0.02951336,-0.2552457,-1.5898473,-0.078635216,-0.12004471,-0.6022959
ZNF676,-0.2662673,0.10663891,-0.11104393,1.1711092,0.23550701,0.05035019,0.19731712,0.5955982,-0.044680595
KIAA0408,-0.2357809,0.011345387,-0.71299267,0.6672884,0.7291906,1.2851253,3.5908601,-0.012651205,-0.17137587
KPNB1,1.4166956,1.8780928,1.4598818,1.835679,1.8741798,0.9521837,0.19705105,1.4378986,1.2331972
ZNF672,0.65793896,0.86462116,0.27511406,0.59621525,0.3272829,0.9253473,-0.06524372,0.57775116,0.5847616
FOXO4,0.23688126,0.07355261,0.5677748,-0.8239331,0.17537212,-0.9927592,-0.95031166,-0.16878986,-0.40861273
FHIT,-0.05286026,0.003219605,-0.15533686,0.48006487,-0.6156049,0.31892967,0.6268678,0.30430555,0.31100988
ACAT1,-2.3521132,-0.7538099,-2.8055804,-1.4741043,-1.3615079,-0.84927344,1.419903,-2.0527978,-2.148336
STK35,0.44617653,0.7668514,-0.09894371,0.6623993,0.9315362,0.6188116,1.2839346,0.6366172,0.991549
DSEL,-0.54853344,-0.873021,-1.7247846,-0.10879314,-0.14134657,0.33255243,2.6673965,-1.0859361,-0.5875093
STK38,0.12683964,0.8089342,0.49063873,0.22772312,-0.04482937,-0.2374239,-0.97716427,0.4929037,-0.19522762
MBP,-0.5569974,-0.7185525,0.004531622,-0.30093503,-0.2844622,0.4622314,2.199276,-0.818887,-1.0883849
ZNF664,-0.26917076,-0.1394968,-0.17143536,0.07086754,0.025978088,-1.4292126,-0.23534107,-0.213583,-0.23329926
EVI5,-1.0634885,-1.041398,-1.0519676,-0.89470863,-0.48042536,-2.0454102,-0.8177099,-1.4621263,-1.1731052
KRT18P51,0.88246727,0.12438154,1.084588,0.53460836,0.63686657,0.9565172,0.62146664,0.33581734,0.5240946
DEFA6,0.61208844,1.2759039,0.6163299,0.8212576,0.6622932,0.67419314,2.7306645,0.8174734,0.78480315
SRD5A1,1.6384668,1.9386516,1.224153,2.1692028,2.5816832,0.17923427,2.4833078,1.9418745,2.3393488
KRT18P55,0.8072486,0.4830904,0.7618356,0.9312997,1.1700053,0.69571114,0.72805214,0.5562897,0.31031895
TMEM277P,0.37849712,0.3659973,-0.36530685,-0.512866,-0.11094475,1.0215578,1.2247934,-0.48386765,1.8463125
FOXN3,-0.21044159,0.006634712,0.39218712,-0.34100723,-0.4604683,-0.92569923,-1.467658,0.16144466,-0.49332047
EEF2,-0.61112976,-0.38303757,-1.5516243,-1.1090965,-1.1356297,-0.9080868,-3.1573114,-1.4999971,-0.75258636
AICDA,-1.1068314,-1.005751,-2.0496829,-0.89757,-0.45400643,0.11335802,2.0127585,-1.6006218,-0.9740869
CXCL10,8.03158,8.307259,8.762918,8.852201,9.087826,7.550506,7.8263283,8.61735,7.4464087
CXCL12,-0.46688294,-0.4439957,0.1361227,-0.08401799,0.026293993,0.43811214,2.7231517,-0.48937368,-0.7384405
STK26,0.7469053,1.2065516,1.2361546,1.5261736,1.1388388,2.1217566,2.0299826,1.6004982,1.7873297
POMT2,-2.0842085,-1.7062106,-2.6535625,-2.160849,-2.1497083,-2.1485434,-2.546464,-2.0406027,-2.3331041
KRT18P21,1.0482869,0.39018106,0.7095685,0.54282665,1.1248899,1.1220121,0.86662626,0.43979883,0.66266155
MAFIP,-1.2193122,0.029510975,-0.44632864,-0.56820726,1.1731005,-0.12818527,-0.3888626,-0.08604002,-0.9261551
CELF1,0.30256844,-0.001538277,0.088695526,0.001537323,0.58541584,1.2854843,2.0855255,0.7203989,0.26104927
FHL3,-0.42566872,-0.77024364,-0.7244053,-0.5260811,-0.52397823,-0.5723872,-2.6714888,-0.5940151,-0.7975769
MIR3150BHG,-0.93978095,0.11521006,-1.480701,0.20244777,0.07326579,0.5470059,2.8747246,-0.8555137,-0.84813714
CAPZB,-1.2232265,-0.98563576,-0.8910389,-1.0897465,-0.8295784,-1.2199421,-1.4860554,-1.0701151,-1.3581295
SUMO2,-0.17807388,-0.07986832,-0.054236412,0.21918297,0.26178932,0.47440338,-0.025274277,-0.047035217,0.7390175
ZNF646,0.2920761,0.5227661,0.7837219,-0.031316757,0.14105988,1.2685871,0.26464462,0.41850376,0.53531265
KRT18P32,-0.323673,-0.6402869,-0.5718398,-0.5172063,-0.63251853,-0.16552567,2.209421,-0.16541958,-1.5598137
COX6B1P3,0.757555,-0.03739071,-1.9990911,-1.3090425,0.048549652,-0.6973839,3.0155783,-0.49308014,-0.5307026
ZNF385D-AS1,-0.32500374,-0.07556307,-0.9293722,0.6367974,0.6854011,1.1197025,3.4100332,-0.28022605,-0.2790184
CD8B2,0.35381603,0.7779398,-0.12938976,0.109173775,0.7764802,1.0623126,-0.1630764,0.5843229,0.46256638
SLC25A16,-1.4113994,-1.5548763,-1.345252,-1.3379211,-1.0156779,-3.0221581,-1.7012396,-1.041637,-1.6959844
SLC25A15,-0.21907282,-0.71829176,0.592185,-0.9606452,-0.4458151,-0.3491025,0.29635477,-0.33779335,-0.69632435
NPC2,-1.1887188,-1.788023,-1.0163584,-1.7488022,-1.4176855,-1.1808376,0.08703041,-1.4839668,-1.153717
SLC25A13,-1.0011873,-1.4739184,-0.57501125,-1.0931034,-2.171362,-0.8366947,-1.5774317,-1.2200384,-0.8082566
MFF,-0.3254795,-0.45767212,-0.04140377,-0.35322762,-0.3298025,-0.024230957,0.50652504,-0.1970272,0.061084747
SLC25A26,0.24961996,0.58221006,0.006923199,0.35444498,-0.008393288,-0.059535027,-0.5443497,0.7677903,0.3154502
ZNF629,0.6507206,1.0133133,0.46868992,1.1053963,0.93970776,1.0240879,0.1856823,0.81142235,1.3830433
ZNF624,-0.46375418,-0.17105055,-0.034362793,0.1634717,0.1151886,-1.5060043,0.57342815,-0.29875183,0.03527689
SLC25A20,0.77687263,0.5981922,1.3032541,-0.15990067,0.38397408,0.40605164,-0.13991165,0.6233692,0.50748825
ZNF620,0.16271734,1.2195249,0.80934334,2.087985,0.97241116,-0.59772515,1.326993,1.1921005,0.9157114
CTHRC1,0.84998226,0.38682556,1.8538568,-0.19210482,0.001614332,0.46238303,2.6512702,1.1479793,0.22344327
KRT18P10,0.059235573,-0.40576744,0.17898369,-0.06497288,0.077206135,0.53711605,0.5736227,-0.30325508,0.1365881
MMAB,-1.1259055,-1.3204646,-2.0837235,-0.50356007,-1.5342393,-1.2131138,-1.5831652,-1.368671,-0.8098345
MGA,0.50143147,0.3907051,0.5671663,0.6486826,0.6571398,0.003961563,0.00031,0.59472084,0.59190845
FOXJ1,0.64313173,0.62124157,1.1514792,-0.27416277,-0.31819582,0.10796356,5.3134713,-0.24958515,-0.10332632
MERTK,-3.9408052,-4.516619,-2.7501936,-4.290821,-3.8644688,-2.4683113,-2.9477873,-4.187939,-2.743434
DHODH,-1.2295265,-2.194428,-2.6022968,-2.0363197,-2.2664876,-1.9861274,-2.9102325,-2.119174,-1.6596937
NELL2,-0.17934251,-0.22508264,0.18655682,-0.29834223,1.3119552,1.1350529,2.3408585,-0.18911886,-0.0771656
SNRK,-0.31770325,0.097738266,0.680315,0.20933008,-0.23881578,-0.6163678,-1.0175467,0.40590906,0.012191296
SLC25A31,-0.2416153,-0.01806426,-0.70116854,0.6312765,0.703835,1.2841442,3.5984662,-0.20448184,-0.16636574
ZNF611,0.07498455,-0.11560917,-0.08314705,0.19995785,0.5693197,-1.7388301,0.65987015,-0.7222185,0.48707676
SPON2,-0.6432352,1.3754025,-1.9558296,1.110755,-1.112833,0.06608105,-1.8954802,0.41408157,2.2826815
PTGES3P3,0.07775974,-0.33378696,0.1652422,0.56457233,0.3348484,-0.8150587,-0.0764761,-0.089808464,0.091109276
PTGES3P1,0.000768,0.1249094,-0.2986784,0.32765865,0.5461035,0.21074963,0.3524294,0.30544758,0.40113544
OGFOD3,-0.5431204,-1.07058,-1.0470209,-1.2506533,-1.166059,-1.9929395,-1.9181709,-0.6543312,-1.5517931
FOXI1,0.74423456,0.26341796,0.9850912,-1.3498089,0.046140432,1.1689987,1.7305803,-0.326555,-0.10331941
ZDHHC6,0.06866646,0.38951874,0.32870293,-0.15218925,0.064291,0.12239838,-0.28548813,0.41229343,-0.1036129
CCT6P3,-0.23729897,0.046565056,-0.20805454,0.22310448,0.019595146,-0.34964943,-1.1156445,0.2727642,-0.20407867
ZDHHC3,0.1007576,0.24380112,0.6224785,-0.005615234,-0.2728443,-0.027460098,0.14355564,0.093131065,0.21463394
ZNF728,0.45488834,0.6819496,0.55322886,0.63273335,0.7762408,0.2316556,1.0026364,0.8893752,0.24867582
SRGAP2B,0.47619438,0.32552433,-0.08987236,0.28922653,0.82002735,0.10841179,0.9918165,0.46827602,0.40229607
MIF,-0.7021847,-1.0258684,-1.5053635,-0.8331394,-1.3255739,-1.2479973,1.4701786,-1.8503294,-0.42479897
THAP2,1.3012218,1.6438875,1.4818487,0.66454554,1.3276753,1.5929103,1.6863389,1.6107063,1.66816
THAP1,0.4478798,0.68766403,0.6514616,0.541275,0.823596,0.710165,0.55791855,0.92548466,1.0907726
THAP6,0.6763339,0.71210766,0.70417595,0.97115755,1.2447858,-0.38304806,0.2181015,0.8488407,0.7410617
THAP7,0.19608784,0.21176529,-0.2627182,-0.025601864,0.008215904,-0.03738737,-0.55228615,0.30723476,-0.52360487
CTXN2,-0.3823607,-0.0594393,-0.79856515,0.4430747,0.63883686,1.1850615,3.4219096,-0.26630795,-0.26488876
TMEM87A,0.7553444,0.7585678,0.8226633,0.80913925,0.85011864,1.0408745,0.39515877,0.98952293,1.3032551
TMEM87B,0.229105,0.4553728,1.0463858,1.4096794,1.1666489,0.30913925,0.7797775,0.65001774,0.35139656
CAPSL,1.7563858,1.951921,1.4828377,1.5143976,1.9797492,0.7539172,1.5213237,1.6556973,1.3291926
LINC02061,0.1490686,-0.28788275,-1.0661862,0.56827414,0.45240903,0.95165765,3.279492,-0.4964667,-0.46324247
EVPL,0.59987926,0.31110954,0.098843575,-0.23781681,0.10187721,0.6445112,1.7097464,-0.13733387,0.20856571
APH1A,-0.04044676,0.044631004,-0.057693005,-0.5744543,-0.08940029,0.8631644,-0.64992476,1.5286031,-0.8300338
SNX1,0.09568977,0.24152565,-0.044491768,-0.019794464,-0.34227276,-0.16412544,-1.0449142,0.20233345,-0.111846924
ZNF707,1.0753202,1.0965176,1.3308954,1.3625803,0.5793867,1.316495,1.1466589,0.9787817,1.345046
SNX2,-1.6733875,-1.7738972,-1.3862829,-1.1263523,-1.6388655,-1.3021603,-1.4578466,-1.432436,-1.019865
PENK,-0.6406337,-0.66743743,0.23589945,0.001070261,-0.123232245,0.3099072,2.8009794,-0.8717617,0.45797563
ZNF700,-0.37975836,-0.247962,0.014542103,0.20563364,-0.10614014,-0.73947144,-1.5686512,-0.12492418,-0.23363924
RIMKLB,-2.7038,-1.4367859,-1.1760056,0.7620249,-0.04822898,-0.55200005,1.1051311,-0.73795533,-0.10510659
RBM10,0.45528316,0.5844507,0.069449425,0.2646036,0.50226593,0.665061,-0.15676022,0.48443413,0.5419493
TMEM86A,-5.055434,-4.3024206,-3.37992,-4.8743353,-4.999218,-4.1033225,-2.2431126,-5.9089613,-3.7486928
RPE65,-0.24853373,0.13506329,-0.77859986,0.7047925,0.8679764,1.1833475,3.351279,-0.107028365,-0.23830068
INTS6,0.08063698,0.47562742,0.83998156,1.1306758,0.4384799,0.49576616,0.42763567,0.5333533,0.72335243
RCOR2,0.24114037,-0.445076,-0.79867935,0.1445179,0.40517807,-0.33618736,2.3801098,-0.39022064,0.7892113
RCOR1,-0.568161,-0.43354702,0.22985649,-0.5210476,-0.22725773,-0.22832108,-0.721035,-0.16084099,0.09763718
SUV39H2,-0.07603121,-0.07690811,-0.48056936,0.19947624,-0.32863283,-0.59562874,0.30810404,-0.18325233,0.27334023
CCDC120,0.24183655,-0.5083122,-0.303236,-0.49473953,-0.010134697,0.3114872,1.5888987,-0.051979065,-0.33619118
CCDC126,-0.2916813,-0.17953253,0.6748791,0.6307101,-0.01222229,-0.1967845,0.31036758,0.04700899,0.31691933
FKBP14,-0.11958742,0.060171127,-0.43041515,0.69608784,0.25709915,-0.7416258,-0.9985075,-0.011390209,-0.2996354
LHFPL3-AS2,-0.4043448,-0.11237621,-0.2181139,0.610186,0.65425825,1.0854619,3.3866165,-0.2926842,-0.3307941
CCDC124,0.22024155,0.2107811,-0.30128956,-0.46370888,-0.16790485,0.29831886,-0.1493988,0.17282677,-0.47038078
BMI1,0.47680092,1.0157461,1.0337868,1.1200128,1.1169877,0.61150837,0.7774315,1.1842089,0.9106245
PEPD,-1.134819,-1.418582,-1.3800068,-1.7325687,-1.5817404,-0.8210983,-1.7914,-1.3437719,-1.2241936
ACADL,-0.36206877,1.2759242,-0.86253345,0.7473098,0.7162448,1.1734917,3.433213,-0.22474039,-0.22926748
SBSPON,-0.4334786,-0.16543055,-1.0107633,0.7075397,0.5843419,1.0458782,3.3370652,1.2287877,-0.14672399
CCDC112,-1.4501209,-1.1940002,-1.8331814,-1.1630979,-1.4389696,-1.7246504,-0.9976201,-1.0070271,-0.98612976
FOXD2,0.47555828,0.8293681,0.1532731,0.048573017,0.15224743,0.81452656,-0.12592459,0.6585612,0.22184563
DBNL,-0.17176533,0.42354774,-0.1963234,0.3109026,0.19976997,-0.7394028,-1.4850311,0.5468855,-0.55882263
CCDC116,0.33271956,0.63522935,0.58651686,-0.36978292,0.47145605,0.3657279,2.042643,0.60557985,-0.5325031
MINK1,1.6948624,2.3026,1.5446405,2.3120384,1.8941317,2.3665314,-0.062044144,2.6170492,1.8622322
COMMD1,0.48507786,0.6041403,-0.073866844,1.178338,0.87908936,0.37499142,1.179246,0.57077885,0.7861757
COMMD5,-0.6342485,-0.83047056,-0.22532034,-0.5933602,0.040346146,-1.4842701,0.56792545,-0.9626107,-0.28080034
KXD1,0.22947502,0.5005121,-0.117204666,0.029104233,0.22801304,-0.77368355,-1.708148,0.6211729,-0.3692913
FOXC1,2.3922086,3.1383462,2.1691766,2.7120633,3.167624,3.0256562,1.3157411,2.6304717,2.6861634
RABGAP1,0.3470688,0.34121323,0.22053814,0.9144726,0.34073353,0.91604996,-0.44984436,0.6187477,0.7087612
SATB1,-1.7603674,-1.7954459,-1.3563738,-1.8781261,-1.4766469,-0.3755474,-1.103939,-1.5993471,-0.8958931
CCDC103,0.8348689,-0.16147852,1.2338867,0.6984539,0.5919757,1.6316514,1.9370904,-0.17506313,1.5868716
DOT1L,0.9425292,1.1048684,1.1419711,0.98246527,0.8782306,1.4975562,1.5592513,1.167706,0.9125018
CPN1,-0.3576696,0.45903873,-0.005339146,-0.44866228,-0.58235025,-0.21345997,0.8496547,-1.0019825,-0.22296381
PGRMC1,0.030459404,0.057744026,0.4058938,0.28893805,0.11516762,-0.50344276,0.3427558,0.38016558,-0.2662797
SERTAD4,-0.6488907,-0.31058717,-1.1599114,0.42930484,0.43646276,0.8914201,3.117731,-0.510659,-0.50476635
C20orf85,-0.26988125,0.7184081,-0.83460784,-1.5558846,-1.4251223,0.8745878,1.3684976,-1.0473242,-0.5318115
NPM2,0.42006278,0.41833735,-0.38205194,-0.5866244,0.8458047,1.2007031,0.94813395,-0.90444016,0.003369093
CAVIN1,1.9261951,2.2306232,1.9694386,1.850502,3.3012867,2.1821175,2.2115488,2.1061144,1.2695408
CAVIN2,-0.5674012,-0.5632844,-0.26754522,1.1568799,-1.2354105,0.6741004,1.5374408,-1.2678128,3.3587136
CAVIN3,1.2789469,1.4049263,0.6592579,2.5523367,2.2857552,1.3560572,0.79547024,0.9390869,1.5658827
FRMD8P1,0.29848957,0.65788364,0.21961689,0.46270895,0.7795124,0.20585966,-0.2974162,0.7711358,-0.09857464
DSPP,-0.43992072,-0.1880309,-0.048035383,0.57882607,0.56348777,1.0399921,3.3322783,-0.35157633,1.1407633
PPP1CA,0.004685402,0.2490654,-0.26104546,-0.34034824,-0.009790421,-1.1848173,-1.3419733,0.23468494,-1.0737696
ALDH4A1,-1.781805,-0.86556244,-2.199468,-1.0220914,-2.5862296,-2.141758,0.15187168,-2.0012355,-1.8142653
GFI1B,-0.04493904,-0.01171875,-0.7019954,-0.37274694,-0.32104445,-0.10480738,-0.105237484,-1.2352536,-0.50731945
PER3,-1.2726531,-1.1135488,-1.5560327,-0.34954166,-1.8771267,-2.620181,-2.195044,-1.4345088,-1.3702998
CSDC2,1.2652453,-0.5448717,-0.39650285,0.23154378,0.21180403,0.65397394,3.3695602,-0.7013607,-0.07650316
FKBP1B,1.3127394,1.7315359,0.6972399,1.7972727,1.5976486,2.0735674,0.9414511,1.442667,1.7026167
LNCPRESS1,-0.5009477,-0.27750278,-0.7760521,0.5839329,0.4632684,0.9577422,3.2867322,-0.4875881,-0.45378458
FOXA3,0.4024322,0.003041983,0.012709379,0.071900845,-0.012938499,0.19536567,3.2109272,-1.2515073,-0.19683766
CCDC167,-0.004732132,0.081225395,-0.56197834,-0.12735939,0.13316727,-0.053297043,1.5879755,-0.111953735,0.08437538
FOXA1,-0.69098246,2.432922,0.3339728,2.2268138,0.35432303,2.2553887,3.1109242,1.8242725,2.952177
CCDC169,-0.010110378,-0.004034281,-0.42972946,1.5848281,0.32876444,0.6961117,1.5981667,-0.6580267,-0.6735556
CCER1,-0.36307073,-0.15583748,-0.8944588,0.64076734,0.58149767,1.1159542,3.4224699,-0.35358566,-0.32192254
CYP46A1,0.51658297,0.08896339,-1.4438083,-0.001814365,0.39427614,0.5622518,2.8489008,-0.86910844,-0.86114955
IFI44L,5.645299,5.8648825,5.818721,5.597209,5.9588804,5.399209,4.89174,5.8655987,4.840657
CAPN8,-0.37239313,-0.30376315,-0.48012018,-1.0311584,-0.69890237,-0.053095818,1.3833609,-1.6438978,0.098985195
DUOXA1,-0.60320723,-0.3384353,0.43628764,0.50831246,0.41810822,0.8640373,3.1780252,-0.49064696,-0.47546464
CAPN5,1.2490048,1.181119,0.93734455,0.9710865,1.0635514,1.5875945,2.881783,0.5067563,0.3171463
ARHGEF40,-0.77381897,-1.4475431,-0.8796263,-1.8075333,-1.7588634,-0.3817215,-0.88603497,-1.372673,-1.2878971
ACAA1,0.37889957,0.5460081,0.052725792,0.33402538,0.077750206,-0.4676447,-1.266573,0.70417404,0.01900196
EOMES,0.31258702,0.05811453,-1.1946979,1.2926426,-0.59237194,2.6963763,2.1552596,0.8203964,2.3323975
PCDHB17P,-0.47190523,-0.11984062,-0.37124932,0.47876716,0.6015028,1.0434425,3.708926,-0.33593023,-0.118056774
ADPRHL1,0.50095177,1.0996923,0.2772584,0.6912141,0.9776106,1.0410395,-0.06840801,0.80255747,0.9228878
RPGRIP1L,-1.0821693,-1.7541262,-0.5600152,-1.005611,-1.5934262,-1.1297858,1.1533194,-1.8532507,-1.9362072
MR1,1.647747,2.1694193,2.2749462,1.916151,2.327466,1.9539318,2.1584873,2.3458548,1.4655685
TANC2,-0.70498013,-1.9933541,-1.1953983,-0.12703133,-1.5009089,-0.9059305,1.3723621,-2.365997,-1.7518106
TANC1,2.924721,3.4245665,1.968426,4.1490803,3.1772726,3.6080801,1.4216168,3.3480375,3.926593
DPEP2,-1.438571,-1.7849169,-1.1066895,-2.1271706,-2.2551422,-1.1054869,-1.2545776,-1.7669458,-1.7317076
PTMAP4,-0.6385126,-0.66666794,-0.8084812,-0.3970499,0.22526932,-0.6130762,-0.23671627,-0.67436504,0.08330059
LY86-AS1,-0.59207803,-0.2762872,-1.0529271,0.30235183,1.1625788,0.9388063,3.1937032,-0.49272645,-0.48998165
CCDC150,-0.54230595,0.43976402,-0.63860846,0.8427019,0.6699691,-0.31049538,0.19248962,0.4442649,0.09274101
UTP25,-0.69375896,-0.8129797,-0.14400148,0.11405325,-0.39705753,0.39028358,-0.701674,-0.5464225,-0.06293774
RBM8A,0.5242653,0.55780125,0.6518364,0.5233822,0.65348196,0.45137787,1.9751644,0.4624958,0.76248264
ARHGEF25,0.26426673,0.1103878,-1.9540598,0.33665156,-0.4494536,0.06029415,2.3896227,-0.474975,-1.3603473
ARHGEF28,-0.48216033,-0.2656415,-1.0032246,0.5001695,0.47899377,1.0058529,3.3174639,-0.45268953,-0.40226138
NPR2,0.32673955,0.40147233,-0.34120345,-0.71674824,-0.23555565,0.33874154,3.028313,-0.4124744,0.29749084
CCDC146,-0.18686914,0.6439209,0.7931261,0.98305035,1.1734629,0.7976198,-0.028345108,0.70152664,0.98037815
NPR3,-0.5848739,-0.36938697,-0.78675663,0.48795176,0.62601566,1.6112094,3.4967482,-0.5806257,-0.42732477
MIATNB,-0.010096073,-0.50651836,0.4460845,-1.4041052,-0.88737106,-0.97794867,1.2351513,-0.9514766,-2.1878786
HMGB3P30,-0.010469914,-0.5982504,-1.1052265,0.27500343,-0.35056543,-1.0834677,1.2412629,-1.2710233,-0.2945299
KIR2DL4,2.1005826,1.9791512,3.2812605,2.1547923,1.471602,2.83289,1.0769281,1.6420197,1.5475979
KASH5,1.9405565,1.4866958,3.046998,0.03623748,0.26137495,1.5954161,1.2636561,0.68400335,0.54018784
VARS2,-0.21038628,0.013859749,-0.4302826,-0.6736889,0.060539246,-0.2610035,-0.66774416,0.14596367,-0.2478733
ARHGEF37,0.29217982,0.67654634,1.1748443,-0.4065554,-0.6240592,0.500103,2.444965,0.28754258,1.2866983
CCDC138,-0.92848015,-1.7390622,-0.43419242,-0.6494446,-1.043922,-0.5671549,1.5225754,-0.65806556,-1.4158541
SLC52A3,0.71328676,-0.20135975,1.1850451,2.601293,0.16494286,0.6048566,3.75274,-0.7685058,-0.78210914
SLC52A1,1.636519,2.2349572,3.244606,1.5459404,1.8026934,3.8003426,3.4554133,2.3817596,2.4105406
DSTN,-2.3143196,-1.220293,-2.8399763,-0.7386265,-0.27490234,-0.86585116,1.4185524,-2.2868128,-2.2322052
SHISAL1,-0.40466285,0.019665837,-0.69174397,0.39277816,0.6585443,1.2361705,3.3948088,0.68016624,-0.100664616
EVX1,0.39116096,-0.6543665,-0.8147507,0.25506592,0.40878105,-0.40727234,1.5371685,-0.938632,1.3886356
HMGB3P22,-0.37128258,-0.37637663,-0.68620825,0.3043604,0.12013769,-0.44531488,0.8861551,-0.52922535,0.114043236
BMP7,0.016420841,0.79316616,1.35868,0.9228766,0.69425845,2.6377425,3.258966,1.0449214,1.6611018
BMP4,-0.25693238,-0.28310597,-0.7779244,0.32523227,0.38235903,0.85044074,3.1186924,0.57250357,-0.1420219
BMP3,-0.212035,-0.06341982,-0.69024944,0.81728303,0.6536281,1.0911278,3.3656716,0.08654988,-0.25967032
BMP2,1.960043,-0.46673608,0.7711611,-0.010986328,-0.294981,1.0140219,1.6304245,0.38474464,0.47499514
CPS1,-0.34507638,-0.06650829,-0.8658272,0.60838044,0.65251195,1.1897448,3.420817,-0.19974852,-0.28879166
TAB3,0.47858763,0.56845665,0.6876159,1.0188484,1.1273565,0.82427263,-0.5718212,1.0183177,0.7822089
RBM28,-0.06508827,-0.23458004,-0.25761604,-0.40982437,-0.5158615,-0.11802292,-0.44029903,0.057120323,0.16119766
TRIM64EP,0.42512608,0.23273754,0.059811592,-0.17799044,-0.042138577,0.67119217,1.5417061,-0.62731075,0.109348774
RHOXF2,-0.51526487,-0.28134352,-1.1016469,1.2086155,0.469517,0.93137264,3.2740333,-0.49190807,-0.4589373
TREH,-0.7048143,1.0748248,0.7246516,-0.3208059,-0.34011865,0.10584521,2.4159174,-0.79684865,0.57163286
PSIP1,0.3782568,1.4668996,-0.82648706,1.8890669,1.1948068,-0.39133954,1.8073065,1.5467956,-0.061027527
ATP2A2,-0.3501544,-0.2098813,0.13338852,0.04959774,-0.41196156,-0.33287144,-0.7303734,0.051733017,-0.9117212
ATP2A1,0.2026422,1.3268819,0.10647535,-0.96399724,1.1242096,0.009879589,1.7531466,0.50019264,-1.3166393
SEC61A2,0.6990361,1.4054375,1.0145235,1.9644413,0.87299967,2.1169796,-0.23535919,1.1100368,1.6358213
BCL7C,-0.027023315,0.19389915,-0.5477104,0.20059586,-0.20727539,0.08685303,-0.23704529,-0.13058662,0.071460724
BCL7B,0.6288943,1.4454999,0.96382904,1.0281305,0.9122834,-0.4803834,-0.12801409,1.3154826,-0.1654706
OR2A1-AS1,1.0976839,0.9951196,0.8734479,-2.0988016,-0.18344522,1.3299341,2.1833658,1.4414163,0.12698269
CFAP47,-0.31918365,0.019516349,-0.84829855,0.67816293,0.7701858,1.1470032,3.378804,-0.18550289,-0.2636413
UQCRFS1,0.15087986,-0.050588608,-0.06612396,-0.12497425,-0.15897751,0.4135561,0.38376713,-0.07642555,0.4030428
ZNF385B,-0.1697669,0.095529795,-0.96710527,0.69018054,0.82526994,1.268363,3.5282555,-0.12014663,-0.17606711
ZNF385D,-0.2998699,-0.014389038,-0.88727725,0.79678345,0.7447729,1.1735566,3.423111,0.7379873,-0.1676073
RBM33,0.041068554,0.31292152,-0.646018,0.532043,0.92726374,-0.04261017,0.2564602,0.4940381,-0.3382573
HS3ST3B1,3.7296042,3.6677303,5.933449,3.3489037,3.2014327,4.8835964,5.222637,4.6851435,4.3558636
ARHGEF10,-1.0840496,-1.2637672,1.3975501,0.3578074,0.18988204,-0.70146775,1.6057873,-1.1033428,-2.1280832
MMP7,-0.5031929,-0.89767075,0.13666344,-1.3557367,1.5067921,-1.936893,0.281662,-0.46529865,-1.654129
CCDC197,-0.4425971,-0.12767243,0.19121885,0.5562576,0.6089394,1.0914617,3.3358502,-0.3430326,-0.20376015
ARHGEF12,-1.0570657,-0.8242645,-0.30503464,-1.1759584,-1.2269864,-0.74611545,1.7078781,-0.23542213,-1.635863
RBM15,-0.15026331,0.26963377,-0.40407372,-0.11287546,-0.096943855,-0.49217987,-0.23076153,-0.14971972,-0.45242882
ARHGEF15,0.97052956,0.7110567,0.7676611,0.50201607,0.61086655,1.0443459,2.685234,0.5576124,-0.061220646
UTP11,-0.4800253,-0.61662865,-0.36338425,-0.42514515,-0.5929985,0.013894081,0.15799999,-0.4501295,-0.055959225
DYNLT3,0.18207932,0.54464436,0.74138165,0.21541977,0.587924,0.92209053,2.0172176,0.70948124,0.7984276
ARHGEF16,-0.011517048,0.011517525,0.7091265,-2.1911836,-1.9291172,-0.46131587,0.39534378,-0.41555548,-1.7248049
GPCPD1,0.33498383,-0.73865986,0.7089596,-0.85455894,-0.65562534,0.34880066,0.7022209,-0.20269108,-0.12803268
MMP9,0.19436169,-1.375392,-0.63973904,-1.9224367,-1.2844696,0.55447483,-0.05251217,-1.1045504,0.08653927
IRF3,0.9870081,0.99248123,0.8679695,0.54160595,1.4132996,1.2695303,-0.18901443,0.910347,0.4048643
IRF4,4.4335833,4.976596,4.17809,5.623914,4.327835,4.595662,2.8679209,5.134225,5.091647
GORASP1,0.35352278,0.7890382,0.48626137,0.108095646,0.31604004,-0.33586836,-1.6835322,0.97664976,-0.20188951
IRF1,4.6936455,4.8354073,4.588666,4.9504433,5.0477047,4.251852,3.045248,4.927223,4.290924
CPTP,0.09366417,-0.25186825,-1.2191343,0.24390984,0.5675926,-0.20689583,2.3167439,-0.420846,0.14591217
CDHR1,1.3162451,0.7004514,1.5761018,0.623891,0.6047616,1.0518516,3.3607383,0.0884465,-0.30319023
PEX5,0.14985466,0.32411242,-0.07692623,-0.32566452,0.000751,-0.5487585,-1.4447751,0.34874964,-0.3836522
CDHR2,0.6452217,0.20649195,0.9453664,0.25829363,0.35503483,-0.28179073,0.28341198,-0.24731016,-0.78336954
CDHR3,-0.18496037,0.2522962,0.2237246,1.3359826,-0.00525713,1.1910858,2.7534478,-0.93331146,1.2220156
IRF7,3.9838877,4.092044,4.2611914,3.5706434,4.089572,4.5046587,4.018195,4.1691313,3.515914
CCDC191,0.88584805,0.24171734,0.9225073,1.6715326,1.1346693,0.21644402,1.134407,0.17508698,1.3704176
CFAP57,-0.6587184,-0.44408798,-0.5870254,0.39722073,0.29730487,0.77231693,3.1249077,0.96479654,-0.6272141
NAA35,0.20510292,0.06136322,0.5597477,0.72971344,0.4373312,0.07800484,-0.46086407,0.38642025,0.5366783
BLVRB,-1.0795536,-1.3675461,-1.4291553,-1.8770218,-1.4132547,-1.0064316,-0.53172493,-1.5838203,-1.3814068
NAA38,-0.43273354,-0.7012577,-0.66342926,-0.5408764,-0.5411453,-0.04483986,2.4792137,-0.80550575,-0.10859871
RBM24,-0.31492257,0.108738184,-0.8655871,0.7613143,0.7319133,1.1758797,3.460804,-0.20598102,-0.22949165
IRF9,1.3309927,1.5775843,1.6590662,1.943757,1.9732914,2.175931,0.6410494,1.8453884,1.9780855
CCDC194,2.7760835,2.964982,2.751009,3.0781584,3.9022045,2.7957363,2.8191295,2.9972696,2.659886
LAMA5,-0.08380985,-0.2917905,-0.26585245,-0.6486101,0.14216042,-0.36746407,0.76258945,-0.5051513,-0.28407192
RBM48,0.40966225,-0.11383963,0.19526434,-0.13939738,0.7497854,0.19464731,1.4917526,0.092324734,0.36468935
CCDC186,0.6041851,0.70449495,1.5582604,0.6934743,1.0661192,1.0153203,1.4158883,0.80333424,1.1887641
MVK,-0.6133919,-0.2975769,-0.98279285,-0.19176102,-0.5549965,-0.07805061,-0.21425629,-0.9848709,0.10799599
LAMA1,0.3286097,-0.13810301,-1.022366,0.52701545,0.6093408,0.98517644,3.9767706,-0.12538266,0.59496236
MVP,0.46558285,0.66648483,0.08209705,0.0302248,0.77176666,0.98728466,0.039841652,0.43463516,0.50773716
PTMAP8,-0.55523586,-0.666481,-0.7120371,-0.5764036,0.08627033,-0.70092297,-0.34460354,-0.8121195,0.17255116
LAMA3,0.37877452,-0.2869799,2.2540436,0.37817478,0.44132853,1.3142667,3.3403478,-0.47270036,-0.41027427
HMGCR,-0.8204222,-0.5389509,-0.7787695,-0.36382198,-0.60702133,-0.62484074,-1.0038815,-0.5437956,-0.26653385
DNPEP,1.3527584,1.35567,1.058322,1.312233,1.1574593,0.64215374,-0.19720936,1.3390789,0.94852066
RAB40B,-1.7073503,-2.479938,-1.5585485,-2.0658717,-2.8757665,-3.300078,-2.264007,-2.546115,-2.2393503
MARVELD3,-0.2126913,-0.90854263,-2.424769,-1.6604886,-0.61688185,-0.2858944,0.3789568,-1.5956426,-0.34289503
CCDC183,0.13036251,0.17926168,-0.22223663,-0.14495707,0.15946817,-0.7697933,0.63443375,-0.7799506,-0.15101528
RBM38,0.44351244,0.37090206,0.29327202,0.013830662,-0.2362771,0.20641041,0.5519662,0.5697737,-0.7395711
RBM39,-0.071998596,-0.049913406,-0.061882973,0.25814056,0.5876703,0.09653854,-0.20632553,0.20522308,0.18047142
CCDC177,1.4226038,0.79668736,1.6359184,-0.79057264,-0.4165852,1.6201408,1.7892535,-1.174988,0.4787779
LAMB3,2.6862926,3.7049284,2.9905767,4.1786385,4.0431395,3.5061283,2.645256,3.7540894,3.2459087
MX2,3.2483473,3.2663717,3.562973,3.120967,3.3812876,3.6209116,3.1049871,3.5274315,2.4914103
MX1,4.3514614,4.205845,4.4403715,4.0827427,4.3010817,4.932728,4.376341,4.2861557,4.1474743
ATP2B2,-0.9999402,-0.7331977,-0.14017367,-0.14301932,-0.036141634,0.60721445,2.8505375,-0.94943273,0.56727266
SOD2,3.4227047,3.9952888,4.115013,3.5071125,4.055355,4.146473,4.8817043,4.0625343,3.4556236
ESRRAP2,0.36853027,0.048599243,0.2770958,-0.9091091,-0.15489388,0.91918945,-0.17347717,0.40313625,0.49260712
SCIMP,0.65186024,-1.827497,0.38844585,-1.923481,-2.2359166,-0.6796217,0.827507,-1.1190062,-1.2091746
NCBP2AS2,0.39556122,0.23021126,0.20455933,-0.26517487,-0.088404655,-0.4741459,-0.17168808,0.12442303,-0.49331665
RPS26P58,0.34388065,-1.0259981,-0.56353855,0.4630785,-1.0764923,0.46404934,2.0664625,-1.1686974,0.73920345
BMT2,-0.6066351,-0.80241966,0.2892866,-0.001490593,-0.7806473,-0.8204932,0.57440567,-0.4938655,-0.40141678
BCL6B,0.43170166,-0.61020803,0.8857906,0.16995919,2.90304,0.5993166,3.154694,-0.7894498,-0.31251395
CFAP36,0.5116453,0.49939728,0.7294016,0.56171703,0.5159216,0.18750286,1.3470507,0.33181477,0.3314352
TAF8,0.49109793,0.60645485,0.4824524,0.41908503,1.0245275,0.7033558,0.5302162,0.741477,0.95278645
CCDC170,-2.4297724,-2.2833805,-0.3923297,-2.7394056,-2.6610832,-1.4039326,-0.57411337,-2.3418598,-1.7307014
THRSP,1.5453584,0.84139085,0.9049883,0.4208759,0.289711,1.9400446,3.825731,-0.60535574,0.76602745
NAA16,-0.56435204,-0.6704011,-0.5717592,-0.4498844,-0.4968853,-0.33092117,-0.5645447,-0.51985455,-0.86269426
RBM46,-0.414401,-0.1698094,-0.99503934,0.6245954,0.5874822,1.0367212,3.3667035,-0.37516683,-0.3539878
RBM43,1.229053,1.0153975,1.8758264,1.0042129,1.6375127,1.6985755,1.926436,0.9872203,1.7995563
CCDC171,0.27918363,1.1019588,-1.1511619,-0.2913766,0.6822293,1.9484568,2.4864025,-0.7890935,0.19464064
TAF1,-0.18750525,0.03361416,-0.16148281,0.46764517,0.105688095,0.051636696,-0.09820652,0.31327772,0.12561321
GUSBP14,-0.44616127,-0.16694832,-0.3972187,-0.5822525,-0.5788641,-1.3996067,-1.7514668,-0.057603836,-1.1036148
TRIO,-0.9573374,-0.59031487,-0.76797485,-0.7925978,-0.41322994,-1.0814643,-0.83252954,-0.74430656,-0.83120346
GLDC,-0.2572794,1.0452769,-1.4657255,-0.61946774,-0.57872593,-0.003470659,2.313016,-0.3967619,-0.39134014
TRIL,5.497193,2.4915648,5.3635983,2.6040807,4.4056535,3.809146,4.409058,3.0372815,3.0222316
DCAF4,-1.3767691,-2.037611,-0.8552246,-1.5361023,-1.779221,-1.4738035,-0.94064,-1.9096279,-1.1176386
GUSBP18,-0.5859852,-0.6694584,-0.42113972,-0.9913807,-0.6604614,-1.4783344,-1.1232319,-0.54333305,-1.2573891
DCAF7,-0.2930956,-0.34048748,-0.42247486,-0.24234486,-0.35730553,-0.016350746,-1.7428198,0.005812645,-0.17797375
H2AC18,2.8316317,2.6332417,2.6604433,1.7357492,2.6615915,3.2371778,4.755948,2.2214994,2.4333944
MILR1,-1.0266438,-2.0356817,-0.5459156,-0.9693394,-1.1682796,-1.027731,-0.83137417,-1.471221,-1.734581
H2AC11,0.6869478,0.32105637,0.59601593,-0.018694878,0.44793415,1.1665869,3.3528528,0.33167934,0.74984837
H2AC13,0.36315823,0.08402729,-0.29563427,-0.1565466,0.3086176,0.73387814,3.3054209,0.005625725,0.3642168
CREB3L3,0.2513771,0.22259617,-0.34986877,-0.030667305,0.2970624,0.6659384,1.0933576,-0.58131504,0.30496597
MYC,0.3298006,0.31161356,-0.68142796,-0.07130194,0.32630014,1.4650397,1.3839355,-0.45847034,0.4724002
PIP4K2A,-0.359581,-0.53362465,-0.6638012,0.07539177,0.3647871,-0.41911125,-0.17925262,-0.107634544,-0.56072235
RPL7AP75,-1.2172694,-1.2433257,-2.8259358,-0.8366232,-1.2704768,-1.4725704,-0.9504819,-1.6014433,-0.34384203
KHDC1-AS1,1.1657133,1.2396479,0.09357643,-0.16406107,0.6564355,0.22872734,2.5362425,1.0966358,0.7901232
SARNP,0.45386887,0.8287411,0.54172134,0.75679016,0.81746006,-0.09934807,0.8834114,0.76353455,0.7029648
TYRO3,-0.92910683,-0.5535133,-1.3072108,-0.14520442,0.25026035,0.6632271,2.8423767,0.6175735,-0.77440476
NHLRC2,0.31000185,1.1019111,0.51996994,0.99050426,0.97490644,-0.1694169,-0.99421644,1.1047869,0.30161095
FICD,0.9058418,0.8874397,1.4583597,0.87200356,1.0579062,1.6029186,0.06426811,1.0792761,0.89458275
CRACR2A,-0.8958349,-1.1557379,-0.41928816,-1.1577396,-0.9532361,-2.021223,-1.826138,-0.8433342,-1.4340973
PRDX4,0.29810333,0.37128067,0.62802505,0.32939148,0.13869476,0.8951969,1.5833511,0.5099716,0.8982353
PSMG3-AS1,0.77143383,0.3658676,-0.012493134,0.6313305,0.16384506,1.1822128,-1.0261054,0.65089417,0.48563147
NKX2-3,0.36036682,0.37564278,-0.5834675,-0.059568405,-0.3076687,1.1831837,1.2881393,-0.5739145,0.00116539
FZD1,0.37853765,0.81301355,0.58427286,-0.029731035,0.58398676,-0.38675117,0.6841059,0.468822,-0.67542267
FZD3,-2.4978027,-3.1380448,-2.9770749,-2.2800298,-1.5655584,-1.9492264,0.32199192,-3.3065782,-3.3089442
DNAH11,0.39775705,0.7528069,-1.1976545,0.49560416,0.4876045,0.9442682,3.2807186,0.9535363,0.10404718
NSUN5P2,0.055252075,0.13466644,0.05310917,-0.013183594,-0.10264778,0.45925522,-0.7593441,0.21224308,0.013183594
KIR2DS1,3.055379,2.84544,4.2981644,3.3105793,2.724566,5.0589566,2.5382977,3.0025764,2.9796424
KIR2DS2,2.819707,2.6953464,4.102627,3.1938562,2.461483,4.68074,2.9314823,2.614738,2.791366
DNASE2B,-3.3043113,-3.0141907,-3.7905216,-2.2096124,-2.2522058,-1.8022346,0.5078201,-3.193004,-3.2108502
DNAH14,-0.64245224,-2.424729,-1.3119335,-1.1185162,-2.9184866,-0.7863369,0.7980671,-1.0270922,3.1822386
FHDC1,-0.3763001,-0.14087301,-0.8472924,0.51193917,0.6015327,1.123708,3.3946161,-0.33409184,-0.20735198
PRDX6,0.2685299,0.169034,-0.15627384,-0.18899155,0.21315289,0.7990551,1.0039635,0.13056278,0.07441902
SLC6A6,0.6247778,0.74187756,-0.28920078,0.8186407,1.0559044,-0.031537056,1.5106974,0.2802229,1.0370474
PPP5C,-0.100960255,-0.24466658,-0.82553625,-0.60227156,-1.199161,-0.87652636,-1.2354007,-0.25253963,-1.4034171
RPL7AP47,-1.2804871,-1.0654802,-2.4922867,-0.7972336,-1.2505083,-1.7177143,-1.4805727,-1.2014122,-0.90117645
H2AC20,0.74487686,0.37273407,0.610199,0.34966278,0.81714916,1.2880878,3.9267483,0.3068428,0.72172546
H2AC21,-0.5342865,-1.0265899,-1.0851154,-1.2480536,-0.0893178,0.08150101,3.10951,-0.7313843,0.23127556
GIPC2,-0.12557018,-0.12077272,-0.9612831,0.7056012,0.62549233,1.0807571,3.5653133,-0.3154819,-0.31857562
RPL30-AS1,0.2809801,-0.003231525,-0.7841759,0.29378462,0.4440689,2.2191072,3.39148,-0.6329136,0.8672447
CDK13,0.35710955,0.7408495,-0.26132584,0.73374987,0.90581846,0.6641574,0.38082886,0.58755636,-0.09182119
GLI1,-0.45490742,0.7711046,-1.5281839,0.26673555,-1.4222705,0.3906641,1.325253,-0.13319588,0.40040946
SLC6A2,0.9184613,-0.66395396,0.45117545,0.19053674,2.0829353,0.9725485,2.9185889,-0.8707152,-0.8441847
GLI3,-0.0588696,2.7063298,1.1017084,1.75101,2.093741,2.52381,1.8212266,2.448505,1.9689426
SLC6A3,-0.21431184,-0.00245142,-0.9106146,0.803197,0.74496746,1.2026455,3.5552394,-0.20976985,-0.19134176
MS4A4A,-3.1199589,-5.4497876,-1.5382471,-5.8219466,-4.763829,-2.546978,-1.554388,-4.327137,-4.009865
FAM102B,-0.26252508,-0.20020628,-1.138855,-0.7403221,-0.75162935,-0.9425163,-0.34750223,-0.4896102,-0.67899275
IMPA1,0.7960415,1.3016768,1.3748336,1.4014435,1.7133265,1.1378803,2.0231614,1.3125763,1.3394413
RIOK2,-2.184204,-1.649947,-0.5770836,-0.5503042,-1.5282391,-1.0852475,1.2099476,-1.0540898,-1.2968383
RIOK1,0.092695236,-0.10503912,0.52116776,0.41173553,-0.0634408,-0.29529095,-1.2217436,0.13505363,0.2799301
RPS15AP36,-0.21849823,-2.0529165,-0.6126785,-0.81604385,-0.3791256,-0.025325775,2.688261,-0.4616871,0.48080826
FCER2,-0.38403273,-0.5901704,0.25427246,-2.8556166,-2.9053485,-1.2837648,0.26684713,-0.5128856,-1.4992287
MS4A6A,-6.335174,-8.230894,-5.0911684,-7.7722993,-6.948106,-7.2585254,-5.4488883,-7.507635,-7.6066933
RIPPLY3,0.8567362,-1.602089,-0.6347511,-0.8278791,0.14464378,-0.01992631,1.9011717,-0.63509226,-1.8754433
TAL1,-0.85526323,-0.25516987,-1.2071913,0.0958935,0.15052271,0.64988065,3.3509119,-0.022711754,-0.13266313
RPL7AP28,-0.6164608,-0.9243736,-2.3018894,-1.4289303,-1.0703468,-1.1251125,-1.4228115,-1.4324293,-0.39889717
ZNF599,-0.58961684,-0.29472387,-1.0862863,0.40508842,0.47174037,1.3969654,3.1905408,1.3588434,-0.52279377
ZNF596,-1.7215225,-0.15818429,-0.02882433,-1.550932,0.14258575,-1.1338909,1.1950879,-0.24186373,-0.5949962
ZNF593,0.08587074,-0.3215599,-0.29172325,-0.6225338,-0.70342827,0.29341125,1.857935,-0.36526012,0.26371002
ZNF584-DT,-0.26741695,-0.6179153,-1.4782311,0.28358996,0.1299392,0.5742425,2.8535004,-0.17326772,-0.81656075
ASAH2,0.5393219,-0.12918186,0.1584177,0.8932991,0.5037174,0.60469866,3.629727,-0.28646564,-0.29101372
GRAMD4,-0.91217136,-1.0749912,-1.1998472,-1.8189378,-2.0836844,-1.0596399,-1.5069451,-1.5085702,-1.5675006
GCNT2,-0.545125,-0.9120524,0.6057372,-2.4885347,-1.1206472,-0.7734771,0.7058654,-0.4292922,-1.3765717
ZNF587,-1.1052017,-0.6049261,-0.19501686,-0.67310715,-0.5849352,-0.21295357,-1.6064644,-0.7931795,-0.33490753
ZNF584,-0.16785383,-0.5498934,0.041650295,-0.78775024,-1.5536199,0.12523842,-0.32272387,-0.38558245,-0.6935601
ZNF582,0.08671069,0.002423286,-0.107574224,0.042971373,-0.3994503,0.55424476,0.984123,-0.10460091,0.28046155
CARD8,-0.724082,-0.70386755,0.06622219,0.16439903,0.039786816,0.5201752,2.8596685,-0.3520422,-0.8808002
CLIP1-AS1,-0.4461599,-0.18292606,-0.7900572,0.5291567,0.53858614,1.0394394,3.352181,-0.39586437,-0.38410383
TCAIM,-1.2674885,-1.389607,-0.69614506,-1.2442932,-1.6494994,-0.93379307,-1.030385,-1.0225172,-0.6625414
LRPPRC,-1.4052949,-1.1584024,-2.6921382,-1.4395018,-2.7325983,-2.1062193,-1.5740013,-1.5588999,-1.4255557
TRMT5,0.40894723,0.08673835,0.8088393,0.10049915,-0.44648314,-0.056658506,2.2553868,-1.2734401,-0.41704655
SARM1,0.008161545,0.19684982,-0.35757828,0.4724102,-0.005823612,0.31417608,-0.63763905,0.19383812,-0.088526726
RLIM,0.35957813,0.55860233,0.64560795,0.7704458,0.69379234,0.4572935,0.70597935,0.725852,0.73572826
EEF1AKMT3,0.48277903,0.72811604,0.24035501,-0.13387537,0.8983946,1.0914559,1.09899,1.3315363,-0.91160345
SLC28A2,0.9724809,0.6909901,-0.5343975,0.26471186,0.95794284,0.6218096,2.9734101,0.5449623,0.040872097
SLC28A1,1.2606049,0.15697813,0.9057369,-0.92814565,0.1347022,-0.8315835,0.57368803,-0.7515309,-0.73406816
SLC28A3,1.435338,0.5561776,1.9858208,-0.23303747,-1.7069998,0.85288906,0.42182922,1.0012794,0.4474206
CSF3R,-0.74424505,-1.6936297,0.16501999,-2.039112,-1.8387737,-0.26556778,0.015476227,-1.1111488,-1.4209232
IRS1,-1.3738432,-1.152308,-1.9021945,-0.36040413,-0.4084736,0.11112511,2.4398308,-1.3424358,-1.3014063
FAM107A,0.9268601,0.97011423,-0.04816556,0.5083239,0.3598324,1.8003857,3.082887,0.6561947,1.5091376
GUCA1B,0.019304752,0.7101345,0.4543352,-0.5150528,0.17627001,0.12524748,0.8243141,0.9998255,-0.48932695
BEST1,-0.89786386,-1.8130121,-0.44755793,-2.3068404,-1.5786343,-0.42548466,-0.33453798,-1.1669207,-1.1587949
HOXA-AS3,0.49387693,-0.24473417,0.17257214,-0.19082451,0.1666832,0.3002851,2.62636,-1.2725198,-1.2937942
NBN,1.718955,1.7178545,3.584177,2.238473,1.9714851,2.374158,2.9367466,2.284647,2.4321547
ZNF564,-0.20832205,0.122654915,0.4603181,0.03399086,-0.046437263,0.1287427,-1.0277972,0.24428844,-0.15137482
ZNF562,-0.22381783,-0.18745136,0.07442856,0.063892365,-0.4621086,0.48350906,-0.115262985,-0.14532566,0.37270737
SLC15A1,0.449373,0.20423901,1.1005683,0.5066439,0.39088547,0.8642565,3.1607804,-0.53088117,-0.52304727
TAP2,2.1837182,2.5012212,2.9694023,2.8614345,3.9676313,2.8007727,3.0711408,2.7571483,2.5248013
TAP1,3.9655666,4.020056,4.1916943,3.8177757,3.910303,4.3908043,3.7502003,4.0290356,4.015524
FAM106A,-0.83682775,-0.15316391,-0.18512344,-0.3887601,-0.88951397,-0.67976665,-0.765625,-0.06750107,-0.2077756
ENKUR,-0.43851846,-0.21293807,-1.0738957,0.5956849,0.52515364,0.99695015,3.3483105,-0.42369032,-0.4017998
DISP2,-0.16373253,-0.76452065,0.044365883,-1.406434,-0.7302661,0.001908779,0.59472895,-1.1185646,-0.904253
DISP3,0.33190215,-0.2073741,-0.0268054,0.5178827,0.55653894,0.98471165,3.2792583,-0.38655353,-0.43136954
STIM1,0.17741823,-0.20196366,-0.3608489,-0.76907444,0.13525629,-0.34121728,2.0048761,-0.6057453,0.70697594
MALAT1,0.9083462,0.9933834,0.27894688,1.5573769,2.195239,-0.7324619,1.3866692,1.0863276,0.13967133
PHLDB2,0.21197367,0.973928,-0.22371817,-0.87404394,-0.56416535,1.4278727,0.33708572,-0.37729692,0.22930193
NUTM2D,0.43621445,-0.016397238,0.31518555,-0.45911527,0.16290998,1.1045065,1.8785667,-1.4264975,0.39016533
CSF1R,-1.8376179,-3.3991346,-1.1969328,-3.5879555,-2.7789917,-1.4302616,-1.3887024,-3.0518389,-2.0485516
BMS1P23,0.07326698,0.59517765,0.38693523,0.000725,0.26686954,0.91578484,1.1422787,0.6701069,0.48281097
CEMIP,-0.81489253,-0.5426837,-1.3327194,0.23116064,0.21936774,0.66421056,2.9616046,-0.73434275,-0.7366797
GLO1,-0.19193983,0.47142982,0.12992382,0.5542326,0.19925404,-0.56155777,-0.35209942,0.34567833,0.033866405
BMS1P20,0.021104813,0.71510315,0.43773746,0.2496376,0.10325432,0.60165405,0.8777466,0.8154144,0.5267277
NEUROD2,0.1905613,0.43465948,-0.35859394,0.1633234,0.022984505,0.4472556,1.2006655,-1.5195637,0.41470146
ZNF546,-0.37220144,0.039629698,-0.06520867,-0.80440927,-0.33974218,-0.7029867,0.6338732,0.4594705,-0.021039248
KIAA0319,-0.44736552,2.7311993,1.2881882,2.229347,1.4811151,1.0007988,3.2787814,2.6035662,3.149609
SLC15A4,0.7672634,0.9593048,0.88373566,1.0977707,1.2466011,1.0405464,1.2096748,1.0090256,1.2989559
WDTC1,0.21685505,0.1991024,-0.6478367,-0.33144474,-0.30829144,0.5453901,0.70725536,-0.66594315,-0.013682365
IMPG2,0.34510612,0.32804227,-0.90029263,-0.36285162,0.8660164,-0.003135681,2.3743656,-0.70630026,0.5995128
PROS2P,-0.7928562,-1.1744525,0.18163729,-2.1737251,-2.2998378,-0.95067406,0.23346376,-0.8101206,-1.3671684
BMS1P11,-0.21234608,-0.4634385,0.12486696,0.06524229,-0.30592585,-1.8997347,-0.891984,-0.25664616,-0.25973225
RIOX1,0.17677307,0.28544617,-0.3711481,0.74712944,0.47333813,0.74838066,0.3935833,0.23652077,1.0255451
RIOX2,-0.40076065,-1.0382428,-0.66263723,-0.33067894,-1.0178204,-0.6469579,-0.89986897,-0.9183693,-0.20305777
SPIRE1,-0.033488512,-0.12775707,-0.15759087,-0.40017295,-0.07602,-0.9046893,1.3159246,-0.60884786,-0.7686224
LZTR1,0.16213417,0.3502159,-0.19513416,-0.37542725,-0.22006416,0.24572945,-1.2533627,0.41659832,-0.43671036
ZNF530,-0.25567865,-0.6022997,-0.055034637,-0.10414696,-0.559288,-0.910974,0.6742048,-0.29941845,-0.27458096
BNC2,-2.158304,-1.9113472,-2.923081,-1.283338,-1.1689855,-0.7361555,1.5454373,-2.1265368,-2.1613238
KIAA1671,2.1788764,3.8111129,2.7296224,3.6311955,3.3277898,1.9502807,2.172871,3.547976,3.056942
INSL6,-0.47348976,-0.22406298,-1.0242231,0.6345179,0.5240958,0.9900112,3.360917,-0.43272,-0.40320504
PPP6C,-0.739645,-1.5871711,-1.2003098,-0.67296886,-0.8102131,-0.5957618,0.1993599,-0.8325758,-0.37142992
TOMM40P1,0.7735481,0.11384964,0.17394066,-0.4407668,-0.5533533,-0.39474916,-2.774848,0.13522339,-0.77575684
GM2A,-0.10151005,-1.2943239,0.42484665,-1.6153078,-1.124465,-0.068312645,0.63214016,-0.9811983,-0.107453346
ZNF528,0.36684227,-0.48944855,0.24711847,0.32994986,-0.21448088,-0.088261604,-0.023094177,-0.41537952,0.2252121
SOST,0.23051333,-0.35353708,0.60812736,2.2124727,0.15164828,1.4842806,2.7677152,1.3180459,0.7372918
PGPEP1,-1.9345083,-2.1640916,-1.7507486,-2.8508587,-2.9236488,-2.017407,-3.1890373,-1.6003742,-2.4225636
C19orf73,-0.34764385,-0.6492677,-1.15906,-0.24482918,-1.5854561,0.2869258,-0.39382648,-1.3318365,0.49938202
GOLGA4-AS1,0.7214179,0.08527374,0.94333076,0.40829182,-0.001655579,0.39655542,0.37954092,0.6708722,0.25656366
VSTM2L,3.1036572,4.228351,2.1403985,3.0164924,4.1433845,3.822156,2.4130125,3.2455196,3.304933
PATL1,0.6370897,1.1901255,0.6737766,1.184762,0.9042101,0.96704197,0.06586552,0.9978695,0.77109814
BET1L,0.8450422,1.029849,0.5306845,0.60351276,0.3533163,0.8881922,-0.3590765,0.9232645,0.36017132
SARS1,1.4851236,1.6728258,0.63715744,1.4469919,1.5751038,1.1844988,0.68223095,1.7147646,0.97674084
SMDT1,-0.18701696,-0.40009308,-0.93399,-0.35210133,-0.26472282,-0.3933239,0.08370781,-0.19506454,-0.7027111
ZNF517,0.4585414,0.70427513,0.54544616,0.19417214,-0.03597665,-0.797699,1.4006059,0.39965343,-0.15483809
ZNF513,0.5024452,0.803525,-0.16073036,0.47655106,-0.000969,-0.053049088,-1.7649145,0.3858328,-0.22728157
ZNF511,0.104577065,0.23299694,-0.7426319,0.11220646,0.003581047,0.12593937,-0.7466192,0.32339096,0.13877392
ZNF510,-0.06735945,0.4171667,0.09748793,-0.051181316,-0.081270695,0.96258163,0.95645237,0.7130289,-0.101696014
SMPDL3A,-1.4799671,-2.8689127,-0.025582314,-2.6656752,-2.091401,-1.0744963,0.8474474,-2.5138454,-2.1088367
VSTM2B,-0.51495814,-0.25147545,0.35552,0.43035722,0.49387348,0.9743135,3.263784,-0.43041575,-0.31416154
CNGB1,0.50438595,0.48358202,0.0643425,0.34290957,0.48235703,-0.09386921,1.0238509,-0.42404795,-0.01680541
CSN1S2AP,-0.48364913,0.45966256,-1.0051329,0.50229,0.47553003,1.248924,3.315294,-0.4568395,-0.40890706
DENND10P1,0.02262497,0.12072277,0.19063187,0.37203598,0.16475391,0.22513771,-0.08603287,0.3538618,-0.08067131
FZR1,0.6751914,0.8124294,0.040088177,0.48570824,0.58950377,-1.0969672,-0.600739,-0.82273483,0.41316366
SCGB2B2,0.7554865,0.7081051,0.23747063,-0.36566114,0.5085392,0.6281085,0.3920293,0.09161663,-0.105546474
UGGT2,0.014579296,-0.29959106,0.30056858,0.54774904,0.1678567,-0.014874458,0.8364444,0.11792135,0.26969385
KCNJ12,0.6161113,0.42859507,-0.0770998,-0.030399323,0.2345295,0.19007325,1.7008305,-1.3685985,-0.5971279
CLCA3P,-0.8383956,1.4946752,-1.3716455,0.2814312,0.3146112,1.4817548,3.0158343,0.8898437,-0.7605907
PLCL2,-0.26054525,0.18375015,0.08873081,0.31445312,0.17406368,-0.21141005,-0.69710827,0.15617657,-0.47330666
MND1,-2.1280613,-1.2338319,-1.9452782,-0.5756407,-1.9753289,-1.9240725,-0.90203285,-1.4586849,-0.73839045
RPGRIP1,-0.4895935,-0.8821473,1.2263451,-0.6938553,-0.32167435,0.22252893,-0.39213133,-0.4984274,-0.13414764
MARCKS,1.1178236,1.7926264,0.87101173,2.0844717,2.0185041,1.4955893,2.100297,1.7209873,2.0134745
MNDA,-0.69195175,-1.7166758,-0.026926994,-0.41750717,-0.7048378,-1.177948,0.7747536,-0.9983864,-0.17245483
INSM2,-0.36483496,-0.13662863,-0.69479907,0.5624851,0.60942805,1.0524752,3.3684425,-0.34460998,-0.35948056
INSM1,5.350535,6.6013694,3.6427011,5.807412,5.6755905,6.4613833,2.8625479,6.574392,6.767589
PFKP,0.8909168,0.6941719,0.84107685,1.1996002,0.5658064,0.86839867,0.16049099,0.97556496,1.0165939
METAP2,-0.3619089,-0.36335182,-0.22982836,0.054138184,-0.52490425,-0.02577591,0.19977951,-0.18000269,-0.051841736
CUL4B,-0.60608816,-0.52020407,-0.036143303,-0.40920544,-0.29885578,-0.35690022,-1.6682234,-0.35261536,-0.15576077
ARL6IP1,-0.52308273,-0.33813095,0.554369,-0.74804115,-0.3974533,-0.82458496,-0.7371683,0.007651329,-0.35180283
CHCHD3P3,0.009291649,-0.015417099,0.31445885,0.14931011,-0.023314476,-0.31442356,-0.17982197,0.20512104,-0.26151562
RBM26-AS1,0.7639704,0.49549294,0.9593301,-0.22555614,0.097364426,-0.30461836,1.0114255,1.096343,0.20505142
PWP1,0.17576408,0.40668392,-0.063114166,0.6009426,0.096487045,0.4613533,0.35183525,0.58161163,0.7516842
SOX2,0.42848778,0.14660692,0.20541382,-0.997823,-0.025920391,0.084964514,2.8428435,-0.35533214,-0.37138653
LRMDA,-0.97991467,-0.834836,-0.8645115,-1.3982964,-1.6385665,-0.5516882,-0.43755817,-0.70045185,-1.107913
EDNRA,-0.6565019,-0.37756538,-1.1721371,0.503791,0.36851633,0.8325881,3.1798658,0.20357907,-0.56446964
SOX1,-0.000446,0.011401773,-0.36411953,0.5029998,0.7186266,1.1766607,3.3534083,-0.22118175,1.4688835
RUSC1,-0.07875919,0.21752167,-0.5232334,-0.22013187,-0.115903854,0.043099403,-0.59252644,-0.4258814,-0.21800709
CHEK2,-0.73176336,-1.3654819,-0.54847383,-0.8906884,-0.97038794,-0.671494,-1.3574424,-0.9555898,-0.8563795
ZNF605,0.020110607,-0.12386322,-0.9645786,-0.15908384,0.23636675,-1.2980399,-0.21510029,-0.77978706,-0.36805344
ZNF600,0.5391674,0.60933924,0.48956394,0.48805857,0.59749556,-0.4038906,0.51194525,0.49993372,-0.46523333
SOX9,1.1513555,0.31052184,-0.45515275,-1.423702,-1.2968364,0.44591665,1.4740217,-0.26577735,1.8697894
SOX6,-0.37987977,-0.1069504,-0.96426404,0.7807503,0.6439816,1.0982462,3.3968468,-0.2681445,-0.27582818
SOX4,-1.4236164,-1.1740656,-1.527256,-1.4659348,-1.3060942,-1.6924324,-1.4425354,-1.3555422,-0.8569145
SOX5,2.4969108,3.7046838,1.6296864,2.0591552,5.013259,2.9496655,3.062818,3.4198694,0.78131795
ACSL6,-0.29427838,-0.045791745,-1.017494,0.6823329,0.6902046,1.1467707,3.458156,0.41624773,-0.2630787
C19orf38,0.3062868,-0.60809803,0.39858246,-0.17911816,-0.66476154,0.6738405,1.4232512,-0.36632156,0.17737675
PIMREG,-2.3051972,-2.0027971,-3.1963344,-2.6841908,-2.5430813,-4.0912294,-2.201326,-3.307822,-3.1087554
JMJD6,0.22002411,0.67803097,0.26824284,0.40633392,0.34157276,-0.334486,-0.46143055,0.7234125,-0.14555168
CENPBD1P,0.41028023,0.48643017,0.64323235,-0.07019615,0.099803925,-0.44030762,-0.9378829,0.4854145,-0.022026062
PFN1,0.27370262,0.54840183,-0.23051357,0.5528374,0.5368624,1.0682545,0.37093544,0.47606182,1.115593
PFN2,-0.4077679,-0.17725801,-0.8222456,0.43716562,0.53834414,1.1301541,3.4424374,-0.36885333,-0.28547245
WFDC12,-0.53839636,0.5514622,-0.3696103,-0.5430262,-0.2605927,0.19480824,2.3005745,-1.1954517,0.6062536
TMEM161B,0.018167019,0.063761234,0.42670584,0.792912,0.3296528,0.75175524,-1.4376326,0.5404649,0.17423677
MTARC1,0.69140244,-1.5211854,-0.61109495,-2.2436242,-2.117651,-1.5701051,0.37478638,-0.74774027,-2.0455036
C19orf48,0.20761871,0.10674095,-0.804759,0.04493904,-0.15320206,0.8741665,-0.113759995,-0.008437157,0.16956902
C19orf47,0.48867702,0.96164894,0.3235922,0.39805555,0.7027049,0.037852764,-0.7084341,0.92277,-0.26927137
NLN,-1.533329,-1.6864486,-1.7414036,-3.1425805,-3.0406528,-1.7992268,-2.0844564,-1.2585545,-1.5243006
OTOA,-0.2445283,0.44205618,0.21836519,2.1747417,0.86494017,1.1239128,2.071916,1.0423689,4.3065305
IRX2-DT,0.4485767,0.8327291,-0.6342213,0.13752842,-0.31988,-0.5537989,2.615858,-0.21312428,-1.0418504
PATZ1,0.18979073,0.64522934,-0.7753577,0.44807625,-0.06428909,0.37948227,-3.0140166,0.41545773,0.47283554
CARMIL1,-0.8869574,-0.67142075,0.030583143,0.08683646,0.073607326,0.602216,2.9088254,0.20935845,-0.7145976
CARMIL2,-0.04515457,-0.24847507,-0.6846161,-0.5507221,-0.18695068,0.78240013,1.0069551,-0.75203323,-0.73958635
NMB,-0.120946884,0.25147152,-0.16555023,0.6108589,0.006731987,0.6175823,1.3753481,-0.012454987,0.84605217
RABGAP1L,1.622817,1.9025288,1.4998016,2.1222563,1.8755865,2.0857325,3.285777,1.8351154,2.0268812
C19orf53,0.0995388,0.08272934,-0.7712822,-0.37675285,-0.16217613,0.15580177,1.2609158,0.10474682,-0.14994621
PARP16,-0.16540718,-0.118281364,0.16717672,-0.97548246,-0.75176,-0.21897507,-0.41876745,-0.08186102,-0.2918172
GJD3-AS1,2.0464401,1.3153725,2.3139362,1.5949707,0.8165169,2.1353073,1.4775696,1.4424391,1.341732
NMI,1.6331291,1.6776953,2.3121243,1.6741467,1.7891521,1.9810772,3.1454048,2.165019,2.2034073
PARP14,2.5885715,2.7779264,3.0250611,2.5294337,3.9445977,1.72331,2.2905898,2.75421,1.4974198
SNHG5,-0.6718807,-0.28955746,0.9436407,0.49406052,0.27638626,1.0560551,3.1846848,-0.96770215,1.1102219
PARP11,0.629745,1.0357223,1.3010254,1.0841141,1.3151994,0.38177824,1.6245127,1.3922429,0.45449305
CREBRF,1.4927797,1.9710426,1.5516491,2.1890764,2.191,1.9862604,1.2802172,1.8824644,2.1598082
UBAP1L,-0.016385555,0.34226274,0.041292667,-0.055082798,0.17521572,0.46448088,0.55051184,0.3220334,0.18091154
NUTM2B-AS1,0.13391733,-0.6856632,-0.737792,-0.25098085,0.17557335,-0.45123243,-0.97846127,-0.69531775,-0.55961275
KRT23,-0.38129854,-0.7077169,2.4801533,0.14938104,0.03546667,2.5607507,4.4162436,-0.32501996,0.008782268
NNT,-1.7037759,-1.4502411,-1.195324,-1.4834051,-1.2402344,-1.6025653,-1.3566504,-1.2206035,-1.743051
KRT26,-0.21534586,0.00603652,-0.9405161,0.73575294,0.7577112,1.200207,3.5234392,-0.2017653,-0.20216429
CC2D2A,-0.92953444,-2.174159,-2.965707,-1.5517015,-1.4701934,-0.9797001,1.2426958,-2.3998606,-1.9548261
CC2D2B,-0.6503446,0.026749134,0.37033987,-0.25944138,-1.4181364,-0.89568734,1.3563156,-0.3090582,0.041540146
KRT35,1.0619569,1.2248516,1.2445216,0.46323347,1.0091295,0.47851086,0.7962971,0.45087147,1.5422826
KREMEN1,1.0078502,0.9591241,1.4550138,0.056462765,0.10298443,1.111629,1.2148681,1.1227527,0.43117237
AMPD3,0.3343296,0.5369549,0.9278326,0.23771858,0.80170155,1.1331158,0.9382868,0.70392036,0.75305367
OTOR,-0.6136694,-0.40108287,0.011323333,0.4586196,0.3427161,0.8189901,3.1597924,-0.10519135,-0.57997525
KRT37,-0.034382463,-0.010399103,-0.828881,0.6934148,0.7474177,1.1811974,3.4226644,-0.19017267,-0.09355199
TOMM40,0.6633959,-0.016513824,0.10597324,-0.7375231,-0.7453909,0.27706814,-0.5949993,-0.17039776,-0.2168169
KCNQ2-AS1,0.83381176,0.1914978,-0.17213821,-0.24540806,-0.23065567,0.2648592,1.0230608,-1.2553043,2.0053568
CXCR5,4.08517,5.0744896,4.5663443,5.7679625,4.341682,6.149131,3.9368925,4.751137,6.5063257
TAF9P3,0.1673193,0.03155136,0.007228851,0.30695057,-0.17391014,0.60275555,0.28948116,0.03491974,0.43328
CXCR4,-0.20571041,0.30658722,-0.26184845,0.08010578,0.32440186,0.76311207,0.56768703,0.46706486,1.0261908
ALOX12B,1.1769242,0.7177944,0.8762646,-0.13048601,0.34767818,0.49766016,1.7281065,-0.28517723,0.22093678
CTAGE11P,0.4299221,0.5002327,0.56425476,0.50930595,0.28126717,0.688921,0.2126236,0.52011776,0.4517269
NPW,-0.92284584,0.27536273,-0.4019525,-0.41736126,-0.6529517,-0.19548655,2.120068,0.29298067,-0.2603228
CXCR3,2.30686,2.5346422,2.777319,3.030548,2.8082795,3.1885471,3.2234716,2.5362144,3.623026
ARNT2,0.06866419,-0.26070917,0.27656078,0.042134166,0.0263654,0.48433232,2.7971613,-0.9025527,-0.74048114
CA11,1.4848337,0.46397686,1.930378,-0.16397142,-0.015348434,0.31240273,1.0063429,0.48578262,0.23534298
CTAGE10P,0.1956377,0.46690607,0.33954382,0.6044011,0.41509867,-0.6754904,-0.5852914,0.52715206,0.002467156
PRPF39,-0.41761303,-0.6212654,0.4554205,-0.0357399,0.06215763,-0.3895192,-0.6111393,-0.09392071,0.06376076
KRT15,0.19253922,0.35287476,-0.24204254,0.15340137,0.13848495,-1.0486336,1.3798132,-0.39489222,0.07836914
TRIP11,0.20107126,0.5719404,0.2682171,0.40670967,0.6222787,0.33007622,0.57141113,0.54494715,0.56980515
CDK5R2,0.34597778,0.23330307,-1.3739758,-0.22987747,-0.16302872,0.3283558,1.0725241,-1.485199,0.42482758
NUCKS1,0.13226128,0.4313488,-0.072096825,1.572834,0.82423306,1.145277,0.89094925,0.76389885,0.84565926
TOMM22,-0.7758713,-0.76354885,-0.9338808,-1.2248192,-1.1659651,-1.1776347,-1.1812882,-0.99361515,-0.73438215
CHCHD5,0.01985836,-0.041639328,-0.44601917,-0.22989559,0.040833473,0.31027126,0.962697,-0.37162495,-0.17992687
TTTY7,-0.36231267,-0.07949805,-0.85750484,0.708635,0.6832986,1.1302705,3.4341557,-0.26299715,-0.27555645
TTTY6,0.82652116,1.0645766,-0.31008196,0.36526847,1.3311183,0.30261946,2.6575215,0.16958714,-0.04857731
CHCHD7,-0.8306198,-0.6454134,-0.8847065,-0.97683716,-0.7820225,-0.6606865,0.6189251,-0.4437647,-0.33137894
TTTY5,0.66571116,0.2897706,-0.34123063,-1.1959541,0.32734156,-0.17843127,1.4380007,-1.0171332,-0.17348838
NSF,-0.061099052,-0.067744255,0.043572426,0.19341755,-0.11298752,0.6225271,-0.24496841,0.13628674,0.645133
CD300A,-5.6869297,-8.53823,-4.028125,-8.186035,-6.3506413,-6.173364,-3.1806226,-7.3846045,-6.7724595
SPNS2,0.14019108,-0.5589318,0.7817116,-0.6695905,-0.3846588,0.30231333,1.5349417,-0.4072938,-0.18974638
TOMM34,3.073227,3.6761885,1.8879242,4.521744,3.8312244,3.2531357,1.691515,3.0655975,3.602888
TSC1,-0.6900158,-0.58848953,-0.6252527,-0.80672073,-0.27169323,-0.52858543,-0.68198776,-0.67915535,-0.530386
KRT77,-0.84465003,0.06608164,-0.24361873,0.24588168,0.22775602,0.6792307,3.8936305,-0.7108613,-0.72835386
KRT73,-0.44097412,-0.29570258,-0.13058388,0.5621176,0.44588876,0.9377737,3.3067298,-0.50039285,-0.47049642
ALDH3A2,0.10774994,-0.25092125,-0.2057743,-0.69625473,-0.32445812,0.4260559,0.14693832,0.10649681,-0.033924103
PREPL,-0.1355443,-0.3864541,-0.7915106,-2.107443,-0.4651599,-1.7899785,-0.5659208,-0.26069117,-0.2770095
KLRF1,-1.4119961,-1.0424037,-0.40312052,-0.49125576,-1.5815177,-0.28688812,-0.61415863,-0.5711622,-0.4004221
CD300C,-1.2971296,-2.6233506,-1.152997,-2.3560667,-2.7811747,-2.1228094,-1.6882138,-2.341557,-2.4379177
AKNA,0.013135433,-0.12710047,-0.96426725,0.3404889,0.67762756,-0.3834386,-1.8461423,0.44141054,-0.280272
KLRB1,-0.68379736,-1.4406483,-1.5026052,-1.998508,-2.8149893,0.09363127,-0.061975956,-1.9549673,-0.23101807
HPCA,-0.61846876,-0.74273586,-1.243731,-1.4440966,-0.69798326,-1.8682857,-3.5409322,-0.49627304,-1.719748
LTBP4,0.6344843,0.053714275,0.4426918,0.1519289,0.3849306,-0.30621338,1.0510492,-0.3071785,0.003670216
DTX1,-0.9415226,-0.63352954,-1.4486513,-0.001124263,0.12981105,0.52934647,2.7976773,-0.82758296,-0.8955763
DTX2,1.7438364,2.528389,1.7914324,1.7849913,2.0103855,1.6739244,1.187213,2.3214483,1.1719122
LTBP2,-2.3509014,-2.0509021,-0.91881204,-1.1385679,-1.181475,-0.85668755,1.4328172,-2.2240741,-2.246611
LTBP3,0.13643551,-0.16185474,-0.5432215,0.47795713,0.42882288,0.9338715,3.313247,-0.0697341,-0.42958933
DTX3,0.68303776,0.6804881,0.8773546,1.0582161,-0.47337174,1.8692594,2.3001451,0.6372042,0.9119413
DTX4,-0.26649284,-0.057239294,-1.3509502,-1.8268676,-1.3944719,1.59741,1.0286257,-2.7109487,-1.3123932
CPLX2,-0.046800613,0.12292576,-0.1433723,0.23627448,0.13876557,1.3977449,2.9798696,-0.20787215,0.5923686
CPLX4,-0.32842886,-0.103033125,-0.8061851,0.5653858,0.6405208,1.1705594,3.443051,-0.29344147,-0.18099189
OTX2,-0.47670466,-0.21746087,-0.77715766,1.2094897,0.53701615,0.9941863,3.3076825,-0.371351,-0.33406293
RIPK1,0.35329247,0.6640043,0.46415043,1.1121197,1.0884094,0.5880375,1.2914104,0.80768967,0.39498138
OTX1,0.31116652,0.6917639,0.2681527,0.36390924,0.3672309,0.8181915,3.1398826,-0.54465795,0.12444258
ENKD1,-0.291584,-0.15998173,-0.6090603,-0.537735,-0.12854767,-0.2351532,-0.35865402,-0.45568275,-1.4218845
BTNL8,3.2262287,1.4634478,1.6110873,0.68937683,2.8156013,0.6433413,2.6087384,1.404782,2.3816571
KLRC4,0.3185811,0.66345215,0.09818363,-0.3497944,0.1605053,0.6788964,-0.004711151,0.5928774,0.4001875
TBCC,0.48472595,0.6654358,0.35700417,0.5145607,0.72417545,0.50214005,-0.26282597,0.6697178,0.5560036
BTNL3,-1.1365329,2.1611452,2.6094356,3.36139,2.788303,2.8401957,3.1732397,2.0233788,3.0034862
MIR124-1HG,1.3938842,0.5764241,0.8084836,1.8697932,0.49966335,0.9224658,4.1384563,0.6157212,0.20612979
TBCK,-0.38722706,-0.04216194,-0.28361225,-0.0543375,-0.02253151,-0.73227024,-1.7230234,0.039834976,-0.39645815
COL20A1,-0.015045643,0.071361065,-0.12322283,-0.8148985,-0.23943758,0.45473194,1.4672041,-0.8387623,0.12586737
CXCL6,-0.36548018,-0.07421148,-0.55508316,0.2272551,0.2950064,0.75884855,3.0299506,-0.6506407,-0.6030722
CXCL9,11.213411,11.285742,11.197409,11.523712,11.803892,11.237347,10.605568,11.214079,10.998932
DOCK4,0.7829342,0.6204567,1.0825768,-0.25881958,0.8710127,0.90167236,1.5362396,1.0278139,0.31222343
CXCL8,2.7915568,3.3972917,3.9363265,2.9575515,4.5926995,3.829063,6.153423,3.8353066,3.3849483
DOCK3,1.0632324,1.1858644,1.9475241,0.48062038,0.7174053,1.161952,1.1589174,0.7961273,1.2599478
TSEN15,0.1973772,0.51500034,0.6514201,1.1881337,0.95615005,0.06793976,0.63846207,0.6437211,0.83455324
DOCK8,-0.08709717,-0.075865746,0.20227718,0.36031342,-0.20426178,0.9327507,0.07815933,0.26527023,0.73068047
DOCK7,-0.12749863,0.107504845,0.13574219,-0.065855026,0.17727566,-0.3764801,-0.13145924,0.2948141,-0.05261612
CXCL1,-0.2168107,0.3735323,0.25829697,-0.56955767,0.37545776,0.9825487,1.384243,0.52430344,0.047707558
KAAG1,1.05546,1.3859363,0.28204823,0.16305614,0.61027217,0.96796846,3.2449884,0.92509246,1.2222095
CTDSPL2,0.1498537,0.57909584,0.27605724,0.93944645,0.6263418,0.6989088,0.9723692,0.67282677,0.9444647
CXCL3,-0.7368884,-0.712903,0.1372838,-1.8625288,0.19006681,0.11677885,1.3157248,-0.4549055,-0.61173725
CXCL2,-0.005380154,0.09221554,-0.05163002,-0.23079252,0.6866379,0.2948761,1.4472542,0.35297203,-0.6746292
CXCL5,-0.2451725,-0.34030437,0.25255394,0.15649986,0.24389744,-0.44133186,0.18083858,-0.322258,0.4898243
SENP5,0.5510907,1.0329762,0.6209612,0.9300847,1.2041926,0.9702873,0.82043123,1.0696354,0.6348095
PLCZ1,-0.29620892,0.003199816,-0.7912189,0.7070627,0.7691338,1.1915579,3.4865181,-0.17794144,-0.22723013
CASTOR3P,0.16004467,0.451684,0.09730339,0.4975171,0.05286932,0.73237085,0.82931757,-0.21986818,-0.17384171
KYNU,2.3550968,2.7991638,3.1497192,2.545227,2.802373,1.3799534,2.554762,3.1155376,2.2403393
FLOT1,1.4265022,1.9048843,1.4543982,1.6879139,1.2323971,0.6804962,0.08291149,2.213643,0.8283577
SPEG,-2.2229924,-1.0752889,-0.7145648,-1.2027724,-1.214157,0.97370076,1.55777,-0.7432339,-0.104236364
GLIDR,-1.7691317,0.88648987,-0.7201166,0.4643352,-1.5710208,-0.3549137,1.1785603,1.0064421,-0.69598746
RUBCN,1.9382343,2.4012737,1.7424736,2.303032,2.3007927,2.2832832,1.5739517,2.1228323,2.8777466
EGFL7,-2.045865,-2.0124736,-2.2668805,-2.1918192,-1.9919777,-2.2486129,-0.44625092,-2.4080777,-2.6093378
MRGPRX3,-0.45242947,-0.22307599,-0.9437027,0.4706018,0.5003797,1.05694,3.3729477,-0.4167236,-0.39854425
SSX8P,-0.43230557,-0.15862334,-0.993395,0.49500406,0.6052997,1.0260451,3.3000114,-0.3594904,-0.3850245
SENP2,-0.5574379,-0.57493734,-0.008047104,-0.50318193,-1.4449542,-0.9795146,1.3679295,-1.1729198,-0.7725167
SENP1,0.5502119,0.75585747,0.69847393,1.4136572,1.1889,1.0883074,0.60027885,0.74683285,1.3363905
HSH2D,5.7679996,6.109626,5.9754467,5.9465885,5.9212494,6.0402737,5.2551575,6.1792555,5.685158
DOCK2,-0.5651655,-0.85068464,-1.0104256,-0.7251396,-0.82081985,-1.1023855,-2.1123996,-0.697958,-1.3908863
ITGB3BP,-1.2292233,-0.96044445,-0.9779806,-0.6867733,-0.8040867,-1.5418434,-0.24411106,-0.77592087,-0.88001823
LUC7L2,-0.5434141,-0.40940666,-0.7010069,-0.03157711,-0.19986916,-0.46301174,-0.98633003,-0.21130753,0.2400217
SASH3,-0.67603874,-1.5809221,-0.2792015,-1.4161167,-2.258171,-0.64539146,-1.0857134,-1.2274227,-1.4892731
HPGD,-2.5099487,-1.6129581,-2.3887558,-1.577997,-1.5329943,-0.5685599,1.4704814,-2.0295498,-1.8858341
SPG7,-0.7999158,-0.045111656,-0.60515976,0.09089708,0.16222382,0.031579018,0.4644332,0.29886007,-0.7613001
U2AF1L4,0.010177612,0.18228054,-0.12271023,-1.232132,0.39239407,-1.7584662,-1.216733,-0.083064556,-1.3707175
GMDS,-0.7653928,-0.16302395,-0.5641117,0.98227406,-0.50946236,-0.6557226,-1.6925788,-0.020113945,-0.4997592
GTSF1L,-0.35770166,-0.14277107,-0.8640044,0.5804558,0.6029594,1.1356356,3.420788,-0.3274547,-0.25573856
SASH1,-1.7292705,-1.9535298,0.2900114,-1.5058198,-4.073886,-0.95590067,-0.8633981,-1.0149927,-1.3001337
KLRG1,-1.6952901,-1.4683635,-1.8685663,-0.79905057,-0.80388117,-0.25571895,2.0583584,-1.7066418,-1.7016379
CMTM3,-0.5210972,-2.0347767,-0.5881996,-2.1268215,-2.1737156,-0.48183632,-0.61031914,-1.9131413,-1.0344505
CMTM5,1.1582444,-0.24846053,0.25146198,-0.44885492,-0.5003731,-0.042067766,2.2096539,-1.4422797,-1.4068714
CMTM6,0.4731655,0.4561863,1.0307236,1.2497711,0.8545618,0.077941895,1.4347725,0.8772001,1.096159
PDE4DIP,1.5720768,1.0327196,2.3888464,0.87859106,1.9593601,2.1670303,2.3782473,1.6246834,1.220602
PANTR1,0.43476152,0.5522132,-0.105951786,0.13895464,0.09089947,0.50497055,-0.28412533,-0.23203325,0.24272156
GDAP1,0.35135078,0.042179108,0.5785532,0.901361,0.058690548,-0.07163429,1.4794192,0.14655876,0.51122284
TICRR,-1.8873556,-1.5597821,-1.016964,-0.7401223,-0.81014156,0.33184814,2.3805842,-1.1070893,-1.7506478
RMC1,1.1050644,1.2735319,1.5118275,1.3004055,1.3373442,1.1795311,0.50891876,1.4699364,1.0428562
CMTM1,-1.1876435,-1.8435264,-0.6409025,-2.567248,-1.8666544,-1.8261361,0.31256723,-1.7271161,-2.0123467
TBKBP1,1.0121417,1.0603542,0.35146236,0.014998436,0.2221713,-0.014998913,0.3416114,0.10551643,1.4273152
ANAPC1P2,0.7851248,1.3610468,0.6503582,0.8365164,0.8457899,1.2526884,0.7554846,1.0448618,0.3486414
SPIB,1.0741763,0.8681531,0.3311429,0.09958172,1.3320651,0.841619,1.1377296,0.6811638,1.1433973
SPIC,-0.47893214,-0.8901483,-1.6725427,-0.16044617,-0.16706228,0.34283853,2.6626277,-1.1004556,-1.0877216
TBK1,0.5170126,0.74224377,1.5851307,0.9512396,1.1265879,1.0275698,1.2548647,1.22503,0.9609537
SYNGAP1,-0.045114756,-0.4474964,-0.3329754,0.12730908,0.3944955,0.7924366,2.1461344,0.110094786,0.14229035
AKT2,0.61992073,1.1599631,0.046923637,0.13701725,0.53976154,1.3916211,0.45616722,0.24941874,1.5765285
AKT3,0.9755707,1.6678982,1.0659361,1.9504557,2.076127,1.6359243,1.1860571,2.0166464,0.99877167
MTERF1,0.22455025,0.13469219,0.5831003,0.60064125,0.36195946,-0.11272001,0.012294769,0.5274401,0.5649729
MLYCD,0.5625577,0.34911537,0.36495686,0.08322811,0.439703,0.5181923,0.20134735,0.53852844,0.64361763
PKNOX1,0.015459061,0.20690441,0.041461945,0.35644913,0.095677376,0.43779373,0.5388565,0.19122124,-0.0783329
MNX1,-1.0754945,-0.8548,-1.711232,0.20302773,-0.19638848,0.32866812,2.5659113,-1.1287327,-0.63461363
ISL1,-0.40626192,-0.16618645,-0.61345327,0.44802034,0.5457264,1.1262072,3.434781,-0.37840366,-0.23136544
SCGB1C2,-0.49599713,-0.15931416,-1.0223935,0.778594,0.5923058,0.9565697,3.1949973,-0.3797753,-0.4799701
LINC00524,-0.3903156,0.026972413,-0.6718453,0.44342172,0.66488445,1.2384464,3.4150867,-0.2142117,-0.0782609
LINC00525,-0.34235537,-0.075090826,-0.72536826,0.5067644,0.65108347,1.1714507,3.436882,-0.3036456,-0.09722865
CTAGE6,0.81923914,0.7002897,1.0170584,0.5303197,0.43921232,0.071404934,-1.1250267,0.5743251,0.14450216
SKAP1,-0.47614908,-0.34853363,-1.1512547,-1.2551715,-0.75636697,0.07991409,0.11415672,-0.58341837,-0.30127573
PLA2G7,1.2600079,-0.20525932,1.8068457,-1.1517735,0.019236565,1.1017456,1.9074802,0.41720772,0.88764
SULT1A1,-0.5080805,-0.44042778,-1.0511951,-0.20427799,-0.87296486,-0.10341549,-1.4910078,-0.62007046,-0.29980946
RHOT2,0.22507095,0.48948193,-0.51289463,0.2857628,0.23421955,-0.44509125,-0.85488415,0.51609516,-0.8451557
RNF213,2.046875,2.2116222,1.3508463,2.0648842,3.0436544,2.8113976,2.5833788,2.6949701,2.0687008
RNF215,-0.23351622,0.6766658,-0.35748792,2.2220244,-0.029048204,2.2108235,1.7602301,0.04646492,2.75133
C14orf93,-0.5758848,-0.5821552,-0.17240238,-0.99495983,-0.8938427,0.32469273,0.10942745,-0.3869171,-0.7008333
PRELID3B,0.20344543,0.18390274,0.9153938,0.74191856,0.6526804,-0.17176056,0.73558617,0.54557896,0.8252697
MTERF4,0.31330872,0.25311852,0.46568775,0.00315094,0.29909706,0.78115654,2.1015568,0.32222843,0.4538746
NR2F1,0.80502784,0.32306075,-1.126855,0.41428804,0.52640784,0.8596102,3.0401893,-0.44090033,0.77223647
NR2F2,-0.36372012,-0.14211833,-0.98160183,0.68259287,0.59540963,1.0744755,3.4255555,-0.3537569,-0.3288092
TBL2,0.24690151,0.092246056,0.6398773,-0.21365643,-0.1268425,-0.118071556,0.6200876,0.17781258,0.2037096
TREML2,0.77176476,0.92664814,1.92482,1.894144,1.7527256,1.7961559,1.8234711,0.939991,1.5729904
RNF220,0.2069931,0.36347485,0.07487202,-0.008029938,0.006447792,0.4219303,-0.06347847,0.18369293,0.4851246
ZNF493,-0.9182472,-0.7899828,-0.2027049,-0.42487717,-0.09976959,-2.6542826,-1.3703113,-0.5556307,-1.2560339
SIGLEC9,-1.1776147,-2.0919352,-0.71004677,-2.542934,-2.233232,-0.89910746,-2.342771,-1.5985603,-1.6580892
ARHGAP8,-0.25412202,-0.07129836,0.15904045,-1.3367194,-1.2475752,-0.18331361,1.4575343,-0.7854495,-0.3247373
ZNF492,0.26972198,0.19491386,0.83860636,0.79231596,0.8974538,0.13777304,0.8258505,0.58009577,1.3192492
ARHGAP1,-0.4779644,-0.4181137,-0.59945965,-0.3437214,-0.3448429,-0.3527851,-1.0921793,-0.5306206,0.07675934
ARHGAP5,0.57473516,0.27421522,1.1089692,1.2900004,0.4469185,0.77919006,-0.17443514,0.6702485,0.91522217
PEAR1,-0.76443446,-0.4555093,-1.2717574,0.4406215,0.29353988,0.74885595,3.277779,-0.63516796,-0.65436745
MED17,-0.13788366,0.32433224,0.07513428,0.5896487,0.7344866,-0.93376875,-0.43888712,0.4065585,-0.04103422
ARHGAP4,-0.43563747,-0.52940845,-0.91000557,-1.0563784,-0.85621834,-0.36236858,-0.6312704,-0.44246006,-0.83938885
MECP2,1.5344515,1.4775572,2.0115194,1.5076666,1.8482265,2.0301447,2.3135977,1.6343937,1.9480677
MED14,0.22148323,0.3104763,0.592988,0.27230644,0.3323269,0.47566032,-0.2958851,0.43570518,0.5425148
MED13,0.8405924,1.5592947,0.9875736,1.8380518,1.39046,1.1344938,-0.30208588,2.1809158,0.64270973
MECOM,-0.31482416,-0.019333124,-0.8024075,0.7382194,5.3610435,1.1860176,3.494144,-0.19524479,-0.22860223
TSPO,-1.0864944,-1.0506124,-1.1131516,-1.3547115,-1.4864674,-0.44742012,-0.035654068,-0.89696026,-0.5855293
DLGAP1,1.0987546,0.8429892,0.889117,0.4812026,0.6215892,0.91483545,3.0504224,0.40556908,-0.45567405
DLGAP2,1.0928144,0.14392138,-0.132725,1.1913052,1.812067,-0.23026752,2.088335,0.7062228,0.17092276
ZNF487,-0.6498041,0.12703943,0.81331253,0.19006729,0.20048332,-1.0294852,-0.6855569,0.17780876,-0.8529668
DLGAP5,-5.455934,-5.230857,-4.9350863,-2.7144573,-4.490081,-3.9819682,-1.640058,-4.1793613,-4.171908
ZNF486,-0.16010475,0.03418398,-0.47083092,0.7001815,0.77851343,-0.4985881,0.42123127,0.3258052,0.005222321
SLC39A11,-0.48096943,-0.6742573,-0.603631,-0.67291737,-1.3474255,0.09343052,0.08927441,-0.4310627,-0.22333431
BAZ1A,1.1423836,1.3022938,1.6668024,1.6156101,1.8556604,1.3259258,1.2568121,1.5818424,1.4668427
JOSD1,0.3595457,0.7460871,0.50236225,1.2279062,0.33466625,0.98359585,0.002543449,0.86831,0.9759207
SLC39A14,1.211556,1.7166638,2.0166087,2.1037164,0.4339807,2.5434747,3.2562165,1.8486869,2.113463
JMJD7-PLA2G4B,0.116291046,0.17057037,0.04006481,-0.6367092,0.28130913,0.86981773,0.53879833,-0.013711929,-0.53736496
PXDN,-0.49519992,-0.11987138,-1.6703573,-0.020645976,-0.14094925,1.016328,2.7171645,-1.0830793,-1.059731
OR52A1,0.061396122,-0.9677539,-0.083026886,-1.0444376,-1.5015349,-0.23598456,1.7283568,-1.7437749,-0.00721693
L2HGDH,2.3913193,2.2530756,2.0877542,2.8156385,3.1247063,1.4166203,0.76675415,2.098546,1.6113338
PPARA,0.29582882,0.1130867,0.010300636,-0.11519766,-0.13436794,-0.68944454,0.35388327,-0.56570196,-0.3856616
ERGIC2,-0.29686546,-0.37156677,0.25749397,0.13186646,0.04341507,-0.44239616,-0.5556927,0.060419083,0.06455231
ERGIC1,0.92222214,1.5452394,0.5194397,1.4464469,2.0979772,1.4171195,1.276453,1.9028339,1.0662789
PPARD,-0.006023884,-0.25287247,0.07405758,0.15436459,-0.20629168,0.52751875,0.44275618,0.021287441,0.140697
ZNF473,-0.50422144,0.24505424,-0.28423882,-1.1788342,-1.3979604,-1.7109864,-0.41667366,0.31555414,-0.8621321
OAT,-1.5841341,-1.2914772,-1.5121069,-1.4528894,-1.4714975,-1.4359064,-2.2011232,-1.1753416,-1.2169485
NUDT16L2P,0.2053175,-0.32793093,-0.105736256,-0.29457855,-0.70079947,-0.22268105,-0.4052863,-0.17627811,0.23325539
TSR3,0.17326546,0.27751637,-0.606308,0.024852753,-0.12317848,-0.28042793,-0.46203232,-0.1902628,-0.3269043
CENPB,0.0000648,0.1850357,-0.36316013,-0.56464195,-0.088466644,-0.29875946,-0.48759842,0.034542084,-0.44747734
PRR14L,0.32163334,0.80428505,0.12189889,1.227778,0.8241739,-0.15800786,2.1503334,0.4199915,-0.38144517
SPP1,-2.8505812,-4.5133142,-2.6049757,-5.030408,-5.5918436,-4.7262983,-2.2248087,-4.101983,-3.617364
ZSWIM8,-0.036806583,-0.19583082,-0.64106417,0.50400114,0.5634036,-0.0264225,2.692584,-1.0278318,-0.17858791
ZSWIM3,0.044249058,0.37452698,0.41342735,0.534431,0.22409153,0.31443453,-1.157682,0.65196943,0.30732155
IL12RB2,0.04940605,-0.1341455,-1.311538,-0.43294728,1.766118,0.006757975,2.2946897,-1.3788809,0.5206988
CENPT,-0.18260956,-0.5062938,-0.6059022,-0.24195671,0.075782776,-0.6766734,-0.045968533,-0.67585087,-0.53889704
CENPV,0.6800461,0.9672992,-0.48112798,0.49490786,-0.24633455,0.13785529,2.387376,0.7335577,0.18495488
ZNF460,0.36203527,0.7286501,0.27808428,1.2143674,0.658288,0.43810844,0.5264435,0.89596844,0.92093563
CRBN,-0.22743893,-0.038396835,0.04646969,0.1866808,0.26279068,-0.99123,-0.3051033,0.052358627,-0.1725645
COL22A1,-0.23508668,-1.2067549,-2.4799078,-0.8988795,-0.8846729,-0.44798088,1.8379004,-1.808531,-1.7268975
CENPE,-1.219976,-0.5219054,-1.0282135,0.17346,-0.4973011,-0.8649936,-2.1344018,-0.7649832,-0.14277744
COL3A1,-0.340783,-0.05198121,-0.82415104,0.70591116,0.6876086,1.2216915,3.4580364,-0.23995912,-0.22919816
ABCB10,-0.96341324,-0.44215393,-0.327734,0.0943985,-0.70349693,-0.9867554,-1.0212831,-0.33666992,0.03640175
SLCO3A1,0.68453884,0.64648724,1.0038099,0.36389637,0.6267996,1.0894747,0.90130615,1.0173187,0.74971294
LINC00506,1.0134056,1.54653,-0.44030786,1.4390402,0.69090104,0.9092896,1.9578083,0.52562165,0.85409355
RBM12B-AS1,0.32840943,0.102594376,0.33846092,-1.3091689,0.4631009,0.54644966,2.7346187,-0.9770193,-0.38402104
CHROMR,1.3970604,2.0165606,1.3227577,2.0830936,2.2195568,1.5141582,1.8840694,1.9442024,1.68256
TAOK1,-0.44972897,-0.35299397,0.17428017,-0.03174305,0.275939,0.23035145,0.027849197,-0.17483139,0.4222517
OR2A20P,1.638341,0.7163894,1.9443579,-0.94451404,-0.36294103,-0.41443992,1.7147918,1.2591014,-1.9579709
CENPL,-0.3287053,-0.065003395,0.2722354,0.47880745,-0.06967974,-0.6129837,-0.4178338,0.123283386,0.026191235
TSR1,-0.036792755,0.08370972,-0.6621237,0.44007683,-0.002849579,-0.4733448,-0.712862,-0.19479656,0.106637955
CENPN,0.08606529,-0.8052621,0.069574356,-0.8848777,-0.45750427,-0.623827,1.415885,-0.8532114,-0.7286949
LINC00504,-0.17455077,-0.4926126,0.04877329,-0.4931922,-0.6125847,-0.23074317,2.5040016,-1.5673815,0.029974699
ERVV-1,0.5244231,-0.13988495,-1.083353,0.56126165,-0.29441595,-0.7477622,2.3090672,-1.399292,-0.42440176
CENPQ,-0.15738964,0.31409597,0.67884254,0.2957716,0.16612387,-0.46234417,1.1944065,0.48030758,0.10986757
CRAT,0.4316268,0.48112392,-0.16060352,-0.35647535,0.42204905,-0.00889349,-1.6032162,0.26442003,-0.764482
CDKN3,-2.1677632,-2.1934638,-1.4899464,-2.5528736,-2.8410058,-1.1945715,-0.8249073,-1.7785711,-1.3038449
CRCP,-0.25326824,-0.26871586,0.61410713,0.4482832,0.5656624,-0.8125262,-0.8498163,0.057113647,0.19795895
EXOC3L4,2.9768653,3.9490886,2.9558477,4.2602487,3.2338533,3.6897912,2.1518188,3.867652,3.77872
REG1B,-1.0901978,-0.68585384,0.20888114,-0.30560613,0.001307249,0.4832337,2.5393686,-0.5615531,-1.0084478
ENSG00000248529,0.00077,0.11943865,-0.7670412,0.60391974,0.8643961,1.2132502,3.3986228,-0.11387241,-0.22866815
GMNN,-0.39153957,-0.32885838,-0.7938509,-0.056315422,0.01892662,-0.4615202,-0.5281544,-0.20256329,0.042248726
NUDT18,0.53244877,0.31491852,0.3769045,0.38802052,0.06879997,0.89059734,-0.019247055,0.36412334,0.8829756
ZNF444,0.4907112,0.53365993,0.18065166,0.41229248,0.68312836,1.3190861,0.8716259,0.27474403,1.158823
NUDT13,-0.095318794,-0.43319702,-0.072010994,-0.37559223,0.05770111,0.38641262,0.36949396,-0.29117918,-0.33319092
NUDT12,-0.2940302,0.30322886,-0.13800049,-0.122599125,0.85821056,0.5460558,0.1544528,0.56491566,0.5134282
CDKL5,-0.22678709,0.18725204,0.36231518,0.6730709,0.5123787,0.0729084,0.31041527,0.3936882,0.93663025
BTN1A1,0.677336,-0.29845917,-0.45978713,-0.064144135,-0.13435864,1.34055,2.669125,-1.0904455,-0.10329926
TC2N,1.4914002,1.8298135,0.41380167,2.9279776,2.3362012,1.5440154,1.1882315,1.7020893,2.5390382
NAAA,-1.7476788,-1.6769085,-1.6423893,-2.0023289,-1.5613117,-2.183176,-2.009758,-1.5378056,-2.108715
ZNF439,-0.682096,-0.22919512,-0.21111536,0.07290268,-0.9861045,-0.7239733,-0.9126501,-0.031271458,-0.090605736
ZNF433,0.07861185,-0.23099995,0.066325665,-0.07214022,-0.18697166,-0.23181581,-1.1204696,-0.1559062,-0.34154224
ZNF431,-0.1208601,0.20625782,0.33154392,0.41427612,0.5033865,-0.11372757,1.8370895,0.27962017,0.1850586
SPATA9,-0.28626466,-0.39405084,0.3372898,-1.32022,0.07791543,-0.59531474,1.5348492,-1.2832199,-1.059575
KHDRBS1,-0.914238,-0.7769575,-0.60331154,-0.25479317,-0.24430084,-1.2735462,-0.53139114,-0.60462093,-0.13357925
KHDRBS3,0.15697241,-0.00785017,0.89792156,-0.29700089,-0.48418188,0.8118062,1.1798606,-0.1878686,0.86380434
BOD1L1,-0.008964539,-0.23433876,0.23285103,0.6178665,0.549232,0.77701855,0.7598829,-0.3036065,1.0184298
AGAP11,-0.4483652,-0.044107437,-0.27252293,-0.16776657,-0.22150898,-0.7870569,-1.2127275,0.052340508,-0.87473106
SPATA3,1.0074041,-0.0814991,0.18624544,-0.40954876,-0.5047256,-0.060082912,2.2723136,-0.5483694,-1.3072006
NRF1,0.33952713,0.8071909,0.79823494,0.74467945,0.79293346,0.17368889,0.0003,0.8410578,0.3929143
NREP,-0.67396164,-0.12828732,-0.67374325,0.058956146,0.084347725,-0.6191864,-0.65687466,-0.013776779,-0.5059624
SLC9A3R2,-0.2972808,0.014980793,0.094604015,-0.94646406,-0.11202335,0.20143366,1.2102876,-0.6201825,-0.30724573
MOBP,-0.39465386,-0.0703547,0.3271284,0.5567287,0.67222977,1.1125042,3.3541503,-0.27072012,-0.102289796
HNRNPDL,-0.8185425,-0.8990078,-1.5875549,-1.048645,-0.89897156,-0.8265476,-0.33197975,-0.5796528,-0.62103844
ZNF428,-0.811893,-0.7467637,-1.9008079,-1.3683252,-1.8872218,-0.56434727,-2.1627088,-0.90088797,-1.0726671
G3BP1,-0.16984558,0.2327795,-0.7446785,0.06540871,0.41392708,-0.05789566,-0.45360947,0.4399271,0.007223129
PGK1,-0.80990696,-0.8600807,-0.8942318,-1.1765451,-1.0412254,-0.31063366,-0.9169302,-0.80365944,-0.8597994
TXNDC2,2.4966063,2.0589666,2.0842404,1.0066943,0.94915915,1.6076269,2.7134337,1.7030401,1.1615682
SMYD4,-0.19890738,-0.28079987,-0.49947214,0.7064953,1.272943,-0.17740965,-1.3127308,-0.020329952,-0.041732788
PGK2,-0.40699106,-0.18318945,-0.9708725,0.6804019,0.55795765,1.0500355,3.379191,-0.39391464,-0.35974705
ZNF423,-1.1709765,-0.53055906,-1.7434212,-0.4742385,-0.3702675,0.18345332,2.4707742,-0.9526198,-1.1600304
TXNDC5,-1.5554609,-1.5555601,-1.5066128,-2.334896,-2.0190158,-1.8124762,-2.0706043,-1.1484146,-1.5211
BOD1,-0.1667881,-0.34584904,-0.22296715,-0.10451889,-0.58211136,0.00135231,0.22312737,-0.16354275,0.056936264
ODF4,-0.22007275,1.1570017,-2.2028322,-0.75118387,0.33584595,1.0112734,2.102385,0.32105756,-1.6429609
HPS1,-0.12489605,0.15438557,-0.36094666,0.12918568,-0.086732864,0.5641947,-0.8908596,0.20795727,0.39306545
HPS4,0.091955185,-0.09230614,0.48768806,-0.15400696,-0.4334097,0.21077919,0.22276306,0.12593555,0.080467224
ARPC5,-0.54749775,-0.34576416,-0.28367615,-0.16849613,-0.24755573,0.16581821,-0.3522272,-0.49101257,-0.000596
TMPRSS12,-0.06537068,-0.33961797,-1.126355,0.28165472,1.5718133,0.840595,4.1190915,-0.5421294,0.5819676
TMPRSS13,1.588357,1.6183853,1.537456,0.4181161,1.1738396,2.2016382,0.3756113,1.8623333,1.2433391
RPS10P5,-0.22700882,0.001065254,-0.8548498,0.001066208,0.12676811,0.24949455,1.3752537,-0.29947758,-0.02991867
ZNF418,0.6273937,0.50405693,0.04985428,0.29738474,0.47771835,1.1351948,1.4343548,0.10632944,1.0552063
OGN,-0.65193677,-0.37861633,-1.0158815,0.18853962,0.31634927,0.9082074,3.2015686,0.48835278,-0.47178316
ZNF417,-0.3512802,0.048765182,-0.3188758,0.1964922,0.40244484,-1.2747698,-0.3965416,0.11724043,-1.0576396
TBXAS1,0.50331116,0.6710019,-0.109942436,0.26946497,0.32954168,0.5770564,0.89136076,0.14632559,-0.039184093
ZNF414,-0.16200018,0.39537382,-0.58409643,0.113705635,0.041818142,-0.9585376,-1.4551411,0.43833876,-0.94040394
ITGB1,-0.28784466,-0.1313467,-0.18322659,-0.11166096,-0.24494362,-0.003769875,-0.970418,-0.03180027,-0.81875324
CIITA,2.1716328,2.1926537,1.6418581,1.7575569,1.9057436,2.1066093,1.2463913,2.2708178,2.4614162
ITGAM,-1.544384,-2.541523,-0.50467205,-3.229412,-4.026393,-1.2268887,-1.3575191,-1.8614311,-2.0702477
ITGB5,-1.4668541,-2.8059464,-2.3832502,-3.995397,-3.8429737,-2.8161774,-3.8263903,-2.6324234,-3.3664808
ITGB4,-0.22299576,-0.15728235,-0.5433121,-1.438683,-0.97923684,0.72809553,1.2945871,-1.0077224,-0.6075764
ITGB2,-0.6678629,-2.200941,-0.6848583,-2.7373495,-2.505,-1.471921,-0.6742735,-2.160802,-1.5189791
ITGAE,-0.11292267,-0.55995846,0.09743309,-1.1419482,-0.4287386,-0.30342484,0.057216644,-0.31363487,-0.29273987
ITGAL,0.9656582,0.3364725,0.8086624,0.37769318,0.011200905,1.1596642,-0.011199951,0.83230305,0.9891033
NKPD1,0.3477254,1.0493815,-0.040983915,-0.40819824,2.06654,0.7264302,2.0983288,0.8342414,-0.520522
ALAD,0.34048557,0.027384758,0.003079414,-0.51757765,-0.38752127,0.10601711,-0.514575,0.09844017,-0.30195236
ZNRD2,0.12555504,-0.08057022,-0.3925972,-0.26059723,-0.2979946,0.6260929,1.6189423,-0.19225788,0.017730713
EXO1,-1.9863276,-2.2829146,-2.1673896,-1.9749229,-2.0618315,-1.4993842,0.19355297,-2.4502192,-1.3769937
ZNF408,0.59925175,0.9947157,0.38831615,0.6617608,0.7409086,0.09996605,-0.33947182,1.0604596,-0.41506672
PPP6R1,0.18877602,0.12675285,-0.41667747,-0.27322388,-0.08943176,0.53679085,1.2535744,-0.9258652,0.4657154
PPP6R3,-0.000666,0.6081395,-0.33264303,1.103847,0.9550824,-0.31349516,0.6008811,0.20784473,-0.7359719
ITGB8,6.3030047,7.6339173,7.215698,6.7971034,8.143883,6.6763034,8.123484,7.944633,5.8505282
PGM2,-0.40797615,-0.58793736,-0.15878105,-0.1920681,-0.8474264,-0.68126297,0.48754883,-0.28499508,0.10369873
PGM5,0.44451427,0.62040234,0.9659939,-1.7064657,-0.3581004,-1.5393307,0.5745301,0.79062796,-0.29167032
PGLS,0.26409817,0.3396387,-0.7334261,0.19331264,-0.020902634,0.3776064,-0.4966917,0.108576775,0.032874107
LINC00574,0.6868739,0.40642858,-0.44779253,-0.91909814,0.30200863,0.7911005,1.1556606,-0.97084713,0.105737686
SMIM12,0.6195164,1.1745853,0.504323,1.0860271,1.18785,1.0409031,0.48191833,1.0844536,0.7962742
SMIM11,-0.5947895,-0.38087988,-0.9975648,-0.92138577,-0.6012831,-1.4020486,0.06856918,-0.6316023,-1.1475501
ACTR3,-0.015434265,-0.02346325,0.21130943,0.41932106,0.78741264,-0.04193878,0.13960648,0.24437141,0.03853798
LINC00571,0.744491,-0.31162262,-0.49713326,0.5210769,0.42724216,0.9060663,3.257493,1.3085972,0.45401883
SMIM13,-0.23788166,0.09986687,1.008779,0.29074812,-0.37403297,-1.5681226,-0.043353558,0.29175997,-0.24664879
ITGA3,0.3013053,0.2551589,-0.7390785,0.089012146,-0.5842781,0.30417824,-1.0341091,0.15550375,-0.08901262
ITGA2,1.6678835,0.88198555,3.772728,-0.041887283,1.3577319,0.35830462,3.3610187,-0.35505545,-0.10994339
ENSG00000289047,-0.17459536,-0.65921926,1.0989575,-1.7427125,-1.1579952,-0.44787407,-1.013174,-0.59515905,-0.80787563
ACTR8,0.11158371,0.2675724,0.39850998,0.49435425,0.08922577,0.275568,-0.7170801,0.34439564,0.49725342
C14orf39,-0.2670157,0.010395885,-0.9010513,0.68869627,0.7393155,1.1988399,3.4903383,-0.20164275,0.50806653
ADORA2A,6.395494,7.815495,6.8171535,7.649965,7.425819,6.6139426,5.2172008,8.027519,6.6903167
ITGAD,0.006765366,0.021421432,-0.65353155,-0.5310986,0.07116175,0.21637154,1.4095554,-1.1749821,-0.4010358
ADORA2B,-1.2321901,-1.15594,-1.296998,-2.6896386,-2.0553064,-1.5053606,-1.2484875,-1.0130186,-1.777852
UGT2B4,-0.6396968,0.16156673,-0.701671,0.27800965,0.43722343,0.87741923,3.0578506,0.83615065,1.129286
SPACA3,0.398839,0.59759665,-0.33495522,0.33574104,0.36043215,0.63176394,1.7404232,-0.38659906,0.30022955
SPACA6,0.2924528,0.001637459,0.95030594,0.624053,0.058333397,1.7798548,2.5117216,0.083213806,0.74776363
YAE1,0.53957844,0.17821407,0.34417725,0.31160736,-0.027711868,0.44678974,0.9089947,0.19482708,0.5071306
SMIM20,-0.29755497,-0.3427658,0.2474184,-0.316926,-0.33670425,-0.6587992,0.32251263,-0.3109169,-0.29840374
SPACA9,0.4905033,0.12907553,-1.1496987,0.39385128,-0.83385944,0.4812088,0.39624023,-0.4411931,0.5159278
ZNRF3,0.23963189,0.7025361,-1.4593389,-0.9769387,0.44853234,-0.36696315,1.8265924,-1.8154556,-1.5687001
PHKG1,0.63856554,0.2638178,-0.12634134,-0.19709015,0.86504316,-0.64914966,1.6257596,0.30429626,-0.55001163
IGF2BP1,0.17382407,0.53902125,0.41428983,1.1319203,0.73732734,0.7134739,3.078567,0.7451725,-0.3717184
LINC00598,0.6108501,0.9150803,-0.98225224,0.61714315,2.0044,1.0175776,3.3274996,1.1855977,-0.011468411
HNRNPA0,-0.52155685,-0.35276556,-0.7091079,-0.03782034,-0.22940302,-1.0777521,-2.2228556,-0.3561077,-0.2605796
TBX1,-0.15847874,-0.014825702,-0.118118405,0.63090444,0.7265469,1.1721851,3.4719396,0.033728123,1.9223747
POLR2J4,0.13939667,0.03682995,0.2179966,-0.82043266,-0.09778786,-0.40896797,1.2519541,0.001719475,-0.645031
HNRNPA3,-0.39932156,-0.36508656,-0.53693295,-0.25850964,0.33872223,-0.71603775,-0.13161945,-0.13729954,-0.16816235
MYO10,-1.1654034,-0.2810483,-0.55857897,-1.1615787,0.5485983,-0.704164,-1.8763428,-0.31079626,-1.9144588
CYP4B1,0.9566829,-0.23184705,-0.7330407,0.5140003,0.5224818,0.9633539,3.2710142,0.5030196,-0.3086555
EXOG,-0.12881184,0.37264633,0.13413477,0.6074681,0.60037804,-0.56550145,0.34460878,0.08130646,-0.064611435
TBX2,0.51769793,-0.20975482,-0.5802282,0.16149974,0.20764267,0.87589395,2.8918395,-0.61267364,-0.056298852
MYO1D,0.11109495,-1.7461042,0.44166613,-2.4108152,-2.7324557,-0.8935127,-2.0348845,-2.1620245,-1.6541667
MFSD14B,0.25041962,0.16999722,1.3487835,0.6016941,0.07317257,0.30448532,-0.110651016,0.5414419,0.5796375
MYO1B,2.1488767,1.8060503,3.1618366,1.4099183,1.8131032,3.8738627,3.6037583,2.5593324,3.0711741
POU2AF1,-0.177248,-0.5998466,-1.8140066,0.10687542,1.2498479,0.41181993,0.45567036,-0.6655302,-0.7372644
LINC00589,-0.411806,-0.1509049,-1.0105345,0.6738578,0.60466063,1.0571153,3.3725948,1.659931,-0.27488983
NAGS,1.0705633,0.70809746,0.6944747,0.31595802,0.3027711,0.72297287,-0.2829628,0.45339632,0.36534595
MYO1H,-0.3086456,-0.039370954,-0.8799771,0.62043786,0.7237747,1.1465418,3.4221554,-0.24147868,-0.26240516
MYO1G,2.239685,3.0967646,1.1417332,3.030548,2.4940662,2.5338993,0.607481,2.8266115,2.1508217
CPNE9,-0.7372489,-2.5499504,-0.15882301,-2.9635315,-1.5612519,-0.39063454,0.005954742,-1.5054791,-1.3029587
SMARCB1,-0.032357216,-0.068387985,-0.71194744,0.21851206,-0.20506382,-0.95544434,-3.1530247,-0.19119692,-0.3569827
CPNE4,3.272001,5.4104357,3.6563566,3.5922177,3.9617846,3.0593603,2.8051374,5.5806913,3.084267
OR56B3P,0.87993836,0.7161777,0.934644,0.14420056,0.6502669,-0.17030716,1.2409866,0.04020071,-0.17841601
CPNE7,1.1713552,0.6312628,-0.17134428,0.5880065,0.9344425,1.5908594,1.6439581,-0.000415,0.89988375
LDLRAD4,-1.3900509,-1.1239725,-1.3631307,-0.34664,-0.3695166,0.08045435,2.402046,-1.2792387,-1.0122012
CRKL,-0.19170713,0.07656574,0.33166122,-0.11820555,-0.23480177,-0.16795778,-1.4730072,0.39188194,-0.18463135
HERC5,2.644535,2.986042,3.9037628,2.640438,3.7164612,2.6121006,3.047575,3.435811,2.0284882
HERC4,-0.003606796,-0.118144035,0.84202576,0.053253174,0.21759701,0.24569893,0.38957596,0.53417206,0.4180603
ADGRA1,0.037733555,-0.13387632,0.005629301,-0.9351771,-0.9797716,-0.57679534,1.9333675,-0.67123413,-1.9198711
SNRPD2,-0.5642071,-0.8716326,-0.8314352,-0.7072563,-0.42597103,-0.65263176,1.9155083,-0.6654806,-0.19046974
HERC1,-0.797678,-0.50890636,-0.60864353,-0.5485287,-0.7760687,-0.10271263,-1.244173,-0.39966965,-0.45752144
KLF17P1,-0.59164715,0.05402708,0.19530368,0.3767023,0.3170848,-0.26149726,1.4261849,0.6276641,0.7306757
CCDC97,0.42683983,0.37294102,0.48649597,0.37891388,0.5378008,0.75042534,0.4497366,0.33164215,0.8893528
PTGFRN,-0.13009405,-0.16645002,-0.8662462,0.8439269,-1.1291733,0.5592017,0.22428799,-0.40723372,2.4487853
SPA17,-0.45521832,-0.86436653,0.003314972,-0.25682878,-0.58935213,-0.33142042,0.98684025,-0.8588414,-0.27893972
CCDC92,0.7022009,1.2330551,0.41231346,0.92379475,0.6705599,1.2600851,-0.051228523,1.2599049,0.8631182
TBC1D22A,-0.5613737,-0.40966797,-0.67379093,-0.2819872,-0.5563307,-1.1709757,-1.2081175,-0.46259212,-0.8665991
SCAPER,0.5153508,0.91657734,1.2729015,1.053134,0.7346511,1.06322,0.002082825,1.1286912,0.86499596
CCDC93,0.80811596,0.7209387,1.3759274,0.5739436,0.54171467,1.3450179,-0.12591839,1.0435128,0.6865916
SMARCC1,-0.7481594,-0.5576782,-0.7087965,-0.07952118,-0.50662994,-0.67466736,-1.6699219,-0.3349142,-0.640995
ALG9,-0.1184206,0.02303505,0.5714469,0.30009604,-0.31296253,0.3957634,-0.75169563,0.4458995,0.8541851
ACTN1,0.20536423,-0.14744854,-0.007978439,-0.15037632,-0.6012535,1.2008753,-0.85142326,0.35451984,0.19314575
KCNK12,-0.1932416,0.039256573,-1.7760544,-1.2401999,-1.3284498,0.7757206,1.509469,-0.14420843,-0.5797534
ALG3,-1.1332226,-1.7165904,-1.6376753,-2.4382663,-2.367938,-1.2006059,-1.7001772,-1.7292595,-1.9174762
TALDO1,0.6030016,0.40249062,0.48269272,-0.19977474,0.6090002,0.58389187,0.1882658,0.40822887,0.08342838
KCNK15,0.080171585,-0.5732908,-0.4092474,-0.49713898,-0.7142458,0.81560135,1.4352665,-1.1503801,0.36816978
ADGRA3,-0.31697512,-0.005825162,-0.8800894,1.6044163,0.7490767,1.1732935,3.3569417,-0.20292175,-0.18174624
UNC93A,-0.38669455,-0.3195989,-1.1558822,0.48187697,0.4283421,0.886135,3.1304922,-0.5143925,0.35944223
C2orf74-AS1,1.3051114,0.89711523,0.5291405,0.8034682,0.17097902,0.9585514,2.2440128,0.37680483,0.7819829
ENSG00000289007,-1.6777756,-1.1707034,-0.494061,-1.2500145,0.000427,-0.12977552,0.5275636,-0.97976255,-1.296067
FLJ36000,-0.9240861,0.23273838,0.469167,0.020115256,-0.007128716,0.44025588,2.7703042,-0.96780616,-0.091665626
CCDC80,0.779047,0.7923207,1.0362868,-0.9544929,2.5585465,-0.2859354,1.9021153,-1.6538215,-0.60480857
ADGRB1,-0.18797827,0.12843132,-0.18624353,-0.38088274,-0.07497883,0.559649,1.8121185,-0.35593176,0.003758907
CCDC82,-0.35086918,0.921216,1.2254229,1.2743368,1.03262,-0.6193652,0.6559839,1.1301994,0.122050285
NAIP,-4.46062,-3.5625424,-3.5028768,-4.1170797,-3.5580792,-4.3697267,-4.4487534,-2.9947577,-5.1370344
NRN1,1.5496941,0.5685415,0.8507323,0.6276436,0.5275564,1.4773121,2.1024418,0.20544338,0.62937355
EPB42,0.76912355,0.3324988,0.14555931,-0.5081029,0.24097466,0.4533062,2.142889,-0.60331917,-0.6143868
GARRE1,-0.27793503,0.17171001,0.033023834,0.10494232,-0.053523064,-0.11315346,-0.12823868,0.22968197,0.1427536
EPAS1,-1.5606232,-1.7237129,-1.464119,-1.8709106,-1.8880692,-1.4060955,-1.869236,-1.5645542,-1.0830288
EPB41,-0.36887765,-0.33836603,-0.11937094,0.29392147,-0.73470616,0.85079813,1.1026845,0.5269098,0.8301687
PGS1,0.14849949,0.83202076,0.33039474,-0.019173622,0.5526047,-0.69550323,-2.0875368,0.75638056,-0.74704885
RPL19P4,-0.51457405,-0.54200554,-1.3368921,-0.881052,-0.3014021,-0.539238,1.0568142,-0.6093445,-0.30797386
SEC14L1,-1.1484048,-0.35705042,-0.39764166,-0.72485995,-0.6501639,-2.163437,0.13788605,-1.90972,-1.2052529
TBC1D8B,-0.51965,-0.034726143,-0.001291752,0.41865778,0.20953178,0.59378004,-0.9974184,-0.022184849,0.40437365
MIR1915HG,3.1153572,-0.1421467,-0.577235,0.24825358,0.5794947,0.9576602,3.1025145,-0.28691196,-0.50823665
EGR1,-3.501398,-3.4316425,-3.0059028,-4.216032,-4.438504,-3.4709816,-1.358654,-2.8664417,-3.4306583
EGR2,1.8883762,0.88497066,2.3925247,0.52381897,0.23400402,1.6412373,3.1600914,1.1838675,1.6398487
FAM78B,2.390587,3.9511538,2.8133893,3.3580403,2.377455,2.9038668,3.15554,4.0639663,3.5883613
PFKP-DT,1.7655349,1.7284036,1.7356286,2.3771033,2.1897354,1.7097287,1.3079362,1.5653911,2.3016996
CCDC9B,-1.471715,-2.0887232,-0.98938274,-2.1366796,-2.3581486,-1.963265,-1.7861481,-2.2959142,-2.3253636
SMARCA2,-0.26034355,-0.16095829,-0.11063957,0.33451653,0.2902851,-0.39253712,-0.31808758,0.10440922,0.20061302
SMARCA4,-0.1753807,0.35853386,-0.4096613,-0.030143738,-0.71164894,-0.44908142,-0.9411526,0.08417988,-0.465374
CRNN,-0.82316375,-0.016906977,-0.76786375,-1.4952013,-0.3843658,1.0647876,0.89114356,-2.0186598,-0.43397284
AMZ2P1,0.13085866,0.18876207,0.14314532,0.3664956,1.0678091,0.7596059,3.1150086,1.5886698,0.95879054
ECHDC1,-0.51545143,-1.128232,-0.09091663,-0.88420486,-1.150053,-0.98479843,0.09852028,-0.6533117,-0.7996521
GNRH1,0.14464474,0.4612813,-0.20869303,0.5380511,1.1363606,0.33619404,0.6450753,0.47654963,0.34939337
NOL10,-0.4123745,-0.6489644,-0.46433306,-0.9572177,-0.52138805,-1.6925292,-0.12737656,-0.50732803,-0.6467705
CALR,-0.6810427,-1.0268459,-0.8808136,-1.499898,-0.78198624,-0.14233112,-0.48097897,-0.98351765,-0.11645985
NRP1,-2.2919512,-3.3543634,-1.9501677,-4.409128,-3.8965015,-3.0864706,-2.4538012,-2.8746824,-3.0654225
NRP2,1.5543804,2.0479412,1.5124226,1.845604,1.5959606,0.8942642,-0.6297169,2.0479832,1.5515995
ICA1,-0.7312808,-1.3380947,-0.8978605,0.44843626,-1.3205533,0.26795387,-0.8523407,-1.3453126,-0.032283306
OTUD7B,2.141415,2.3286738,2.6484976,3.3018007,2.8139625,2.5698357,3.4480171,1.9874668,3.477407
CROT,-0.86104584,-0.3806281,0.20191336,0.521718,-0.3849485,0.30689335,0.7449913,-0.30565262,-0.3653865
BOLL,-0.58690125,1.9715949,-0.8861259,0.2695191,0.4176166,2.312459,3.1987534,-0.09075189,-0.2890358
MIS18BP1,-0.47350502,-0.6856537,-0.26716805,0.18359756,0.007770538,-0.07529831,-0.29516792,-0.46921062,0.18554688
OTUD6B,-0.00551939,0.104973316,-0.5959444,0.13146734,0.49306202,-0.7916546,0.34409904,0.011503696,-0.6023698
MUC12,0.6514931,-0.54350734,0.5879617,0.85488224,0.11216426,0.5182862,1.8339605,-2.1510563,-0.41364145
HSPB1P1,-0.23684692,-0.120334625,0.13683224,1.1201515,0.7542429,1.8804111,0.90242004,-0.19622898,1.8716087
HSPB1P2,-0.03471756,0.045701027,0.4079914,1.0296326,1.1152267,1.8405628,0.17891502,0.014288902,1.4548416
CAP1,-0.47112083,0.02934742,-0.077046394,0.13407707,-0.18101978,-0.7467346,-2.0304375,-0.00357914,-0.41720772
APOBEC1,-0.28932112,0.026957512,-0.82407725,0.5802678,0.7844651,1.1677322,3.400935,-0.18472648,-0.2634927
APOBEC2,1.0786989,1.1586952,-0.9265264,0.49861538,0.35368586,1.4998636,3.1049964,0.7155614,-0.30234694
SFTPD,-0.3226521,-0.6865938,-0.8322468,-1.6064465,-1.0587013,-0.5989568,0.5461273,-1.589395,-1.6522512
KIF6,-0.56878126,-0.24630082,-0.93478143,0.29512656,0.4703089,0.9503876,4.8472204,0.04245639,4.9526095
DUS2,-0.3574953,-0.41406345,-0.4125619,-0.7823181,-0.9064288,-1.0786815,-2.86198,0.05809498,-1.1645188
KIF9,-2.7138166,-2.268462,-3.2731895,1.8444242,-1.6274073,-1.2536061,1.0679274,-2.525281,-2.6480744
CANX,-0.13932037,-0.2050333,-0.42423534,0.12055588,-0.052778244,-0.60985374,0.8291588,-0.002482414,-0.31442928
DEPDC1,-0.40155125,-1.0500256,-2.3869739,-0.7757628,-0.8007722,-0.34262943,1.8978515,-1.7449952,-1.7423499
DEPDC5,-0.08252716,-0.08679485,0.23005772,0.2635727,0.008126259,0.79719925,-0.3981247,0.07629681,0.6455822
MFGE8,-0.6009865,-0.9138036,0.5099902,-1.850158,-1.2535973,-1.3111818,0.33756638,-1.3015046,-1.6698472
DEPDC4,-0.23723507,-0.90183234,0.2195921,-0.44304085,-0.62600946,-1.6939983,0.17445755,-1.1106093,0.14283562
YAP1,-0.26953447,0.6861706,1.5644295,-0.002589822,-0.11829424,0.34762073,2.6334078,0.0810132,-1.0293286
NAPB,0.36029935,0.223104,0.004393816,1.0138152,0.28153896,0.608408,0.8462665,0.17331386,0.5861132
C1orf35,-0.15482903,-0.19397736,-0.8177452,-0.23755074,-0.6134443,-0.10485077,-0.31748772,-0.5061302,0.24084091
CAPG,0.7299547,0.8593559,0.57171917,1.2575483,0.31714153,1.2207174,0.46654224,0.7841816,1.01826
SLED1,0.8773117,-0.012940407,1.5437269,0.039467335,0.92389774,-0.18723297,3.7950506,0.8341713,-0.36402178
HSD17B8,-0.6984172,-1.0012012,-1.526453,-0.8251548,-1.805974,-0.8806362,-1.0725341,-1.3324456,-0.8544035
RANBP3L,-0.44333673,-0.17707402,-0.8396306,1.4665813,0.5518284,1.0688236,3.3337514,-0.40058434,0.3877524
HSD17B1,-0.40638733,-0.7916665,-0.49697685,-1.7640254,-1.269454,-0.42617607,-0.063957214,-0.8591752,-0.97928
HSD17B2,0.19848168,-0.95729107,0.5563446,-0.23381352,-0.3093711,0.18239105,2.510346,-1.2365397,-0.7707211
UVRAG-DT,-0.5312097,0.326535,-0.13866901,-0.68674564,1.2267313,1.2703118,2.5987291,-0.112317085,0.38009667
PGGT1B,-1.411694,-1.5459628,-0.7400379,-0.92260075,-1.0408206,-1.5142002,-0.86740875,-1.6352625,-0.82122135
MAP3K5-AS1,-0.5167086,1.4765646,0.4991114,0.7278116,1.2672257,2.3691092,3.2530897,1.5749564,1.2729964
MON2,-0.095395565,-0.4110813,0.054463387,0.34052944,0.5471568,0.32970142,1.3921442,0.029088974,0.18261623
GABBR1,11.720663,11.743906,11.621351,11.617865,12.530579,11.687372,12.678856,11.651251,12.075554
C1orf21,0.8304529,0.7906532,1.0608711,0.63746357,1.5839529,1.1411009,1.0955629,0.77009964,0.95737934
RBM33-DT,-0.004357815,-0.30797672,-0.008426666,-0.35966492,-0.32342577,0.004358292,2.0680103,-0.23328543,0.1518035
OSM,-0.31041908,1.0639677,2.4719734,0.9019108,0.8164196,2.5202522,2.7099037,1.3572636,1.4526176
PNMA5,-0.7130203,-1.1486678,-0.8778963,-1.3607469,-1.0118837,-0.25367928,0.34792137,-1.43855,-1.9866815
MYO9B,-0.15494347,0.18531704,-0.67466545,0.55443,1.0616436,0.472641,0.51052284,0.59339523,-0.6728077
PNMA2,1.1609516,-0.17314231,-0.24371958,0.44133043,1.6532471,1.0491621,3.2662668,-0.3850745,-0.1208092
TTC9,-0.90003395,0.596118,0.04439068,-1.9395514,-0.9376092,0.090752125,-1.5339975,0.25547647,-1.2735572
NOL4L,0.5266566,0.9918742,0.053929806,0.9940076,1.067081,1.2901516,-0.0788002,1.2270474,0.77193594
TTC5,-1.0320663,-1.108036,-1.0859022,-0.108682156,-1.852943,-0.61763096,-0.59051657,-0.65593815,-0.05551243
TCEA3,3.74924,4.0792236,3.2302504,2.8598127,4.290559,3.2678618,3.8201714,3.9382248,3.295608
TCEA1,1.2475567,1.6179123,1.0403395,1.6186295,2.009305,1.0086689,1.8942385,1.425581,1.1450567
OTC,-0.28934133,-0.07644808,0.29994678,0.281523,0.114797354,0.5670948,2.8601012,-0.80952036,-0.8312599
UBXN2B,-0.23697186,-0.41491318,0.6355858,-0.1489172,-0.2283287,-0.16292095,0.20411587,-0.16490078,-0.15871143
TBC1D29P,-0.048600197,0.74879,0.21303606,-0.33771634,-0.4570787,0.00027,2.3049626,-1.3888404,0.049060106
C1orf56,0.5036993,0.691411,-0.13031006,1.0773554,1.0736666,1.5674353,0.7801094,0.54459095,1.4866724
LOXL4,-0.6571855,0.1366986,-1.2443188,0.49161232,0.363948,0.81924534,3.118878,-0.5475819,-0.5507939
BUB1B,-2.5983434,-2.39389,-3.7159233,-1.942255,-2.7980628,-1.9053068,-1.4928923,-3.3400333,-2.615046
CAAP1,-0.15896559,0.00421238,0.91665125,0.45710993,0.089288235,-0.015690804,1.182673,0.28461552,0.18865871
TTF2,-0.98182654,-0.21282983,-2.640447,0.63708925,0.08958602,-0.97091985,0.68022156,-1.1933632,0.21246386
NR3C1,-0.004055977,0.4114132,0.78798485,0.9552164,0.55845547,0.2687044,0.98920345,0.5237961,0.5244875
DRD5P2,1.4692512,2.2709923,1.0790935,0.23074865,1.1872578,1.5095878,1.5631275,2.3255272,1.0291567
COX6A2,0.35246348,0.17132425,0.6605098,-1.0269495,0.08379364,-0.5407119,1.6555364,-0.267179,-0.6686747
ACTG2,-1.5249689,0.008928537,-0.33716154,-0.10475302,0.64862704,-0.024588823,2.8488188,-0.36590624,-1.4529991
LOXL2,0.9090433,1.6065907,0.28344584,0.6255131,1.2577949,1.1177697,0.9876833,1.2051258,0.5933709
TBC1D32,-0.80200875,0.0800519,0.2557099,0.12497139,-0.8253354,-0.367774,1.9851637,0.29388618,-0.15483189
RPP38-DT,-0.5027044,-0.26121426,-1.1341944,0.50757277,0.47379577,0.94164705,3.2797887,-0.38294876,-0.4562832
TEKT4,-1.161664,-0.20459175,-0.48352146,-0.498312,1.0657768,-0.28387976,-0.2464509,-0.2530265,-0.761827
CAST,0.39677048,0.54748344,0.6130705,0.5729084,0.8877201,0.34685326,0.45584297,0.8893614,0.4602108
MORC4,-1.8561301,-1.7414627,-3.0206952,-1.1908975,-1.9549766,-1.8818955,-1.6370769,-2.2384,-1.4588041
IRAG1,-3.4926405,-3.678032,-5.210899,-4.0859833,-4.9122767,-4.2771196,-2.0675817,-4.9422245,-2.9901147
CASK,0.9091282,0.42284203,1.6334476,0.6250162,0.5773411,0.67780876,0.60505295,0.6567936,0.70855284
TBC1D2B,0.6527014,0.81922436,0.06296539,-0.023497581,0.57437897,1.1084833,-0.15386677,0.76955223,0.04987812
COX6B2,0.8128915,0.1984334,1.1373396,-0.14931583,0.32754135,0.69263506,0.71643543,0.09312487,0.44981813
MUC3A,-0.448357,-0.5629088,-1.2778268,0.8488983,0.17019045,0.7249235,3.0424285,-0.7542051,0.21523654
YBX3P1,0.08712196,-0.020141602,0.61885166,0.5974941,0.73180676,0.64238167,-0.27308083,-0.027269363,0.87813187
EEF1A1,0.86950016,1.5677948,0.13840008,1.3140173,0.9839792,0.19125748,0.20364857,1.1099033,0.6537266
GPRIN2,-0.11495018,0.3450942,-0.48465586,-0.48216105,-0.67558956,0.09334803,1.5792761,-0.087882996,-0.6687155
EEF1A2,0.41059995,2.99595,1.2384117,3.4513319,1.8659418,2.7610672,1.6236012,2.2516716,3.3131282
TBC1D24,-1.0626082,-0.8932748,-1.2839994,-1.1120224,-1.5459704,-0.6581011,-1.4087019,-0.9665699,-0.8409977
WDFY2,-0.8746395,-0.70008564,-0.2050724,-0.39229202,-0.22340775,-0.7622204,-0.7713213,-0.4876175,-0.9172745
WDFY4,-0.033655167,-0.3442936,-0.2780552,-0.3649311,-0.5806227,0.7427559,-0.3965683,-0.21115303,0.75217056
CARS2,-0.26179123,-0.33548832,-0.7467346,-0.8875141,-0.2909317,-0.46557236,0.12950325,-0.5297823,-0.21090126
EMID1,0.2516091,-0.21481371,0.75669813,-1.2759944,-1.2289604,-0.8093965,1.4616361,-1.3940248,-0.55698204
DDX6,0.4655962,0.87937164,-0.037104607,0.9785204,1.1335678,0.6062918,0.5271578,0.6818371,0.91130924
GNAZ,-0.046183586,-0.101970196,-1.4331846,-0.001222611,0.7336521,0.04915142,3.0256338,-0.915936,0.49659586
TCF7,0.7796321,0.67300797,0.43195724,-0.15418792,1.4918664,0.94004965,1.7883716,0.55460215,0.19158983
KCNC4-DT,0.22216105,-0.51691294,0.23198628,0.17615962,0.24774504,0.66414523,2.9518826,-0.7000346,-0.75575626
ADGRG4,0.24707067,-0.11468339,-0.96412325,0.6068133,0.6391063,1.0744154,3.3177311,-0.30652,-0.32476568
VCPIP1,-0.18701553,-0.17327881,0.30258274,-0.015493393,-0.027787209,-0.2506733,0.20436859,-0.001461029,-0.42922592
ODF2L,1.1994205,0.9486475,1.556159,2.137074,1.8920217,0.6152191,1.1689754,1.2366867,1.0600114
LINC01806,0.81341076,-0.000515,0.3616011,1.7973773,0.49926972,1.4897196,1.3472655,0.23821831,1.6440585
ENSG00000255647,-0.6203383,0.55996895,-1.8644996,-0.3402468,0.011871815,0.9722593,2.6577032,-0.51746106,-1.0700393
TBC1D14,-1.8725338,-1.7924461,-2.259492,-2.4743,-2.3678708,-2.8051977,-5.126659,-2.056631,-2.664969
MORC1,0.22167945,0.5129204,0.45523024,-1.223221,-0.5539241,-0.50129414,2.065115,-0.99580836,-0.17426872
MORC2,-0.28504753,-0.5065751,-0.16275883,-0.53778267,-1.1914239,-0.47169447,-2.0797691,-0.09156418,-0.41623402
CAV3,-0.42263556,-0.1880796,-1.0259444,0.61678696,0.5677569,1.0191355,3.3397937,-0.39599,-0.3703434
CAV2,1.5719714,2.5179853,3.1358013,-1.1631647,2.0357714,0.2708497,1.6088309,2.5876522,3.8838673
MUC17,-0.43602437,0.44518232,-0.92075527,0.6848618,0.6178653,1.0713105,3.3818939,-0.31994104,-0.33680427
RARRES2,-0.7910309,-0.5015372,0.9188632,0.17481756,0.26513708,0.6857513,2.9721107,-0.6900265,-0.44083226
RARRES1,0.026580334,-1.6387324,-0.026580334,-3.2810457,-2.9204648,-1.4815688,-0.1354127,-1.5175242,-2.297995
HOOK3,-0.9859476,-0.23758888,-0.96378994,-0.624053,-0.39042425,-1.3647704,-0.40408897,-0.55095863,-0.97509384
GNAO1,0.00683701,0.17058909,-1.1611785,0.40045345,0.37043858,1.0026773,3.1947904,-0.56878304,-0.55263436
HOOK2,0.45732784,1.215601,0.23773098,0.7285757,0.908267,0.568532,-1.0578694,0.95560074,-0.2838354
HOOK1,1.111357,1.6325662,-0.4542837,0.074557304,1.5420225,1.8553371,2.9314528,-0.047876954,0.1722207
ALPP,1.0741017,0.8872793,-0.57957983,1.1525459,1.3695936,0.9020889,2.1940193,-0.06845999,-1.0602486
GNB2,0.147295,0.29343987,-0.3071499,-0.06882095,-0.05783081,-0.48552132,-1.618927,0.13469696,-0.4104557
GNB4,-0.02571249,0.086483,0.19788837,0.019721985,0.1872158,-1.2714372,-0.82023716,0.4009552,-0.61661243
NABP1,-0.088373184,-0.2308197,-0.18196869,0.27157593,0.044470787,0.3718052,-0.24869251,-0.32264137,0.75382996
ALPL,0.025830507,0.057501078,0.28958535,0.12012386,0.022985935,0.6608598,1.0280998,-1.273448,-0.10552502
TCF4,-0.49695015,-0.613626,0.27563763,-0.248981,-0.10753775,0.012868881,-0.98931885,-0.13075209,-0.9202852
DEGS1,0.14180183,0.3323555,0.18660736,-0.045454025,0.29402828,-0.200346,-0.9962158,0.24062157,-0.0912056
AMOTL1,-0.53430426,-0.17526543,-1.111955,0.49086726,0.56253886,0.9503865,3.1108868,-0.3973229,-0.4262476
ALPG,0.7439041,0.9926634,0.010134697,0.28821945,0.9617758,1.0912323,1.4680452,0.5662508,1.1046009
PTMAP11,-0.44477558,-0.65050125,-0.78710747,-0.4258299,0.051054955,-0.6592226,-0.43620586,-0.6595354,-0.10533619
SLC35E2B,-0.009197235,0.17173862,-0.12717152,0.13297653,0.08167839,0.048789978,-1.3779125,0.12541103,-0.11991882
GALK2,0.087509155,-0.030766487,0.3569498,0.06267929,-0.18950844,0.29325294,0.43388557,0.036492348,0.18832397
MRPL42P1,-0.44056058,-0.20220411,-0.8826064,0.5132934,0.5564735,1.3118825,3.2902951,0.06661391,-0.40622783
PINX1,0.12444401,0.05984783,0.39038467,0.5978657,0.48392498,0.97782564,3.3100507,0.006197929,-0.023818016
HP1BP3,-0.45229053,0.07274723,-0.5138645,0.09188366,0.3721466,-0.15076351,-0.30029678,-0.038187027,0.061234474
TCHH,2.2039247,1.9918046,3.7571993,0.06982851,1.3679733,2.285922,3.104972,2.378398,1.495256
TENT4A,2.0080147,2.1995983,2.4345465,2.4584007,2.7981234,2.0049305,1.8996391,2.411211,2.5169487
RND2,0.9078846,0.70360947,1.2836597,-0.08315587,-0.96609116,-0.047868013,2.683698,-0.958313,-0.34908485
TENT4B,0.12679148,0.4105029,0.11660719,0.5597129,0.4438262,-0.42137194,-1.6424599,0.47160673,0.06600237
RND3,-0.000633,-1.6087937,2.3377433,-1.2541353,0.000633,0.7064979,2.0134282,-0.25102353,0.38160467
CABIN1,-0.15235853,-0.00948,-0.17634678,0.46972418,-0.7811303,-0.3467722,-0.44335175,-0.003985405,0.14063501
ADGRE1,-0.45119047,-1.3269129,0.5952959,-1.6853962,-1.2090535,-0.02357626,0.78569317,-1.4642448,-1.1281061
ADGRE2,-0.6720371,-2.443256,-0.3996563,-3.3701286,-2.3042336,-1.8468628,-1.3233261,-1.9513779,-2.0809917
ADGRE5,0.7133541,0.60544205,1.7219028,0.5862198,0.42037296,1.3438587,1.4296207,0.9896326,0.7365742
MYO18B,-1.4820323,0.6054578,0.4642191,-0.27499342,-0.43248343,0.46600127,2.3194168,-0.17128873,-1.3773448
MYO18A,0.6594906,0.5567274,0.8777857,0.14917374,0.036852837,1.0326538,-0.07251549,0.5121231,0.06888962
CARMN,-0.52553356,0.07679498,-1.0340048,0.6634729,0.5148257,0.9740709,3.2611375,-0.41829634,-0.42545557
OR51G1,0.0978806,0.80936766,-0.5149448,-0.52330923,-0.123833895,-0.49898863,1.6172788,-1.6410059,-0.64176583
PDPK1,0.16536236,0.5151634,0.33128834,-0.011785507,0.52740765,0.06745911,-0.8821125,0.49235725,0.3249569
IRAK3,-0.26505852,-0.6871104,0.286067,-0.6205478,-0.6448293,0.5998192,0.32658195,-0.08178234,-0.047214508
IRAK4,0.14328718,0.6003771,0.659276,0.6323929,0.72800255,-0.18586159,-0.2250719,0.56410027,0.20904398
QRSL1,0.71194553,0.93973064,0.84310436,0.8818369,0.96631813,0.7680273,0.026099205,1.130332,0.6173754
TENT5D,-0.4714321,-0.1842283,-0.969128,0.6760063,0.56885123,1.0258234,3.3207252,-0.37245607,-0.3743018
TAPBP,1.4738445,1.3181362,1.6686792,1.6071949,1.6076584,1.5743246,1.1691165,1.5202312,1.1232119
TTI1,0.13009405,0.55815554,-0.26186514,0.05624771,0.09885359,-0.27167416,-0.5808158,0.4407096,-0.5279064
ADGRF1,-0.4123397,-0.17034674,-0.8729589,0.67746437,0.5702543,1.089468,3.359463,-0.36773396,-0.22765857
ADGRF4,0.77666044,0.076263666,0.64192295,-0.5246327,-0.6227286,-0.21931458,2.043788,-0.3587005,-1.6059167
CRY2,0.78902817,1.4358721,0.67849016,1.1941605,0.8388462,0.5388689,0.98472595,1.0164738,0.0804162
CHI3L2,4.269228,1.4134998,3.5606146,0.7852974,-0.033646107,2.988285,3.194522,1.8444643,1.7521243
CHI3L1,3.4954128,1.8187323,3.7904348,1.1684494,1.6175976,3.3866081,2.9122791,1.9320383,2.2672367
RAD51-AS1,0.46919012,0.59455395,0.49816132,0.9703188,1.5783043,-0.818007,-0.6736078,0.25480127,0.61416054
NAT8L,-2.585041,-3.3751242,-2.943807,-2.566773,-2.6232083,-2.169469,0.17030191,-3.5838265,-1.4023876
OTUB1,0.6576185,0.8358145,-0.011226654,0.41466045,0.5829649,0.55129147,0.0585289,0.79356384,0.20254993
CLRN1,-0.33110553,-0.005349159,-0.84387517,0.85383105,0.74153113,1.1945379,3.4595861,-0.19456601,-0.20563811
DNAH3,4.26647,4.3184285,3.2613902,5.079309,3.203249,3.887504,3.650436,3.8422031,4.8636785
DNAH1,-0.48487616,-0.28116274,-0.524549,-0.13072062,-0.3506117,-0.39060497,-0.61407804,-0.19220114,-0.8867712
NAXE,0.32312965,0.10531235,-0.12790012,-0.26228142,0.10476589,0.5378628,0.050792694,0.046539307,0.20851517
DNAH5,-0.32362503,-0.038870573,-0.90063727,0.74173236,0.7218206,1.1497912,3.3887722,-0.21352088,-0.17747116
DNAH6,-0.34844404,-0.041513562,-0.8360772,0.7712858,0.7171711,1.1722814,3.475062,-0.21806633,0.9876789
RNF8,1.282671,1.8634377,1.1819572,1.6179962,1.4103203,0.9066429,-0.048493385,1.9316025,1.5223236
ASAP3,2.3960547,2.3933191,2.1586447,2.2079449,2.2032957,2.3213773,1.6074853,2.3427224,2.7450428
PKD1L1,-0.73687804,-0.43774068,0.27662218,0.474612,0.30906737,0.7645844,3.057209,-0.6169907,-0.63433063
RNF6,0.3345809,0.42629957,0.13138723,0.8218026,1.1759825,0.11195803,1.1835222,0.5506587,-0.3370862
ASB11,-0.38863003,0.1397295,-0.9573058,0.707919,0.6189742,1.0920707,3.399084,-0.29740512,-0.28109866
RNF7,0.24799442,0.36206532,0.21004677,0.40851116,0.26545334,0.39857388,1.0824594,0.5065155,0.4753332
PKD1L3,-1.3897753,-1.0706522,-0.3823197,-0.36219656,-0.3125794,0.10457897,2.3700151,-1.2581941,0.053956747
FTHL17,1.3690186,1.1368198,1.0253544,1.218441,1.4669476,0.34574127,1.4474277,0.080244064,0.42046356
CRYZ,-0.1673851,0.89376926,1.21943,1.1700745,0.75751495,0.7441921,0.4488697,1.1429758,0.8801651
FAM156A,-0.7285404,-1.5773144,-0.56735516,-1.8142319,-1.613739,-1.108532,-0.84500694,-1.2464123,-1.1892166
GNG2,-1.5858436,-0.984416,-1.2427664,-2.6926289,-3.3488445,-1.314168,1.0019846,-1.1852627,-1.5669689
GNG5,0.8897438,1.3119602,0.40141106,1.425745,1.3494167,1.1954346,2.1531315,-0.005975723,0.92020226
ASB10,0.008766651,0.493814,-0.5684819,0.10136223,0.5236397,-0.66566896,-0.34419107,-0.13159895,0.21309519
GNG7,-0.9216709,-1.1305304,-1.0914183,-1.0598922,-1.1842408,-1.3000355,0.8584986,-1.5382767,-0.99174786
TRA2B,0.34487343,0.162776,0.15476799,0.4889145,0.7528572,0.5017624,1.3439598,0.16652393,1.0026436
CTAG1B,-0.9334499,-0.6109184,-1.3196931,1.0846198,0.080123186,0.6584554,2.8908823,-0.28828442,-0.78776085
EYA3,0.83243275,0.26365185,-0.0752306,0.12947893,0.6004505,0.39786625,0.6967406,0.57936525,0.29669905
MUC5B,0.09918356,-0.46143413,0.15706086,0.06788349,0.2402116,1.5882013,3.058298,0.52571654,-0.5400914
RSPH3,1.0153732,0.990078,1.7690516,0.33704567,1.0138226,-0.3815899,-0.3643093,1.4249868,0.6236
MYO15A,1.6749592,1.3588767,1.2238202,1.6515594,1.1089802,1.7093749,1.3287334,1.2589707,1.712306
ACTG1P10,-0.98903656,-0.9639206,-1.464097,-0.051944733,-0.45423317,-0.51885414,-0.9146118,-0.97193146,-0.013694763
NAXD,0.36680412,0.52345085,0.57992554,0.088638306,0.18346596,0.7023945,-0.006576538,0.8278742,-0.003313065
OTUD1,-0.3591094,0.041750908,0.022351265,0.403018,0.5121784,-0.005387306,-0.21784782,0.13790226,-0.31919765
OTUD3,0.47791195,-0.31483555,-0.21262264,0.0120821,0.9802165,-2.2066102,0.010389328,-0.49122763,0.038378716
GPATCH2,0.053605556,0.26457787,0.47690392,0.9941969,0.8113365,0.56391096,0.059342384,0.47646523,0.81531286
XYLT2,1.3338394,1.5210896,1.0058165,1.2728844,2.0268574,1.5743904,0.96414757,1.1210098,1.3120708
XYLT1,-1.2021999,-0.31976604,-1.2366652,-0.54979944,-0.33111715,-0.99647284,-2.3516164,-0.44466496,-0.7668209
GPATCH1,-0.05295801,-0.26225185,0.57083416,0.3546505,0.4569807,0.43470716,1.9340773,0.10029554,0.57224846
PHAX,0.049682617,0.2799368,-0.27363205,0.19822884,0.19261932,0.12724113,0.8733158,0.35832787,0.9432812
ADARB1,0.48557806,1.4646959,1.1035442,2.0842948,3.4733796,1.7143455,1.2190452,1.9305263,1.0467911
GPATCH8,0.103811264,0.36486053,0.46716213,0.6107044,0.31004715,0.45303726,-0.20781612,0.52198696,0.5957947
MIR22HG,0.51189613,1.8635416,1.6044636,1.1013851,1.0999365,0.8278198,1.6248283,2.181326,0.92123795
CMKLR1,0.9957247,-0.78648186,1.5886021,-0.8936262,0.08246517,1.4667387,1.2370768,0.28659725,0.69926167
ALDOAP2,-0.11501694,-0.34883022,-0.47031403,-0.84973717,-0.7525425,-0.7957878,-0.89266396,0.001246452,-1.2731972
FNDC3B,0.094018936,0.7065096,0.3464942,1.0474515,1.3407431,0.10636854,-0.9783201,0.63369465,0.58967733
ATG14,-0.2519188,0.33162498,0.42722654,-0.6475644,0.019414902,-1.1166315,-0.9761114,0.5171032,-0.6439414
GABRG2,-0.3922544,-0.141464,-0.7715882,0.4524219,0.56354856,1.1545078,3.4606404,-0.3444376,-0.23077738
ATG12,-0.07466793,-0.16348648,0.54881,-0.009984016,0.22198296,-0.43028164,1.3661432,0.100883484,-0.018321037
GABRG1,-0.49855423,0.67066145,-1.0503372,2.7196736,0.57252693,0.99407935,3.1466398,0.67812824,-0.35477662
OTULINL,-2.293024,-2.1762114,-1.8585386,-1.949501,-2.0657701,-2.816166,-3.543065,-1.9440031,-2.3774757
ASTN1,0.7732558,-0.98405457,0.2663746,-0.3270657,-0.4220159,0.14520264,2.2456813,-0.10903239,-0.76137185
RHNO1,1.1446877,1.73668,0.6873722,1.9007416,1.3169928,0.75131226,-0.66985655,1.6841764,1.0672264
ZNF397,0.5800166,0.7914181,0.8378258,0.12000561,0.6110287,0.88834,0.31683064,0.6858034,1.0612359
ZNF395,-0.2590747,0.0731101,-0.8189707,-0.42356825,-0.38668346,-0.7473335,1.1941266,-1.0150256,-0.65866375
PRKRIP1,0.5572262,0.5159054,0.8499584,0.6592045,0.9240818,0.54844284,0.8493252,0.7230911,0.7514229
NTHL1,-1.0142374,-1.7085943,-1.2017794,-2.5523896,-2.4986243,-1.7688751,-0.30333662,-1.9534898,-1.6881399
TTPA,-0.38023806,-0.1402049,0.5003499,1.5459751,0.60201085,1.0390648,3.1892447,1.2771891,-0.340909
ALX4,0.6165614,0.053126097,0.2821374,-1.0421515,-0.585098,0.29843378,1.3783107,1.5201912,-0.61955595
ALX1,1.126333,-1.273073,-0.43633676,-0.25155377,0.38571644,-0.18223023,1.9294856,0.10910249,0.2220254
NHEJ1,1.0100808,1.2053523,0.38782072,0.5974908,0.98636246,0.5569706,-0.31758308,1.2419271,0.54516125
NAA50,-0.9632082,-0.97194767,-1.0915608,-1.331008,-1.0800028,-0.8464408,-2.1742244,-0.89477205,-0.96975756
PRELID1,-0.08619976,-0.52712345,-0.36172962,-0.8623705,-0.69356537,-0.056012154,-0.087210655,-0.6236305,-0.486598
STARD13,-2.4313664,-3.026631,-0.62462234,-3.1677122,-3.2842212,-2.3180804,1.9331131,-2.2404752,-2.4616902
ICMT,0.51416206,0.7383642,0.6670151,0.26618195,0.13863945,0.09234238,-1.9451799,0.8121805,0.071928024
ZNF383,-0.2726698,-0.5275774,-0.29097366,-0.80858994,-0.014839172,0.03497696,-1.052434,-0.67958546,-0.24020529
SNAPIN,0.042840958,-0.09859562,0.101986885,-0.46336555,-0.03916073,-0.39126968,0.34710503,-0.101706505,-0.112127304
NFATC3,-0.5445633,0.31145477,-0.78280497,-0.4333768,-0.80265045,-1.4043832,-3.242641,0.4879198,-0.7140999
NFATC2,0.084237814,0.4898417,-0.46814632,1.3624582,0.54567933,-0.94337916,1.4001307,-0.011271477,-0.5915768
PHC3,0.5469065,1.0237846,1.3865061,1.145359,1.3644829,0.79151154,1.621788,1.2416143,0.797699
HNRNPM,-0.28416824,-0.04069805,-0.707922,0.13925171,0.39989376,-0.3567295,0.2909317,0.14399147,0.04761696
GNPTG,-0.4539852,-0.8210354,-0.671484,-1.1969662,-1.0364323,-0.41691017,-0.32787132,-0.609128,-0.82925415
EHD4,0.19649649,-0.67832184,-0.85353184,0.43521404,0.42296314,-0.37835026,-1.5493922,0.55802584,-0.6270304
TCN2,0.65255547,0.2974882,1.266861,0.63876724,-0.38177776,0.6253185,-0.4884014,0.6825161,0.42894554
HNRNPF,-0.22246933,-0.3181448,0.55097866,-0.12951851,0.03886032,-0.62090683,0.12811089,0.079297066,-0.002557755
HNRNPD,-0.31582832,-0.15029716,-0.22130966,-0.000181,0.19246101,-0.19971657,-0.12664032,-0.038466454,0.16077042
FNDC10,-0.3856306,-1.258606,-0.8003597,-1.7159534,-2.2954679,-0.52983,-1.5617933,-1.5235152,-1.2439251
ATG2A,1.0711584,1.1551228,0.9495096,0.81995296,0.5467043,1.4621134,0.4702444,1.2687244,0.52423954
HNRNPC,0.017054558,-0.021636963,-0.1304264,0.24295521,-0.2819395,0.66774464,0.100403786,-0.2999649,0.6686754
FARSA,0.084620476,-0.31916332,-0.81582546,-0.84323215,-0.8868332,0.036711693,-1.0105944,-0.046474457,-0.44276142
PAM,-0.5061455,0.015537262,0.08929825,0.8768797,-0.3530054,-0.2830801,-1.4778013,0.14049721,0.27421665
ITPA,0.23107147,0.3950796,-0.1243515,0.4142151,0.23116016,0.38562775,0.059942245,0.17648697,0.39693642
ATG2B,-0.31598997,-0.040688515,0.3443098,0.023479462,0.3549838,-0.7551565,-0.122675896,0.0737896,-0.21037436
LINC01753,0.11492729,-0.8431902,0.29118824,-1.9691799,-0.13162589,0.023216724,2.0131106,-0.50064564,-0.932461
PHF3,-0.14266396,0.24338531,0.59369946,0.46134186,0.22357273,0.13789368,0.31476212,0.4759531,0.55758095
SERPINA11,-0.3638662,-0.1083864,-0.9988185,0.5418147,2.9936786,1.074154,3.350101,-0.31765795,-0.33387536
SERPINA12,-0.34250927,0.73604274,-1.0452639,-0.32361805,0.2788298,1.3794487,2.4697564,-1.0188049,-0.2953838
PHF2,-0.037801743,-0.1877613,-0.5760975,0.433383,0.40238857,0.9487314,0.42979145,0.7537966,0.083358765
GABRB1,-0.80000275,-0.5739156,-1.3414115,0.2678826,0.16679442,0.6726725,3.016664,0.39216185,-0.7445976
SERPINA10,0.7347394,-0.47401774,-0.65915084,0.26289368,1.8392547,1.1824378,3.1004071,-0.67808425,0.17625332
ID2B,1.6628599,2.3606997,0.9629011,2.5730085,2.338563,1.8276453,1.5838461,2.157322,2.7977571
PYGL,-1.9753971,-2.4177618,-1.8042107,-3.083929,-2.9698439,-2.1484146,-2.3619232,-2.1997614,-2.352518
CSAD,-0.30373383,-0.48426962,-0.3243327,-0.37234974,-0.26147556,-0.7800784,-2.3884516,-0.6092372,-0.87957716
PHEX,-0.03017509,-0.15512776,0.14180064,0.3945526,0.3592862,0.8080075,3.1251147,-0.6051244,-0.5820024
PHF8,0.35805416,0.37410355,0.4359808,0.8871503,1.1674061,1.324408,0.9085045,1.1202788,0.9214697
ZNF280D,-1.1049109,-0.86108685,-0.6227007,-0.4409008,-0.8836918,-1.0126839,-1.1812835,-0.4165659,-0.2975793
C1QTNF2,-0.33061266,0.25284767,-0.23811483,0.005632877,0.096862316,-0.23857164,0.7272115,-0.73648405,0.61249876
AIFM1,-0.9322405,-1.0399866,-1.2305756,-1.2647371,-1.2496977,-0.7008562,-1.0610266,-1.0133829,-0.5550394
AIFM2,2.6333237,2.5519028,2.7540379,1.6934414,2.6089697,2.9643269,2.871521,2.7358608,2.6995335
PEA15,1.0320272,1.7561798,1.1535835,1.403655,1.5129442,1.2863598,-0.8337841,1.6685247,1.0988979
TCTN1,-1.1461656,-1.9671791,-0.7623024,-0.5897372,-0.27665496,-1.0835135,0.5142002,-0.8451772,-1.2279055
KRTAP1-5,-0.6285708,0.5889298,0.06169367,0.2210213,0.3815788,0.8936007,3.1504076,-0.054873824,-0.33153975
JARID2,-0.026433945,0.18153286,-0.15535545,0.1743679,0.1799078,0.43940353,1.1234684,0.2531271,0.32037544
KRTAP1-3,0.06922722,-0.1411314,-0.8802166,-0.25731277,-0.16843319,1.0469131,1.9929733,-0.7500143,1.1642666
KRTAP1-1,-0.07718897,0.16604638,-0.55301,-1.0512332,0.04433894,0.32828832,1.6303945,0.000672,-0.108300686
ZNF362,0.083664894,-0.19152737,-0.54500866,-0.5217972,-0.3146906,0.12666416,1.209569,-0.8480563,0.15199375
ELMOD2,0.87767935,0.81930494,1.1091537,0.53328323,0.7948489,1.1564617,1.2789631,0.8507366,0.8098359
GNL2,-0.1835823,-0.33893776,0.16534138,0.14501381,-0.3641777,-0.06783104,-0.7991791,-0.23975945,0.166996
KAT2B,-0.14507866,-0.41845322,0.6002464,-0.14002419,-0.6839409,-0.40892792,0.13927746,0.006694794,0.35404778
ZEB2,-1.1636572,-1.0232687,-0.4624014,-0.75991344,-0.43545818,-1.0299215,-0.35355186,-0.58725643,-0.78120136
ASCL3,0.088326335,-0.035277843,-1.067829,0.43737757,0.478634,1.2353526,3.2626429,-0.30990016,-0.2763909
ZNF350,1.0025024,0.7532368,1.7825117,0.9409828,0.83461285,1.2766609,1.6084461,1.118125,1.5815334
NR1I2,-0.46829897,-0.20133764,-1.0402143,0.66830146,0.54788256,1.0123668,3.2990522,-0.36746943,-0.3654381
ASCL2,1.4695983,1.3525829,1.4357152,-0.38224888,0.9693303,-0.027833462,1.1410518,1.067977,0.9692459
NSD3,0.034867287,-0.17207432,-0.048221588,0.35348988,-0.16930294,-0.008093834,0.5629492,-0.33013487,0.3464427
PDF,0.24022675,0.70057774,0.24646282,0.43591118,0.050373077,0.6554928,-0.0941658,0.63733006,0.13794518
EPCAM,0.11415017,-0.44080186,-1.3203541,0.4350102,0.31270063,0.74825,3.0233266,-0.6107507,-0.6212417
ALOX5,-2.4030056,-2.7776585,-1.005106,-2.8111858,-3.0092278,-1.7563362,-1.1322651,-2.016405,-1.7259941
NSD1,0.36977673,0.48278236,0.2994871,0.78135395,0.79174566,-0.5451908,0.24886608,0.74904346,0.00582552
NSD2,0.054027557,0.35607624,-0.032857895,0.9625101,0.036848545,0.33312798,1.4614396,0.36678314,0.41171837
ZNF346,1.3471994,0.70250463,1.1354861,-0.15327787,0.35575628,-0.67346,-0.001898289,0.20025873,-0.5815072
ZNF343,0.2644577,0.2814989,-0.13048744,-0.11817479,0.063222885,-0.06474066,0.64044714,-0.4676566,-0.2817855
GABRA1,0.47455955,0.5166364,-0.5069208,-0.6787026,0.46694112,-0.088713646,3.4181552,-1.4801846,-0.50739646
GABRA3,0.4952407,0.20329285,-0.54174185,-0.86705446,0.5247259,0.47455883,1.7437868,-0.4473691,0.09211731
TUBB4B,0.84233856,1.265502,-0.153018,0.33530998,0.9577055,0.4355278,-0.8983202,0.9401827,0.19212723
DHRS1,-0.94611263,-0.70622444,0.000199,-0.41500187,-1.1805019,-0.12839603,-0.90933704,-0.43132496,-0.56553745
DEF8,-1.4607334,-1.7049685,-1.761961,-1.5760708,-1.5783443,-1.4488621,0.000695,-2.1589642,-1.5014954
DHRS2,-0.01180172,-0.20668483,0.6370468,-0.3957914,7.475503,0.13232136,2.4060779,-1.2991701,0.64173746
DHRS3,-0.7552471,-2.243801,0.65380955,-2.5579948,-2.390316,-0.52194405,0.025154114,-1.5991192,-1.3295784
GNMT,-0.405725,2.0369987,-0.54142,-0.000425,-1.3957131,-0.34663153,-0.608243,-1.5523582,-1.174665
CLCF1,2.610828,3.0873723,2.642898,2.9935699,2.9347367,3.0469108,2.578834,3.3379102,2.2423701
RPSAP29,-0.5293722,-0.48565102,-1.5019255,-0.29436588,-0.81109047,-1.15067,-0.9976225,-0.8364048,-0.74141216
C18orf32,0.39762878,-0.008026123,0.812932,0.71061516,0.4452877,-0.10749626,1.5136156,0.5065279,0.952301
CEP41,0.4380579,-0.05206442,0.17880106,-0.45996857,-0.30942678,-0.05112934,0.36557817,-0.059203625,-0.958519
ZNF334,2.6779733,0.6424582,2.9103956,2.506711,0.56364465,2.2846212,3.1587472,0.93825245,2.158029
CEP44,-0.07042551,0.005830288,0.63999176,0.16300869,0.23723078,0.110765934,0.35354996,0.36821938,0.23050594
PF4,-0.89974594,-1.3384576,-1.2301555,-2.1565878,-2.411148,-1.2874031,0.050662994,-2.0169604,-2.0083961
VKORC1L1,0.23674202,0.052034378,0.4347992,0.006868362,-0.06555748,0.31539536,0.029697418,0.15067387,0.26433182
TXNDC11-AS1,0.7409816,0.40615034,0.3304286,-0.14567757,0.0903635,0.6516504,0.58625174,-0.52804327,3.0482888
CSF3,-0.1931051,0.61208034,2.1146355,1.2194018,0.58313966,4.758105,3.3533998,2.1543531,1.8249688
CSF2,-0.45832354,-0.1749748,-0.6847985,0.47693825,0.7844305,1.0546875,3.3050544,0.22235882,-0.07504177
CEP19,2.5653868,2.8483982,1.7608614,2.6684675,2.9170303,2.5551786,1.9030886,2.9452353,2.7389078
CTAGE7P,0.4000826,0.53553677,0.7392101,0.53057957,0.2064867,0.7711897,0.41687107,0.62085056,0.8250208
PARP11-AS1,0.6614733,0.350991,0.729208,-0.26635218,-0.16218781,0.39098692,1.5364718,-0.26926923,-0.17555952
TMEM131L,1.2710519,1.9981241,0.63143396,2.4497886,1.8298674,0.11101866,-1.356535,1.9787445,1.3302093
TM7SF2,-0.011417866,0.41419554,0.062267303,-0.04999447,0.027082443,-0.46054792,-1.7147846,0.460423,-0.38315535
CYSLTR2,-0.1747241,1.4700527,1.5524397,2.5672235,1.5695863,1.2523901,2.083973,1.9716568,2.3228002
LAMP1,-0.4864893,-0.0447464,0.3056488,-0.7388582,-0.48196697,-0.22379208,0.84014416,0.4213829,-0.56571484
FCGRT,-2.4732542,-3.3430939,-2.291668,-3.8019094,-3.631586,-1.8504801,-2.200183,-3.2338934,-3.1142893
PDCL3P4,-0.5300026,-0.6902838,-0.9841299,0.35006332,-0.3639164,-0.75738144,-1.3196363,-0.72142315,0.28251457
SLCO2B1,-4.830227,-5.8897114,-4.7506065,-5.341364,-5.82848,-3.9896183,-4.556198,-5.7436557,-3.9311047
PAPOLG,-0.078407764,-0.38102818,-0.61716604,-0.23601437,-0.13567352,-0.08776951,-0.8998709,-0.5276332,0.09201765
MPC2,0.22862053,0.35483932,0.20156956,0.5186672,0.24688625,0.40517044,1.1647148,0.25328827,1.0800381
ZNF329,0.23621511,0.3421116,0.7293949,0.5408268,-0.017120361,0.44340134,0.81978226,0.48733997,0.5723481
LAMP2,-2.2385392,-1.5256224,-2.1642656,-1.1215057,-2.0002646,-1.0594063,-1.7998352,-1.0621147,-0.9309311
PAPOLA,-0.24453545,-0.08496189,-0.12707901,-0.4218979,-0.25346375,0.41000175,-0.4483776,0.021636963,0.005910873
SERF1A,1.5899467,2.533844,1.2708168,2.4858017,2.121315,2.3996487,3.7379599,2.4884653,2.4044476
FRMD4A,-3.0593858,-3.5461504,-2.9372416,-3.7970123,-3.3636541,-1.9420085,-1.1741352,-4.109788,-3.5439491
FRMD4B,-1.382575,-2.2772079,-1.794199,-1.9384146,-2.5606012,-2.9022121,-1.6128297,-2.785306,-2.1962628
PGD,1.5607338,2.0377083,1.3922882,0.9895153,1.6875696,0.83641243,-0.04701996,2.1045609,0.73724174
PGC,0.8673096,0.6989033,0.8413496,1.1355934,1.8736959,0.9295211,1.5486665,-0.48116326,0.32497287
MIR100HG,-0.4904375,-0.20562518,-1.0164052,2.203302,0.53921187,1.0023547,3.3074932,-0.39135796,-0.39450234
GOLGA8N,0.14557362,0.2774706,-0.28617573,1.1491079,0.9783163,-0.37773228,-0.6536045,0.47521687,0.20236874
GOLGA8G,0.12570763,0.12530518,0.17954731,1.2652664,0.92645454,-0.017345905,0.99985504,0.33477402,1.3223686
KAT6B,0.2942958,0.3348136,-0.2046628,0.68306494,-0.40094614,1.1025963,0.04352951,0.40323925,0.441072
OR2L13,-0.3895613,-0.16909468,-1.0659791,0.59947705,0.5860684,1.0315056,3.3551073,-0.3773545,-0.36162418
PHIP,-0.15227032,0.9354906,1.0691247,1.378511,1.1892233,0.108314514,0.18131208,1.1522584,-0.17964792
SREK1,-1.0532675,-0.68709946,-1.1814737,-0.16880798,-0.09383774,-0.78680086,-1.8459911,-0.6197233,-0.53232
CBFB,0.3936367,0.43378258,0.3622675,0.31917477,0.8428173,0.11413717,0.44813442,0.6015196,0.3091855
CCDC25,0.510767,0.016776085,0.4072733,0.20815277,0.27635288,1.0132828,0.56291676,0.37987232,0.78860855
CCDC26,-0.00307703,-0.8209045,-1.6919986,0.6376915,-0.076871395,0.36360812,2.562872,-1.0267985,-1.0228031
DVL1,0.17067337,0.65470743,-0.16077471,-0.18392658,-0.13118362,-0.014796734,-2.4247456,0.5077305,-0.36456776
DVL3,0.21375656,0.6496954,0.19816875,0.39282608,0.25495052,-0.05422592,-0.34397316,0.53528404,-0.014568329
CCDC32,0.07340145,0.069309235,0.31328583,0.00490284,0.5890713,0.03600788,-0.5246215,0.19126225,0.083296776
ZNF302,-0.36094284,-0.15151215,0.49961567,-0.5081253,0.09293556,0.19747257,0.44140816,0.14791584,-0.00770092
TRAPPC1,-0.5161238,-0.5657425,-0.5826397,-0.4026556,-0.39908886,-0.7375269,-0.9911728,-0.19143105,-0.7574892
CCDC13,-0.7541244,-0.12833023,-1.2423341,-2.5221152,-1.5062203,-1.3204031,0.2040782,-0.7021353,-2.3252635
TMEM132B,-0.22044677,0.01733756,-0.9760189,0.71697927,0.7566105,1.2086136,3.5240278,-0.1881218,-0.20583558
CCDC15,-0.33192492,-1.0316606,-0.63445854,-0.79814816,0.12609625,-0.9569049,0.6640949,-0.762043,-2.601128
ADCY10,-0.536921,-0.48815644,0.62915814,0.13166559,0.23913288,0.76079285,3.683023,-0.69355094,-0.41529906
CTC-338M12.4,0.30609798,0.48913002,0.8138313,0.9312782,0.50995827,1.4598999,0.49968147,0.14827633,0.9849434
CNIH1,0.3600788,0.17657375,0.8358383,0.019449234,0.004278183,0.8544426,1.1097279,0.68564224,0.7006016
GOLGA6B,0.60372686,0.58090734,0.691216,1.0103645,0.9952936,-0.057311058,0.9613204,0.044273376,0.3658929
REEP3,0.56216717,0.14859867,0.77207375,0.75262356,0.87925434,0.3968687,0.91455936,0.32954597,0.8161993
CCDC22,-0.24611568,-0.26211452,-0.413167,-0.60039043,-0.8832245,0.03161335,-0.76932716,0.3627777,-1.0280313
RSL24D1,-0.013334274,0.19913864,-0.1475792,0.413414,0.4106226,0.013378143,0.6726494,0.3385582,0.31019974
DIDO1,0.08867264,0.6068516,0.002953529,0.7763796,0.72324944,0.46828175,-0.17934418,0.6371031,0.554965
CCDC47,-0.18510246,-0.044893265,-0.090919495,-0.0951767,-0.31063175,-0.38124084,-0.041971207,-0.09231472,0.18769455
AMD1,0.33215714,0.06598282,0.74424076,-0.113264084,-0.22872257,0.62589073,1.1102333,0.29525757,0.34650803
TCIRG1,-0.22803497,-0.72704506,-0.074139595,-1.2206421,-0.70856094,0.4086342,0.006484985,-0.58412075,-1.0245438
PSTPIP1,-0.48845863,-0.9049816,-0.61905,-1.255291,-1.2313395,0.121105194,-0.036953926,-0.98006916,-0.94176674
ADAMTS1,1.3343906,-0.17680323,-0.22577274,0.42832553,1.2139915,0.9071325,3.2256417,0.41713595,-0.51167595
PSTPIP2,1.3662796,0.2177782,2.748454,0.10050249,0.10873699,1.6088543,1.5106411,0.8944473,1.1445961
EMILIN2,-0.36484337,-0.25482082,-1.0716105,-0.63573074,-0.5429325,-0.475111,-1.039526,-0.56756306,-0.27287483
CCDC54,-0.22145665,0.57582855,0.24512458,0.49198842,0.49695277,0.95426726,3.1643364,0.36503625,0.6294906
ADAMTS9,-0.38776106,-0.09882867,-0.9267483,0.6178405,0.6510428,1.092421,3.4007862,0.33550417,-0.15791392
LINC00456,-0.490202,-0.28660977,-0.38533306,0.48165762,0.45374155,0.9973028,3.753291,-0.47771037,-0.43517387
ADAMTS7,0.016683578,-0.16560936,-0.86478615,0.16588211,0.5522804,0.044086456,2.4794064,-0.29621696,0.7161808
CCDC38,0.8049431,-0.1480062,-0.8585272,0.4808514,0.6062807,0.9811413,4.32244,-0.35187256,-0.44109297
CDADC1,0.012739182,-0.044820786,-0.0011096,-0.6014261,-0.406744,-0.22671127,0.3769102,-0.69997835,0.51408625
HMGCS1,1.1758804,2.1246076,0.91579485,2.0746627,2.735785,0.35459232,1.2294116,1.2688794,1.6210876
TRPC4,-0.52235985,-0.30217862,-1.1188927,0.52734685,0.4342357,0.9228637,3.2685666,-0.51349366,-0.48807526
PCDHGB8P,-0.4568522,-0.25295717,-0.9677025,0.49918246,0.48901367,1.0337293,3.3209321,0.7107711,-0.39034694
HAUS1,-0.08175659,-0.06920719,0.16281128,0.24536896,0.17588615,-0.23129845,0.9268904,-0.4228649,0.065439224
PECAM1,-1.0841122,-1.8948803,-1.0664129,-1.567975,-1.9978895,-1.4947948,-1.4993334,-1.4671531,-1.6191263
POLR1F,0.0808115,-0.110152245,0.004525185,0.5010195,-0.026405334,-0.112267494,0.4534254,-0.166255,0.6228895
CCDC43,-0.26352406,-0.34403706,0.017754078,-0.09666014,-0.67171335,0.34378386,1.0793147,-0.13333416,-0.045043945
POLR1G,-1.4667449,-1.6721525,-2.272111,-1.8659744,-1.8719263,-0.7709012,-0.974617,-2.2383704,-1.3167758
LINC00482,0.922802,0.70801497,0.8604126,0.50349474,0.9838309,1.1166353,1.9867458,0.44998837,0.4604559
RPEL1,0.119068146,0.06754398,0.47839737,-0.3227911,0.11631775,0.07463837,0.79534435,0.18860054,0.36229706
NUFIP2,-0.9489775,-0.906765,-0.41183853,-0.68529415,-0.68110466,-0.66943264,-0.729579,-0.73154354,-0.6918707
TSSC2,-0.49234772,-1.1874304,-1.0639238,-2.0558243,-2.2606955,-1.2112451,-2.2159195,-1.1098938,-1.5262089
CCDC69,0.7880049,0.6451683,0.6301565,-0.14251375,0.71894264,0.26176453,-2.405447,0.9375944,0.021520615
NLRC3,0.28037405,0.24916649,-0.14385176,-0.316329,0.36460447,1.1045003,0.94386053,0.26100636,0.60817003
CXorf58,0.8257495,-0.0874244,1.1063062,0.51707923,0.67044616,1.0504831,3.297471,1.0131291,0.9247383
THSD1,-0.07565355,0.24895,0.5241556,0.6859741,0.22544289,0.42230415,0.020344734,0.5189047,0.53935623
THSD4,0.8401067,0.23415041,-0.8269336,0.46970487,0.60661197,1.409473,3.159783,-0.43027687,0.010015965
LMF1,-1.654232,-0.7068615,-1.8289948,-1.0606079,-1.1411614,-2.2349706,-2.1069584,-1.1880989,-2.40067
LINC00479,-0.3424189,-0.061190784,-0.44565666,0.631451,0.7048696,1.1321722,3.420352,-0.25151217,-0.28011107
CEACAM21,1.2367849,1.1343656,0.9587259,0.89752436,1.3891945,0.59232044,-0.3370061,1.439033,0.34560108
CCDC77,0.6205044,0.714591,0.56777096,0.38933372,0.86815834,0.5895672,0.33298874,0.8280268,0.5625763
LINC00477,1.4586575,2.0078623,0.78635573,3.1519802,1.0157228,2.105921,1.947397,1.0055411,2.452357
C1DP3,-0.65862083,-0.049894333,0.920084,0.3043003,-0.52109766,0.07434082,1.8329763,0.32765293,0.658535
LINC00471,-1.3917322,1.7692928,0.013236523,-0.5293524,-0.4169985,0.1145432,2.3874223,-0.0373528,-1.2046561
POLR2M,0.52459717,0.14151382,0.24102497,0.2512684,0.33724594,0.656744,0.75564575,0.4706707,0.84257126
LINC00474,-0.26304168,-0.009397507,-0.86634815,0.73802125,2.0810547,1.1929901,3.5203636,-0.22258341,-0.20717502
IDH3G,-0.4425068,-0.3532858,-1.2062502,-0.61060905,-0.6220398,-0.14772034,-1.838934,-0.6733217,-0.841692
CYP51A1,-0.13446331,-0.14482307,-0.7577362,0.64564323,-0.0773983,-0.17784119,-0.37021637,0.22938442,0.005403519
LINC00470,-1.2364846,-0.050094843,-1.5204202,-0.062205434,-0.20163119,0.3502128,2.5719345,0.02169466,-0.02169478
CEACAM19,1.1479101,2.517871,1.7925301,2.7779493,2.1482077,2.1295843,1.8977203,2.2194414,2.0769987
FRAS1,0.48634195,0.032072067,-1.0713882,2.134387,0.01017189,1.2440157,2.8985806,0.9473176,-0.9184971
NPIPB3,1.0004339,1.5516129,0.1879673,1.2493563,1.498869,1.4761419,-0.24049854,1.2877798,0.25132275
POLR3H,-0.74468327,-0.8305197,-0.94482136,-1.258153,-1.3658838,-0.688468,-0.86313725,-0.8822174,-0.69336414
PI16,0.09260011,0.4812472,-0.7741265,0.19381332,-0.2018609,0.43959045,2.0006704,-1.1199397,-0.503144
NECTIN3,2.0817816,2.3684123,3.381519,2.8619907,2.7634842,1.6689699,3.700144,3.6036093,2.0092566
NECTIN2,2.5146484,3.012497,2.5022907,2.6324062,3.04171,1.7700062,1.1408253,2.9647284,1.7312126
NECTIN1,-1.0832484,-0.827471,-1.2883544,-1.0237789,-0.6213765,-1.1020184,0.113832474,-0.7638838,-1.1262722
NPIPB5,-0.16783142,0.64974976,-0.35131836,1.6126156,0.84387875,0.19105339,-0.30724335,0.7473755,0.6117573
CCDC62,-0.848341,-0.6108496,0.42930567,0.08028793,0.12890422,0.57912576,2.8906565,0.6025356,-0.020819306
IFI27L1,0.89842224,1.1428432,0.546051,0.6453285,1.0497589,0.94565964,3.1924038,0.6117115,0.6931515
CBLB,0.6105747,1.2087278,0.28298283,1.3097725,1.2380524,0.808342,0.2632723,1.2385054,0.5728874
PCLAF,-5.1239567,-6.089857,-4.9708385,-5.8986006,-6.0233526,-5.7025547,-3.8432245,-5.624525,-4.138645
MAGEA2,-0.43284225,-0.05842817,-0.94514537,0.42463517,0.65206146,1.1062071,4.5209217,-0.2859155,-0.28917086
MAGEA4,-0.44701248,-0.09573698,-0.8717083,0.4984784,0.62446225,1.0677452,4.0773,-0.3133222,-0.09305346
UHMK1,1.302485,1.5647492,1.0834951,1.8348327,1.7977891,1.3490801,0.816051,1.8077431,1.233758
AZGP1,0.7287526,0.7467284,0.2940116,-0.6348531,-0.1430273,-0.32134438,1.1529555,-1.1195581,-0.44863153
KATNAL1,0.6468601,0.97833824,0.37268257,0.70539474,1.2431898,0.96375275,0.56625843,1.1248341,1.0719643
CYP2U1,-0.21371692,0.012472868,-0.96751726,0.7310059,0.757184,1.205195,3.5302854,-0.19355845,-0.20432258
SUCLG2,-0.9145036,-0.81717205,-0.5407562,-0.8206692,-0.9652815,-1.6748533,0.34987068,-0.9303503,-1.7775774
NSMF,-0.23869276,0.32966518,-0.65322113,-0.26836252,-0.13729143,-0.7173128,-2.3221393,0.5626435,-1.6993346
FAM88F,-0.84899807,0.50469637,-0.71890545,0.64421844,-0.503201,0.33550644,-0.8396869,0.5219393,0.078745365
DCUN1D4,-0.5843482,-0.6524844,-0.24541521,-0.4672866,-0.93945026,-0.87415886,-0.7264266,-0.3729143,-0.53576756
DCUN1D1,0.32618856,0.414361,-0.006487846,0.8175516,0.9814949,-0.77218103,0.6757965,0.7185955,-0.0184474
SLC16A1-AS1,-0.2601819,-0.256032,0.025435448,0.250206,-0.85381603,-0.13448858,-1.0133171,0.3977208,0.26176453
DCUN1D2,-0.24847746,-0.61458683,0.004336834,-0.09415865,-0.28303766,-0.48104334,-0.67810535,-0.3103423,-0.33154058
HNRNPLL,0.2924347,0.7404022,0.7624512,0.5168705,0.5713196,-0.5762749,-0.18516159,0.7835903,0.0875473
KRT33A,0.10246539,-1.4317191,0.09959078,-0.40758824,-0.003613472,0.037838936,1.9728775,1.0046487,-1.0043789
UGCG,0.633235,0.47550774,1.0286636,1.2369051,1.4009924,0.45741177,0.9822912,0.001223564,1.1979437
ZNHIT2,-0.15798855,-0.09213638,-0.68130636,-0.4316306,-0.40393686,-0.22977352,-0.28603172,-0.038508892,-1.0411296
ZNHIT1,-0.26168346,-0.21410179,-0.7035084,-0.72822094,-0.45078564,0.002936363,0.50581646,-0.2769909,-0.3602705
TRPM7,0.19138288,0.50893927,0.7947359,0.5513439,0.9608159,0.06958008,-0.14793062,0.22250605,0.20794058
TRPM3,0.4664986,0.054563046,0.06364536,-1.2441086,-0.43236446,0.9928372,1.460588,0.58108306,-0.562479
TRPM4,1.1885886,0.86503744,-0.091432095,1.2399173,1.0793061,1.6688342,-0.59272337,0.65195704,1.1483665
MAGEE1,0.64892864,0.55338764,-0.060143948,0.85972166,1.0636845,0.369215,2.8634362,0.08373308,0.9475565
ATPSCKMT,-0.547935,-0.35335112,-0.38500023,-0.657114,-0.45554972,-0.36372137,-0.39058685,-0.07464981,-1.1019588
KLHDC8B,-0.48505878,-0.49959564,1.0652924,-1.7351117,-1.1865249,-0.42992783,-0.37769508,-0.052998066,-1.2709904
PM20D2,2.3182316,2.8614788,2.3665485,1.7827816,3.1117802,2.4563484,1.9901791,3.3036337,2.6870117
RAET1E,0.4097967,-0.19925761,-0.793507,0.35667443,0.40971804,0.8910327,3.1956182,-0.53124905,-0.46429664
CABYR,3.3213878,3.2829413,3.53052,4.207536,1.9265018,4.563043,3.3041825,3.3901544,4.3778796
KLHDC8A,-0.43170255,-0.14183164,-0.5319226,0.52612996,0.62436664,1.0429783,3.3264678,-0.3317808,-0.37469995
RNPS1,0.40001106,0.72204113,0.097605705,0.57051086,0.41744423,0.26774597,-1.6232681,0.87188244,0.2857933
MAGED2,1.1973829,1.774148,0.9330063,1.5245028,1.5452223,1.2451811,-0.19876194,1.5836782,1.2781038
SLC44A5,-0.43863028,-0.18295002,-1.0038902,0.5676316,0.5785432,1.019104,3.3289423,-0.3833754,-0.37710154
DET1,-0.8306217,-0.59250355,-0.20528316,-0.6548157,-0.89041567,-0.58444977,-0.60226536,-0.3658905,-0.30643654
ROBO4,-0.025910378,-0.74174595,0.07695866,-2.2865498,-0.87338305,-0.7614856,1.5992589,-1.1550236,-1.1039703
IFNA6,-0.6744296,-0.43316478,-1.2532854,0.39044833,0.32099617,0.7763877,3.1196685,1.4135857,-0.61324024
CTAGE3P,0.046019077,0.061778545,0.59874773,0.90032434,0.7707963,-0.10951042,0.10104895,0.5533662,0.74994564
MAGEF1,1.11271,1.5331011,1.1225214,2.05939,1.2502184,1.8049917,0.9577112,1.4818954,2.0930548
SRA1,0.44995117,0.2877121,0.3639574,0.089969635,0.5560522,0.873394,1.0034561,0.5191946,-0.087703705
PRL,-1.0655723,-0.81511986,-1.6165199,-0.06968188,-0.06762195,0.41435933,2.7332895,-1.0188087,-1.0041506
MAGT1,0.046304703,0.23056412,0.0046978,0.3259964,0.38681412,0.02500534,0.7492523,0.44424438,0.24126625
SGF29,0.059974194,-0.09042263,0.1957655,0.4029112,0.5207577,0.90286446,0.121676445,0.27214432,-0.42336845
SPPL3,0.097047806,0.5328846,0.22488499,0.19467354,-0.22182083,-0.44502163,-0.67562866,0.43402863,-0.2889123
XIAPP3,0.42224312,0.6211672,0.823102,0.17485046,1.700841,0.17951012,1.0428905,1.1098757,-0.1732769
SLC22A15,-0.12867165,-0.058475494,0.6646099,0.9227886,0.7835207,0.10876274,1.3183374,0.26071453,0.47040558
XPO4,-0.28262758,-0.16310787,0.039328575,0.2981434,0.09194231,-0.10353041,0.29729748,-0.08287525,0.568923
SLC22A17,1.101974,1.1598029,0.6515856,0.6836529,1.1206284,1.6383619,0.99734545,0.8031297,1.3996134
CLDN23,1.1024399,1.3791275,1.606431,0.9491482,1.7687521,3.0661507,1.1674747,1.9759045,2.0275955
HRAS,0.70205307,0.77827644,-0.016414642,-0.30617523,0.35225105,-0.16913986,-0.83021164,0.6018734,0.42495728
NUP153-AS1,1.9427352,2.0485177,0.984427,2.4423614,2.2499223,1.9353137,1.7715421,1.7505355,2.8345408
TUBB,0.23859787,0.7157316,-0.059167862,0.3032894,0.40639877,0.65278816,-1.3073435,0.5722294,0.4431286
SLC22A23,0.6071148,1.6784067,-0.49147034,0.53367424,2.548891,0.19713783,1.0340767,1.7355003,1.4788208
CLDN10,-0.4358642,-0.069164515,0.505682,-0.6677184,-0.84981644,-0.25596428,2.0404758,-1.4366258,-0.87190306
CLDN18,0.9026761,1.0314445,0.6991515,0.013229847,0.7312126,-0.94002414,1.2399983,-0.9847877,-0.36383748
HNRNPH3,0.48431587,0.8423023,0.7740259,0.74769974,0.62638855,-1.4974098,0.4908018,0.8166237,0.78676224
C1QB,1.1893196,-0.39660072,0.8571062,-0.77243805,-0.6491871,1.8420277,0.9712601,-0.23651123,0.49580002
PTGER4,1.2988396,1.9696283,1.5211592,2.4744072,1.9690018,2.1735306,1.3159504,2.2003946,2.7693386
C1QA,-0.5887928,-2.5170078,-1.4426899,-2.719633,-2.6865692,-0.7962818,-0.90102386,-2.3453789,-1.68186
CSTB,-0.35389328,-0.5199518,-0.35895061,-1.0438957,-1.0078087,-0.44778252,0.09987831,-0.45946598,-0.5105419
MAGEH1,-1.4931092,-1.5281138,-1.3685331,-1.0164318,-1.9617414,-1.2543411,-0.8926525,-1.5629683,-1.1269922
ADH1A,0.15917635,-0.13904142,1.0135684,0.74450636,0.1606772,0.44436932,2.54617,-0.11773229,-0.9383476
PTGER3,-0.3956728,0.25397873,-1.2304251,0.37474442,-0.076488495,0.4890058,2.7872033,-1.0149909,-0.812881
SAA4,1.5441191,0.94132924,3.3281164,1.0757456,0.61146283,1.9697151,3.5766783,0.69650507,0.9813068
FAM86C1P,-0.21827269,-0.7664995,-1.6189988,-0.639771,-1.371486,-1.5592563,-0.029392242,-1.0784559,-1.3935299
CST9,0.642782,0.5076246,0.0444932,-0.003824592,0.041967273,0.52192616,2.8130984,-0.8552568,-0.77810127
CST7,6.9828215,7.432247,5.1061993,6.5204706,7.1680527,6.7631464,4.8212166,7.006178,6.593459
DCST2,0.5707407,1.0713148,-0.2919078,0.73334503,0.6671648,1.0443711,1.8309383,-0.15719795,0.9300866
NT5E,-0.40475988,0.3747425,1.7124829,-0.40934968,0.81598043,0.4734013,2.6293864,1.2587247,-0.1696217
METTL6,-0.07078457,0.26058865,0.49072742,0.21305752,0.21120071,0.25117207,0.45008945,0.4984398,0.12581348
METTL9,0.56591225,-0.15939426,1.8984709,0.07987785,0.45936966,0.08726883,1.5883522,0.2501526,0.17525291
RTRAF,0.004002571,0.04199791,-0.30791092,0.24466228,0.21530533,0.04105091,0.97090054,0.065898895,0.4063444
MPP1,-2.127575,-2.8128042,-1.4175081,-3.0203056,-2.5340004,-2.1747532,-1.3908043,-2.3463078,-2.1895237
SLC31A2,1.4758234,1.3590965,1.8953762,1.5014277,1.6916494,1.927062,1.8180437,1.7291527,1.9438467
IFNB1,0.23308122,0.086502075,0.39594626,0.34914172,0.46154952,0.73106694,2.9780328,-0.60781765,-0.5478046
SLC31A1,0.84145546,-0.3151207,1.6664343,0.029342651,0.2654009,-0.046340942,0.22950363,0.45762348,0.37464142
FAM86C2P,-1.1708965,-1.5495474,-1.7175398,-0.82577133,-0.39257717,-1.422426,0.338212,-1.6195891,-1.9369385
LHFPL1,-0.5435451,-0.2593614,-1.0515829,0.6203368,0.48893595,0.9497986,3.2756784,-0.45172358,0.19073379
LHFPL6,1.4153829,1.8831515,1.950954,2.7170873,1.4493127,3.0628324,1.7632546,2.060905,2.9660344
KBTBD8,0.08939314,0.63355684,1.36026,0.99163246,0.33600712,0.4643793,1.2643719,0.5406885,1.3525229
C1QC,-0.41428757,-1.7071123,-0.6528616,-2.2143307,-1.6954422,-0.101545334,-2.7525845,-1.029439,-1.1616497
RIPOR2,0.7794924,-0.45846844,2.0551205,-1.719948,-0.15718985,-0.74318457,1.345396,0.3384757,-0.38610792
RIPOR1,-0.062278748,-0.6075382,-1.1420383,-0.33337212,-0.41977978,0.006214142,-0.4952526,-0.64971066,-0.46100807
GUCY1B2,4.4728613,4.9085255,5.6588755,3.344769,4.1832175,5.5796633,6.3650713,6.0248156,4.348376
KDM1B,-0.4784751,0.33075762,0.39378166,0.7519903,0.41758585,-0.33017206,-0.056536674,0.80018806,-0.5136142
AMOT,-0.48014903,-0.21990734,-0.7681476,0.63449323,0.5255159,1.0046558,3.3276637,-0.40057123,-0.3871104
NARS1,-0.3805771,-0.2576847,-0.29990196,-0.4176712,0.014382362,-0.38186073,-0.6236038,-0.17921352,-0.33486748
RBMX2,-0.47940683,-0.6558976,0.25555182,0.042731285,0.27971697,-1.0356207,0.7035346,-0.2913723,0.061625004
CWC22,-0.54516315,-0.44758034,0.4057684,0.39015865,0.23556805,-0.5753007,-0.54146385,-0.2924881,0.4272871
C1RL,1.9831944,1.5911779,3.0581427,1.3275814,1.9562464,2.4328976,2.5261202,2.2415028,1.8627605
SACS,-0.95236635,-1.0657492,-1.6886377,-0.79303074,-0.4479952,-0.44234753,-1.0549669,-1.107698,-0.07724476
NRCAM,0.047742367,0.002239704,0.56838274,-1.2283151,-1.278719,1.1654563,1.3839831,-0.87852407,1.2652383
GUCY1A2,-0.39863813,-0.1761254,-1.0399426,0.6264601,0.57892656,1.0299091,3.3509858,-0.38508242,-0.35951912
CHRNB1,-1.3567144,-0.1005075,0.09247637,0.08637285,-0.3206606,-0.123444796,2.1961915,-0.7214601,-0.6776017
CHRNB3,-0.46153355,-0.23104215,-2.5020354,-2.2768533,-0.91763663,-0.73906064,0.5017562,-1.9250324,-0.44736767
KDM2A,0.94449997,1.1848154,0.91466236,1.1467247,1.348876,1.1874313,0.66002655,1.2798052,0.71482277
LMO2,-3.0636444,-4.29537,-2.6304827,-4.3630524,-4.284178,-3.0314217,-2.8100681,-3.9901047,-3.3728447
TUG1,-0.17209435,-0.118094444,0.16267014,0.11957359,-0.20678616,0.218956,-0.37168694,0.00374794,0.14265251
DEXI,-0.40350604,-0.9837985,-1.399482,-0.8751545,0.46299267,-0.52318096,1.3471291,-0.96504617,-0.12102556
SATB2-AS1,-0.57822824,-0.3053537,-1.0980777,0.5704224,0.4406457,0.9063846,3.2688022,-0.50465024,-0.49009246
CHMP4A,0.55204296,0.87724686,0.3959484,0.7148552,1.0683603,0.6176424,0.94035244,1.0450954,0.5670223
RASL12,0.53114223,0.3106284,0.58796215,0.3092513,0.15324736,0.62972736,1.2048573,-0.30000353,0.61401224
ARL4AP1,1.2992401,1.5323558,1.6250992,1.0899734,1.5535445,0.89132214,2.2351089,1.8469787,1.1886063
CHRNA5,-1.7195711,1.4536009,-0.5509639,0.9831557,-0.12513757,0.87304544,0.7004409,1.7144055,0.9263687
CABP7,-0.13358688,-0.6680422,-1.4659214,-1.0052919,-0.031276226,-0.228683,4.4118147,-0.67638016,0.25267172
CHRNA7,1.6224365,1.5327654,1.7383842,2.6763496,2.4829931,2.288931,1.0649605,1.3632383,2.469654
HRH1,-0.3247156,-0.34921598,-0.2581854,-0.76756954,-0.55084467,0.62120104,1.0655837,-0.7242484,-0.19405079
FAM83F,1.2453511,0.61115336,2.5935733,-1.0197941,-0.059615374,-0.48462605,2.3562782,-0.021948576,-0.9981358
NLRP8,0.4245777,0.5080583,0.29374218,1.6268814,0.2712474,1.3997903,2.8925505,-0.6882119,-0.6622784
FAM83E,1.213191,1.226821,0.914361,0.15902138,0.3449564,-0.5484996,1.7101912,0.050045013,-0.34079528
NLRP6,-0.667223,-0.4289685,-0.05245185,0.33012462,0.27660298,0.81256986,3.1302307,-0.6565084,-0.6299607
HRH2,-0.2984395,-0.4964099,-0.66595745,-1.0820012,-0.5661211,-0.07682133,1.0458403,-1.243546,-0.5258956
NLRP2,1.0059462,0.8207331,1.605772,2.0003996,-0.33324814,1.8039618,0.6238966,0.7991905,1.9676008
CLSPN,0.60216904,1.2530909,0.43100023,2.43817,1.6158915,1.4182043,0.7029462,0.9744606,1.9430895
BPTF,-0.35147142,-0.31579685,-0.3684616,-0.20167923,-0.47541952,-0.8970766,-0.5210705,-0.039074898,-0.5318904
KLHDC4,0.18377161,1.2836576,0.4562745,0.32065058,0.6910882,0.594542,-0.315351,1.1545892,0.14378309
WNT3A,0.29031515,0.59241843,-0.017410517,0.58812284,0.29394937,1.5925441,2.7287083,-0.15916586,0.6836035
KLHDC1,-0.49549007,-0.45456457,-0.0418725,0.35325813,0.20448446,-0.031451225,-0.43671465,-0.3533497,0.26051092
SREK1IP1,0.109903336,0.23216152,0.036343575,0.1632495,0.15860271,0.011968613,1.145143,0.12840176,0.4862156
TRPV1,0.61649084,0.19874144,0.6104288,0.13643837,-0.014415264,0.8820696,0.32736397,0.12171316,0.4816308
CWC15,-0.09511089,-0.2133627,0.17195225,0.22202969,0.14275265,0.022442818,1.3528337,-0.45271778,0.5423994
AMACR,0.23575592,0.6401887,0.37049007,1.5735683,-0.037624836,0.49943066,-2.3550024,1.0185633,1.3630886
TRPV6,-0.05606723,0.31301308,-0.03479576,-1.642345,-0.10554075,-0.7579479,1.2810855,-0.64647007,-0.53035855
CAPRIN1,-0.12887001,0.054160118,0.2857809,0.18855095,0.13005114,-0.04833603,0.48031235,0.22795677,0.11951733
CHMP2B,-0.63749313,-0.5001793,0.63968086,0.06800079,-0.5183039,-0.54519606,0.8204231,0.010166168,-0.29743958
CHMP2A,-0.44511414,-0.6038904,-0.56690884,-0.9085331,-0.45619678,-0.62021065,0.1007061,-0.76057434,-0.9312935
CASS4,1.5598164,-0.1544013,1.5951772,-0.9209957,-0.11800861,-0.007267952,1.8314862,-0.123650074,0.18379831
XAGE5,-0.33436352,-0.1996113,-1.0306201,0.41650212,0.5639682,0.9720888,3.2351236,-0.40052295,-0.44797868
XAGE3,-2.334073,-0.7519779,-1.0556889,0.070994854,-1.3082383,-0.84836316,1.4374051,-1.6245073,-0.119402885
LRP10,1.4929447,1.7744923,1.4599104,0.91584015,1.098835,0.72805595,-0.64802456,1.8813019,0.41379547
XAGE2,-0.7803833,-0.2379576,-0.2965467,0.94200015,0.74779296,0.6960437,2.8493292,-0.9014329,1.1875377
YBX2,0.7785382,0.3519106,0.684937,-0.08253002,-0.22728634,0.87377405,0.23016262,0.10034847,0.12088728
YBX1,-1.322545,-1.2286692,-1.4840612,-1.2163095,-1.304966,-1.2668352,-1.4778166,-1.0787716,-1.2777681
NR2E1,0.33865976,1.0402353,-0.9191034,-0.26882362,-0.010462523,0.44862056,2.6140847,-0.94237566,0.92102647
YBX3,0.005725861,-0.03066063,0.39477253,0.5650406,0.8108635,0.7618942,-0.15904808,-0.13228798,0.4097252
CASP9,0.8542862,0.64643764,1.2586222,0.6736355,0.62852573,0.7140732,0.6333437,0.44707775,0.7473316
FLCN,0.39612007,0.37643147,0.88417816,-0.9855838,-0.45137787,1.007021,0.6836567,0.70207787,-0.018901825
CASP8,0.16912651,0.35937834,1.4048457,0.36239767,0.65659046,-0.29547405,0.545341,0.81097794,0.43514872
CASP5,-0.10776329,-0.44134426,0.41414165,-0.43939018,-0.23892689,0.25347328,0.6642132,-0.15185642,-0.29343033
POM121L9P,-0.3969015,-0.104757786,1.548064,0.95169234,0.6564746,1.1082139,3.4188483,-0.28271687,1.1724403
TRPS1,-1.4406862,-1.2613873,-1.5032988,-0.77946424,-0.9339237,-1.4404192,0.2181015,-0.8393192,-1.100349
CASP3,1.6486082,1.5867491,2.4334698,1.1241446,1.6219845,1.6058321,1.8055143,1.588604,1.6361818
SNAPC4,0.007021904,0.031661034,-0.41552448,0.19614887,-0.037568092,0.36199474,-0.070765495,0.13836765,0.34753895
KDM6B,1.0521274,1.2801094,1.016624,1.40447,1.0864196,1.6008487,-0.6471553,1.1161561,1.8554072
PROSER2,2.0010915,2.3508363,1.1718087,2.6916604,2.252977,2.239098,1.2735639,1.8825908,2.4622903
KRTAP11-1,0.7606311,0.9203534,0.17275524,-0.61265993,-0.30312634,0.26469088,0.17955065,-0.18723059,-0.35259533
SPATS1,0.077359915,-0.09928572,-0.48166907,0.11491108,1.2598144,0.5767399,2.9000325,-0.7153448,-0.73697627
SPATS2,0.93314505,0.6233578,0.98383236,0.976737,0.9983001,0.46759558,0.501986,0.65157604,0.7794595
TRPT1,0.0466156,-0.035290718,-0.17271233,-0.12714958,-0.04760647,0.60837364,0.26106644,-0.16374111,-0.030132294
POMGNT2,-0.34965515,-0.8645048,-0.9416723,-0.9196644,-1.2173557,-0.20393562,-0.5247326,-0.696126,-0.44927216
WNT16,-0.24420792,-0.041112363,-0.70023644,0.6296097,0.69064677,1.2694823,3.5826807,-0.22848856,-0.1533972
SAFB,0.33092976,-0.122264385,-0.31282902,0.63998127,1.0141678,-0.29046822,1.7585688,0.26452827,-0.022881508
IGDCC4,-0.3798597,-0.16928202,-1.0275307,0.6773076,0.57644665,1.0444667,3.3947003,-0.29941761,-0.3498639
CASQ2,-0.35988212,-0.13820267,-0.96404696,0.7209152,0.60944366,1.0784516,3.397254,-0.35073292,-0.3148458
RBMS1,0.28040314,0.40521526,0.5045605,0.20895195,0.9078245,0.5921278,1.4460049,0.52961254,0.64388657
RBMS3,-0.21483111,0.020368934,-0.9569324,0.6886214,0.769305,1.2035118,3.5021462,-0.19115376,-0.21009547
KDM3B,-0.24011612,-0.016238213,0.19258976,0.41485596,0.25492954,-0.012950897,-0.24775505,0.13819885,0.4274063
MSLNL,0.04745388,0.17552805,0.20561838,0.13019657,0.3611102,-0.31585836,0.14545155,-0.6118636,-0.23816633
GNA13,1.4331393,1.9324403,2.084032,1.8840575,1.9619002,1.8067298,1.8741746,2.0820136,1.803896
GNA14,-0.70427924,-0.5610999,-0.16376364,0.17100036,0.18839812,0.64767754,2.9628396,-0.7251413,-0.5136615
WNT11,2.0609312,1.9584651,3.0642943,-1.3481373,-0.72810507,2.4886317,1.5426421,2.561018,1.1659317
MCRIP2,0.550447,0.2344451,0.5453119,-0.2956581,0.13293791,0.2949214,0.8605223,-0.20764112,-0.18166065
MCRIP1,-0.13379288,-0.19241619,-0.94623184,-0.21190643,-0.1255703,-0.34103966,0.15132713,-0.43344307,-0.41570663
GNA11,-0.5885253,-0.37453985,-0.6510992,-0.50777864,-0.45716286,-0.033784866,-0.6293211,-0.49412727,-0.5168328
TOGARAM2,0.39999104,0.10268879,-0.16997671,-0.5149503,0.067383766,0.8654413,1.544065,-0.46713114,-0.003407002
IFNL3,-0.5472237,-0.26076877,-1.0538077,0.6203972,0.48755825,1.7845746,3.2646227,0.40902555,0.76366496
VAT1L,-0.6669102,1.3644148,-1.3832959,2.2661996,0.3295046,0.7560016,3.038196,-0.6356467,1.5940346
TCF7L2,0.9340849,0.19755602,0.22453976,-0.4719205,-0.814744,1.20539,2.3176994,0.024226665,-0.24592924
CDK2AP2,-0.3108492,-0.19845486,-1.2926741,-0.3936205,-0.27833843,-0.35595417,-2.0874376,-0.13329315,-0.54500675
LPIN3,0.81631327,0.42940378,0.41066217,-0.33902216,0.2358017,-0.000353,1.5469427,0.000353,-0.15207672
RAMAC,0.21812677,0.41430902,0.28781176,0.5316844,0.6371951,0.44428015,1.4947448,0.18970442,0.49265242
EHMT2,-0.4013958,-0.20032597,0.25325108,-0.117414474,-0.1637826,-0.061440468,-1.4487896,0.056282043,-0.0246377
TMEM94,-0.12064171,0.043398857,0.012752533,-0.22074795,-0.244133,-0.122255325,-2.2605696,0.31437302,-0.82714605
SPRING1,0.94318295,0.6476221,0.5598736,0.22408247,-0.044493675,-0.19545221,-0.0758028,0.66520596,0.09730005
TMEM97,-4.997443,-4.541227,-5.780525,-4.231806,-4.7574553,-4.225598,-2.5581803,-4.7016754,-4.067504
PSMD6,-0.047260284,0.24611187,0.2024374,0.40556717,0.0873127,-0.42942047,-0.23373795,0.2674017,-0.36179924
PPP4R1,0.17161179,0.772418,0.2612257,0.62041044,0.23922443,-0.45465517,-0.91486025,0.7119913,-0.39411497
TRBC2,-0.03643608,0.4300685,-0.7007251,-0.7358413,0.8378997,1.7110915,-0.14315271,0.3898101,0.70383024
HCCS-DT,-0.1900475,-1.3646281,-0.673254,-0.53775406,-0.61145926,-0.18230629,2.1994472,-1.5510426,-1.5479648
A1BG-AS1,0.580904,0.00271225,0.92381,0.57341194,0.3546238,1.1121044,0.683012,0.025541306,0.38437462
CYP4F30P,-0.4098183,-0.19079053,-1.0103495,0.64344335,0.54614663,1.0333117,3.3800135,-0.40244937,-0.3761986
TMEM8B,-0.6609505,0.07699633,0.47422695,0.37421668,0.29219043,0.799384,3.1348224,0.40030885,0.5093818
CHID1,0.2718525,0.008190155,-2.6048622,-1.0694256,-0.605258,0.13718605,-0.41461945,-0.7862644,1.3312359
WDHD1,0.005377293,0.005217552,0.5324888,0.12516975,0.32042456,0.8964844,2.6287327,0.12035465,0.7555876
RBFOX3,-0.6705744,-0.40986335,-0.19903398,0.44369328,0.33613777,1.047421,3.1264148,-0.58808976,-0.57539153
ZNF282,0.52889967,1.1423101,0.12948132,1.009326,0.15320635,-0.14505911,-1.1782684,1.402379,0.05421257
ZNF281,0.44698715,0.9288826,1.1469727,0.7551098,0.5152502,0.66212463,-0.17767906,1.0795212,0.6165123
SETMAR,0.029250622,-0.98006463,-0.94471645,-1.4063137,-0.30604076,-1.1047573,1.2340138,-0.20799923,-2.4001455
DICER1,-0.82712746,-0.5521984,-0.109249115,-0.8474674,-0.44215298,-1.1753845,-0.93188286,-0.4127426,-1.4750481
TMEM80,-0.7457018,-1.4284768,-1.1567569,-1.2619166,-1.3887534,-1.061863,-0.4430833,-1.3062162,-1.1238837
LRRC37B,-0.046297073,-0.061917305,-0.30859566,0.06259918,0.16208553,0.21991158,-1.2675333,0.021938324,-0.002939224
FAM133B,-0.3910656,-0.10605049,-0.33062363,0.4067459,0.17857742,0.022111893,-0.53317356,-0.14635181,0.5955639
MOSMO,-0.004660606,0.3724985,0.11639309,0.1785059,0.9433298,0.2410841,-0.040296555,0.1994648,0.5760088
ENSG00000230615,0.56633186,-0.20872617,-0.15215635,-0.72011137,-0.12040019,-0.2418685,1.6457982,-1.164819,3.9832907
EID3,1.2833486,0.9504523,0.9592781,1.7458496,2.1010857,0.7009897,2.243822,1.2810731,1.3713236
DDX39A,-0.6052284,-0.366951,-1.1633282,-0.54932976,-0.22161293,-0.24433708,-0.7283249,-0.39988232,-0.9105339
DDX39B,-0.6505642,-0.28970528,-0.9220648,-0.07961464,0.06525564,-0.76554775,-0.6613021,-0.3201623,-0.541769
PSME3,0.4978299,0.5618067,0.44361782,0.7043543,0.5045409,-0.32557726,0.11680317,0.7546873,0.3549676
CLDN8,-0.456456,-0.22183359,-1.0302613,0.63992536,0.52532554,0.9951265,3.3482294,-0.43364513,-0.39905185
RUFY3,1.2855811,2.5118604,4.7244864,2.8172045,2.0700827,1.5503545,0.36667776,2.1078382,2.4779058
RUFY2,-0.40952635,0.31929255,-0.4503479,0.68614674,0.31424236,-0.005876541,0.001451492,0.3037033,0.48311663
PSME1,1.8196878,2.1968155,1.646884,1.6878386,2.0036774,1.3308134,0.8190441,2.0381298,1.5639563
PSME2,2.6996937,2.7286034,2.3527946,2.7013931,2.8244286,2.9755287,3.9239178,2.5176697,3.1058903
IDNK,1.2776966,1.4515171,1.6746941,1.8461552,1.5805893,1.9720974,1.9114218,1.3985748,1.9389992
ZNF277,0.1731987,0.023366928,0.68517494,0.8070278,0.5166378,0.35533524,0.97299194,0.32079506,0.74682236
IDO1,11.526848,11.641125,11.291214,11.413502,12.010632,11.767788,11.335438,11.506687,11.811287
ZNF276,0.25311947,0.19995022,0.22738266,-0.89247894,-0.18587542,-0.14143896,-0.1845665,0.43577862,-0.7974057
ZBTB8A,-0.16238642,0.008431435,0.8995414,0.13604116,-0.7014842,0.17782211,0.1550107,0.31424809,0.21521139
ZNF274,0.36309052,0.7451372,0.98571396,0.9807167,0.35985947,0.21669388,-0.8766179,0.76601124,0.9514179
ABCB1,0.034333467,0.61122084,0.9428408,-0.47516513,0.70244765,-0.17530632,2.1415718,-0.2675798,-0.5244272
TTYH3,-0.21688557,-0.61462975,0.070111275,-1.3288279,-1.446394,-0.01868534,-1.146658,-0.30339336,-0.7926092
TMEM238L,1.1689816,0.7968888,1.5734568,-1.4291558,-0.8317599,0.011904478,2.3080683,-0.26014233,0.4942608
ABCB7,-0.67837906,-0.9919882,-0.18146896,-0.5165062,-0.6860695,-0.46951485,-0.55230427,-0.8829584,-0.12114525
ABCB4,-0.9272492,-1.3580506,-0.7315204,-1.443866,-1.5968493,-1.154021,1.1261258,-2.5209196,-1.1829021
ABCB5,0.6670575,0.43429995,-1.2821803,-0.33541262,1.7284107,1.930284,2.5135727,-0.9358096,-1.0884904
IL20RA,-0.17990875,-0.005195499,-0.83498204,0.706375,0.74130785,1.2002052,3.496439,-0.10420191,-0.18145049
CLCNKB,0.23283815,0.95468473,-0.52215004,-0.35172248,-0.6863775,0.5589504,1.2301922,-0.6949973,-0.8457484
AGAP1,-0.36337352,-1.0491381,-1.5527382,-2.4035146,-0.5688522,0.8408084,0.56763935,-2.0806181,-0.72554183
CLCNKA,0.72852015,1.064861,1.2378309,-0.31195974,0.39799476,0.74359727,0.83056474,0.27053666,0.63209176
ABCB8,-0.7480116,-0.87229776,-1.7087355,-1.8717616,-1.0660181,-0.5735488,-1.0788946,-1.1118288,-1.6969252
TAPBPL,0.8100796,-0.10372734,0.79746914,0.18405437,0.6102667,-0.12941933,-0.41213036,0.3267746,-0.12307167
AGAP3,0.1494503,0.06410217,-0.16071129,-0.13201237,-0.27673817,0.7727184,0.6209793,0.03925991,1.5080643
IQGAP2,-0.7900429,-2.2241726,0.81949425,-1.4343872,-0.91828156,-0.77414894,-0.45331097,-2.2903795,-0.71243286
IQGAP3,-0.15900469,-0.5475421,-1.9864821,-0.50492096,-0.2345891,0.055488586,1.864151,-1.0736132,0.042488575
PCNX3,0.28625774,0.49484158,-0.21190357,0.69765186,-0.29435492,0.7119174,0.36288548,-0.2667632,0.3894186
MRPL20,-0.12495327,-0.17064762,-0.3097391,-0.46116352,-0.34245014,-0.11233044,1.357276,-0.13833904,-0.01226902
PCNX4,-0.2534728,0.053955078,0.2763033,1.1233711,-0.07341242,-0.31455278,-0.1498146,0.43698788,0.27749062
PCNX2,-0.5197911,-0.50484586,-1.5881841,-0.22186053,0.6825857,1.4174047,2.613976,-0.82930267,-0.3720963
GRPEL1,0.13294697,0.01716566,-0.005914211,-0.25864315,-0.43447876,-0.97854924,-0.3974719,0.40065384,-0.65698576
KCNMB1,0.21269321,0.981472,-0.40319538,1.480792,1.2889824,0.74672604,0.711813,1.2070122,0.55743885
CHASERR,0.39592743,0.8965082,0.9776678,0.7083206,0.9742842,0.14307976,0.88446426,0.86382294,0.4248867
GRPEL2,0.8398762,1.2019358,0.83739185,1.8609772,1.165492,1.3458023,0.45436,1.3333683,1.6005592
HESX1,5.332634,5.7066526,5.6375284,6.123926,6.246069,5.380802,5.9365826,5.6072063,5.4728603
ZBTB7A,0.5479307,0.66315556,0.17214489,0.7602205,0.71423054,1.0551405,-0.3905506,0.6199112,0.26628208
ABCA1,-0.58914423,-1.0703573,0.6504307,-1.7713981,-0.8351989,-0.36793995,1.486309,-0.6151962,-1.3388414
CTC1,1.0733128,1.7355747,1.0135183,2.2161102,1.2785664,1.916605,0.46673965,1.7838821,1.9055691
ZNF264,-0.29627037,0.043959618,0.19864368,-0.18943405,0.34542465,0.14206886,-0.6406412,-0.039779663,0.29016876
CADM3,0.31007433,0.1345191,-0.5061221,-0.24627352,0.14861631,0.28119373,1.7134933,-0.4489212,-0.04854536
SRMS,-0.79891586,-0.6302177,-0.1292808,-0.37189913,-0.5174165,-0.062669754,4.0060534,-1.4462228,-1.4655824
CADM1,-0.7652252,0.24666548,-0.051516056,-0.33022094,-0.3603828,0.03826332,2.3869698,0.021625996,-1.2342315
ABCA5,1.930027,2.3448172,1.7034683,2.5207176,2.5587845,1.6547546,2.7298326,2.3968544,2.4245434
MRPL27,0.45496368,0.197958,-0.16593552,-0.4394245,0.21530247,0.38676643,1.3791199,0.007954598,0.22968674
ABCA8,-0.47011352,-0.17680979,-0.6182208,0.7374451,0.57181025,1.0193648,3.3132033,-0.34659493,-0.36821336
MRPL23,-1.0476131,-1.1238403,-1.6870508,-1.476881,-0.96810436,-1.205761,0.02807808,-1.2627783,-1.3006039
MRPL24,-0.88327694,-1.071024,-1.6971254,-2.0662842,-1.139121,-1.4536486,-0.92466354,-0.9932661,-1.1646452
C4orf46P1,1.1838698,2.1274629,0.3141775,2.8485918,2.0164332,1.1003809,-0.30313444,1.8953176,2.499353
H1-2,1.3540344,0.9600229,1.6496696,-0.2219429,0.7901907,2.0238094,3.5484905,1.1369171,1.1164112
ABTB1,0.09334564,0.21341896,-0.4357977,-0.52038574,0.24016476,0.43722916,-0.46261406,0.12046242,-0.98766327
FERMT1,-0.5664519,-0.35607767,-1.0673392,0.3631177,0.3887775,1.1199589,3.2046902,1.0489779,-0.46900368
H1-4,-0.07192421,-0.5960674,-0.43942547,-0.8143978,-0.000527,-0.18174934,2.1984005,-0.11723518,-0.17920494
H1-7,-0.10071182,-0.79791546,-0.038778782,0.051716328,-0.59164953,0.25161886,1.9178724,-0.8021107,-0.6908221
FAM135A,0.93502474,1.0924926,1.9966617,1.8234935,1.8482356,0.7949028,1.4172263,1.6984792,1.7531066
H1-6,1.1355929,1.7557337,2.7573287,2.4410672,1.6597464,2.100231,3.1899464,2.1628067,1.537755
FANCD2OS,-0.045615077,0.66141105,0.7419393,-0.019644737,0.12584972,0.5229268,2.7852554,-0.43695855,-0.44160366
TMEM98,0.8893869,-0.44766712,0.9990599,-0.41854262,-0.97184443,-0.50637674,1.7881262,-0.6692543,0.11407113
PSMG2,-0.37242508,-0.26270676,-0.20697021,0.29913902,0.003031731,-0.5954399,-1.1974411,-0.060645103,-0.13235474
FERMT2,1.985198,3.5870197,1.7907412,2.6614811,3.489929,2.041562,2.8188808,3.3883135,4.1741915
ZNF254,-0.045384884,0.2879815,0.28100824,0.9548478,0.40892363,0.29469442,-0.8547182,0.33909178,0.14619398
PIGT,-0.6381197,-0.9483843,-0.24704361,-1.1522722,-0.82315636,-0.33157253,-0.57261944,-0.80655956,-0.85348797
WFIKKN1,0.12939739,-0.08467293,-0.4766984,-0.8624811,-0.020171165,0.37011147,0.7399416,-0.08621836,-0.7965925
ZNF250,-0.60786676,-0.22883081,0.23456573,0.14276934,-0.598567,-0.30285406,-2.8436704,0.090242386,0.34075212
ODF3L2,-0.106675625,-0.4718995,-1.0763507,-0.58469534,-0.70455694,-0.59398174,1.1368465,-0.7258272,1.5614233
PIGQ,-1.0307822,-1.1238613,-1.1773844,-1.1364799,-1.2465825,-0.46004438,-0.5014324,-1.2052007,-1.0059347
NCAN,0.454813,0.4496851,-0.34719658,-0.3982737,0.500195,0.13524151,2.562446,-0.26225567,0.11500788
WFIKKN2,-0.8625359,1.268306,-0.35965228,-0.013024569,0.087273,0.67434263,2.9850361,-0.8283396,-0.7048509
EFCAB3,-0.5481914,-0.33594084,-0.7118565,0.5198988,0.40780997,1.887898,3.2276819,0.48019242,-0.51589924
TMEM51,-0.7004118,-0.7659435,-0.5388651,-1.5661287,-1.0921183,-0.47356892,-0.150424,-0.35238838,-0.6940832
ODF3L1,-0.45218647,-0.7400413,1.1677852,0.097186685,0.015336514,1.7622666,2.7853615,-0.426623,0.41724277
EFCAB6,-0.49948967,-0.19981658,-0.9848658,0.6463994,0.55748546,1.013484,3.3231416,-0.3770063,-0.39428693
RCSD1,-0.26365376,0.47941303,0.01767826,0.81291676,0.4738922,0.4411726,-0.8787565,0.52036,0.75495815
MRPL34,0.25424957,-0.111579895,0.15719414,-0.24495506,-0.38799858,0.17276382,0.7253094,-0.15349197,0.09671211
MRPL35,-0.47341347,-0.55945015,-0.58061504,-0.29586792,-0.78238773,0.47590828,-0.44714928,-0.28658962,0.6112442
MRPL32,1.3260136,1.2914295,1.2380753,1.2429008,1.3802834,1.5346508,1.9078884,1.3956842,1.5708561
PIGY,0.006104469,-0.034887314,0.25457382,-0.073039055,-0.2853384,-0.4837942,-0.37365627,0.048677444,0.004284859
EDRF1,-0.26040268,0.046364307,-0.11074066,0.22301722,-0.08189678,-0.9675565,-0.62118816,0.21135616,-0.020828724
TMEM44,-0.622301,0.7876198,0.11443758,-0.49980545,-0.46042407,0.11460757,2.298571,0.609509,-0.031507254
CTLA4,5.2121525,3.8381953,4.0777283,3.2421603,3.311782,5.3461933,4.446528,4.336005,5.450138
NELFCD,-0.14525795,-0.08607769,-0.36905766,-0.000267,-0.45683098,-0.62926674,-2.4408226,-0.04253292,-0.32700157
ROM1,1.2375903,0.857615,0.878427,0.95170546,0.98210764,1.5288901,1.8161845,0.631166,1.1323657
MRPL49,1.8681607,1.8433728,1.8018694,1.4922304,1.7441111,1.1455669,1.6404867,2.1115942,1.1655245
MRPL52,0.31438017,0.8627739,0.11746979,0.11814642,-0.101202965,0.71671677,1.1293554,0.77401066,0.6487541
PSMA6,1.462924,1.2770205,1.7013817,0.69030666,1.2373571,1.7603216,2.7514524,1.4364185,1.2371817
PSMA3,1.1339197,1.0668945,1.3000221,1.0444155,1.1862869,1.3892145,1.8857183,1.423912,1.5235872
PSMA4,1.2244987,1.1188354,1.9521904,1.3977757,1.77777,1.143919,1.5877247,1.1277485,1.6055031
MRPL51,0.8340092,1.0349884,0.30585098,0.59137917,1.062665,0.70046425,1.8531246,0.96810913,1.0805473
PSMA2,1.4203949,1.5531712,1.3258238,1.6550903,1.741374,0.85716057,2.0166092,1.5699062,1.2460423
PIGA,-0.15370369,0.19345379,-0.060375214,1.1099606,0.8223438,0.41253853,0.52744293,0.2962427,0.5890827
KCNMA1,-1.449366,-0.3153124,-2.6531167,0.028876781,-0.6340685,-0.4060049,1.38937,-0.31443095,-0.21315575
PIGK,0.14474106,0.16976452,0.53010845,0.043735504,0.058793068,0.19621086,0.8539362,0.44649315,0.34054375
TMEM106C,-0.7367859,-0.6327257,-0.6481714,-0.26357841,-0.36286926,0.04590416,0.56010056,-0.43674564,-0.09450531
PIGL,-0.39001942,-0.30997324,0.20937634,-0.037068367,-0.025752544,-1.130158,0.17686367,-0.02247858,-0.39398432
TMEM106A,-0.004685402,0.067606926,0.7185993,0.6526861,0.1380539,-0.18969059,-1.6917229,0.25319195,-0.120783806
ZNF234,-0.4253435,-0.115820885,-0.06134987,-0.59094524,-0.45564365,0.19829655,-1.0862093,0.02218628,-0.11383343
SERPINB10,3.9903293,4.9515595,4.56858,6.182653,6.0592628,3.8962512,4.660586,4.966091,4.5581775
TAMALIN,3.812193,3.8582687,3.117466,4.4286995,3.527011,4.21154,3.3007908,3.9656239,5.314579
RPLP1P6,0.05961895,0.1698761,-0.91920376,-0.16055584,0.43078327,-0.17935085,1.589755,0.0990181,0.27441883
DMAC1,-1.5211728,-1.166162,-0.99696827,-1.6411226,-1.8639264,-1.5784807,0.056597233,-0.68658495,-1.8513038
SRRT,0.002087593,-0.09667444,-0.5993295,-0.14987135,-0.079981804,-0.058660507,-0.3903885,0.14292192,0.037002563
TMEM74,-0.18367934,0.15345883,-0.9024906,0.65646636,0.86094797,1.3300439,3.4966087,-0.062390685,-0.13133442
PSMA7,0.28207207,0.07500076,0.20583153,-0.17259407,0.22017288,-0.2868576,-0.078552246,0.13648796,-0.002439499
TMEM69,-0.6455889,-0.78556633,-0.29622555,-0.10587788,-1.0232725,-0.839406,-1.7692208,-0.48142338,-0.42306614
PSMB5,0.80175495,0.7000418,0.4682207,0.23521519,0.49906445,0.39101315,0.5782213,0.49080753,0.38092136
PSMB2,-0.27650023,-0.5458317,-0.5466609,-0.8000884,-0.35880852,-0.7629242,0.20787907,-0.44168615,-0.8500304
HAS1,0.11488366,-0.7369932,0.764655,0.00352025,0.013608813,0.47167432,2.7883625,-0.89892995,0.40000188
HAS3,0.356014,0.2538793,0.28263116,-0.4841869,0.22369361,1.0839889,0.8580673,-0.19883442,1.2482693
ZNF226,-0.28658676,-0.18170738,-0.17999363,-0.13954544,-0.05459404,-0.1454773,-0.42122555,0.02602768,0.25790977
ZNF224,-0.18779182,-0.27390623,0.27595377,-0.19379854,0.21339655,-0.49251747,0.20976591,-0.03225994,-0.41109848
ZNF223,-0.14330816,-0.29603148,1.0969191,0.5609503,0.028742313,-0.47598696,0.7992153,0.071694374,0.4901247
TRMT10A,-0.446095,-0.40296412,-0.28087664,0.14146185,-0.030912876,0.13686562,0.121777534,0.1559434,-0.10731888
USP9Y,-0.49608874,-0.21098608,-1.0093464,0.67855,0.5352944,0.9975382,3.3203688,-0.40194333,-0.4002604
TMEM61,0.1795516,0.89685726,0.02051735,-0.78546286,-0.2651875,-0.63306427,0.5118475,-0.6605911,-0.35612154
TMEM62,1.3039312,1.0897789,0.97810555,0.9503584,0.6140318,0.86183834,-0.3986807,1.2390413,0.5563059
PSMB8,1.2428665,1.5347376,1.3084078,0.939661,1.4031363,1.2610321,1.0717659,1.3284922,1.0672207
TMEM60,0.15648651,-0.19045925,1.0608702,0.84033203,0.65894127,0.6597786,1.0808392,-0.06713581,0.76173973
TMCO1,-0.54051685,-0.70974636,0.45002365,-0.33641338,-0.58030224,-1.1489115,0.17244053,-0.053839684,-0.15130138
PSMB9,2.8250942,3.026451,2.848793,2.689581,3.014369,2.0047588,3.6020584,3.0364227,2.8360424
SPSB1,3.3499193,3.1548882,3.5735207,2.8267965,3.1656742,4.2743635,3.2780485,3.2296925,3.391574
FABP3,-4.2241516,-5.136191,-5.380287,-5.7285557,-5.5275326,-5.882305,-1.7478094,-4.786292,-3.9657125
PSMC6,-0.10768509,0.015602112,0.44136143,0.001497269,0.2457962,-0.20221329,0.06571388,0.12258053,0.16954422
FABP5,0.38732147,0.59144497,0.029531479,0.99468803,1.0298548,0.1443615,0.93367386,0.39871502,0.91238785
PSMC3,0.3624382,0.33907986,0.38843536,-0.064043045,0.055672646,-0.52121353,-0.381917,0.530715,-0.18381119
PSMC4,0.030255318,0.37143707,-0.08013058,0.6625471,-0.016104698,0.27743626,-1.2509661,0.38237667,0.106001854
CMKLR2-AS,-0.32347667,-0.03735125,-0.73637104,0.5434922,0.6913626,1.1863931,3.4509163,-0.25886393,5.828817
FABP7,-0.52487296,-0.29071307,-1.1006569,0.4989525,0.44039106,0.933476,3.2718656,-0.5021267,-0.48259145
ZNF219,-0.008737564,-0.48177814,0.13498592,-1.6739197,-0.56158733,0.41226768,0.34531403,-0.2872162,-0.20335579
PSMC2,0.27306557,0.061270714,0.22184753,-0.29690552,0.081552505,-0.42357445,0.27342415,-0.14102554,-0.39647484
SRRD,-0.2979679,-0.43279886,-0.29136086,-0.5181751,-0.67597675,-0.33465433,-0.7489128,-0.30055523,-0.7490678
ZNRF3-AS1,0.5174117,-0.30314404,1.4599209,0.5581099,1.5621948,0.9319563,3.2414389,1.3702853,0.007048249
ZNF213,0.4928608,0.4873047,0.18822002,-0.19417953,0.38933754,1.1681213,0.6857147,0.37082767,-0.07244301
ZNF211,-1.331094,-1.88125,-2.2698472,-1.4296815,-1.5679725,-1.0108361,1.3017983,-1.4322126,-0.95229363
UGT1A10,-0.74658006,-0.5127473,-1.328186,0.2794193,0.21887672,1.4442878,3.049139,-0.7243897,-0.7044549
ZBTB25,-0.048487663,-0.08174038,0.13653374,0.15531254,-0.17206478,-0.14734125,0.31499958,0.22078896,-0.16120338
NCF4,-0.28198147,-0.451766,-0.06782341,-0.66209507,-0.32448292,-0.35116482,-0.12575245,-0.36598015,-0.95291233
ZBTB21,0.55941725,1.3117785,0.51074076,1.8509622,1.6676235,1.054246,0.6221075,1.4343677,0.34362411
RORC,-0.4088207,-0.078237176,-0.9182652,0.67144954,0.6732882,1.1268955,3.3675046,-0.2715857,-0.27222264
F13A1,-7.5181746,-7.2667656,-8.127387,-6.6292973,-6.536981,-6.0624213,-3.7981768,-7.4809566,-7.454739
ZBTB20,-0.34488153,0.110705376,0.14099455,1.2089968,0.7520549,-0.34469557,1.8458867,0.9444318,0.23204398
RORA,-0.43963242,-1.4200335,0.5417304,-1.7791185,-1.2200851,0.10565424,0.269948,-0.7652297,-0.001317024
SAYSD1,-0.47640848,-0.8057513,-0.22768116,0.08649731,-0.10123253,-0.06436634,-1.3170123,-0.31984663,0.034623146
ZBTB22,-0.08895445,-0.18978643,-0.18340874,-0.14480877,-0.26411533,0.037190914,1.3982697,-0.18555307,-0.4053421
RORB,-0.47643673,0.1787957,-1.0242862,0.56618965,0.51548696,1.0083107,3.3140445,-0.40833348,-0.37271506
SAT1,1.2313595,1.3168001,1.737586,1.7476578,1.6697111,1.4667683,2.3149395,1.5052977,1.5862541
SESN3,0.49650908,1.352643,-0.69611216,2.4236193,1.3261561,0.15857697,-1.9278722,0.9351311,1.6864557
SESN1,-0.8730798,-0.596118,0.5236292,-0.197577,-1.0007291,-0.09956932,-0.35436058,-0.000235,0.22707272
PIM1,1.6230536,1.4712324,1.8364391,1.6348524,2.3207407,1.2552042,2.7374563,1.9021244,1.6905298
ROS1,-0.40054566,-0.12861443,-1.0068809,0.48380125,0.63081586,1.0445653,3.3058257,-0.33850098,-0.36979997
NEPRO,0.2876835,0.5624933,0.546957,0.78944016,0.5591917,0.49728584,0.365098,0.61043644,0.5408459
ZNF200,0.58036995,1.4083891,1.3686914,1.068634,0.9630804,1.3223171,0.6213589,1.5141468,1.3398361
ZBTB37,-0.08543205,0.14234638,-0.3846531,0.20754004,0.50347424,-0.110601425,0.9754448,0.33412838,-0.26360893
UBALD1,-0.19665527,0.061332703,-0.11286068,-0.3825102,-0.1373825,1.042759,-0.6920266,0.02853489,0.002902985
ROR1,-0.55981225,-0.27556217,-0.96734023,0.3035816,0.4526037,0.95078385,3.2142777,-0.49872017,2.3982267
RAD54L2,0.2475586,0.5240021,0.09733868,0.6886635,0.4436531,0.68951225,-0.45227623,0.61286354,0.5132923
SQSTM1,1.8610554,1.980483,1.1413422,1.357069,1.5820389,1.3819084,0.32024956,1.9953289,1.3062935
RPL36AP6,-0.69776535,-0.7209244,-2.342245,-0.18614197,-0.45818424,-1.532917,2.3101482,-1.0051241,-0.09835434
TRABD2B,-0.4697765,-0.2507245,-1.0134305,0.58635104,0.48913205,1.0007933,3.3216853,-0.45433223,-0.4215687
OSBP2,1.0232514,-0.62775576,3.473619,-0.033175826,0.09417832,0.54022276,2.8373127,0.18104517,-0.62697256
BIRC8,0.89430475,1.3623943,1.1397381,0.8102026,2.0459871,-0.7133386,0.943593,2.0430636,-0.3176391
ISG20L2,0.008176804,-0.2184658,0.3634491,-0.122997284,0.22468376,0.44951248,-0.29152966,0.048333168,0.43681908
CYP19A1,-0.23008609,2.5881135,-1.0682404,0.30283487,1.1639295,1.5403049,3.1376257,-0.28472185,-0.42748684
TMEM26,-0.99371266,-0.73014665,-1.5193952,-0.022573233,-0.00924933,0.4943837,2.8062224,-0.94259226,-0.9313777
SLCO1B1,-0.36153203,-0.090075254,-0.9148809,0.5858766,0.674441,1.099823,3.3799126,-0.288311,-0.040403843
ATXN2,-0.7460003,-0.73638916,-0.728981,-0.75722885,-0.53095055,0.3537655,-0.58957577,-0.51213455,-0.15325165
ATXN7,0.6345072,0.8167362,0.37092495,1.3134985,1.1427851,0.8049326,0.92077255,0.9036083,1.1624537
SLCO1B3,-0.22676551,0.13146162,-0.8138815,0.6296152,0.8437499,1.3042051,3.4640694,-0.08771968,-0.111693144
HMGN2P4,-0.232687,-0.06166649,-0.076236725,0.04449463,0.107289314,-0.6746559,-0.3761549,-0.11041546,-0.08919144
THEM4,0.21928072,-0.995339,-1.8648078,-0.20751762,-0.23913693,0.20909953,2.5275035,-1.20361,-1.1815197
THEM6,-0.027487278,-0.58998394,-0.4252839,-1.6060591,-1.3375001,-0.97877693,-2.4086652,-0.5341196,-1.4636793
MFSD14CP,-0.14520264,-0.03795767,-0.20834494,0.15546131,0.23574018,-0.074127674,0.12582064,-0.036798954,-0.15634298
C9orf85,0.13399124,-0.13215923,0.5339565,0.39434814,0.026945114,0.2856655,0.43426132,0.31407452,0.27259254
ZBTB18,-0.8579017,0.1305263,0.40682197,0.30498242,-0.4990883,-0.018151522,1.7383449,-0.5667026,0.017987728
GOT1,0.6940136,0.7151842,0.028230667,0.92972565,0.19483757,0.9436722,-0.69524956,0.52318573,0.5401192
ZBTB14,-0.7982354,-0.4219389,-0.31540108,-0.6198416,-0.83474827,-0.07254982,-2.119792,-0.20810652,-0.29479837
ZBTB16,-0.26166964,0.05719757,-0.6552906,0.22643614,-0.18359995,-0.6802373,-1.0250874,0.057730198,-0.46633482
GOT2,0.000696,-0.1580658,0.03538227,-0.28060722,-0.6006403,0.5405388,0.15556335,0.12012291,0.30346298
DCDC2,-0.5055834,-0.539076,0.3932215,-0.08494449,0.4531306,0.5004295,2.639699,-0.79568064,-0.9450602
ZBTB12,0.11689997,-0.1528306,0.8770387,0.4763286,0.5747044,1.2793677,3.2986567,-0.36002374,-0.33635116
IGKV1D-16,-0.5923481,-0.20391834,-0.9176147,0.041355968,0.7337289,0.88702655,3.002194,-0.19315577,-0.14552057
ZBTB11,-0.18661308,0.22073746,0.14948082,-0.10617447,-0.33407116,0.35814095,0.11229706,0.36380005,0.013587952
DCDC1,0.30940604,0.2746706,-1.1415994,-0.1401217,0.4310279,0.13091564,3.9364057,-1.3002216,-0.18967485
PTPRE,0.3679123,-0.5880465,0.78612804,0.25044036,0.14888644,0.6577668,2.9797628,-0.69449615,0.20649529
PTPRC,-0.47758055,-0.68080807,0.24304104,-0.6395712,0.08525753,-0.48297358,0.4532132,-0.5981598,-0.4364977
TMEM19,0.6442318,0.54377556,1.4204235,0.56085014,0.49032307,0.7162838,1.3767138,0.8345156,0.33452988
IGHV3OR16-10,0.04947424,0.4418602,-1.0635409,-0.114501,0.4620762,-0.08705664,2.5527697,-0.47311687,-0.44785595
FLT4,-0.4609753,1.1723309,-0.08274293,-0.016564727,-0.03622651,0.48309493,2.7985315,-0.9666653,-0.91570354
LRRK2,1.4441853,1.0050659,2.082159,-0.5774188,0.7676754,0.42941666,2.2648678,1.386406,0.5195217
RASGRF2,0.21385157,-0.4466499,-0.27573586,0.14003897,0.31064725,0.71917677,2.9707105,-0.66026425,0.5691011
ARRB1,-0.75994205,-1.1242228,-0.7496376,-1.2962217,-1.6358185,-1.2272673,-1.8661456,-0.60083485,-1.141675
FASLG,0.11777377,1.0145557,0.062603235,0.44874477,0.5133829,1.8465753,2.1498961,1.7167401,1.5359106
FUNDC2,0.56708527,0.5025778,0.3963709,-0.13786888,0.50730705,-0.15964127,0.35969448,0.5679016,-0.13134766
NCK1,0.94589233,1.35604,1.8530493,1.5825348,1.7668934,1.4500599,1.5217514,1.4348707,1.7057915
NDUFC2,0.25793743,0.11515713,-0.5382929,-0.00969696,-0.3892641,-0.04622364,-1.0146441,0.21315289,0.2589922
BIRC5,-5.118901,-5.4787865,-5.7178626,-5.4186645,-5.903942,-5.922985,-4.425961,-5.433188,-4.3960233
MTRF1L,0.4800744,0.86761856,1.0643091,1.0050192,0.65706205,0.12149954,-0.5979214,1.1494026,0.5886693
BIRC3,7.1400175,7.5890417,6.278734,8.030309,7.8792524,7.6986914,6.245204,7.502162,7.85785
C9orf72,-0.13618469,0.19482708,0.80751514,0.67440605,0.17581367,-0.1287899,0.29099178,0.5815315,0.40849495
RBPJL,-0.005511999,0.29249406,-0.1640594,0.49431527,0.5583799,1.0089718,3.2761173,-0.2958306,-0.19939828
ITIH5,-0.40467495,-0.067196965,-0.9739785,0.59990466,0.67822754,1.6034181,3.2832727,-0.30135095,-0.36639428
ITIH4,1.729537,1.9083967,1.8093357,1.6661711,1.991478,2.1354647,2.3487387,1.6936674,1.2230902
NDUFB8,-0.70374584,-1.1069479,-1.1411209,-1.1341295,-1.1740675,-0.48082447,0.7072363,-1.2530842,-0.19637394
NDUFB7,0.007143021,-0.21573162,-0.5758629,-0.75263786,-0.31007767,0.46344185,2.503788,-0.22675323,-0.13852501
USP27X,0.061993122,0.25309992,-0.09016657,1.196084,0.4459777,-0.12681675,-0.01564598,0.35253048,-0.1292696
ZBTB49,0.15873814,0.201653,0.38718462,0.81190395,0.046390533,0.478014,-0.8947201,0.13880014,1.0954342
MAK16,-0.055651665,-0.34927654,0.23772144,-0.012299538,-0.5316572,0.18507099,-0.801878,-0.3320551,0.17011738
NDUFB2,-0.39880753,-0.7470846,-0.80373,-1.1289043,-0.99708843,-0.55114365,1.8611584,-0.7873993,-0.25741386
RNASE2CP,-1.5913126,-2.7225888,-1.5923581,-3.4937532,-2.1041079,-2.9782903,-0.20551682,-3.9103894,-2.8013103
ZBTB44,0.4779148,0.9500036,0.5634823,0.4339447,0.9399252,0.9052887,0.9300022,0.9549227,0.6570511
ITIH1,3.0503497,4.0311885,3.4039302,3.7120023,4.8204656,4.4085793,3.6859965,3.934836,3.5831914
CXXC4,-0.50850284,-0.24334139,-1.0366522,0.6026964,0.5085093,0.96714747,3.3256278,-0.44503033,-0.42618328
CCL8,6.372487,4.2914095,7.4778004,4.784503,6.2746067,6.8081617,7.9935484,5.2818384,5.447253
KIAA1328,0.38418055,0.034487724,0.90179634,-0.13942719,0.050364017,1.3583732,0.87470055,-0.07109213,0.10128021
CCL7,2.9596152,0.9742842,3.200872,1.9063125,2.2487063,3.4329047,2.2939086,1.793674,2.2091804
CCL5,6.202873,5.8602724,7.2010126,5.4490147,6.6316223,7.3063755,6.9463425,6.1996107,5.749853
CCL4,-0.028824806,-0.95651436,1.6859894,-0.4104414,-0.05991459,2.339491,2.6778126,-0.13343048,0.29810143
CCL3,1.446373,0.20119858,2.768382,0.6852627,0.49068642,2.8496952,4.7729073,0.9463787,1.3652935
CCL2,1.0004425,-0.9553871,0.3724985,-0.49373245,0.31301403,1.552969,-0.0870924,-0.77756023,-0.22369766
CCL1,8.053093,6.874287,6.611589,6.2714286,5.644256,7.804279,9.247896,6.536656,7.3912177
NDUFA9,0.52706337,0.7236452,0.39997673,0.54268074,0.3484068,-0.22477913,0.2841034,0.6608772,0.16046906
PTPN1,2.3000412,2.5186262,2.0971947,2.8513699,2.563017,2.273037,1.5736904,2.5918837,2.8007183
NDUFA6,0.47039986,0.3282175,-0.088246346,0.43356895,0.113090515,0.91124153,3.0971737,0.21327114,0.9967632
NDUFA5,-0.25538158,-0.46577072,-0.66915894,-0.40243626,-0.53965855,-0.35542583,1.785533,-0.55335236,-0.15235424
NDUFA2,-0.112781525,-0.5800705,-0.90549946,-0.63105583,-0.108784676,0.3862629,2.5978222,-0.28630352,-0.27581596
HIP1R,1.4999318,2.6636624,1.2565384,3.5239,2.9857817,2.6312733,0.99123764,2.2532315,2.300187
NDUFA1,-0.10203934,-0.13720226,-0.44770908,-0.38368225,-0.11406517,-0.029895782,2.820158,-0.21557903,0.19178772
CTNS,0.14671326,-0.9513531,0.15531826,-0.959383,-0.604372,0.3678398,-0.3020773,-1.0418844,-0.4021473
CCM2,1.8823891,2.3913422,0.84144497,1.7672691,2.0177908,2.1846447,0.5842743,1.9715357,1.8638496
PTPN7,0.3428712,0.17418242,0.3877449,0.075525284,0.016726494,-0.27110386,-0.5277991,0.42144585,-0.25106812
PTPN4,0.09939957,-0.17958307,-0.042536736,0.4595189,0.28410435,0.7712512,1.939218,0.09361768,0.21231246
PTPN2,0.80144596,1.1474876,0.8599968,1.1865482,1.2486172,0.78857136,0.943449,1.1484671,1.124651
PTPN3,-0.23418486,0.02761197,-0.86122847,0.8593581,0.75893164,1.2147624,3.4993827,-0.17873609,-0.20000505
GDI2P2,-0.5193567,-0.89228535,-0.39018822,-0.42211437,-0.0403471,-1.1990156,-0.9085283,-0.52453136,-0.5608015
CCNK,0.36505985,0.28755283,0.23465252,1.1728392,1.0855427,0.8284159,1.5501862,0.84818554,0.42667866
CCNH,-0.35050774,-0.41905785,-0.00902462,-0.3327179,-0.31954193,-0.44174385,0.19607162,-0.5009289,-0.43414307
THUMPD1,0.5416231,0.4967966,0.4869814,0.831584,1.1488962,0.96765804,1.1133394,0.6204748,0.51064587
SPATA20,-0.90102863,0.10286999,0.36341763,-0.88690853,-1.451189,0.26204967,0.20286655,0.19561863,-0.528285
PPIAP8,-0.39191437,-0.28596115,-0.9792681,-1.1926117,-0.6903324,-0.51389503,-0.553833,-0.67996025,-0.6723938
SPATA22,0.25352788,-0.026336193,-0.72137,0.53366053,0.67984796,1.2616537,3.5450473,-0.21647239,-0.19067883
CCN6,0.12474978,-0.40174204,0.7812774,0.2959273,0.34560966,0.83523726,3.1175795,0.6708567,1.8991168
CCN4,-0.37157357,-0.04089701,-0.77764654,0.43675375,0.65431845,1.2045674,3.4323785,-0.2474091,-0.24512315
FAM53B,0.17654514,0.4343915,-0.012793541,0.33552456,0.727582,0.8265238,0.95435524,0.7025318,0.45789814
IL12B,8.465242,9.66641,7.8820176,11.393719,9.578663,9.260452,6.361858,9.442963,10.823397
CCN3,-4.8963265,-2.8121476,-4.8876,-4.087917,-3.030759,-1.2266741,-0.1731348,-2.6876957,-3.473879
KIF21B,-0.5106182,0.09456158,-1.1397796,-0.057466507,-0.22736263,-0.6187644,-1.0518198,-0.2617793,-0.43952942
ST6GAL1,-0.8544655,-0.53581715,-0.4581051,-0.8358364,-1.2328367,-0.56300163,-1.0935307,-0.40780163,-0.62239075
ST6GAL2,-0.5010059,-0.22702289,-1.0142142,0.61043143,0.5275301,0.9829773,3.3171105,-0.4224599,-0.41301787
RSAD2,7.817465,6.882066,8.080726,6.1548862,7.3390102,8.157644,7.977848,7.24934,7.1398964
SFMBT2,0.76511574,0.32521248,0.22237873,1.0228639,0.99489117,0.2589836,-1.5658607,0.69019413,-0.25035143
ZFP2,0.37404013,1.0159409,1.3612096,0.7180648,-0.87205756,1.0363703,1.8293121,0.44928217,0.85214925
CCNY,-0.61218643,-0.49830818,-0.60418606,-0.76233196,-0.6579857,-1.3211594,-3.0749006,-0.5387287,-0.9344263
ALPK3,2.1965466,3.2340941,2.203332,3.9260187,1.8880243,2.7795625,1.4927235,2.6737208,2.439363
KIF20A,-2.9679341,-3.4418945,-3.7643042,-2.8438888,-2.806492,-2.3473494,-0.060219288,-3.6575203,-3.7346683
KDELR3,0.18247604,-0.77122164,-0.038422585,-0.0203681,0.020368576,-0.48545837,-0.2387619,-0.19153023,1.0297241
ZG16,0.35610902,-0.49038613,-1.4361248,0.11371994,0.25247085,0.6793438,2.9484315,-0.70805573,-0.74854845
KIF20B,-1.6744761,-1.2383375,-0.76162386,-0.4626975,-1.0565782,-1.2853055,-1.0023203,-0.8070946,-1.0508199
ALPK1,1.4609566,1.6041956,1.8001404,1.8023872,1.7519178,1.89678,1.2937183,1.7753191,2.015028
CCNQ,0.19076538,0.24777412,-0.28543854,-0.08346367,0.033597946,-0.030107498,-0.06277943,0.19708347,0.5870533
CCNO,2.7924209,3.299631,2.3675117,3.0544963,1.2568135,4.3075495,3.1033478,3.5610943,4.010171
ILRUN,1.3298321,1.4854631,0.9837589,1.3631573,1.6876955,1.0866375,0.928669,1.673255,1.5220413
DEFB103B,-0.47910798,-0.277036,-0.9416479,0.40102816,1.2937522,1.4984126,3.3254404,-0.3333695,-0.3755145
WNK4,0.6900811,0.93644047,0.87103033,0.14180374,2.6425772,0.97657585,2.5441246,1.6171718,0.16742992
CD1E,-0.014778137,-1.0430617,0.014778137,-0.113865376,-2.519405,-2.0126383,0.18912649,-1.237298,1.1463423
CD1D,-0.96037966,-0.49055934,-0.6795739,0.025464654,0.109580874,0.54083645,2.7691631,-0.8617462,-0.7445706
CD1C,-3.7840724,-4.139702,-4.3878355,-3.8527136,-3.9253983,-3.4665706,-1.2200465,-3.982573,-2.6374578
CD1A,-4.302203,-3.7833824,-3.769392,-5.2661924,-5.079307,-3.6006892,-2.4513159,-4.874995,-4.2793818
ANKH,-4.4255643,-4.001519,-6.160216,-4.601986,-4.2714787,-2.999916,-1.754365,-5.100516,-3.2270226
SLAMF8,0.8490257,-0.6941128,0.89743614,-1.5939236,-1.0717916,0.8193836,1.2605743,-0.4566021,-0.18152237
TUBB8P9,0.4317193,0.5074365,-1.1683828,-0.50488067,-0.42136955,0.15694785,2.4665031,-0.8797568,-0.29801595
ST8SIA4,1.7354231,2.3691673,1.2373247,2.0825949,2.694789,2.0626097,1.5662956,2.3825598,2.4123297
SLAMF7,5.9822483,5.8992767,6.6564045,6.146677,6.042845,6.8103085,6.484871,5.9682674,6.5123024
HIVEP2,1.9086442,2.1472344,2.237927,2.6004834,2.497809,1.9312863,2.374844,2.0662713,2.0335202
A2M,-0.47154236,-1.435154,-0.9703741,-2.7181187,-2.134038,-1.4589748,-1.8758087,-1.2648706,-1.1879196
SLAMF1,4.529913,5.0054874,4.463523,5.479786,5.1068172,3.5772731,3.8590014,4.8730097,3.641178
CTSA,-0.2772026,-0.6333351,-0.11882973,-1.2879925,-1.3953686,-0.7283802,-1.6618748,-0.4762535,-1.8813381
CCR1,0.30345917,-1.3726959,1.419548,-1.0485687,-0.5620489,0.42539597,1.4760704,-0.53382874,0.43478775
LRRN3,0.16717577,0.03266573,-0.59753466,-0.7814467,-0.014084816,0.4325018,0.7694917,-0.6720331,-0.14558697
IQSEC2,-0.1267395,0.13068199,-0.124837875,-0.29974174,-0.47682953,0.4122448,-0.39611053,0.043776512,0.53689957
ZFR2,0.34386635,0.12020874,0.020853996,-0.08487511,-0.580143,0.9673042,1.1443729,-1.2842398,0.4270935
ST8SIA3,-0.47236395,-0.21916091,-1.0458345,0.5797833,0.53264797,1.0056682,3.2975726,-0.38095534,1.3123648
LRRN4,-0.13839042,0.75525236,-0.10757065,0.563038,0.46622634,0.9334047,3.2229972,-0.44745934,-0.43503368
SURF4,0.2033186,0.017935753,0.31549358,-0.29911137,-0.14520645,0.15975285,-0.25761318,0.29561615,-0.3636713
CTRL,2.0532508,2.3565993,2.3039918,1.7339373,2.0358424,1.7449565,1.9067807,2.073958,0.65411234
WNK2,-0.36642617,-0.08636278,-0.8671818,0.6940528,0.6766379,1.122296,3.4235196,-0.27195275,-0.28263843
WNK3,0.8757844,-0.17334104,0.39133978,0.12589979,0.27724028,0.6911857,2.9511735,0.21934128,-0.72397006
CD28,0.021812439,-0.11407614,-0.60278034,-1.1030335,-0.41144848,-0.2901969,1.1596713,-1.025393,-0.4117899
CD27,-0.19284916,-0.22277021,-0.48293686,-0.798368,-0.046947002,0.6016855,0.04646969,-0.79153013,0.019215584
CD22,-2.6881382,-3.4200022,-2.5596552,-3.7497177,-3.5791423,-2.99454,-1.125668,-3.9380941,-4.030778
CD40,3.0407658,2.9346085,2.9631996,3.1615467,2.8674326,2.5511284,2.1891212,2.550438,2.7275543
USPL1,-0.37921715,-0.19103861,0.39234734,0.13749123,-0.14301825,-0.6363392,-0.81000996,-0.15512419,-0.4362197
PTGDR2,0.621295,-0.16575134,0.5835912,0.24827158,0.27845144,0.7266023,3.0404398,-0.36278594,-0.25678313
IGLL3P,-0.11058617,-0.15304184,-0.33045197,-0.43127394,-0.1955471,0.68624496,-1.3624096,-0.06860256,-0.8145542
DIRAS1,1.1354103,0.58445406,0.4956522,-1.0913992,-0.7242799,0.5573602,-0.011875153,-0.070809364,0.013998985
CTSZ,-0.047166824,-0.15378857,-0.117586136,0.3557663,-0.8946686,2.797453,1.332428,2.5657578,0.59165573
DIRAS2,-0.3450551,0.94853926,-1.0378938,0.3877735,0.72411275,1.0964293,3.239915,-0.25617504,-0.3666432
CTSW,-0.13216162,-0.90087605,0.1373744,-1.5017991,-2.1829498,-0.22963095,-0.24935532,-0.5086937,-0.99090385
CD3G,-0.40191412,-0.10656977,-1.0865507,-0.33318424,0.6967764,1.0493016,0.84926844,-0.27410078,0.6269059
PTPRJ,-0.20647192,-0.41771412,0.2286148,0.20274353,-0.009428024,-0.34341002,-0.22554016,0.21938324,-0.7297492
CD3E,0.19047737,0.041979313,-0.10691929,-1.0448818,-0.54370403,0.41984463,0.7641859,-0.7560115,-0.54147434
CD3D,-0.09751463,0.08977318,-0.46360016,-0.891314,-0.12713146,0.66705036,1.1942415,-0.52911425,0.55064106
PTPRF,-0.6097815,0.4559698,1.1098552,1.7317572,0.09367657,2.096856,0.79234266,0.8719368,2.2375965
CTSS,-0.915514,-0.7959566,-0.1944685,-1.5338573,-1.0294161,-2.1083908,-1.4335346,-0.5924101,-1.5590096
EDA2R,0.7029803,0.67284846,0.66242504,0.051225185,-0.4149444,0.03147626,2.2878747,-0.83027065,0.26372528
LARP1B,-0.62286735,-0.18388557,0.23773146,0.31009436,-0.1663537,-0.6116183,0.36172295,-0.36684084,0.35538006
SPTLC1,1.0430951,0.92764807,1.1500578,0.8772025,1.0617766,0.74585867,1.8314114,1.1219211,0.3866682
CTSL,0.40541458,-0.4909191,1.9531898,-1.2568626,0.043582916,0.111709595,1.2923794,-0.007493019,-0.22046089
CTSK,-2.1496792,-2.111084,-1.5165386,-2.4296756,-2.1106052,-1.4952812,-2.114727,-2.229535,-1.7035351
NCS1,1.2463531,1.1336174,0.47711515,0.28869867,0.16377902,0.9876418,1.037137,0.51085377,0.24906349
CD38,5.730738,5.6082587,6.6805844,5.8991685,6.1138606,6.093142,5.972203,5.979399,5.5547338
CTSH,-0.30391884,-1.0178909,-0.039979935,-1.877409,-1.3075113,-0.3343029,0.1451149,-0.7506628,-0.97730255
CCR8,-0.3615229,-0.14647603,-0.99782896,0.5961635,0.5958235,1.0530968,3.3667417,-0.35234416,-0.11713052
CTSG,-1.1000834,-1.262429,-0.9360647,-2.662179,-1.9376855,-1.1498413,0.023684025,-1.7372386,-1.6287835
CCR7,9.904604,10.23451,9.481413,10.44231,10.682625,10.383663,9.557323,9.665556,10.396631
CD36,-5.7899957,-8.812826,-6.7440166,-8.459775,-7.814641,-6.6207976,-5.8878703,-7.6638975,-5.5350366
CCR6,-0.296916,-0.33817387,-0.39974403,-0.1611166,0.42206097,-0.18721485,1.9645605,-0.6452389,0.37134838
CCR5,0.83926773,-0.4595089,1.4875212,-1.1210365,-0.7559471,1.5413933,0.9929981,-0.08390713,0.61299896
CTSE,0.5885625,0.5866318,0.40970612,-0.1858797,0.3412609,0.48427534,0.3886509,-0.11110258,0.47794485
CTSD,-0.04019451,-1.227951,0.046372414,-2.3749895,-1.3607988,0.012627602,-0.8595362,-0.7500677,-1.3767023
CCR4,0.45177042,0.5381217,0.3674667,0.8298192,0.4586017,1.007468,3.036817,-0.32435513,-0.6426776
CD34,-0.43494356,0.030736446,-0.15519571,0.52609015,0.5794071,1.0258722,3.3092327,-0.36389935,-0.34404308
CTSC,-0.2846527,-2.183054,-1.4289112,-2.1068153,-2.8364506,-2.265993,-1.725378,-2.240817,-2.3521347
CTSB,-0.00535202,-0.68284035,0.46976185,-1.8995113,-1.044611,0.5212612,-0.73931694,-0.32168388,-1.1339483
CCR2,-3.3085997,-3.313028,-4.110997,-2.580129,-2.4880466,-2.0883071,0.2095294,-3.5065641,-3.4538746
CCT2,-0.6952362,-0.6398735,-0.78580475,-0.42009735,-0.61181545,-0.3055706,-0.5080967,-0.43934155,0.11927223
SEC13,-0.70771694,-0.71330833,-0.99179935,-1.1225176,-1.0723629,-1.5678396,-2.0502949,-0.6533966,-0.82122326
ANO8,-0.50368834,-0.5094595,-1.0154276,-0.83249617,-0.26996088,-0.108034134,-0.036686897,-0.60177755,-0.18645811
PLAAT1,-0.5120977,0.9849961,0.9134586,0.30285728,1.7264483,1.0498638,3.1452787,-0.34288788,-0.3866911
ANO9,3.055706,3.524681,1.8199563,4.1019173,2.5821657,3.137423,1.8056736,3.3214598,3.6540318
ANO6,-0.95858383,-0.7259531,-0.19843578,-1.3721542,-0.037111282,-1.3582249,-0.30048084,-0.6548462,-1.3351345
PLAAT2,5.953006,6.953883,7.170327,8.393696,6.5952854,7.8215446,8.559576,6.658046,7.608322
HBA1,0.6650896,0.67265034,0.5021496,-0.2827692,-0.04072857,-0.0716753,0.81033325,-0.45678616,0.11153698
ANO4,-0.27124476,-0.011306286,-0.84486914,0.75215495,0.74118435,1.2043338,3.5148208,-0.17007732,-0.10486734
YBX1P2,-0.99601364,-1.2833138,-0.88570976,-0.8309822,-1.1776819,-1.4187622,-1.9816208,-1.0120888,-0.89839363
ANO1,-0.41476804,-0.14458287,0.14650202,0.68794537,0.61430097,1.0514457,3.351433,-0.30093026,-0.28034472
NCR3,0.4579997,0.5522289,0.238235,-0.7370496,0.39340353,0.5161729,2.587091,-0.1732626,0.61232376
NR5A2,0.5742519,1.0836055,-0.4346621,-0.63556767,0.19119239,0.15940905,0.6072438,0.048255205,-0.37913823
CD48,1.3554583,0.033615112,2.0920677,-0.3994341,0.2933197,0.61881924,1.9442377,0.7094345,0.7679796
CD47,0.63116264,0.7999973,1.394639,1.4685993,1.1149607,0.52321815,1.1096706,1.1014576,0.6245327
GLCCI1,-1.064249,-0.19000721,-0.4300623,-0.7184539,-0.8965759,-0.39367104,-0.4668312,-0.3876152,-0.5069947
CD46,0.2453146,0.5745592,0.30497026,1.0350733,1.3235712,-0.63798,1.3635044,0.97459507,0.8966155
CD44,-0.31957626,-0.35848904,0.46090603,-0.30849075,-0.19264317,-0.05591774,1.04702,-0.14376068,-0.045251846
RAMP2,-0.37575763,-0.19180286,-0.99002385,0.58766925,0.53243136,1.0179597,3.3191924,0.02020228,-0.43281072
MARCHF2,0.40877533,-0.81271267,-0.67326546,-0.67107296,-0.9065099,0.26173973,-0.52412987,-0.52668667,-0.7570858
RAMP3,-0.3866688,0.55570865,0.32484436,-0.1830492,0.18337893,0.11912966,2.3281572,-0.35412836,-0.7768003
MARCHF1,-1.2700281,-3.366891,-0.62342834,-3.431573,-2.3253632,-1.7451658,-0.7825165,-2.146288,-2.2865782
SLC43A3,-0.6154251,-1.3884706,0.097340584,-1.6186152,-2.292729,-0.99119186,-2.026989,-0.80361557,-1.3973446
CD5L,-0.66405547,-0.40711856,0.053647876,0.09485757,0.16988099,0.5875164,2.827105,-0.12790895,-0.34817755
CAMK2N2,0.31549835,0.15211582,0.119665146,-0.07837105,0.7469902,1.0341282,1.8870983,-1.2577238,0.50021935
HSF2,-0.75234437,0.13205338,-0.60617685,-0.15816832,-0.22077918,-0.179631,0.6405072,-0.66094875,-0.27720284
GPC3,-0.5091343,-0.45656896,-0.16548157,-0.071492314,-0.023403764,1.0578709,2.7534413,-0.9606358,-0.9499414
ANKRD36BP2,0.3156433,0.26759624,0.08018494,1.9443169,0.64686775,-0.040148735,-0.6223297,0.34297085,1.2527494
CD59,-0.37108994,0.2583933,-0.019132614,-0.017889023,0.19215393,0.64232254,1.7423725,0.097263336,0.67692375
HSF5,-0.44578338,1.1554866,-0.77474403,0.40421903,0.54488313,1.1312075,3.4006586,-0.35279846,1.7767842
GPC4,1.8218784,0.7641134,2.6852655,0.05383396,0.28726673,1.2756214,2.6807413,1.4870977,0.78090477
GPC6,-0.97832763,-0.56180894,-1.4832968,-0.17642999,0.14019036,1.6921356,2.6698835,-0.06458688,0.034246206
CD55,-0.146595,0.10726738,0.79687214,1.128025,0.19821167,1.0047684,0.7420769,0.41994762,0.77786636
LNPK,-1.5005608,-1.894844,-0.4913931,-2.4136715,-1.8828773,-1.4062862,-1.4250774,-1.4809237,-1.7685947
CD74,0.09638214,0.34867573,-0.071780205,-0.3602028,-0.09082031,-0.41171455,-1.6903391,0.24708366,-0.18030167
TMUB1,1.0598583,1.3241253,0.41540527,0.8521099,0.97760963,0.61585426,0.25544548,1.082243,0.43372917
TMUB2,0.6938667,0.9045658,0.612813,0.5888252,0.5427122,1.0783615,-0.093182564,1.0970764,0.42016602
GPAM,-1.3088493,-0.7341311,-1.1054282,-0.41705263,-0.36835933,0.06545973,2.3534117,-1.328792,-1.144424
CD69,1.7905531,1.9915886,3.3497963,3.3463273,2.0763907,2.0626798,4.5137444,2.4741611,2.349268
IL17D,-0.9246565,-0.5809051,-1.1815059,0.10651779,0.069604516,0.8080901,2.8232312,-0.64498067,-0.84864116
CD68,-0.90823555,-2.272399,-0.99218845,-3.132822,-2.519247,-0.90408516,-1.6440086,-1.7209129,-2.1711407
IL17C,0.91266394,0.70187664,1.0375838,-0.25337338,-0.9601114,0.7708516,1.4126792,0.14055681,0.22295499
IL17B,0.002830982,1.1378888,0.9815985,1.4547971,0.25768209,0.7624699,3.0358968,0.17314923,0.87091935
IL17A,0.54207087,1.1638875,0.56254196,-0.049243927,0.20073342,0.72668505,1.0019641,-0.15528488,0.34378505
CD86,2.2071247,2.3079548,2.3532114,3.1406841,2.504465,2.536148,3.4763584,2.6377916,2.475132
SCARB2,0.26409054,-0.048542023,0.8394146,-0.35319424,-0.29900455,0.7156763,0.89444256,0.3871956,0.2599287
LRRC8C-DT,0.20824957,0.3968482,0.48439837,0.53886414,0.7430515,0.7534785,0.5800848,0.199018,0.9167981
CD84,-0.6407776,-0.82462025,-0.95262814,0.4455967,-0.76155376,-1.3409576,-1.9381571,-0.50613594,-0.40252304
DCLRE1C,0.06013775,0.092843056,0.6596737,0.17624378,0.31217384,0.08157635,-0.10508251,-0.014490128,-0.011345863
CD83,4.1663446,4.791007,3.8396149,5.1223345,5.125804,4.5358534,3.5766592,4.666751,5.0420847
CD81,-0.1153059,-0.639204,-0.2631998,-0.67951965,-0.7700443,-0.081422806,-0.923172,-0.41897202,-0.5159378
CD80,5.7988214,6.756839,6.154031,7.1786394,6.4942493,6.069213,4.796876,6.7034626,6.5415163
GEMIN2,-0.21997547,-0.44660425,0.16873646,0.19130278,-0.31734133,-0.40171957,0.6537142,-0.0084548,0.22211742
GXYLT1,0.20604801,0.71585035,0.1317234,0.5393281,0.8918967,-0.012586594,-1.5101428,1.200923,1.2329521
GIMAP8,0.1508007,-1.3088655,1.1149902,-2.0279465,-0.5771637,0.16893387,0.52315426,-0.63695717,-0.95285034
PPFIA1,-0.052988052,0.0417881,-0.116921425,-0.41109276,-0.27054787,0.36271095,-0.6490412,-0.07936382,-0.014425278
OSTF1,-1.1980062,-0.5801382,-0.55987215,0.15191126,-0.64591694,-1.7142987,-0.70112467,-0.58683157,-0.38644075
SBF1,0.70485306,1.5588379,0.2476635,0.35686874,0.89859104,0.29072,-1.6326046,1.4767685,-0.29388237
BAHCC1,0.69994354,0.64780045,0.18444538,0.30482244,0.93526936,0.32338476,-1.5725622,0.5125122,-0.23589277
PPFIA2,-1.0230038,-0.767301,0.5117383,-0.07086456,-0.00511384,0.4255767,2.7111552,-0.9707195,-0.8863922
KIRREL3,0.9584427,0.69931626,0.5095477,0.2825799,0.44225776,1.0606723,3.1404307,-0.28181052,-0.064912796
CD96,0.16918802,0.19870567,-0.45595312,0.84450006,1.2808867,0.04478216,2.0277917,0.60008144,1.0169516
SLC30A8,-0.87169427,-0.61040545,-0.46927047,0.20319557,0.14552712,0.5971062,2.9150062,0.7956095,-0.72621894
CD93,-8.338209,-7.9027786,-7.4459743,-7.436175,-7.6789007,-7.2291274,-4.952119,-7.8308125,-8.339939
LMTK2,-0.018225193,-0.008293629,0.28126287,-0.41002798,-0.6945195,0.13713026,-0.4021349,-0.676033,-0.28792667
SLC30A1,0.8211632,-0.049624443,1.2017126,0.17554474,0.001034737,1.0669804,0.8093605,0.17727757,0.55508995
SUPT7L,-1.1233616,0.23290348,-0.37161827,0.37062168,-0.004646778,-0.55269957,-0.73597765,0.39011288,-0.3580451
CAMKMT,-2.377491,-1.247685,-1.0131888,-0.90889597,-1.3851569,-0.88464355,1.3865161,-0.3943658,-2.2264118
CD8B,0.22446346,0.81753445,-0.5386572,-0.16415787,0.84310055,1.4643917,2.263462,0.9602871,0.5980711
HNRNPUL1,-0.17211533,-0.15746307,-0.57875156,-0.04847336,0.023539543,0.1280117,-0.524786,-0.15017986,-0.14421272
CD8A,0.4293394,1.2784362,-0.14040709,0.048347473,0.53545046,1.7576594,0.4841938,1.5826058,1.4114547
HNRNPUL2,-0.19326591,0.16777515,-0.2832203,-0.013223648,0.49756813,-0.23962402,-0.36602116,0.27659416,-0.06782532
SCN8A,0.37658882,0.1257267,-0.4551077,-0.5240345,0.5678148,0.86242676,2.0322533,-0.22976589,-2.339651
SPTY2D1OS,-0.10862255,-0.39912814,-0.88648164,0.5104104,0.34721184,0.8044486,3.0937967,-0.004618526,-0.59408754
GEMIN5,-0.08192778,-0.36840963,-0.084602356,-0.26136875,0.064857006,-0.84884024,-1.9525261,-0.20906925,0.06194496
GEMIN6,-1.5511708,-1.7609382,-1.6145048,-2.2425346,-1.9728384,-1.7536283,-2.3943706,-1.6676526,-1.6406431
TOR1AIP2,0.23430538,0.6691799,0.42301846,0.6837816,0.79108334,0.31592274,0.40871906,0.7885332,0.246871
SLC1A3,0.9120598,0.3835392,1.512703,0.5280342,0.10322666,1.7545757,1.8532963,1.0207071,0.7621403
SLC1A4,2.7555437,2.7292385,2.8802319,2.3007479,2.5428972,3.2529116,2.8029432,2.6274853,2.1840773
PDS5B,-0.27115822,0.12350941,0.18508625,0.4765911,0.7024412,0.41989326,0.3875847,0.31387424,0.4880886
TOR1AIP1,-0.5217428,-0.6467705,0.061439514,-0.3907423,-0.21518803,0.003495216,-0.09275913,-0.43872166,-0.3384924
NKAPL,1.0875077,1.0717368,2.8905427,-0.17109895,1.9551995,0.36549616,4.0800714,1.4813378,1.1856976
RASGRP4,-1.7913184,-1.7118835,-1.2898579,-2.999914,-2.2025995,-1.2138319,-1.8342223,-1.68297,-1.7780733
RPF1,-0.416605,-0.3867712,-0.55303144,-0.38050938,-0.115448,-0.019619465,0.77512074,-0.191288,-0.123203754
WNT6,0.13378048,-0.12069988,-0.57581615,0.08414364,0.46825218,0.44890308,0.9247141,-0.45929146,0.5186796
PACSIN2,0.4254551,0.22734356,0.70501995,-0.031002045,0.032238007,-0.11217499,-0.4390087,0.19293594,-0.25938416
IGKV3-15,-0.13121986,-0.013268471,-0.9790416,-0.5567336,2.1232293,-0.32952452,1.1032083,-0.44520926,1.6209676
NDUFV3,-0.700428,-1.1957512,-1.019433,-1.0793381,-1.412303,-0.49786758,1.0737381,-0.96962166,-0.7130852
WNT4,-0.36587203,-0.09381986,-0.14279485,0.6717951,0.661204,1.1050599,3.4231253,-0.25169122,-0.17885399
ISG15,6.043662,6.0419607,5.7846518,5.451247,6.6205034,5.999461,8.327651,5.922801,5.26962
INHBB,-0.13749385,0.77481997,1.1612431,0.8441061,0.5896903,0.31507313,2.5999784,0.37085938,1.0933458
INHBA,6.705062,6.4169655,7.857437,5.5649614,5.7497854,7.6274614,7.5691385,6.692666,7.4553537
SUPT5H,0.42183685,0.5891123,0.41464615,0.93738365,0.71544075,1.1841335,0.19616127,0.88916206,0.3976612
SSH2,-1.2038164,-0.9611263,-1.2489171,-0.07215071,-0.43160105,-0.7345953,-0.8155031,-0.9295387,-1.0485497
CALHM5,0.9875525,0.27736795,0.9778434,0.12895,-0.011700392,0.44090235,2.724504,3.132812,-0.9600132
CALHM6,3.5618324,2.7288218,3.6065378,2.1208782,3.1863928,4.050411,3.9397144,3.192154,3.1444454
SSH1,-0.40927172,-0.5902834,-0.59354544,-0.5904069,-0.55701923,-0.3923502,-1.1323385,-0.52217484,-0.4917574
ISG20,7.3634605,7.4722767,7.003866,7.6449738,8.07943,7.5833206,8.814671,7.1600056,6.918112
RSRP1,-0.1557703,0.001473427,-0.33432007,-0.08995533,0.5222492,-0.56065464,-0.7810211,0.09945965,-0.1677103
LINC00702,-0.33420026,-0.12609392,-0.8313153,0.5955069,0.60491157,1.1673877,3.4855392,1.0339129,-0.2840445
SERGEF,-0.5152359,-0.65404606,-0.2787218,-0.63456917,-0.8944731,-0.16477203,-0.45262527,-0.62888813,-0.16794777
DDX3X,-0.7337551,-0.8051567,0.29785442,-1.0577621,-0.06915474,-0.41661072,-0.053754807,-0.1697483,-0.3106308
DDX42,0.017658234,0.13009644,-0.25770473,0.674448,0.7745228,-0.69079256,-0.5027528,0.26430225,-0.09225321
ARHGEF10L,-0.10861683,-0.48194504,0.15275574,-1.0826273,-0.59924126,0.7966986,0.11964321,-0.33918476,0.2502222
GPHN,-0.11537933,-0.2829733,0.28879118,0.39582777,-0.59376717,-0.47754145,-0.24707842,-0.47443533,-0.68056774
RPGR,-0.9904661,-0.88548756,-0.16808987,-0.6732154,-0.713469,-1.3904533,1.1746879,-1.8988771,-0.7457957
SEPTIN10,0.78351116,0.97062397,0.6082783,1.357254,1.4423618,0.73236084,2.7675648,1.1706705,0.749444
H2BC26,1.8416783,1.9371926,0.33493173,2.8350863,2.1677341,1.9415575,3.012538,0.895007,2.4548311
H2BC21,2.926898,2.0984497,2.6270447,3.0851927,3.2508287,3.554164,1.9780817,2.2466526,2.8704386
NUP62,0.66276646,0.94311523,0.4534731,1.0202818,0.9629326,1.0693254,0.81481266,0.96715736,1.3625135
VCPKMT,-0.16487837,-0.021177292,0.5922594,0.4866886,-0.06698084,-0.27063894,-0.52773476,0.41400528,0.46424675
DDX56,-0.009380341,0.54311323,-0.44377565,-0.19308758,0.001196384,-1.4588084,-1.7152419,0.6760993,-0.820951
DDX52,0.53053474,0.38816452,0.8311863,0.80594254,0.55580807,1.0924149,0.7959862,0.6236305,1.3660183
DDX50,-0.207201,-0.18633556,-0.12598228,0.10172653,0.066477776,-0.13535881,0.18223763,-0.032606125,0.499691
PJA2,-0.2147932,0.11991596,0.7105026,-0.0717783,0.2212677,-0.29116726,-0.13328266,-0.010115624,0.08808231
TMIGD3,-2.9805508,-3.1120567,-2.4879546,-4.3671165,-4.055034,-4.0123734,-1.9829121,-3.348916,-3.4167395
H2BC15,0.49970973,1.1624415,1.9673367,2.0759325,1.3640518,1.0053003,3.2948322,-0.07212055,2.0056338
CREB1,-0.12885141,-0.0892334,0.05693531,0.59523773,0.6598849,-0.8126192,0.19913769,0.23095417,-0.106496334
NUP50,0.27703094,0.7473812,1.1960154,0.55736065,0.6483631,0.6333685,0.83501816,1.0069876,0.8571615
TEX13C,0.73279953,0.2780094,0.6789293,-1.3130922,0.3927307,1.441865,1.0121074,-0.3322847,-1.020453
H2BC10,2.2942162,2.142846,2.7063103,1.7197285,2.2400513,2.227892,3.089779,2.393795,2.1235142
H2BC11,2.3727298,3.2441773,2.4109855,3.3007498,3.3864245,3.0611997,3.2187781,3.3684354,2.2150664
NDUFS4,0.060913086,0.19769096,-0.16520691,0.383358,0.058768272,-0.10426712,1.597559,0.15823746,0.2728367
NDUFS3,0.84937763,0.06129551,1.3755932,-0.7896795,-0.14701557,0.29519367,2.6263914,0.01373291,0.21324062
SCN4A,0.43845534,-0.21768641,0.89464307,-0.13465452,-0.4650314,-0.015262604,2.147323,0.103867054,-0.57370687
DDX28,-0.5035877,-0.6881056,-0.7208729,-0.5823097,-0.9222603,-0.52259254,-0.3492813,-0.7260237,-0.68938446
BCL2A1,2.0283537,2.1458998,2.1341076,3.0300741,1.9311686,1.8127813,3.4960165,2.0471907,3.1201353
DCTN1,-0.32773006,-0.3769412,0.2912351,0.53079975,0.3702371,0.81949985,3.1067586,-0.55537033,-0.032366514
CLCN1,0.59475994,0.44830513,-0.12668228,-1.0915613,1.9710336,0.8268094,1.0904622,0.5975337,-0.1970663
ERLEC1,0.2747984,0.57749844,1.015378,0.64059925,0.24076939,0.21586323,0.4312029,0.6398611,0.07421398
NUP42,-0.37163067,-0.22395658,0.840641,-0.08407736,-0.34530783,-1.5768213,-0.15729475,0.41895485,-0.41578054
SPATA46,0.3043983,-0.081480265,-2.5649395,-0.51934075,0.6793761,-0.54744554,1.7775078,-1.9178009,-0.75696087
MKRN4P,-0.008934021,-0.23379898,-1.3244114,0.056988716,0.6450691,0.11151123,2.6375809,-0.39385176,0.122665405
TARID,-0.34580123,-0.04078269,-0.83185387,0.77420735,0.7184868,1.1732776,3.4793134,-0.21665764,1.6114914
GALNT4,0.8770747,1.1457014,1.7884936,1.3132558,2.1250124,0.28843164,2.417008,1.2763677,0.87554646
GALNT2,-0.81486654,-0.7784195,-0.3861742,-1.3970857,-0.7231126,-0.9579363,-2.5433216,-0.73689556,-1.2947283
DDX31,-0.23263097,-0.59457016,-0.41530824,-1.2418156,-1.8270795,-0.8599169,0.8398216,0.26562762,-2.7673857
BPESC1,0.9508102,-0.069113374,-0.8936485,0.6451782,0.6831875,1.1222811,3.4145842,0.12525773,-0.13284874
SPATA2L,0.42339325,0.08407211,-0.76636505,0.2567978,0.16950893,0.49908447,1.7082481,-0.7648983,1.0649433
SPATA32,-0.047798634,0.11248875,-0.7474246,-0.6650157,0.059042454,-0.18435621,1.1713715,-0.6289716,-0.5143647
FAM131B,-0.45770836,-0.35138988,-1.1449995,0.10383892,-0.026701927,0.5150161,2.862051,-0.21900845,-0.77285457
FAM131A,0.5588074,0.5641098,0.6286144,-0.20505953,-0.061919212,0.894825,0.7066002,0.66835403,0.89356613
FAM50A,-0.036657333,0.13936043,-0.4944563,-0.26104355,-0.22006321,-0.12205696,-0.48559952,0.3428898,-0.49922752
NUP37,-0.24720955,-0.4756012,-0.47158337,-0.32820892,-0.30722904,-1.0032501,-0.39164925,-0.8960829,-0.2688713
RB1,-0.18865871,0.32036924,0.06819105,0.30497408,0.8569598,-0.12058592,0.60063124,0.7908807,-0.77552366
ZNF174,-0.40339088,0.31383085,0.1395607,-0.097867966,-0.5590868,0.2347393,-0.56030655,-0.13781404,-0.1919589
RPL3,-2.1183996,-2.234702,-3.0686665,-1.5070124,-2.117775,-2.2884245,-2.5991812,-2.3089685,-1.3879709
RPLP0P2,-0.58854866,-0.7496586,-1.39888,-0.42129326,-0.49963093,-0.7504387,-0.18319893,-0.7821541,-0.3322773
COL12A1,-0.4141357,-0.1660853,-0.9680015,0.6415552,0.5823419,1.0694788,3.3646836,-0.33911508,-0.30796528
PPIAP39,-0.011219025,-0.21082497,-1.1215277,-0.89427376,-0.30697727,-0.3786869,-0.16596985,-0.6179457,-0.6511307
STMN2,-0.4906885,-0.14401436,-0.9986063,0.63409615,0.59935975,1.0542438,3.2587588,1.0751226,-0.33949828
GABPB1,0.826581,0.8135729,1.0074191,1.5524468,1.354094,1.3624387,0.66254663,1.3122077,1.5733418
RPL9,-0.42376518,-0.22355652,-1.195384,-0.15148544,0.009075165,-0.70124817,1.2018032,-0.45572758,0.093250275
PPIAP31,-0.35049057,-0.31788635,-0.94656754,-0.81912804,-0.7046623,-0.6696358,-0.6849861,-0.6609173,-0.70619583
LCE1A,-0.56383514,-0.81030464,-1.751831,-0.30807877,-0.64229774,-0.35298347,-0.028802872,-1.3877907,-0.5594597
GNAT2,-0.70107645,-0.4002931,-1.1315806,0.1398077,0.30258656,0.85596824,3.1147895,-0.60237396,-0.59758496
LINC00659,-1.6703548,-0.03818202,0.41322398,1.8778458,-0.67887545,0.70573926,2.1794524,-0.92263484,0.9027617
STMN1,0.72252846,0.8147588,-0.49333525,-0.054250956,0.110195875,1.1501656,1.8467622,-0.4051969,0.10119629
GPATCH11P1,-0.5267954,-1.1010609,-0.9252801,-0.67818975,-0.78360844,-1.0343089,-0.31338024,-1.3740249,-0.5099311
NME2P1,-0.7956152,-0.9039335,-2.2391882,-0.58084965,-1.234972,-0.57929707,-0.82929707,-1.1558418,-0.06482983
IER5,1.1373482,0.76814365,-1.2229319,-1.0287018,0.45985317,0.45506096,0.3887825,0.043053627,1.1706161
LINC00652,0.9293561,1.7096782,1.0325623,0.76276493,1.3287106,1.3014612,1.8232622,0.9525585,0.78480864
IER2,0.047984123,0.03166294,0.426651,0.77704525,0.35111523,0.27061176,0.7429857,-0.03828621,0.44248867
ZNF160,0.10836983,0.18135118,0.43841362,0.69717884,0.21520185,0.46029186,0.37602186,0.40852642,0.7242174
LCE2C,-0.38849688,0.17172813,0.020209312,0.060223103,0.49307632,0.034074306,0.9351969,-0.27088404,0.29811287
LINC00649,0.3485117,1.0241547,0.52569675,-0.36679268,0.8032732,1.2112684,0.20550251,1.2876801,0.28118753
PDE4DIPP2,1.9408493,1.5271964,2.919197,1.0191994,1.5664101,2.2418022,1.3487434,1.6329684,1.7373657
SPIN2B,-0.6785288,-1.0564632,-0.5629091,-1.2167654,-1.103117,-0.98222494,-0.4172268,-0.9612675,-0.7812605
HPRT1,-0.586813,-0.39298534,-0.91454697,-0.0956974,-0.15871334,-0.633276,-1.0680676,-0.45180035,-0.22044945
TSPYL6,0.48087573,0.9207244,-0.97753334,-0.8840858,0.4537742,1.8519297,2.194347,-0.5528395,0.72112775
LINC00641,-0.3331771,0.04988885,-0.5137086,1.4422793,1.7419229,-0.79291654,1.4183102,0.48022985,-0.84077287
ZNF154,-0.23894882,-0.17616653,0.14391756,0.9043617,0.5342183,0.8156228,0.37454653,-0.29799223,0.8137469
NOLC1,0.00153923,0.038684845,-0.25087738,0.011978149,-0.4835577,-0.21909142,-0.35211754,0.1650734,0.07143402
STMP1,-0.44118118,0.19144869,-0.47241592,0.39944887,0.31457186,-0.3300581,0.23652363,0.29987812,0.09090614
GALR1,-0.6251,-0.24480093,-1.3905584,0.073446155,0.45201933,2.077712,3.2159247,0.22005808,-0.66440916
HBQ1,0.03531599,0.059564114,-0.70680237,-0.3735466,0.011500835,0.33772755,1.4147143,-0.76993036,-0.032841206
SERF2,-0.62742615,-0.6778774,-1.1884279,-1.230875,-0.65246296,-0.39269257,0.9714756,-0.77650356,-0.9646282
ZNF146,0.030154705,0.24326801,-0.5275154,0.36941814,0.28983116,-0.49817705,-0.849843,0.77320814,-0.72327805
RBMY1A1,-0.1752984,0.054441452,-0.9356396,0.759025,0.79781497,1.2451434,3.5641205,-0.15227675,-0.16771287
ZNF143,0.057491302,-0.05918026,0.25201225,-0.100084305,0.098566055,0.14533424,-0.318079,0.10850334,0.1388092
LINC00670,-0.7048603,1.0662563,-1.203645,0.37476838,0.7950299,0.7859428,3.6355038,-0.6100465,-0.61729974
ST13,-0.008225918,0.43265057,0.23039722,0.51911163,0.17787838,0.15061378,-0.6545954,0.42493153,-0.1457901
UPF3A,-0.34508944,-0.061481953,-0.07687664,0.14672661,0.1015625,-1.2386336,-0.117589,-0.02486515,-0.4058175
CDC6,-2.1523044,-2.0686452,-1.6634994,-1.1487927,-1.948416,-2.148742,0.43850136,-1.5380077,-0.11829424
PPIAP60,-0.1652236,-0.5643563,-1.1356497,-0.54245377,-1.4977231,-1.6943994,-1.3571653,-1.9546499,0.11642504
THAP10,1.3763986,2.0012193,1.9894958,1.4342184,1.4477711,2.262084,2.7938561,2.2688255,2.1167731
ST18,-0.3520198,-0.050498486,-1.1655973,0.45745194,0.66422415,1.1031244,3.3079283,-0.27922785,-0.36750102
ACR,0.53863955,0.6179342,-0.092785835,-0.37663174,0.53691244,0.9415903,0.04044962,0.11464548,-0.24080229
TADA2B,0.023441315,0.9185138,0.60981655,0.621511,0.26094007,-0.16420698,-1.5951581,0.6189585,0.32227278
OGDH,0.35827923,0.8592081,0.3905983,0.8830595,0.64160633,0.67932034,-2.0471568,1.1124277,0.22804165
ST20,2.0232964,1.9966087,2.0438614,2.5106392,1.9469061,2.1400242,3.6201763,1.8814917,3.1435165
REN,0.30108428,0.32692552,0.3759482,-0.6065614,-0.6837244,1.1801808,2.4154851,-1.1076384,-0.15528941
HBP1,0.12902641,0.4309864,0.9344578,0.741169,0.32557487,0.2503395,0.6851101,0.7895498,-0.13598824
LINC00662,0.67756176,1.3543081,-0.21365356,1.6285973,0.6201997,1.1791692,-0.10926008,1.2985506,1.3876472
ADA,-0.9469576,-0.8214283,-0.9284611,-0.94567966,-0.7330227,0.30346966,-0.45113087,-0.9473343,0.006112099
ZNF135,-0.38705206,0.35130548,0.48490953,1.2621889,0.64074373,0.09277105,0.005899906,0.7607331,0.3974676
ZNF131,-0.17717266,-0.29579258,-0.005402565,-0.021716118,0.021821022,-0.39682865,-0.7076273,-0.0695858,0.24082851
TCF25,-0.24788857,0.106357574,-0.8255892,-0.21395302,-0.25907516,-0.43527412,-1.7753162,-0.054455757,-0.5225487
TCF23,0.75150347,0.12894988,0.35360956,-0.31906343,0.24209976,-0.64673257,1.7571034,-1.0812328,-0.102207184
ADK,-0.827178,-0.5282936,-0.026400566,-0.005742073,-0.4982767,-0.6145048,0.12663078,-0.3621931,-0.15808392
FMN2,-0.4696144,-0.23087037,-1.0112102,0.62771,0.5106406,1.0024745,3.3703167,-0.436352,-0.4059881
PRSS22,0.009691238,-0.0848999,0.12857866,-0.24403715,0.564487,0.07401419,0.3538804,-0.36522388,-0.064342976
CLINT1,1.1825123,1.6656437,1.2247496,1.9251003,1.6071663,1.8319931,0.44637012,1.8229914,1.970501
MRC2,0.10949659,-0.5237012,-0.200912,-2.0459173,-3.1002853,-1.2731135,-0.6349983,-0.6213865,-1.7210033
C11orf96,5.53961,6.4170113,4.931905,4.741253,8.6594,6.376793,5.8127556,7.3067713,5.210634
DSTYK,-0.46106148,-0.1855793,-0.01954174,-0.18082047,-0.000938,-0.27030182,-0.88415813,0.04266739,-0.18632889
LCE5A,0.033019066,-0.12051964,-0.5860405,0.003445625,0.16103363,0.4165964,0.81434155,-0.55286217,0.8482599
ANXA6,0.15221977,1.0765829,-0.9201431,1.792202,1.1895676,0.67617416,-1.9090977,0.047839165,1.4479866
LINC00612,-0.8910407,0.011062622,0.16536498,0.67994976,-0.12184501,0.13699746,3.2118695,1.5611665,-1.2014791
RSPO3,4.029224,1.9702115,6.5733705,0.64352274,2.558837,3.6704922,7.491668,3.4581823,2.432386
ANXA8,3.3358858,5.7846384,3.7435243,3.5821788,5.3299646,2.024227,1.569463,5.389471,2.0157306
ANKRD30BP3,-0.5022438,-0.4587413,-1.2194734,0.373644,0.28168654,0.7940259,3.1241865,-0.6605452,-0.6272794
PF4V1,-0.45401067,-0.007339716,-1.0224288,0.44159853,0.5407572,1.1336138,3.2942657,-0.39989197,-0.36528915
TIGD1,-0.42266607,-0.29517365,-0.86257505,-0.7952161,-0.68228817,-0.261899,1.0749207,-1.0495524,-0.7924948
GARNL3,-1.1137905,-1.5393677,-3.02867,-2.4761019,-1.9680505,-1.3824632,0.1612258,-1.6713793,-1.3996646
HAVCR2,-0.26755333,-0.8019161,0.4648409,-0.39353943,-0.105579376,-0.103429794,1.2868099,-0.190629,0.020681381
BRD3,-0.23426437,-0.49940872,-0.2421627,-0.069171906,-0.30355453,-0.7334142,-1.6707158,-0.64073277,-0.523304
TIGD2,0.16572142,0.33288527,0.4320798,0.52808905,0.0680213,0.38155127,0.7098422,0.46826506,0.8528762
TIGD4,-0.4199224,0.1520778,-1.0250374,0.71332073,0.60572743,1.0486584,4.2604723,-0.3048203,-0.30101234
ANXA2,-0.0866642,0.23592472,-0.34382725,0.09498787,0.012421608,0.14313507,-0.32888222,0.18586254,0.07765007
IFNGR2,0.06938553,0.01552105,0.5879116,0.16266441,0.062472343,-0.4002838,-0.5134678,0.15368271,0.6270733
SSR2,-0.21595383,-0.39119434,0.001438141,-0.57351494,-0.5013666,-0.1395874,0.34687042,-0.43721867,-0.10445213
TCF12,-0.35074043,-0.20244312,0.8657522,0.1388588,0.36893654,-0.13985634,0.1557951,0.29066467,0.40308
TIMM23,0.4787855,0.75486374,0.31645393,0.5444002,0.41086578,0.26842594,-0.28654385,0.60844517,0.44186497
PRSS12,-0.50245434,-0.21068335,-1.004017,0.6810248,0.53903246,0.997509,3.2878537,-0.3974815,-0.40249997
C11orf87,-0.48300648,-0.25306112,-1.055986,0.6145822,2.2652361,0.96894,3.3146281,-0.46523327,1.7392535
LINC00608,-0.2580527,-0.016788125,-1.0176604,0.6295357,0.72815907,1.1622036,3.4525664,0.37344098,-0.2586304
RGN,0.6377971,-0.28505337,-1.093672,0.61628747,0.4606216,0.92136025,3.2125373,-0.4704461,-0.4764756
DNAJC8P2,-0.112086296,-0.20622826,-0.36507988,0.13938046,0.10369396,-0.4430971,0.12948704,-0.015735626,-0.11978245
CCL14,0.30791092,-0.19255352,1.4781661,1.1055799,0.17874861,4.309222,2.8560648,0.024024963,1.9936728
CCL13,-0.21399021,-2.074688,-1.964921,-0.09300041,-1.9603124,-0.4085803,-0.8814497,-2.254624,0.24871063
CCL11,-0.1868949,0.098716974,-0.4062451,0.5998442,0.60844636,1.0656524,3.391842,-0.35543656,-0.06946778
SCARNA15,-1.2505035,-1.6644473,-1.6624289,-1.8829422,-1.8543334,-1.4372511,-0.29109955,-1.8834162,-1.8121476
ATP6AP1L,1.0821705,1.2782555,0.54396725,0.7382693,1.5959158,0.98353195,0.18364239,1.2575417,1.0580411
BCLAF3,0.042160988,0.042248726,0.076165676,0.81054735,0.9055724,-0.6796818,-1.0815115,-0.5509734,0.8708625
LMAN1,0.6646738,0.67840004,0.93650055,0.9847307,0.49345684,0.95143986,1.6343174,0.9879856,1.1385317
BCLAF1,-0.2967806,-0.30570412,-0.31894016,0.91161823,0.42756653,-0.34678936,-0.5883608,-0.49531746,0.5930033
LCE3B,0.17347622,-0.12153578,0.10971832,-0.8775053,-0.6010556,-0.27000952,1.4404922,-0.6322737,-0.030502796
PRAMEF2,1.168873,-0.17040098,-0.7764095,0.44524384,0.54350686,1.1183652,3.4234557,-0.38742876,-0.22576284
PRAMEF1,-0.46207863,-0.19150668,-1.0037535,0.5119791,0.57304275,1.4441007,3.2909055,-0.38707674,-0.40163583
LMAN2,0.35596466,0.069561005,0.49610043,-0.5722027,-0.0487957,-0.4198475,-0.57558537,0.28437996,-0.21574974
RHO,0.35663795,0.10245991,0.53109074,0.2355175,0.1726923,0.24438095,1.7608099,0.22493267,-0.1310997
LINC00635,-0.47065067,-0.21729302,-1.0197822,0.62361217,0.53456235,0.99358284,3.3555512,-0.4233734,-0.39776194
BRD8,-0.11488533,0.27873325,-0.37573528,0.6219052,0.65825117,1.1464556,3.5017657,0.40628433,0.4784088
CCL19,8.91884,9.1127615,7.273363,9.358059,9.089088,10.108759,10.343092,9.227004,9.812168
AGA,1.6768742,2.2570038,2.1683836,2.157917,1.5123844,1.9430504,2.1138916,2.291154,1.9114342
CCL18,0.6421089,-0.4165392,2.1683064,-0.13575935,0.21681118,3.3280182,2.3244505,0.42982006,1.7224541
CCL17,4.8717613,6.858156,3.3172445,8.163876,5.8941164,7.010519,6.075817,6.180258,8.464811
CCL16,0.15570986,-0.14273536,-1.1503109,0.366189,0.49335754,1.0080131,3.1850348,-0.54353654,-0.10790515
ZNF101,0.35307598,0.49282074,0.82585526,0.6025648,0.5807781,0.5818701,0.95533943,0.54470825,0.4392805
BRD4,0.5978451,0.77952194,0.40138912,1.0402069,1.1025019,1.7716503,-1.0252924,1.0588064,1.1445923
AOC3,2.085187,2.366521,2.7664766,2.0595312,1.9865513,2.4815588,1.4075241,2.48669,1.9251451
CCL25,0.85227776,0.7392235,1.106606,-0.16622996,0.42039967,1.0987191,1.8058128,0.22196007,0.44531107
CCL24,-0.18161392,0.046009064,-0.7776413,-0.000439,-0.19052887,0.63186264,2.9526024,-1.0344572,0.27467728
CCL23,-0.17224169,-2.1199083,-0.099522114,-0.47141266,-2.2864807,2.0167513,2.5076132,-1.673759,1.4103894
SF3A1,0.02456665,0.4821167,-0.29820156,0.76636696,0.42192554,0.46600342,-0.918437,0.4411106,0.46206856
TIGAR,0.08976841,0.20902157,0.6623955,0.23022747,-0.26002312,0.4434042,0.52572536,0.57183266,0.86658764
CCL22,3.7486267,5.54624,3.546712,6.483755,4.0952015,4.633379,2.1843185,4.6958456,5.6912537
BRF2,0.6937151,0.98228836,0.8678665,0.70099354,0.7195797,0.3784423,0.36978436,1.2911959,0.3591342
AGK,0.8069973,1.3465672,1.1928873,2.0769958,1.7410526,1.2194653,0.31589127,1.470746,1.2945213
CCL20,5.1392155,4.2723656,5.1391516,6.549595,3.4729774,4.61666,5.494729,4.2931376,5.5677567
PRSS37,-0.97509545,0.10266638,0.09379184,0.19555032,0.054100394,0.5170187,2.848938,-0.88446695,-0.8805044
GPR4,-0.06129563,-0.31321084,-1.0327059,0.054343104,0.3629408,0.9402447,3.12386,-0.51677454,-0.494617
GPR3,0.6938834,0.9071889,0.012331009,0.19411421,0.54841566,0.9668608,2.1895056,0.93730736,0.38870335
XAB2,0.16798449,0.55959177,-0.787879,0.09298849,-0.09538269,1.1528192,-0.004069328,0.26243114,0.004069805
AGBL1,0.4015535,-0.22761214,0.0628711,0.21246517,0.5026573,0.89100325,3.068293,-0.47236896,-0.5627621
AGBL3,-0.49120605,-0.29293787,1.4931777,0.40685833,3.8262906,1.0119112,3.3150659,-0.47926646,0.7117082
LINC00622,0.20049047,-0.35038638,0.3611927,-1.9049973,-1.7169499,-1.3932087,0.7847023,-0.71423817,-1.3094366
FMOD,3.1651626,2.7694287,2.0971155,4.6209226,2.8675623,3.6881957,1.8923535,2.6406283,3.5048141
CCL28,-1.2752013,-0.21141005,-1.1851676,-0.81588817,0.08479023,-0.66507006,0.5636358,-0.087940216,-0.8839617
CCL27,2.0845144,1.9380443,1.476496,1.3168366,1.1455257,2.0974,2.4979541,1.5303552,1.5199082
CCL26,-0.01794076,-0.52952576,0.20571089,-0.336663,-0.30720556,0.22507238,2.5594256,-0.7232008,1.019505
GPHB5,0.39765978,-0.28012323,-0.08024788,-0.8616462,-0.43557072,0.17561293,1.6812687,-0.6954808,0.101638794
PUS10,-0.3080473,-0.11630201,0.11706972,-0.1298871,0.061956406,0.49784946,-0.91484547,-0.055551052,0.76925516
CLEC4M,-0.19191027,0.21452272,-0.41164052,0.27111888,0.38995576,0.9776312,3.0444508,-0.16634667,-0.33854437
DGKA,-0.029578209,0.6287441,-0.17750645,0.54010105,0.2885332,0.5846071,-1.1445599,0.7223158,0.548728
AHR,-0.2112236,-0.4096365,0.35031796,0.18441963,1.3044367,-0.106983185,0.54812145,0.21325874,-0.003557205
CDH7,0.09273648,-0.84384143,-0.06926918,0.81826115,-0.10098195,1.2878246,2.5209563,0.8359029,-0.052812338
CDH6,-0.45810914,0.20431185,-0.9404799,0.93944573,0.6005548,1.0918784,3.3162556,0.5149776,-0.2964586
MAEA,0.15810776,0.7333803,-0.23496819,0.24504852,0.5172739,-1.190136,-1.4656973,0.68657684,-0.5141201
ALG1L1P,-0.69264174,-1.2690787,-1.1742873,-1.7906351,-2.3062258,-1.2259736,-2.6203623,-1.1934514,-1.4384665
APMAP,-0.270998,0.21207714,-0.71397495,-0.3285656,0.049170494,-0.09165001,-0.76711464,0.11809254,-0.036584854
CLEC5A,-1.0981202,-2.1497595,-0.98513937,-2.5385013,-1.6700444,-3.5002754,-1.4968305,-2.6562915,-1.6029172
MAEL,-0.41193438,-0.015304804,-0.7091675,0.40527368,0.63211167,1.2121063,3.4024715,0.26413262,-0.12571013
SSX2,0.004985809,0.09847307,-0.7504697,-0.27590942,-0.08419418,0.5389099,1.4639416,-0.6887617,0.1672945
SSX3,0.46090627,0.4545014,-0.75551414,-1.0602636,-0.89682007,1.320291,1.8500414,0.32186437,2.749771
SSX1,-0.36222315,-0.08513361,-0.870731,0.6773915,0.67864954,1.1211547,3.4194927,-0.2729106,-0.28369552
NKX6-3,0.49109745,-0.206429,-1.4267435,-2.039231,-0.7671621,0.7751117,1.2796106,-0.78947926,1.7241635
RPS9,-0.015396118,0.015452385,-0.6061697,0.44342613,-0.18423748,0.45179367,1.5192013,-0.07451248,0.61593246
PURPL,-0.34028554,-0.07548618,-0.47659624,0.76765263,0.6815505,1.1270125,3.4407012,-0.22732198,-0.2103281
RPS6,-0.48711014,-0.76017094,-1.2163439,-0.16031456,-0.2220459,-0.11075592,0.470232,-0.63663673,0.0705719
MAN1B1-DT,-0.554739,-0.40811062,-0.04289627,0.9316306,-0.6743932,0.27778292,-1.55585,-0.24657822,0.6856017
CLEC4A,-2.9531088,-4.6985517,-2.640995,-5.5168915,-5.1314564,-3.5228033,-2.1265535,-4.1340065,-3.4592257
CTDNEP1,-0.14966774,-0.056982994,-0.019722939,-0.7315483,-0.1519041,-0.560976,-1.6305237,0.22524261,-0.5090866
ARMCX4,-0.5940541,-0.05385506,-1.127499,0.45100152,0.38099456,0.88924265,3.2350504,-0.55411136,-0.5195985
CLEC4C,0.12169552,-0.49545288,-0.6704041,0.21052933,0.34584653,0.85454655,3.3212116,-0.45836985,-0.65666384
CACNB3,-0.05858946,0.22573185,-0.5364795,-0.18675566,-0.067409515,0.29171705,-0.21222448,-0.117673874,-0.12910509
C11orf40,-1.4424356,0.023288965,0.38592958,0.27286863,-0.98496425,-0.4746368,1.7858305,-1.3483814,-1.5521538
TEX9,-0.37049007,0.6865308,-1.521704,-0.43083096,-0.17747712,1.7458537,2.512508,-0.7471006,-0.9037521
CLEC4E,1.065218,-0.4359498,2.8320942,0.084778786,0.2658906,2.443478,3.552104,0.3347392,1.6427274
CLEC4F,0.1808796,-1.6407378,-0.5674088,0.8709512,-1.0435874,1.0211034,1.3702798,-1.7304926,2.8131628
CUL9,-0.0705204,0.07635212,-0.42841625,0.16267586,0.15358353,0.3418274,-0.07142258,-0.054750443,0.25143814
NOTCH2,-0.23879242,-0.26582336,0.31075382,-0.10801697,0.13484001,0.4088974,0.2277317,-0.013507843,0.30553818
NOTCH1,-0.003076553,-0.23200512,-0.02173233,-0.609478,-0.728086,0.80968666,1.6117449,-0.25245476,1.4684715
NOTCH4,0.992568,1.7390504,1.2454886,2.0260959,0.43056345,2.69305,1.7742267,1.7540069,2.1104865
CUL2,-0.06926012,-0.024826527,0.6910906,-0.095385075,-0.08657265,-0.71004677,0.6762667,0.45140743,-0.27877426
CUL1,2.2591095,2.9417353,2.3680239,2.280754,2.608428,1.4148045,0.6835995,2.9849052,1.522232
AK3,0.23596525,0.03378105,1.1918097,0.64972687,0.49673414,0.9222479,0.75332546,0.129323,0.7676587
AK8,6.54866,7.3072467,6.2613893,7.0209327,7.3018985,8.204514,8.731689,6.962497,7.9222007
AK9,-0.05173993,0.41669273,0.9167099,-1.4300339,0.2831211,-1.1081579,1.1705508,0.9036732,-0.7630799
BAG6,-0.5725832,-0.15783024,-0.16596222,-0.47923756,-0.43663216,0.2969675,-0.9149933,-0.22597885,-0.3318777
ALG1L3P,-0.46034098,-1.5364518,-1.0312548,-1.2827463,-3.1881015,-0.5632887,-0.3410144,-1.2007637,-0.6462121
KLC2,0.63123035,0.8268113,0.28950548,0.4848714,0.17109251,0.63735867,0.6556082,0.21237564,0.4648075
BAG5,-0.6431341,-0.11621952,-0.6164808,-0.50223064,-0.34461212,-0.5371084,-1.3874578,-0.13405228,-0.71483135
CLEC7A,-1.7829494,-2.5478892,-0.8914509,-2.5696692,-2.066533,-2.093186,1.5609655,-2.6311245,-1.9125123
BTBD2,0.16488457,0.54564285,-0.34562302,-0.348238,-0.43939304,-0.010471344,-1.7114954,0.23000908,-0.9708214
BAG1,0.41781616,0.508255,0.89096355,-0.14229202,0.4657488,0.7221832,1.2060528,0.73267365,-0.07263756
NACC1,0.22953796,-0.09102821,0.49385643,-0.21172523,-0.5546112,-0.07657051,1.096159,0.08367348,-0.39451408
SAFB2,0.08344841,0.013220787,0.40451717,0.34833145,0.4198103,-1.0907602,-0.90352917,0.18309212,0.23347473
MPDU1,0.36805725,0.40876198,0.037888527,0.035642624,-0.083117485,0.5503597,-0.96105003,0.56789684,0.33356094
ZNF658B,-0.59900284,-0.26091003,-0.07968235,-0.044254303,-0.6494975,0.14737272,-1.9181046,-0.21357155,-0.22819519
BTBD7,-0.4680934,-0.33601856,-0.011417866,0.011418343,0.49843645,-0.29130173,-0.45994663,0.06127262,-0.16143417
BTBD6,0.5197296,0.8129387,0.116187096,0.039787292,0.42755127,0.7289791,0.30798912,0.6696758,0.22314453
BTBD9,-0.15278053,-0.20415306,-0.80663395,-0.4140358,-0.41925526,-0.14237404,-0.96640205,-0.4544735,-0.21073723
ZZEF1,-0.096058846,0.19034004,-0.507884,0.2938547,0.32578564,0.4396124,-0.71877766,0.19318771,0.26686382
C11orf21,0.29626846,-0.37834167,0.18919897,-0.9464121,-0.4465208,-0.62011766,-0.39235592,-0.522902,-0.81958437
CDK9,0.093512535,0.22890949,0.19958115,0.21840954,0.4541483,0.5474081,0.71161747,0.26798916,0.8140421
MOB1A,0.6354046,0.7981062,0.7217331,1.2168465,1.1292086,0.43803978,1.290493,1.1112347,0.48298454
CDK7,0.6212597,0.48902416,0.7807226,1.0036583,0.61312485,0.6663685,0.9852476,0.31163406,1.1396446
BTG2-DT,-0.5998404,-0.47792268,0.17033482,0.06968331,-0.4975562,1.024262,1.6371775,-0.74787736,0.052404642
CDK6,1.4716458,2.256575,0.6781702,3.282517,2.958181,1.6781769,0.5947819,2.1813293,2.1196117
CDK4,-1.2285995,-1.4221764,-1.3777189,-1.6514359,-2.1368885,-0.9062805,-1.8388529,-1.2431679,-1.0281696
MAFG,1.0498991,1.278225,0.42112637,0.9457941,1.2549658,1.6564379,0.6956892,0.96950054,1.10538
CDK2,0.4814434,0.97444534,0.72800255,2.7171888,2.1205764,1.1219182,0.84354496,1.0517888,1.9342322
ALB,-0.6526667,0.5305885,0.35542154,0.55645216,0.38763738,0.8427739,3.132835,1.0229764,-0.55237234
MAFK,0.5462961,0.9746218,0.44825935,0.56255627,0.6408844,-0.096922874,-0.089053154,0.8191328,0.12864399
NACAD,3.266264,4.587056,2.468906,4.526177,4.1173263,4.9339185,2.5227432,4.347944,4.500715
XAF1,3.3535252,3.4958172,3.9611902,4.201296,3.893134,3.634716,3.2185173,3.9174356,3.2480755
ALK,-2.4509227,-2.1386046,-2.9570172,-1.418901,-1.3778015,-0.95342517,1.3271782,-2.3218365,-2.365769
PPIAP70,-0.21852303,-0.19552803,-1.0510378,-0.9562855,-0.6275282,-0.6159191,-0.5642719,-0.7049103,-0.6685085
DUSP19,0.14217854,-0.4914894,0.29534292,-0.5068593,-1.1010034,0.38541985,-0.4273572,-0.3859496,0.14747095
WASH6P,-0.2792797,-0.003483772,-0.40881157,-0.2597618,-0.19553185,0.22107887,0.52911186,-0.25343513,-0.59074974
PTPN22,-2.5310354,-2.7784739,-1.3754377,-3.654574,-2.7526512,-2.728962,-0.3527274,-2.00487,-2.1870785
DUSP16,0.72778654,1.1600189,1.784853,1.3049002,1.0268483,1.4711533,1.0973673,1.4784746,1.5367856
DUSP13,1.0498686,0.18468714,1.8477588,0.28581715,-0.22455359,1.4498453,2.472849,-0.81078815,1.2291384
DUSP10,1.1930981,0.43575287,2.198142,0.45801115,0.2579708,2.3420515,2.43536,0.9869127,1.7036238
EFHD1,0.025860906,-0.27466184,-0.9412565,0.34489262,0.46083307,0.9934343,3.2665544,-0.48240906,-0.32281643
CLEC1B,-1.0580686,-0.8590112,-1.6359178,-0.003886581,-0.11860919,0.38122356,2.71282,-0.91348124,-1.0339689
AMN,1.8992517,1.8289294,1.4964938,-0.119237185,0.604408,2.0138876,2.888115,1.927608,1.3854609
REXO1,0.78223944,1.128849,0.24544954,-0.5400684,0.48670673,0.9709673,0.6630101,0.81006,0.07929778
GPX4,1.7964153,1.7962532,0.9238529,0.97509384,1.6154938,1.8720188,2.0898342,1.5694504,1.3534813
DTX3L,1.8450022,2.1046896,2.282465,2.527566,2.496604,2.6362123,1.5312605,2.3963947,1.9710016
COL25A1,-0.42823136,1.8586504,-0.70999694,0.4804722,0.56143403,1.1255133,3.40894,-0.3672477,-0.15436721
GPX3,0.029914856,-1.3026676,0.67894554,-2.0465698,-1.3569031,-0.83600235,-0.14430141,-1.3670282,-1.0581951
LIX1L,0.3463416,0.8320193,0.5179181,0.7028365,0.64913034,0.5414386,-1.5760388,0.88434553,0.5344901
AMT,0.7040024,0.52075577,0.20489883,0.784647,0.56500435,1.5314922,0.13645744,0.35675907,0.66776466
HK2P1,0.7780943,-0.1248436,0.915185,-0.6126797,-0.000146,0.7629585,0.9710431,0.45144463,-0.3146658
TRAF1,5.8879128,6.6530037,5.077052,7.4455853,6.9472637,6.712206,4.6332016,6.26735,7.2513695
REXO5,-0.3483081,-0.17592621,-0.14508867,0.94175863,-0.5374327,-0.25623465,-0.5476413,0.22128963,0.3658967
DUSP22,0.15242958,0.31974983,-0.1722765,0.66142654,0.6052246,-0.2573967,-0.8887148,0.21465206,0.14917183
RP1,-0.5198585,-0.26806808,-0.9991851,0.38778305,0.44927216,0.99984956,3.30353,-0.46589053,-0.45497727
ZNF788P,1.3321567,2.3278189,0.57163954,2.8633227,2.6555343,0.5493617,1.533474,2.568098,0.5132499
TRAF3,0.45152712,0.47696733,0.8788152,0.721581,1.0975842,0.90601206,0.9864564,0.84015894,0.7261472
TRAF6,0.97077084,1.4747114,1.0292187,1.9339552,1.5870934,1.2174902,0.69451237,1.4818983,1.5738192
EFHC1,-1.0694419,-0.7430564,-0.8402256,-0.14067066,-0.017009377,0.43698394,2.732246,-0.9539088,-0.7520653
NUMB,0.008588791,-0.2088604,0.44478416,-0.017129898,0.15032768,-0.082868576,0.13536453,-0.16695118,0.091688156
LINC00689,-0.51556075,-0.26515698,-1.1983824,0.8655853,0.48909426,1.5136774,3.1895413,-0.47828114,0.81645226
RP9,-0.2920847,-0.7662506,-0.5812893,-0.33828068,-0.63734055,-0.48427677,0.25421715,-0.59695435,0.17668629
C4orf45,-0.49281532,0.40919507,-0.9139322,0.35885465,0.4479711,1.0361176,3.3510215,-0.4655447,-0.3738826
MRM1,-0.11680603,-0.7199321,-0.6283436,-1.78126,-1.5559406,-0.115850925,0.7178445,-0.7107744,-0.59251213
REPIN1,1.3669643,1.777585,0.64964104,1.4913025,1.4345217,1.2575092,-0.66756725,1.4717207,1.5305233
CLEC3A,-0.3911354,-0.17652148,-0.90401924,0.568064,0.5534643,1.1019574,3.4226499,-0.37154615,0.78779876
HIRIP3,-0.4597745,-0.5478277,-1.1579833,-0.5098729,-0.6332674,-1.7769222,-1.7134962,-0.46600246,-0.53471327
C4orf19,-0.63074684,1.2602644,-1.287819,0.076884985,1.0879653,1.5833728,2.9107828,-0.52125394,-0.6035141
RSBN1L,-0.103450775,-0.13227034,0.4839716,0.034624577,0.6913338,-1.4846034,-0.5311227,0.3642664,-0.28605032
CACNG2,-0.5926079,-0.3811608,0.108332396,0.47197497,0.36539006,0.83406854,3.1780145,-0.36676598,-0.56009835
CACNG5,0.090359926,-0.6901306,1.0428464,-0.17806947,0.020746708,0.48807716,2.6588142,-0.90409327,-0.95777667
SPAG9,-0.31167507,0.003909111,-0.36575603,0.2508955,0.20658779,0.30225277,0.012869835,0.35001564,-0.6817465
PTPN18,-0.11201477,-0.46597862,-0.26948547,-0.7629242,-0.6934471,-0.45303345,0.6710167,-0.36995506,-0.23472977
CKAP2-DT,-1.5687308,-1.6643243,-1.824563,-2.2676451,-2.1277926,-1.6986337,-0.5391979,-2.0062714,-1.2200775
PTPN11,-0.7336116,-0.38874722,-1.3870215,-0.063570976,0.12813759,-0.62511635,0.92878675,0.35950518,-1.0326242
PTPN13,-2.70863,-2.3409176,-3.1912072,-2.695186,-2.7355952,-2.272481,-0.02901125,-1.5389974,-1.9558773
PTPN14,-0.5372778,-0.30031693,-0.9856844,0.32135952,0.4164939,1.4381204,3.306043,-0.4872557,0.95515156
OXR1,-1.1540456,-1.5118213,-0.6308069,-0.7565088,-1.1037889,-0.91522646,-0.04904747,-1.0074992,-1.1906381
MGAT4D,0.01920712,-0.19022322,-0.46103632,0.40278435,0.53498244,0.9928334,3.282174,-0.40459538,-0.19764447
KLF6,1.6723299,2.126361,1.8207321,2.0469637,2.3559837,2.234599,1.3551903,2.1912107,2.0348253
APC,-1.8712686,-1.4277866,0.15642619,-0.29796815,-1.4526446,-0.9932611,1.1042631,-0.29025292,-0.53133965
IMPDH1,-1.3686352,-1.2437086,-1.6864452,-1.7592964,-1.3661251,-1.3101597,-2.2700176,-1.2740078,-1.4925728
IMPDH2,-1.835856,-1.7958598,-2.3025613,-1.5002651,-1.8006845,-2.0152016,-3.4402103,-1.9077115,-1.730886
SPAG1,-1.0476764,0.40046573,1.3759537,1.4430728,-0.21845269,0.27464032,2.2249284,0.92162967,0.8187382
FOLR2,-0.960433,-1.7003646,-1.5928383,-2.507102,-1.5432696,-1.2676702,-1.3583074,-2.1746783,-2.2811837
CDO1,-0.50611365,-0.21341717,0.46104288,0.6981416,0.535799,0.9816904,3.2751904,-0.38217854,-0.4036883
MYORG,-0.55946034,0.5715624,-1.0993481,0.3946756,0.48142743,0.9066832,3.1884596,-0.47941005,-0.23699546
TP53TG3D,-0.9855559,-0.68376064,1.79529,-0.023824692,0.053827405,0.5070505,2.8183255,0.76937866,0.9820881
SPARC,-0.71589184,-1.5221286,-1.3148727,-1.5283694,-1.8906622,-1.065783,-0.48676205,-2.1968408,-0.9456639
DPPA5P4,-0.68034744,-0.10550022,-0.8361566,-0.86433566,-0.3381009,-0.16686273,1.9836435,-1.5162272,-0.1314516
RS1,0.045331955,-0.49309158,0.20308876,0.29552364,-0.870594,0.8227701,2.2519493,0.23211908,-0.4872961
VSIG4,-7.176978,-9.290778,-7.1898394,-8.142565,-8.740321,-6.2295637,-6.5730605,-7.8961034,-6.077597
MYOZ2,-0.48373914,-0.25319552,-0.36794472,0.49205363,0.4946078,1.0053666,3.3005347,-0.4323495,-0.3704418
B2M,0.92655754,0.9496441,0.798872,0.9833107,1.6048374,0.31365204,2.3012676,0.86419106,1.0669842
CDON,0.001704216,-0.04675746,-1.0289953,0.41129255,0.69222915,1.0764475,3.7638364,-0.28559446,-0.36891216
CHIT1,2.4364128,-0.14819527,0.29873943,2.9503803,-1.1562262,4.223692,-0.5700021,-0.000952,3.86697
INPP4B,-1.7059385,-1.5487156,-1.6300728,-1.632823,-0.69517875,-1.2271221,1.8930345,-1.9016939,-1.1200578
MALL,-1.1810242,-1.3561006,-0.79396224,-0.44624758,-0.4087646,-0.16250873,2.1264162,-1.5278836,-1.549989
SMIM3,0.2905426,0.66348743,1.0381823,0.27342224,1.5203352,0.43540382,1.1942768,0.57419395,0.26961327
CDS1,0.87933254,0.22875929,1.7729254,0.15681553,-0.03412676,1.111393,1.28618,0.5915828,0.97001934
IGSF6,-1.0767002,-2.990035,-0.4419155,-2.8996143,-2.3773499,-1.6363411,-1.2966785,-2.6706123,-1.6061325
IGSF3,1.9357281,2.7408552,1.5255957,3.2902389,0.12400293,1.1084771,2.4367766,2.8075266,2.287249
MAOA,0.06176567,0.48058653,0.29247332,0.19384384,1.0347772,0.8424325,1.3461251,0.8851447,0.12284422
TWF2,1.326045,1.646533,0.7961178,1.0199423,1.1797934,0.35576916,-0.38586712,1.5284433,0.6232023
TMTC3,0.42283106,0.41349792,0.67733526,0.85470295,0.79246235,0.97711134,0.9568472,0.8599982,0.5630231
KLK5,1.1041334,0.7393451,0.7862947,-0.9030386,0.037241697,0.15780258,2.2481377,0.17389154,0.4032035
TWF1,-0.54712677,-0.5831137,0.86141014,-0.3337307,0.14042854,-0.46578026,0.69480896,-0.099879265,-0.047367096
STC1,0.36530304,0.21782804,0.025119781,0.2503897,0.24203134,0.75752616,3.7309458,1.5722959,1.133348
TEX261,0.5612726,0.17517519,0.13447857,-0.2590046,-0.47532797,0.71012926,-2.01294,0.3685603,-0.34200573
SMIM7,-0.14219952,0.049993515,-0.2868538,-0.19694233,-0.2986536,-0.013102531,-0.15554905,0.053325653,0.07218456
SMIM6,0.9516568,1.2264314,-0.13605261,2.0559196,0.88202906,1.9057231,-0.07106304,0.35804892,2.871469
KLK7,0.5737972,2.0181634,0.86152005,0.0390954,0.11340654,0.65540123,2.9337888,-0.82048726,-0.71029913
INPP5B,0.7717166,1.2328157,0.1807046,1.6436071,1.1396022,0.4600129,-0.09776831,1.3225551,0.89382267
CYP4X1,0.5450902,0.2755654,-1.2293661,0.522125,0.40527117,0.8429189,3.1365788,-0.51117194,-0.51586294
INPP5A,-1.1931982,-0.53025055,-0.78289366,-0.5419493,-1.359097,-0.61105204,-0.8363805,-0.41369724,-0.67146635
SPAST,-0.12788391,0.21872711,0.6529379,0.009160996,0.073459625,-0.38858986,-0.5773344,0.4191923,-0.024484634
MAP2,-0.4639516,-0.13984871,-0.12702882,0.3928336,0.57291436,1.0579721,3.30855,-0.3953694,4.23507
CMYA5,0.1995393,1.4721339,-0.17521286,0.6089957,1.614676,0.8493326,3.167129,0.7260921,-0.602351
MAP6,1.2135242,-0.606213,1.5809239,0.21734583,0.15251434,0.60782754,2.916202,-0.7822453,0.5565356
ASL,-0.5053196,-0.2554636,-1.7652235,-0.085718155,-0.40367413,-0.5582428,-2.197628,-0.49311924,-0.6856537
CDR2,0.60254383,1.1798153,0.3537798,1.275588,0.75199604,0.8005285,-0.9659929,1.0355539,0.78844166
CDR1,-0.42294645,-0.17264324,-0.9019723,0.4757955,0.56963456,1.0752184,3.3470628,-0.36481774,1.2732036
CDT1,-0.048630714,0.5916977,-1.4352126,1.5614414,0.73889065,0.14045429,-1.7879972,0.023879051,0.7507458
GADD45B,1.5991554,1.6506548,1.7018814,2.0178165,2.272503,2.1929893,1.3100319,1.7441187,1.7649097
GADD45A,2.5385323,4.0375195,3.4762888,4.464821,4.697545,2.9916573,2.963521,3.9976597,2.3718014
BCL11A,-1.2041502,-0.4673357,-1.9849162,-0.7508526,0.074426174,-0.6074295,-0.054257393,-0.47309685,-0.7159281
STAC,2.789926,2.1014047,3.0396886,2.117682,1.3527598,2.1485534,1.798388,2.4648795,2.494247
ENSG00000248837,0.9927404,1.0013924,-0.72003055,-0.32588112,0.4542992,1.6892822,2.4119503,-1.3694956,-1.1483817
USP46-DT,0.4342909,0.3504777,0.8927984,1.6727324,0.9316435,1.357451,1.5218663,0.5874486,1.401288
STAM,-0.56197596,-0.22931623,0.049408436,-0.09438515,-0.17867184,-0.21016932,-0.6685028,0.056741238,-0.18638659
LRP2BP,-0.39968026,-0.17951632,-0.978292,0.686605,0.56220424,1.0496451,3.3629532,-0.39182836,-0.3569945
GADD45G,2.1900802,0.9404664,3.2284513,0.15550041,1.1713891,2.8316364,3.8681316,1.6140499,1.6975346
SPART,0.9859905,1.2205858,1.1884584,1.0204353,0.9840889,1.1165104,0.98477554,1.2593069,1.3328362
HTR7P1,-0.9891715,-0.771266,-1.7106266,-1.2593126,-0.38729477,-0.2794795,-1.1755295,-1.5352602,-1.2831564
ATM,-0.8848276,-0.83122826,-1.0064859,-0.94937325,-0.35019112,-0.89019203,1.7219586,-0.33935022,-1.0932665
CUTC,-0.4951687,-0.58412695,0.11364412,-0.09055233,-0.2700553,-1.6218305,-0.42986822,-0.15751171,-0.70064116
CDS2,1.109437,0.2743187,1.5491858,0.42714024,0.7206507,1.3252993,1.4709215,0.55585957,1.2332296
MRS2,-0.4038124,-0.4876156,-0.25541973,-0.10948181,-0.62780666,-0.5954685,0.21694183,-0.30362034,-1.031353
HNRNPCL1,-0.098306656,-0.13812447,-0.01710987,0.34739494,0.13137722,-0.6233902,-0.48718548,-0.22444725,0.046369553
HCCS,-0.46072865,-0.68171597,0.021986008,-0.50485325,-0.34812832,-0.67566776,-0.06934166,-0.4754343,-0.28765583
PPCDC,0.5779028,0.77924585,0.7744684,1.4313998,0.5910454,0.9698887,0.98759747,0.3961773,1.3270488
JCHAIN,0.00588131,-0.04674864,-0.7417922,-0.14298439,-0.54511833,0.2658577,0.5302868,-0.7259469,0.13218307
KIF13B,-0.4129982,-0.04491234,-0.020308495,-0.23997307,-0.7530718,-0.02114296,-1.4895458,-0.04830265,-0.1914959
ENSG00000277332,-0.3767022,0.03073597,0.23792756,0.40726912,0.7184833,1.1998094,3.2523885,-0.19561112,-0.28820658
H3-3A,-1.3557758,-1.5589685,-1.2643442,-1.7032204,-1.1723528,-1.380661,-0.6989002,-1.6622477,-1.2580929
CDV3,0.7632084,0.57856274,0.2510481,0.979229,1.2144623,0.72128296,1.3921375,0.16145134,1.2946644
TSC22D4,0.006113529,0.26691914,0.09335232,0.22337341,0.050106525,-0.16450167,0.90930843,0.069480896,-0.03006506
LRRIQ3,0.692055,-1.5082049,0.99606514,-0.6969862,-0.74681425,-0.29559207,2.0160093,-1.6856735,-0.5906365
TSC22D3,0.85212517,1.2690849,1.1124458,1.1229839,1.5562515,0.97424316,1.2782536,1.1072531,0.9043274
BTN3A3,1.6663084,2.014141,1.5050421,1.7803297,1.7012014,2.4265966,0.96898556,2.2326336,1.8652449
IZUMO1R,-0.85050154,0.2826743,0.37726212,-1.1839185,-0.9596889,-0.706295,1.6095066,-1.2113247,0.022803307
BTN3A2,1.6887827,1.9796457,1.6083746,1.5761423,1.5329409,2.4609194,1.2801027,2.2183132,1.6707697
DCSTAMP,0.8890581,-0.117274284,1.8390036,-0.2341547,-0.5071001,2.1689444,1.5102282,0.16421795,1.372508
H2AP,-0.65503883,-0.41819954,1.3115182,0.24943471,0.32498693,0.7659795,3.0675254,-0.6281805,-0.6540181
TFF3,0.36755514,0.04221058,0.14453602,-0.48752308,-0.13647985,0.20534706,0.5206213,-1.0121646,0.09843111
TFF2,0.91503286,0.66511345,0.41313314,-0.40789557,0.33828878,0.020336628,-0.35381222,-0.25900793,-0.17294645
TFF1,0.55818176,0.26023436,0.39687347,-0.35078144,0.30383015,0.5475011,1.4075279,-0.33064318,0.31076527
AVP,0.24661684,0.001405716,-0.9241743,-0.29079103,0.6339617,0.5853281,1.7622395,0.6534424,1.9907904
MAPRE1,0.43344688,0.6611595,0.7985048,0.7890816,0.40286827,0.91845894,0.5051708,0.7779484,1.0509644
SPAM1,-0.5072378,-0.06162119,-1.101268,0.54477656,0.48396254,0.9376383,3.2683537,-0.47915596,-0.45161158
PRIM2,-1.1863999,-0.79651785,-0.33067513,0.083455086,-0.15696716,-1.6745923,-0.37184858,-0.5464058,-1.3539984
PRIM1,-0.1453743,-0.3820505,0.13735199,-0.2589798,-0.2635212,-0.35304928,-0.48718262,-0.12822866,0.066820145
IFI6,4.057515,3.6207294,4.0570126,2.925599,3.774291,4.61506,5.1903276,3.4749165,3.3215837
TRAK1,-0.30376005,0.068291664,-0.45330286,-0.98733234,-0.5882406,0.23729563,-1.3725648,-0.2868948,-0.16311264
CUX2,0.80653214,-0.40785313,0.35584235,-1.6264465,-0.05110669,-0.2786672,0.97643113,-0.14912653,-0.74301744
CUX1,-0.9903741,-0.9194486,-0.84652853,-0.27726603,-0.9186187,-0.81730676,-0.038008213,-0.8787074,-1.2530053
CTNNA1,0.74137783,1.1722231,0.7543793,1.0499544,0.94838524,0.6436205,-0.29908466,0.9696121,0.5248728
CTNNA3,-0.39212728,-0.13282192,-0.9509872,0.71423066,0.61482203,1.0908558,3.382434,-0.30583227,-0.2921468
HRAT17,0.032429814,-0.19775224,-0.21506643,2.410418,0.54444313,1.9769273,3.1588676,0.44541574,-0.38458085
GDF11,-2.253271,-2.0055513,-2.6974096,-1.382823,-1.2677727,-0.21496582,1.5205746,-2.2092183,-0.95100963
CDX4,-0.61781526,-0.3432663,-1.1892071,0.5476153,0.4054594,0.86416256,3.154831,-0.5097581,-0.51746386
DMRT1,1.7493343,0.5522568,1.2780428,-1.2581279,0.34502697,-0.8486757,1.4592423,-1.5812798,-0.5105133
RYK,0.5576105,0.37662077,1.0149717,0.7136431,0.81737375,-0.45157766,0.3029127,0.7011285,0.88734436
SEMA3B-AS1,0.23458743,0.3732624,0.8253882,-0.389701,-0.35926366,0.07817292,2.3746727,-1.0789481,0.8938806
ENSAP2,0.8588772,1.0835094,0.7709398,0.84103966,1.0713949,-0.023290634,-0.22990417,0.33447552,1.0760937
GNAQP1,-0.60319424,-0.20995235,-1.4484658,0.14651966,0.06785822,-1.1708021,-0.49716997,-0.44895363,-1.2514863
ETNPPL,-0.50111854,-0.29030764,0.79653597,0.5243255,0.45759654,0.91595864,3.2688372,-0.49827266,-0.4769233
BATF,-1.1606121,-2.0604944,-1.5408869,-2.0601006,-2.0076904,-1.2885723,-0.00258255,-1.9855928,-1.9188385
MAS1,-0.58232784,-0.30824727,-1.101512,0.5691582,0.4375596,0.90323615,3.2632308,-0.5066907,-0.49337792
RNU6-813P,-0.28191394,0.001090527,-0.65010023,0.5673077,0.7232578,1.2341695,3.4945045,-0.23623097,-0.011066437
CTNNB1,0.6533127,0.8940792,0.09911919,0.64468956,0.9491997,0.4885311,0.20221615,0.8563671,0.5559025
WASHC5,-0.96488285,-0.61633396,-0.5990257,-0.49063778,-1.0212984,-0.5477152,-1.4203959,-0.47829723,-0.5947771
GALNT17,0.8811064,-0.10415554,0.1727457,0.001466751,3.524805,0.49072504,1.5479393,-0.5148163,-1.130164
GALNT10,0.66222906,0.9810848,1.0033321,0.7362895,0.63494873,1.1363306,1.1247177,1.3945723,0.58425236
IL18RAP,1.2873526,1.0010004,0.3193617,-0.09294891,0.88352966,1.7513862,0.90435123,1.2168112,1.481298
MAPKAPK5-AS1,-0.96497107,-1.2787738,-0.59784985,-1.4882603,-1.4074874,-0.63785934,-0.10520649,-0.7556,-1.0160775
DSCAM,0.43457246,0.27058816,0.027073383,0.6312115,-0.42688322,-0.40884447,1.838119,0.02949524,-0.7387903
KRTAP13-3,-0.31509477,-0.000705,-0.7941966,0.5983281,2.1618614,1.2040856,3.46323,0.000705,-0.21471572
APLP2,-1.197897,-1.5980034,-0.7355213,-1.7495155,-1.9942522,-1.7365932,-2.0941029,-1.2707348,-2.184103
APLP1,0.4962392,-0.06593323,0.4371028,-2.82021,-0.014372826,-0.027553558,0.45839453,-0.51028204,-0.34381723
EPDR1,1.7185116,1.4314833,0.840147,1.6245975,1.5233335,1.3355732,0.9274354,1.4545927,1.9047737
PRSS58,-0.31432223,-0.06090182,-0.88764024,0.7274153,0.6912023,1.1632805,3.4586823,-0.22181892,-0.17761058
CDYL,1.1145506,1.6423492,1.4888611,2.4209452,1.8281927,0.6186552,-0.37691307,1.4715557,1.520217
MPEG1,-6.999044,-8.442666,-5.6208563,-9.273941,-8.179731,-7.0395617,-7.2976494,-8.228584,-8.647944
PRSS54,0.40006685,-0.22154665,-1.075203,0.59655976,0.52257025,0.97350407,3.1985233,-0.42271972,-0.42142987
SELENOO,0.850193,1.1584415,0.2549343,0.21528435,1.2938995,1.8620358,0.3834629,1.2246389,0.17422295
PHOSPHO1,-0.599133,-0.1343906,0.5315747,-0.61508155,-0.78335404,-0.33534336,1.9578309,-0.43483663,-1.6717927
COL4A2,0.10413027,-0.114136696,0.51150227,-0.89858246,-0.48161125,0.512661,1.8464088,-0.32353306,-0.36320686
SELENOS,0.834075,0.8091583,1.2944832,0.757432,0.9175644,1.2220068,0.98336697,1.0833483,1.073247
COL4A1,0.24013042,-0.23138714,0.59537077,-0.10615921,0.3677063,0.12131834,0.051879406,-1.0384235,-0.002636433
SELENOP,-3.697809,-3.958492,-2.4339356,-4.3184185,-3.9534016,-3.449156,-1.9513512,-3.4951801,-4.349794
SELENOW,0.80513954,0.90560436,0.57847977,0.92507553,1.1596642,1.3385334,1.8441067,0.931386,1.3462391
APLNR,0.27179408,0.40355635,-0.386935,-0.85882163,0.15893745,1.4681125,1.838675,-1.6110694,-0.3962989
COL4A5,0.26889753,-0.5866091,0.06821537,-0.09976721,-0.013667583,-0.48886395,0.42810106,-1.3481834,0.13084984
SCG2,-0.48900223,0.023231268,-1.0520412,0.67225945,0.51840925,0.996784,3.2775204,-0.2444408,-0.42089677
ABCG4,-1.427944,-1.2029089,-1.9117329,-0.41811228,-0.4614129,-0.00076,2.3482575,-1.4103414,-0.35814333
ABCG1,1.0519466,1.3232727,2.0419683,1.5091152,1.5235538,1.2488594,1.4208136,1.321763,0.78881264
ABCG2,-2.6241746,-2.6191316,-3.0193148,-3.8243897,-3.4055781,-2.415759,-2.8555698,-3.2743902,-3.3432572
C5AR1,0.016356468,-0.4660473,1.2164536,-0.7473631,0.34264278,0.27605724,-0.34011936,-0.32220173,0.5071039
PLCXD1,-0.011453629,-0.9694357,-1.200119,0.18641853,0.4586134,0.4020748,4.324522,-0.9672003,-0.27005386
ADIPOR2,-0.112724304,0.1893816,0.17110825,-0.15019608,-0.14389801,0.1406517,-0.99893665,-0.077739716,-0.11675644
ZFP36L2,-0.9468584,-1.6712675,-0.5164509,-2.144269,-2.0003538,-0.72793674,0.27807045,-1.1222839,-1.6679564
PSORS1C1,1.0241706,1.7310984,0.36859298,1.1476114,0.24502587,0.7201612,2.3455043,1.3950455,1.4194906
ZFP36L1,-0.3338089,0.24434662,-0.9770565,0.6803646,0.7577486,-0.17843056,-0.13626003,-0.24753475,-0.08921623
PSORS1C2,0.8894329,0.30413342,0.60427475,-1.0682564,-0.57137966,0.43586922,0.54004765,-1.3103809,1.8959904
LINC01921,0.24159789,0.8161013,-2.3995862,-1.0630339,-0.5247817,-0.40572834,1.8818808,-1.8691689,-1.860931
DMAP1,0.35173702,0.48129654,-0.24642944,0.49390125,0.18253231,0.0391531,-0.7950754,0.5132227,-0.18429852
ADAM7-AS2,-0.35628557,-0.046087384,-0.910702,0.8455069,0.70184517,1.1441884,3.4144766,-0.22613728,-0.24485117
ENSG00000215022,0.18069267,0.09307194,0.17357874,-1.3891418,-0.19851232,0.08833456,0.29889154,-0.14587736,-0.30558634
STIL,0.18769693,0.60841465,0.07993221,1.5394111,0.2116642,0.36412954,0.3328395,0.66086483,1.3105412
WSCD2,-0.6171908,-0.30284584,-1.1421252,0.59457946,0.44406152,0.89498806,3.1793823,1.6012957,-0.5042144
NR4A1,0.4491639,1.5371494,0.05621624,2.710061,0.4818535,2.5831537,0.7831297,1.4798365,3.676177
RALYL,0.25831604,0.36185884,-0.9921272,0.27455544,0.46165156,0.17717075,4.021916,-1.2277923,-1.0105727
MAVS,-0.053613663,-0.019434929,-0.41135502,0.36750793,0.72419167,-0.9430313,0.76276016,0.072571754,-0.29593658
NR4A3,5.6203766,5.7656384,5.202115,5.5909786,5.4204025,5.8455048,4.755354,5.6757584,6.605034
SYNDIG1L,0.3675983,0.17191124,1.362112,-1.0296602,-0.9008789,0.34489822,1.7809258,0.047403812,0.40101647
USP36,-1.7098083,0.5422354,-1.1538644,-0.121985435,-0.30903673,-0.76626205,-0.17089653,0.53902054,-0.4362054
ABCD2,-1.0367558,0.7409053,-0.7556224,1.6750729,0.040098667,0.48128128,2.7560687,0.08489251,0.08580351
PCDHGB7,-0.7183442,-0.15110564,-1.276708,0.9292625,1.2697724,0.74358594,3.064052,0.24764097,0.02941835
USP32,-0.74142885,-0.3152504,0.051309586,0.22740364,-0.47942734,-0.34466362,-0.31982994,0.102526665,-0.048656464
AQP10,0.74366856,0.3875723,0.24495792,-0.6560283,-1.0135098,-0.26418018,1.4096146,-0.83822775,-1.4551296
SLC2A1,0.8839617,1.7253723,0.51128197,2.0584993,2.3431396,0.9897661,0.36505985,1.3123264,2.0983114
GTDC1,0.23095512,0.6356354,0.358963,0.80558777,1.0422878,0.515316,0.5119314,0.807456,1.0961399
SLC2A3,-0.9569421,-1.2150612,-0.43449974,-1.1929541,-1.6283712,-1.9193649,-1.1956153,-0.8473139,-1.7304091
SLC2A5,0.93631506,0.55934286,0.20194054,0.11545277,0.26907444,0.47818422,0.83790827,-0.2932725,-0.11305761
CHTF18,-0.91682434,-0.7832985,-1.9158993,-0.50024796,-0.61512756,-0.42932892,-1.9481936,-1.1730185,-0.59700394
SLC2A6,1.9159613,1.8634481,2.5137157,1.862565,1.8961096,2.9100885,3.1126661,2.043785,2.1706457
HTN1,-0.3384574,-0.076835215,-0.8166424,0.56344247,0.66385305,1.159554,3.4346018,-0.27071595,4.1171174
PITX1-AS1,1.45154,0.78999376,0.66801214,0.61913157,0.64166,0.5172167,3.59694,-0.37899113,0.16446233
SDR16C5,-0.33484507,-0.14245081,-0.871974,0.079649925,-0.22218418,-0.44265747,-0.3932662,-0.47673512,0.26513958
GMPPA,0.20415592,0.44459343,-0.13700294,-0.111899376,-0.20357418,0.32220554,-1.6241403,0.23804569,-0.625103
ABCD1,0.9775553,1.0731287,1.1365013,-0.104081154,0.65027905,1.6889601,0.41103458,1.0841913,0.022166252
ABCC3,0.5164585,-0.23325062,0.9606905,-0.5798874,-0.32187843,1.4055958,0.12883377,0.36985588,0.44093895
ABCC1,1.0668306,1.0114746,0.92838573,0.90944576,1.1192827,1.2581472,-0.32216072,1.0077982,0.8547392
USP49,-1.5829253,-0.7886417,-0.60249996,-1.0407128,-0.58938026,-1.2022789,1.6804194,-1.1516051,-1.0117385
KLF13,0.21833134,0.2862625,0.32263088,-0.35076618,0.9947405,-0.15287685,-0.8843775,0.6356926,-0.5537729
USP42,0.70854616,0.90708494,1.3772302,1.1684804,1.2670188,0.46220064,-0.3846197,1.2397714,0.83527994
AQP12A,-0.3804152,-0.079370975,-0.81412065,0.4664619,0.6241137,1.173836,3.4333506,0.76892924,-0.2786479
TRAV6,0.32358265,1.0730348,-0.50381947,0.19281054,0.59252405,0.14941597,0.49957943,-0.51959777,-0.47059274
ABCC6,-0.084088326,-1.093957,0.8238449,-1.8576765,-1.2023787,0.28228283,1.4099302,-1.102819,-0.89226675
CKAP2,-1.021975,-1.6375256,-1.5542741,-0.42207813,-1.2680092,-1.5064497,-1.2430558,-1.1104546,-0.9160552
IRF1-AS1,2.0031886,2.363361,1.8117957,3.171255,3.1613889,1.8309722,0.53826237,2.5578804,1.966754
ABCC9,-0.45263845,-0.1965512,-0.0660702,0.5534347,0.55441415,1.0269455,3.3261576,-0.36013293,-0.29020828
ARAP1,-0.14699745,-0.46127415,-0.26395416,-1.1000767,-0.91077137,0.22457695,-0.70594406,-0.42120743,-0.72208786
CKAP5,0.056879044,0.32746458,0.41186237,0.050177574,-0.3260002,-0.545815,-2.792552,0.5521374,-0.20433187
TGFBR1,-1.3356137,-0.9876108,-1.7382889,-0.8854737,-1.5342655,-1.0967674,-0.6163082,-0.88001823,-0.54427433
CKAP4,1.5462971,1.779645,2.1114225,2.001562,1.9510918,1.3884506,1.1141472,1.7568922,1.5876331
TGFBR2,-2.1936054,-3.0248785,-1.3872004,-3.2679844,-2.8506823,-2.558773,-2.2140903,-2.718545,-2.38027
KLF17,-0.5251335,-0.32055217,-1.0484022,0.4613912,0.41798043,0.9587896,3.4136558,-0.5145719,-0.47890496
TGFBR3,-0.6788305,-0.5465864,-0.8284569,0.1649108,0.14783478,0.39389277,2.6470304,-0.79367936,-0.24431837
IFNG,2.465051,3.1922166,-0.43312,1.3089695,0.92288375,1.7205529,3.2819521,2.4329965,3.6971843
IFNK,-0.23567826,0.6144235,3.5001233,0.61033845,0.58180785,1.1691785,3.335758,0.52986884,1.207428
USP40,0.1625824,0.6227112,-0.05454302,0.05206251,0.3311777,0.025003433,-1.7030535,0.8374624,-0.29252625
USP41,5.7019787,6.40446,6.1337996,6.010435,6.156534,4.319641,3.8399286,6.5026293,4.3781395
B4GALT6,2.5417776,1.5202181,1.1064572,3.203538,3.6368723,1.1934185,2.3438764,2.2819867,1.5413084
CILK1,-0.28960323,0.08497143,-1.1040287,0.32774973,1.1449986,-0.75335145,0.6833658,0.44522095,-1.059767
SLFN5,1.988977,2.0875993,2.1122108,2.2528949,2.938086,1.4752822,3.1344104,1.9146018,1.4482932
HCN3,-0.72429943,-0.5524626,-0.78324413,0.7995219,-0.3304882,-0.11298704,-1.6033463,-0.53027344,0.58390284
USP15,0.56136703,0.14095116,0.82810116,0.6230068,1.0704203,0.37732506,0.7822294,0.2484293,0.2948475
CAMK2D,-0.9293413,-0.72393847,-0.6767745,-0.5981941,-1.1040659,-1.7898073,0.19306374,-0.47388935,-1.6733646
USP16,0.18039417,0.37091064,-0.27307034,0.8603983,0.31372643,0.8800287,0.30968952,0.30103016,0.75474834
ZNF195,-0.1215148,-0.319376,0.58282423,0.21067953,-0.19881773,-0.07069826,-0.25396872,-0.10111761,0.09250021
USP11,2.4096632,2.7666082,2.1766233,2.9714098,2.7051582,3.1924734,1.5557423,2.5584946,2.6140356
USP12,1.0961967,2.2177372,0.79120255,3.4585571,2.6492033,0.8396096,1.1993561,1.9312305,1.837316
SELENOF,-0.5534849,-0.694561,-0.62730885,-0.7724943,-0.42678356,-0.6644087,0.21553707,-0.51251125,-0.70390415
RMND5B,0.12005997,0.33645344,-0.055104256,0.30153084,0.068852425,0.9308243,-0.27907753,0.21481895,0.42725563
TFPT,-0.06696892,-0.2071085,-0.00253582,-0.30196953,-0.43338966,1.0547047,1.2294483,-0.27530766,0.18843079
RMND5A,0.05514908,0.17961931,0.27637863,0.04824066,0.34872627,0.28496552,0.24623585,0.37150478,0.54925346
STOM,1.0569077,0.93561745,2.3102179,0.8780594,0.8294382,1.7247295,0.9989071,1.3798075,1.2190704
CAMK2G,-0.9798155,-0.950222,-0.7526741,-0.8519449,-1.6288433,-0.504632,-1.329339,-0.7437105,-0.06900883
IGBP1,-0.40545464,-0.37052155,-0.4461918,0.08880997,-0.38957882,0.33240128,-0.4242792,-0.3085413,0.59555054
STN1,-1.2098923,-1.6231768,-1.336184,-1.1964917,-0.828722,-0.4365697,-0.009494782,-1.0786271,-0.6011958
ZNF185,0.023771286,-0.02097416,0.5963335,0.30747223,-0.064460754,0.35341454,-1.1155157,-0.59982395,0.25174522
TRAT1,-0.31341815,-0.009663582,-0.5053904,-0.7377608,-0.084494114,0.3595302,2.1322336,-0.8258265,-0.7302246
USP21,-0.1239686,-0.2581544,-0.24780703,-0.6382408,-0.864038,0.38631582,-2.0309267,-0.25311327,-0.3252678
CADPS,-0.4952395,-0.2650156,-1.0651331,0.6031475,0.47894168,0.9582201,3.3052473,0.046871305,-0.35037732
ZNF181,0.30706358,0.27683163,0.42751408,0.4144802,0.36659813,0.9065418,0.7673006,0.03336382,0.7896781
SCLT1,-0.3617382,-0.6226454,-0.042819023,0.30397415,0.38739777,-0.12011719,0.5808029,0.019373894,-0.002511978
USP29,0.41685414,-0.037900448,0.13631475,0.416492,0.24838793,0.7043954,2.9940977,1.5835768,-0.69215494
LRRC37A11P,-0.33479673,-0.11417651,-0.92622507,0.71351707,0.6214446,1.1128798,3.4570816,-0.3254305,-0.30026716
H3-5,0.75923157,0.81690407,0.9778538,0.76766014,0.99539185,0.8079586,1.4949093,0.7859974,0.97517776
H3-4,-0.34422112,-0.5126953,-0.3350439,-0.2532406,-0.11417198,-0.48188972,0.5593529,-0.28754425,0.009519577
PIK3IP1,-1.9562831,-1.7788353,-1.0068622,-1.7751226,0.044486523,-2.6267,-0.72712564,-1.3712378,-3.099864
NEURL3,9.943994,10.4726,9.948755,9.9124,10.789449,10.13202,9.541215,10.433415,9.929122
SPRY3,-0.42278624,-0.41303062,-0.6692748,-0.4433565,-0.4873805,0.013607502,0.5277333,-0.9237857,-0.38539314
BAX,1.0911894,1.103087,0.7513838,0.18459892,0.6554737,2.34628,2.0093613,1.1129079,1.4758215
SPRY2,0.19185829,-0.62030935,0.8883953,-0.6673627,-1.4188318,0.122237206,0.3090496,-0.17940426,0.13056469
HCN2,0.36785316,0.20785522,-0.6587095,-0.1347332,0.2364769,0.39117813,1.5796661,-0.6393919,0.25294304
