Structure,FoldX_Index,Source_Row,Variant,Human_Pos,Human_AA_Alignment,Target_AA_Alignment,Alignment_Column,Expected_PDB_Pos_From_Alignment,Expected_Input_From_Alignment_And_PDB,Actual_FoldX_Input,Actual_PDB_Pos,PDB_AA_At_Actual_Pos,Status,List_Equals_Expected,Actual_Pos_Equals_Alignment_Pos,Actual_WT_Equals_PDB,Actual_Mut_Equals_Variant_Mut,PDB_Position_Exists
7UUY,1,15,p.Arg9Trp,9,R,R,9,9,RA9W,RA9W,9,R,OK,True,True,True,True,True
7UUY,2,16,p.Arg9Pro,9,R,R,9,9,RA9P,RA9P,9,R,OK,True,True,True,True,True
7UUY,3,17,p.Arg9Gln,9,R,R,9,9,RA9Q,RA9Q,9,R,OK,True,True,True,True,True
7UUY,4,18,p.Pro10Leu,10,P,A,10,10,AA10L,AA10L,10,A,OK,True,True,True,True,True
7UUY,5,19,p.Thr11Ile,11,T,T,11,11,TA11I,TA11I,11,T,OK,True,True,True,True,True
7UUY,6,20,p.Phe12Leu,12,F,F,12,12,FA12L,FA12L,12,F,OK,True,True,True,True,True
7UUY,7,21,p.Trp15Leu,15,W,W,15,15,WA15L,WA15L,15,W,OK,True,True,True,True,True
7UUY,8,22,p.Trp15Cys,15,W,W,15,15,WA15C,WA15C,15,W,OK,True,True,True,True,True
7UUY,9,23,p.Trp15Cys,15,W,W,15,15,WA15C,WA15C,15,W,OK,True,True,True,True,True
7UUY,10,24,p.Asp16Asn,16,D,D,16,16,DA16N,DA16N,16,D,OK,True,True,True,True,True
7UUY,11,25,p.Asp16Gly,16,D,D,16,16,DA16G,DA16G,16,D,OK,True,True,True,True,True
7UUY,12,26,p.Gly18Arg,18,G,G,18,18,GA18R,GA18R,18,G,OK,True,True,True,True,True
7UUY,13,27,p.Gly18Ala,18,G,G,18,18,GA18A,GA18A,18,G,OK,True,True,True,True,True
7UUY,14,28,p.Val19Ile,19,V,V,19,19,VA19I,VA19I,19,V,OK,True,True,True,True,True
7UUY,15,29,p.Phe20Leu,20,F,F,20,20,FA20L,FA20L,20,F,OK,True,True,True,True,True
7UUY,16,30,p.Leu22Phe,22,L,T,22,22,TA22F,TA22F,22,T,OK,True,True,True,True,True
7UUY,17,31,p.Leu22Pro,22,L,T,22,22,TA22P,TA22P,22,T,OK,True,True,True,True,True
7UUY,18,32,p.Met23Leu,23,M,M,23,23,MA23L,MA23L,23,M,OK,True,True,True,True,True
7UUY,19,33,p.Met23Thr,23,M,M,23,23,MA23T,MA23T,23,M,OK,True,True,True,True,True
7UUY,20,34,p.Leu24Val,24,L,L,24,24,LA24V,LA24V,24,L,OK,True,True,True,True,True
7UUY,21,35,p.Val26Met,26,V,V,26,26,VA26M,VA26M,26,V,OK,True,True,True,True,True
7UUY,22,36,p.Ser27Ala,27,S,S,27,27,SA27A,SA27A,27,S,OK,True,True,True,True,True
7UUY,23,37,p.Thr28Ala,28,T,T,28,28,TA28A,TA28A,28,T,OK,True,True,True,True,True
7UUY,24,38,p.Thr28Ser,28,T,T,28,28,TA28S,TA28S,28,T,OK,True,True,True,True,True
7UUY,25,39,p.Thr28Ile,28,T,T,28,28,TA28I,TA28I,28,T,OK,True,True,True,True,True
7UUY,26,40,p.Gly29Ser,29,G,G,29,29,GA29S,GA29S,29,G,OK,True,True,True,True,True
7UUY,27,41,p.Ile30Met,30,I,I,30,30,IA30M,IA30M,30,I,OK,True,True,True,True,True
7UUY,28,42,p.Gly31Arg,31,G,G,31,31,GA31R,GA31R,31,G,OK,True,True,True,True,True
7UUY,29,43,p.Leu32Pro,32,L,L,32,32,LA32P,LA32P,32,L,OK,True,True,True,True,True
7UUY,30,44,p.Leu32Gln,32,L,L,32,32,LA32Q,LA32Q,32,L,OK,True,True,True,True,True
7UUY,31,45,p.Trp33Arg,33,W,W,33,33,WA33R,WA33R,33,W,OK,True,True,True,True,True
7UUY,32,46,p.Trp33Ser,33,W,W,33,33,WA33S,WA33S,33,W,OK,True,True,True,True,True
7UUY,33,105,p.Gln72Glu,72,Q,Q,72,53,QA53E,QA53E,53,Q,OK,True,True,True,True,True
7UUY,34,106,p.Gln72Arg,72,Q,Q,72,53,QA53R,QA53R,53,Q,OK,True,True,True,True,True
7UUY,35,107,p.Val73Leu,73,V,V,73,54,LA54L,LA54L,54,L,OK,True,True,True,True,True
7UUY,36,108,p.Val73Met,73,V,V,73,54,LA54M,LA54M,54,L,OK,True,True,True,True,True
7UUY,37,109,p.Gly75Arg,75,G,G,75,56,AA56R,AA56R,56,A,OK,True,True,True,True,True
7UUY,38,110,p.Gly75Asp,75,G,G,75,56,AA56D,AA56D,56,A,OK,True,True,True,True,True
7UUY,39,111,p.Val76Met,76,V,V,76,57,VA57M,VA57M,57,V,OK,True,True,True,True,True
7UUY,40,112,p.Val76Leu,76,V,V,76,57,VA57L,VA57L,57,V,OK,True,True,True,True,True
7UUY,41,113,p.Pro77Ser,77,P,P,77,58,PA58S,PA58S,58,P,OK,True,True,True,True,True
7UUY,42,114,p.Pro77Leu,77,P,P,77,58,PA58L,PA58L,58,P,OK,True,True,True,True,True
7UUY,43,115,p.Ser78Pro,78,S,A,78,59,VA59P,VA59P,59,V,OK,True,True,True,True,True
7UUY,44,116,p.Ser78Leu,78,S,A,78,59,VA59L,VA59L,59,V,OK,True,True,True,True,True
7UUY,45,117,p.Glu79Gly,79,E,E,79,60,GA60G,GA60G,60,G,OK,True,True,True,True,True
7UUY,46,118,p.Tyr81Asn,81,Y,A,81,62,SA62N,SA62N,62,S,OK,True,True,True,True,True
7UUY,47,119,p.Arg82Cys,82,R,R,82,63,LA63C,LA63C,63,L,OK,True,True,True,True,True
7UUY,48,120,p.Arg82Leu,82,R,R,82,63,LA63L,LA63L,63,L,OK,True,True,True,True,True
7UUY,49,121,p.Tyr83Cys,83,Y,Y,83,64,AA64C,AA64C,64,A,OK,True,True,True,True,True
7UUY,50,122,p.Lys86Asn,86,K,K,86,67,FA67N,FA67N,67,F,OK,True,True,True,True,True
7UUY,51,123,p.Leu88Pro,88,L,L,88,69,SA69P,SA69P,69,S,OK,True,True,True,True,True
7UUY,52,124,p.Met90Thr,90,M,M,90,71,VA71T,VA71T,71,V,OK,True,True,True,True,True
7UUY,53,125,p.Met90Ile,90,M,M,90,71,VA71I,VA71I,71,V,OK,True,True,True,True,True
7UUY,54,126,p.Cys91Tyr,91,C,C,91,72,QA72Y,QA72Y,72,Q,OK,True,True,True,True,True
7UUY,55,127,p.Leu92Gln,92,L,A,92,73,VA73Q,VA73Q,73,V,OK,True,True,True,True,True
7UUY,56,128,p.Leu92Arg,92,L,A,92,73,VA73R,VA73R,73,V,OK,True,True,True,True,True
7UUY,57,129,p.Gly93Ser,93,G,G,93,74,LA74S,LA74S,74,L,OK,True,True,True,True,True
7UUY,58,130,p.Gln94Lys,94,Q,Q,94,75,GA75K,GA75K,75,G,OK,True,True,True,True,True
7UUY,59,131,p.Asn97Ser,97,N,N,97,78,AA78S,AA78S,78,A,OK,True,True,True,True,True
7UUY,60,132,p.Ser98Thr,98,S,S,98,79,EA79T,EA79T,79,E,OK,True,True,True,True,True
7UUY,61,133,p.Ser98Leu,98,S,S,98,79,EA79L,EA79L,79,E,OK,True,True,True,True,True
7UUY,62,134,p.Val99Ile,99,V,L,99,80,AA80I,AA80I,80,A,OK,True,True,True,True,True
7UUY,63,135,p.Val99Phe,99,V,L,99,80,AA80F,AA80F,80,A,OK,True,True,True,True,True
7UUY,64,136,p.Val99Ala,99,V,L,99,80,AA80A,AA80A,80,A,OK,True,True,True,True,True
7UUY,65,137,p.Val99Gly,99,V,L,99,80,AA80G,AA80G,80,A,OK,True,True,True,True,True
7UUY,66,138,p.Leu100Val,100,L,L,100,81,AA81V,AA81V,81,A,OK,True,True,True,True,True
7UUY,67,139,p.Leu100Phe,100,L,L,100,81,AA81F,AA81F,81,A,OK,True,True,True,True,True
7UUY,68,140,p.Thr101Ile,101,T,T,101,82,RA82I,RA82I,82,R,OK,True,True,True,True,True
7UUY,69,141,p.Ala102Thr,102,A,A,102,83,YA83T,YA83T,83,Y,OK,True,True,True,True,True
7UUY,70,142,p.Ala102Ser,102,A,A,102,83,YA83S,YA83S,83,Y,OK,True,True,True,True,True
7UUY,71,143,p.Ala102Asp,102,A,A,102,83,YA83D,YA83D,83,Y,OK,True,True,True,True,True
7UUY,72,144,p.Ala102Val,102,A,A,102,83,YA83V,YA83V,83,Y,OK,True,True,True,True,True
7UUY,73,145,p.Phe105Cys,105,F,F,105,86,KA86C,KA86C,86,K,OK,True,True,True,True,True
7UUY,74,146,p.Phe105Ser,105,F,F,105,86,KA86S,KA86S,86,K,OK,True,True,True,True,True
7UUY,75,147,p.Met106Val,106,M,L,106,87,FA87V,FA87V,87,F,OK,True,True,True,True,True
7UUY,76,148,p.Val108Ile,108,V,I,108,89,WA89I,WA89I,89,W,OK,True,True,True,True,True
7UUY,77,149,p.Val108Ala,108,V,I,108,89,WA89A,WA89A,89,W,OK,True,True,True,True,True
7UUY,78,150,p.Phe109Ser,109,F,F,109,90,MA90S,MA90S,90,M,OK,True,True,True,True,True
7UUY,79,151,p.Arg111His,111,R,R,111,92,AA92H,AA92H,92,A,OK,True,True,True,True,True
7UUY,80,152,p.Leu112Val,112,L,L,112,93,GA93V,GA93V,93,G,OK,True,True,True,True,True
7UUY,81,153,p.Gly113Cys,113,G,G,113,94,QA94C,QA94C,94,Q,OK,True,True,True,True,True
7UUY,82,154,p.Gly113Ala,113,G,G,113,94,QA94A,QA94A,94,Q,OK,True,True,True,True,True
7UUY,83,155,p.Gly113Val,113,G,G,113,94,QA94V,QA94V,94,Q,OK,True,True,True,True,True
7UUY,84,156,p.Gly113Asp,113,G,G,113,94,QA94D,QA94D,94,Q,OK,True,True,True,True,True
7UUY,85,157,p.Thr115Ile,115,T,T,115,96,LA96I,LA96I,96,L,OK,True,True,True,True,True
7UUY,86,158,p.Thr117Ser,117,T,T,117,98,SA98S,SA98S,98,S,OK,True,True,True,True,True
7UUY,87,159,p.Tyr118Cys,118,Y,Y,118,99,LA99C,LA99C,99,L,OK,True,True,True,True,True
7UUY,88,160,p.Tyr118Phe,118,Y,Y,118,99,LA99F,LA99F,99,L,OK,True,True,True,True,True
7UUY,89,161,p.Glu119Lys,119,E,Q,119,100,LA100K,LA100K,100,L,OK,True,True,True,True,True
7UUY,90,162,p.Glu119Ala,119,E,Q,119,100,LA100A,LA100A,100,L,OK,True,True,True,True,True
7UUY,91,163,p.Glu122Lys,122,E,E,122,103,FA103K,FA103K,103,F,OK,True,True,True,True,True
7UUY,92,164,p.Glu122Ala,122,E,E,122,103,FA103A,FA103A,103,F,OK,True,True,True,True,True
7UUY,93,165,p.Met123Val,123,M,L,123,104,LA104V,LA104V,104,L,OK,True,True,True,True,True
7UUY,94,166,p.Arg124Ser,124,R,R,124,105,FA105S,FA105S,105,F,OK,True,True,True,True,True
7UUY,95,167,p.Arg124Gly,124,R,R,124,105,FA105G,FA105G,105,F,OK,True,True,True,True,True
7UUY,96,168,p.Arg124Leu,124,R,R,124,105,FA105L,FA105L,105,F,OK,True,True,True,True,True
7UUY,97,169,p.Arg124His,124,R,R,124,105,FA105H,FA105H,105,F,OK,True,True,True,True,True
7UUY,98,170,p.Arg127Cys,127,R,R,127,108,IA108C,IA108C,108,I,OK,True,True,True,True,True
7UUY,99,171,p.Ala128Thr,128,A,A,128,109,FA109T,FA109T,109,F,OK,True,True,True,True,True
7UUY,100,172,p.Ala128Ser,128,A,A,128,109,FA109S,FA109S,109,F,OK,True,True,True,True,True
7UUY,101,173,p.Val129Met,129,V,V,129,110,YA110M,YA110M,110,Y,OK,True,True,True,True,True
7UUY,102,174,p.Arg130Pro,130,R,R,130,111,RA111P,RA111P,111,R,OK,True,True,True,True,True
7UUY,103,175,p.Gly133Arg,133,G,G,133,114,LA114R,LA114R,114,L,OK,True,True,True,True,True
7UUY,104,176,p.Thr134Ser,134,T,T,134,115,TA115S,TA115S,115,T,OK,True,True,True,True,True
7UUY,105,177,p.Gln136Leu,136,Q,Q,136,117,TA117L,TA117L,117,T,OK,True,True,True,True,True
7UUY,106,178,p.Gln136Arg,136,Q,Q,136,117,TA117R,TA117R,117,T,OK,True,True,True,True,True
7UUY,107,179,p.Gln136His,136,Q,Q,136,117,TA117H,TA117H,117,T,OK,True,True,True,True,True
7UUY,108,180,p.Tyr137His,137,Y,Y,137,118,YA118H,YA118H,118,Y,OK,True,True,True,True,True
7UUY,109,181,p.Ile138Phe,138,I,L,138,119,QA119F,QA119F,119,Q,OK,True,True,True,True,True
7UUY,110,182,p.Ile138Leu,138,I,L,138,119,QA119L,QA119L,119,Q,OK,True,True,True,True,True
7UUY,111,183,p.Ile138Val,138,I,L,138,119,QA119V,QA119V,119,Q,OK,True,True,True,True,True
7UUY,112,184,p.Ile138Thr,138,I,L,138,119,QA119T,QA119T,119,Q,OK,True,True,True,True,True
7UUY,113,185,p.Val139Ile,139,V,V,139,120,YA120I,YA120I,120,Y,OK,True,True,True,True,True
7UUY,114,186,p.Val139Ala,139,V,V,139,120,YA120A,YA120A,120,Y,OK,True,True,True,True,True
7UUY,115,187,p.Ala140Thr,140,A,A,140,121,LA121T,LA121T,121,L,OK,True,True,True,True,True
7UUY,116,188,p.Ala140Val,140,A,A,140,121,LA121V,LA121V,121,L,OK,True,True,True,True,True
7UUY,117,189,p.Thr141Pro,141,T,T,141,122,EA122P,EA122P,122,E,OK,True,True,True,True,True
7UUY,118,190,p.Thr141Met,141,T,T,141,122,EA122M,EA122M,122,E,OK,True,True,True,True,True
7UUY,119,191,p.Thr141Lys,141,T,T,141,122,EA122K,EA122K,122,E,OK,True,True,True,True,True
7UUY,120,192,p.Met142Val,142,M,M,142,123,LA123V,LA123V,123,L,OK,True,True,True,True,True
7UUY,121,193,p.Met142Leu,142,M,M,142,123,LA123L,LA123L,123,L,OK,True,True,True,True,True
7UUY,122,194,p.Met142Thr,142,M,M,142,123,LA123T,LA123T,123,L,OK,True,True,True,True,True
7UUY,123,195,p.Met142Ile,142,M,M,142,123,LA123I,LA123I,123,L,OK,True,True,True,True,True
7UUY,124,196,p.Thr145Ala,145,T,T,145,126,SA126A,SA126A,126,S,OK,True,True,True,True,True
7UUY,125,197,p.Thr145Ile,145,T,T,145,126,SA126I,SA126I,126,S,OK,True,True,True,True,True
7UUY,126,198,p.Gly146Arg,146,G,G,146,127,RA127R,RA127R,127,R,OK,True,True,True,True,True
7UUY,127,199,p.Gly146Cys,146,G,G,146,127,RA127C,RA127C,127,R,OK,True,True,True,True,True
7UUY,128,200,p.Gly146Ser,146,G,G,146,127,RA127S,RA127S,127,R,OK,True,True,True,True,True
7UUY,129,201,p.Gly146Asp,146,G,G,146,127,RA127D,RA127D,127,R,OK,True,True,True,True,True
7UUY,130,202,p.Ile147Val,147,I,I,147,128,AA128V,AA128V,128,A,OK,True,True,True,True,True
7UUY,131,203,p.Val148Ile,148,V,V,148,129,VA129I,VA129I,129,V,OK,True,True,True,True,True
7UUY,132,204,p.Ile149Val,149,I,I,149,130,RA130V,RA130V,130,R,OK,True,True,True,True,True
7UUY,133,205,p.Tyr150Cys,150,Y,Y,150,131,LA131C,LA131C,131,L,OK,True,True,True,True,True
7UUY,134,206,p.Tyr150Phe,150,Y,Y,150,131,LA131F,LA131F,131,L,OK,True,True,True,True,True
7UUY,135,207,p.Tyr150Ser,150,Y,Y,150,131,LA131S,LA131S,131,L,OK,True,True,True,True,True
7UUY,136,208,p.Ala151Ser,151,A,A,151,132,CA132S,CA132S,132,C,OK,True,True,True,True,True
7UUY,137,209,p.Pro152Leu,152,P,P,152,133,GA133L,GA133L,133,G,OK,True,True,True,True,True
7UUY,138,210,p.Ala153Thr,153,A,A,153,134,TA134T,TA134T,134,T,OK,True,True,True,True,True
7UUY,139,211,p.Ile155Val,155,I,I,155,136,QA136V,QA136V,136,Q,OK,True,True,True,True,True
7UUY,140,212,p.Asn157Lys,157,N,N,157,138,LA138K,LA138K,138,L,OK,True,True,True,True,True
7UUY,141,213,p.Gln158Pro,158,Q,Q,158,139,VA139P,VA139P,139,V,OK,True,True,True,True,True
7UUY,142,214,p.Thr160Ser,160,T,T,160,141,TA141S,TA141S,141,T,OK,True,True,True,True,True
7UUY,143,215,p.Gly161Arg,161,G,G,161,142,MA142R,MA142R,142,M,OK,True,True,True,True,True
7UUY,144,216,p.Gly161Glu,161,G,G,161,142,MA142E,MA142E,142,M,OK,True,True,True,True,True
7UUY,145,217,p.Gly161Val,161,G,G,161,142,MA142V,MA142V,142,M,OK,True,True,True,True,True
7UUY,146,218,p.Asp163Glu,163,D,D,163,144,YA144E,YA144E,144,Y,OK,True,True,True,True,True
7UUY,147,219,p.Ile164Phe,164,I,I,164,145,TA145F,TA145F,145,T,OK,True,True,True,True,True
7UUY,148,220,p.Trp165Arg,165,W,W,165,146,GA146R,GA146R,146,G,OK,True,True,True,True,True
7UUY,149,221,p.Ala166Thr,166,A,A,166,147,IA147T,IA147T,147,I,OK,True,True,True,True,True
7UUY,150,222,p.Ala166Ser,166,A,A,166,147,IA147S,IA147S,147,I,OK,True,True,True,True,True
7UUY,151,223,p.Leu168Phe,168,L,L,168,149,IA149F,IA149F,149,I,OK,True,True,True,True,True
7UUY,152,224,p.Leu169Pro,169,L,L,169,150,YA150P,YA150P,150,Y,OK,True,True,True,True,True
7UUY,153,225,p.Ser170Cys,170,S,S,170,151,AA151C,AA151C,151,A,OK,True,True,True,True,True
7UUY,154,226,p.Thr171Pro,171,T,T,171,152,PA152P,PA152P,152,P,OK,True,True,True,True,True
7UUY,155,227,p.Thr171Ala,171,T,T,171,152,PA152A,PA152A,152,P,OK,True,True,True,True,True
7UUY,156,228,p.Thr171Ser,171,T,T,171,152,PA152S,PA152S,152,P,OK,True,True,True,True,True
7UUY,157,229,p.Cys175Ser,175,C,C,175,156,LA156S,LA156S,156,L,OK,True,True,True,True,True
7UUY,158,230,p.Thr176Pro,176,T,T,176,157,NA157P,NA157P,157,N,OK,True,True,True,True,True
7UUY,159,231,p.Phe177Leu,177,F,L,177,158,QA158L,QA158L,158,Q,OK,True,True,True,True,True
7UUY,160,232,p.Phe177Ser,177,F,L,177,158,QA158S,QA158S,158,Q,OK,True,True,True,True,True
7UUY,161,233,p.Phe177Leu,177,F,L,177,158,QA158L,QA158L,158,Q,OK,True,True,True,True,True
7UUY,162,234,p.Tyr178His,178,Y,Y,178,159,VA159H,VA159H,159,V,OK,True,True,True,True,True
7UUY,163,235,p.Thr179Lys,179,T,T,179,160,TA160K,TA160K,160,T,OK,True,True,True,True,True
7UUY,164,236,p.Thr179Arg,179,T,T,179,160,TA160R,TA160R,160,T,OK,True,True,True,True,True
7UUY,165,237,p.Thr179Met,179,T,T,179,160,TA160M,TA160M,160,T,OK,True,True,True,True,True
7UUY,166,238,p.Ala180Ser,180,A,T,180,161,GA161S,GA161S,161,G,OK,True,True,True,True,True
7UUY,167,239,p.Val181Met,181,V,V,181,162,LA162M,LA162M,162,L,OK,True,True,True,True,True
7UUY,168,240,p.Val181Ala,181,V,V,181,162,LA162A,LA162A,162,L,OK,True,True,True,True,True
7UUY,169,241,p.Gly182Ala,182,G,G,182,163,DA163A,DA163A,163,D,OK,True,True,True,True,True
7UUY,170,242,p.Gly182Asp,182,G,G,182,163,DA163D,DA163D,163,D,OK,True,True,True,True,True
7UUY,171,243,p.Gly183Ser,183,G,G,183,164,IA164S,IA164S,164,I,OK,True,True,True,True,True
7UUY,172,244,p.Gly183Asp,183,G,G,183,164,IA164D,IA164D,164,I,OK,True,True,True,True,True
7UUY,173,252,p.Trp189Arg,189,W,W,189,165,WA165R,WA165R,165,W,OK,True,True,True,True,True
7UUY,174,253,p.Trp189Gly,189,W,W,189,165,WA165G,WA165G,165,W,OK,True,True,True,True,True
7UUY,175,254,p.Thr190Ser,190,T,T,190,166,AA166S,AA166S,166,A,OK,True,True,True,True,True
7UUY,176,255,p.Asp191Val,191,D,D,191,167,SA167V,SA167V,167,S,OK,True,True,True,True,True
7UUY,177,256,p.Val192Leu,192,V,V,192,168,LA168L,LA168L,168,L,OK,True,True,True,True,True
7UUY,178,257,p.Phe193Leu,193,F,F,193,169,LA169L,LA169L,169,L,OK,True,True,True,True,True
7UUY,179,258,p.Phe193Leu,193,F,F,193,169,LA169L,LA169L,169,L,OK,True,True,True,True,True
7UUY,180,259,p.Gln194His,194,Q,Q,194,170,SA170H,SA170H,170,S,OK,True,True,True,True,True
7UUY,181,260,p.Val195Phe,195,V,V,195,171,TA171F,TA171F,171,T,OK,True,True,True,True,True
7UUY,182,261,p.Val196Met,196,V,V,196,172,GA172M,GA172M,172,G,OK,True,True,True,True,True
7UUY,183,262,p.Val196Leu,196,V,V,196,172,GA172L,GA172L,172,G,OK,True,True,True,True,True
7UUY,184,263,p.Val197Leu,197,V,V,197,173,IA173L,IA173L,173,I,OK,True,True,True,True,True
7UUY,185,264,p.Val197Gly,197,V,V,197,173,IA173G,IA173G,173,I,OK,True,True,True,True,True
7UUY,186,265,p.Met198Val,198,M,M,198,174,IA174V,IA174V,174,I,OK,True,True,True,True,True
7UUY,187,266,p.Met198Thr,198,M,M,198,174,IA174T,IA174T,174,I,OK,True,True,True,True,True
7UUY,188,267,p.Leu199Pro,199,L,L,199,175,CA175P,CA175P,175,C,OK,True,True,True,True,True
7UUY,189,268,p.Ser200Arg,200,S,V,200,176,TA176R,TA176R,176,T,OK,True,True,True,True,True
7UUY,190,269,p.Gly201Ser,201,G,G,201,177,LA177S,LA177S,177,L,OK,True,True,True,True,True
7UUY,191,270,p.Gly201Ala,201,G,G,201,177,LA177A,LA177A,177,L,OK,True,True,True,True,True
7UUY,192,271,p.Trp203Cys,203,W,W,203,179,TA179C,TA179C,179,T,OK,True,True,True,True,True
7UUY,193,272,p.Val204Ile,204,V,V,204,180,TA180I,TA180I,180,T,OK,True,True,True,True,True
7UUY,194,273,p.Val205Phe,205,V,I,205,181,VA181F,VA181F,181,V,OK,True,True,True,True,True
7UUY,195,274,p.Ala207Val,207,A,A,207,183,GA183V,GA183V,183,G,OK,True,True,True,True,True
7UUY,196,288,p.Val213Leu,213,V,L,213,189,WA189L,WA189L,189,W,OK,True,True,True,True,True
7UUY,197,289,p.Val213Gly,213,V,L,213,189,WA189G,WA189G,189,W,OK,True,True,True,True,True
7UUY,198,290,p.Val213Ala,213,V,L,213,189,WA189A,WA189A,189,W,OK,True,True,True,True,True
7UUY,199,291,p.Gly214Ser,214,G,G,214,190,TA190S,TA190S,190,T,OK,True,True,True,True,True
7UUY,200,292,p.Gly214Asp,214,G,G,214,190,TA190D,TA190D,190,T,OK,True,True,True,True,True
7UUY,201,293,p.Gly215Arg,215,G,G,215,191,DA191R,DA191R,191,D,OK,True,True,True,True,True
7UUY,202,294,p.Pro216Thr,216,P,P,216,192,VA192T,VA192T,192,V,OK,True,True,True,True,True
7UUY,203,295,p.Pro216Ser,216,P,P,216,192,VA192S,VA192S,192,V,OK,True,True,True,True,True
7UUY,204,296,p.Arg217Cys,217,R,R,217,193,FA193C,FA193C,193,F,OK,True,True,True,True,True
7UUY,205,297,p.Arg217His,217,R,R,217,193,FA193H,FA193H,193,F,OK,True,True,True,True,True
7UUY,206,298,p.Val219Met,219,V,V,219,195,VA195M,VA195M,195,V,OK,True,True,True,True,True
7UUY,207,299,p.Val219Gly,219,V,V,219,195,VA195G,VA195G,195,V,OK,True,True,True,True,True
7UUY,208,300,p.Thr221Pro,221,T,S,221,197,VA197P,VA197P,197,V,OK,True,True,True,True,True
7UUY,209,301,p.Thr221Met,221,T,S,221,197,VA197M,VA197M,197,V,OK,True,True,True,True,True
7UUY,210,302,p.Thr221Lys,221,T,S,221,197,VA197K,VA197K,197,V,OK,True,True,True,True,True
7UUY,211,303,p.Thr221Arg,221,T,S,221,197,VA197R,VA197R,197,V,OK,True,True,True,True,True
7UUY,212,304,p.Ala223Ser,223,A,A,223,199,LA199S,LA199S,199,L,OK,True,True,True,True,True
7UUY,213,305,p.His226Gln,226,H,H,226,202,FA202Q,FA202Q,202,F,OK,True,True,True,True,True
7UUY,214,306,p.Ser227Thr,227,S,S,227,203,WA203T,WA203T,203,W,OK,True,True,True,True,True
7UUY,215,307,p.Ser227Phe,227,S,S,227,203,WA203F,WA203F,203,W,OK,True,True,True,True,True
7UUY,216,308,p.Arg228Gly,228,R,R,228,204,VA204G,VA204G,204,V,OK,True,True,True,True,True
7UUY,217,309,p.Arg228Trp,228,R,R,228,204,VA204W,VA204W,204,V,OK,True,True,True,True,True
7UUY,218,310,p.Arg228Gln,228,R,R,228,204,VA204Q,VA204Q,204,V,OK,True,True,True,True,True
7UUY,219,311,p.Ile229Val,229,I,I,229,205,IA205V,IA205V,205,I,OK,True,True,True,True,True
7UUY,220,312,p.Ile229Ser,229,I,I,229,205,IA205S,IA205S,205,I,OK,True,True,True,True,True
7UUY,221,313,p.Asn230Ser,230,N,N,230,206,LA206S,LA206S,206,L,OK,True,True,True,True,True
7UUY,222,314,p.Leu231Pro,231,L,L,231,207,AA207P,AA207P,207,A,OK,True,True,True,True,True
7UUY,223,315,p.Met232Arg,232,M,M,232,208,RA208R,RA208R,208,R,OK,True,True,True,True,True
7UUY,224,316,p.Met232Ile,232,M,M,232,208,RA208I,RA208I,208,R,OK,True,True,True,True,True
7UUY,225,317,p.Asp233Ala,233,D,D,233,209,GA209A,GA209A,209,G,OK,True,True,True,True,True
7UUY,226,318,p.Asp233Glu,233,D,D,233,209,GA209E,GA209E,209,G,OK,True,True,True,True,True
7UUY,227,319,p.Phe234Cys,234,F,F,234,210,VA210C,VA210C,210,V,OK,True,True,True,True,True
7UUY,228,320,p.Phe234Leu,234,F,F,234,210,VA210L,VA210L,210,V,OK,True,True,True,True,True
7UUY,229,321,p.Asn235Asp,235,N,D,235,211,IA211D,IA211D,211,I,OK,True,True,True,True,True
7UUY,230,322,p.Pro236Ser,236,P,P,236,212,LA212S,LA212S,212,L,OK,True,True,True,True,True
7UUY,231,323,p.Pro236Thr,236,P,P,236,212,LA212T,LA212T,212,L,OK,True,True,True,True,True
7UUY,232,324,p.Pro236Arg,236,P,P,236,212,LA212R,LA212R,212,L,OK,True,True,True,True,True
7UUY,233,325,p.Pro236Leu,236,P,P,236,212,LA212L,LA212L,212,L,OK,True,True,True,True,True
7UUY,234,326,p.Pro238Leu,238,P,P,238,214,GA214L,GA214L,214,G,OK,True,True,True,True,True
7UUY,235,327,p.Pro238Arg,238,P,P,238,214,GA214R,GA214R,214,G,OK,True,True,True,True,True
7UUY,236,328,p.Arg239Lys,239,R,R,239,215,GA215K,GA215K,215,G,OK,True,True,True,True,True
7UUY,237,329,p.Ser240Cys,240,S,S,240,216,PA216C,PA216C,216,P,OK,True,True,True,True,True
7UUY,238,330,p.Ser240Ile,240,S,S,240,216,PA216I,PA216I,216,P,OK,True,True,True,True,True
7UUY,239,331,p.Ser240Asn,240,S,S,240,216,PA216N,PA216N,216,P,OK,True,True,True,True,True
7UUY,240,332,p.Ser240Thr,240,S,S,240,216,PA216T,PA216T,216,P,OK,True,True,True,True,True
7UUY,241,333,p.Arg241Cys,241,R,R,241,217,RA217C,RA217C,217,R,OK,True,True,True,True,True
7UUY,242,334,p.Arg241His,241,R,R,241,217,RA217H,RA217H,217,R,OK,True,True,True,True,True
7UUY,243,335,p.Tyr242Cys,242,Y,Y,242,218,NA218C,NA218C,218,N,OK,True,True,True,True,True
7UUY,244,336,p.Tyr242Ser,242,Y,Y,242,218,NA218S,NA218S,218,N,OK,True,True,True,True,True
7UUY,245,337,p.Thr243Ala,243,T,T,243,219,VA219A,VA219A,219,V,OK,True,True,True,True,True
7UUY,246,338,p.Thr243Ile,243,T,T,243,219,VA219I,VA219I,219,V,OK,True,True,True,True,True
7UUY,247,339,p.Phe244Ser,244,F,F,244,220,LA220S,LA220S,220,L,OK,True,True,True,True,True
7UUY,248,340,p.Phe247Ile,247,F,F,247,223,AA223I,AA223I,223,A,OK,True,True,True,True,True
7UUY,249,341,p.Phe247Leu,247,F,F,247,223,AA223L,AA223L,223,A,OK,True,True,True,True,True
7UUY,250,342,p.Val248Leu,248,V,I,248,224,QA224L,QA224L,224,Q,OK,True,True,True,True,True
7UUY,251,343,p.Val248Ala,248,V,I,248,224,QA224A,QA224A,224,Q,OK,True,True,True,True,True
7UUY,252,344,p.Gly250Cys,250,G,G,250,226,HA226C,HA226C,226,H,OK,True,True,True,True,True
7UUY,253,345,p.Gly250Ala,250,G,G,250,226,HA226A,HA226A,226,H,OK,True,True,True,True,True
7UUY,254,346,p.Gly251Ser,251,G,G,251,227,SA227S,SA227S,227,S,OK,True,True,True,True,True
7UUY,255,347,p.Gly251Asp,251,G,G,251,227,SA227D,SA227D,227,S,OK,True,True,True,True,True
7UUY,256,348,p.Thr252Lys,252,T,T,252,228,RA228K,RA228K,228,R,OK,True,True,True,True,True
7UUY,257,349,p.Thr252Met,252,T,T,252,228,RA228M,RA228M,228,R,OK,True,True,True,True,True
7UUY,258,350,p.Leu256Ile,256,L,L,256,232,MA232I,MA232I,232,M,OK,True,True,True,True,True
7UUY,259,351,p.Leu256Phe,256,L,L,256,232,MA232F,MA232F,232,M,OK,True,True,True,True,True
7UUY,260,352,p.Met258Leu,258,M,M,258,234,FA234L,FA234L,234,F,OK,True,True,True,True,True
7UUY,261,353,p.Met258Val,258,M,M,258,234,FA234V,FA234V,234,F,OK,True,True,True,True,True
7UUY,262,354,p.Met258Ile,258,M,M,258,234,FA234I,FA234I,234,F,OK,True,True,True,True,True
7UUY,263,355,p.Tyr259Cys,259,Y,Y,259,235,DA235C,DA235C,235,D,OK,True,True,True,True,True
7UUY,264,356,p.Val261Met,261,V,V,261,237,DA237M,DA237M,237,D,OK,True,True,True,True,True
7UUY,265,357,p.Val261Ala,261,V,V,261,237,DA237A,DA237A,237,D,OK,True,True,True,True,True
7UUY,266,358,p.Asn262Ser,262,N,N,262,238,PA238S,PA238S,238,P,OK,True,True,True,True,True
7UUY,267,359,p.Asn262Lys,262,N,N,262,238,PA238K,PA238K,238,P,OK,True,True,True,True,True
7UUY,268,360,p.Ala264Ser,264,A,A,264,240,SA240S,SA240S,240,S,OK,True,True,True,True,True
7UUY,269,361,p.Ala264Glu,264,A,A,264,240,SA240E,SA240E,240,S,OK,True,True,True,True,True
7UUY,270,362,p.Ala264Val,264,A,A,264,240,SA240V,SA240V,240,S,OK,True,True,True,True,True
7UUY,271,363,p.Gln265Leu,265,Q,Q,265,241,RA241L,RA241L,241,R,OK,True,True,True,True,True
7UUY,272,364,p.Gln265Pro,265,Q,Q,265,241,RA241P,RA241P,241,R,OK,True,True,True,True,True
7UUY,273,365,p.Val266Met,266,V,V,266,242,YA242M,YA242M,242,Y,OK,True,True,True,True,True
7UUY,274,366,p.Val266Leu,266,V,V,266,242,YA242L,YA242L,242,Y,OK,True,True,True,True,True
7UUY,275,367,p.Val266Gly,266,V,V,266,242,YA242G,YA242G,242,Y,OK,True,True,True,True,True
7UUY,276,368,p.Val266Glu,266,V,V,266,242,YA242E,YA242E,242,Y,OK,True,True,True,True,True
7UUY,277,369,p.Gln267Glu,267,Q,Q,267,243,TA243E,TA243E,243,T,OK,True,True,True,True,True
7UUY,278,370,p.Gln267Arg,267,Q,Q,267,243,TA243R,TA243R,243,T,OK,True,True,True,True,True
7UUY,279,371,p.Gln267His,267,Q,Q,267,243,TA243H,TA243H,243,T,OK,True,True,True,True,True
7UUY,280,372,p.Arg268Ser,268,R,R,268,244,FA244S,FA244S,244,F,OK,True,True,True,True,True
7UUY,281,373,p.Arg268Cys,268,R,R,268,244,FA244C,FA244C,244,F,OK,True,True,True,True,True
7UUY,282,374,p.Arg268His,268,R,R,268,244,FA244H,FA244H,244,F,OK,True,True,True,True,True
7UUY,283,375,p.Val270Leu,270,V,V,270,246,TA246L,TA246L,246,T,OK,True,True,True,True,True
7UUY,284,376,p.Val270Met,270,V,V,270,246,TA246M,TA246M,246,T,OK,True,True,True,True,True
7UUY,285,377,p.Arg273Cys,273,R,H,273,249,VA249C,VA249C,249,V,OK,True,True,True,True,True
7UUY,286,378,p.Arg273His,273,R,H,273,249,VA249H,VA249H,249,V,OK,True,True,True,True,True
7UUY,287,379,p.Arg273Pro,273,R,H,273,249,VA249P,VA249P,249,V,OK,True,True,True,True,True
7UUY,288,380,p.Thr274Arg,274,T,T,274,250,GA250R,GA250R,250,G,OK,True,True,True,True,True
7UUY,289,381,p.Glu275Lys,275,E,E,275,251,GA251K,GA251K,251,G,OK,True,True,True,True,True
7UUY,290,382,p.Lys276Gln,276,K,G,276,252,TA252Q,TA252Q,252,T,OK,True,True,True,True,True
7UUY,291,383,p.Lys276Glu,276,K,G,276,252,TA252E,TA252E,252,T,OK,True,True,True,True,True
7UUY,292,384,p.Ala278Thr,278,A,A,278,254,VA254T,VA254T,254,V,OK,True,True,True,True,True
7UUY,293,385,p.Ala281Ser,281,A,A,281,257,SA257S,SA257S,257,S,OK,True,True,True,True,True
7UUY,294,386,p.Ala281Asp,281,A,A,281,257,SA257D,SA257D,257,S,OK,True,True,True,True,True
7UUY,295,387,p.Ala281Val,281,A,A,281,257,SA257V,SA257V,257,S,OK,True,True,True,True,True
7UUY,296,388,p.Ala281Gly,281,A,A,281,257,SA257G,SA257G,257,S,OK,True,True,True,True,True
7UUY,297,389,p.Ile284Phe,284,I,V,284,260,GA260F,GA260F,260,G,OK,True,True,True,True,True
7UUY,298,390,p.Ile284Val,284,I,V,284,260,GA260V,GA260V,260,G,OK,True,True,True,True,True
7UUY,299,391,p.Asn285Ser,285,N,N,285,261,VA261S,VA261S,261,V,OK,True,True,True,True,True
7UUY,300,392,p.Val287Ala,287,V,L,287,263,QA263A,QA263A,263,Q,OK,True,True,True,True,True
7UUY,301,393,p.Gly288Ser,288,G,G,288,264,AA264S,AA264S,264,A,OK,True,True,True,True,True
7UUY,302,394,p.Gly288Cys,288,G,G,288,264,AA264C,AA264C,264,A,OK,True,True,True,True,True
7UUY,303,395,p.Gly288Asp,288,G,G,288,264,AA264D,AA264D,264,A,OK,True,True,True,True,True
7UUY,304,396,p.Gly288Val,288,G,G,288,264,AA264V,AA264V,264,A,OK,True,True,True,True,True
7UUY,305,397,p.Leu289Arg,289,L,L,289,265,QA265R,QA265R,265,Q,OK,True,True,True,True,True
7UUY,306,398,p.Leu289Pro,289,L,L,289,265,QA265P,QA265P,265,Q,OK,True,True,True,True,True
7UUY,307,399,p.Phe290Tyr,290,F,F,290,266,VA266Y,VA266Y,266,V,OK,True,True,True,True,True
7UUY,308,400,p.Leu291Arg,291,L,L,291,267,QA267R,QA267R,267,Q,OK,True,True,True,True,True
7UUY,309,401,p.Val293Met,293,V,V,293,269,YA269M,YA269M,269,Y,OK,True,True,True,True,True
7UUY,310,402,p.Val293Leu,293,V,V,293,269,YA269L,YA269L,269,Y,OK,True,True,True,True,True
7UUY,311,403,p.Ser294Phe,294,S,A,294,270,VA270F,VA270F,270,V,OK,True,True,True,True,True
7UUY,312,404,p.Ala296Thr,296,A,A,296,272,CA272T,CA272T,272,C,OK,True,True,True,True,True
7UUY,313,405,p.Ala296Pro,296,A,A,296,272,CA272P,CA272P,272,C,OK,True,True,True,True,True
7UUY,314,406,p.Ala296Val,296,A,A,296,272,CA272V,CA272V,272,C,OK,True,True,True,True,True
7UUY,315,407,p.Ala297Val,297,A,A,297,273,HA273V,HA273V,273,H,OK,True,True,True,True,True
7UUY,316,408,p.Cys298Gly,298,C,C,298,274,TA274G,TA274G,274,T,OK,True,True,True,True,True
7UUY,317,409,p.Cys298Ser,298,C,C,298,274,TA274S,TA274S,274,T,OK,True,True,True,True,True
7UUY,318,410,p.Cys299Gly,299,C,C,299,275,EA275G,EA275G,275,E,OK,True,True,True,True,True
7UUY,319,411,p.Cys299Tyr,299,C,C,299,275,EA275Y,EA275Y,275,E,OK,True,True,True,True,True
7UUY,320,412,p.Gly300Asp,300,G,G,300,276,GA276D,GA276D,276,G,OK,True,True,True,True,True
7UUY,321,413,p.Ile301Val,301,I,I,301,277,KA277V,KA277V,277,K,OK,True,True,True,True,True
7UUY,322,414,p.Ile301Met,301,I,I,301,277,KA277M,KA277M,277,K,OK,True,True,True,True,True
7UUY,323,415,p.Val302Ile,302,V,V,302,278,AA278I,AA278I,278,A,OK,True,True,True,True,True
7UUY,324,416,p.Val302Leu,302,V,V,302,278,AA278L,AA278L,278,A,OK,True,True,True,True,True
7UUY,325,417,p.Met303Leu,303,M,M,303,279,KA279L,KA279L,279,K,OK,True,True,True,True,True
7UUY,326,418,p.Met303Leu,303,M,M,303,279,KA279L,KA279L,279,K,OK,True,True,True,True,True
7UUY,327,419,p.Met303Val,303,M,M,303,279,KA279V,KA279V,279,K,OK,True,True,True,True,True
7UUY,328,420,p.Phe304Cys,304,F,F,304,280,LA280C,LA280C,280,L,OK,True,True,True,True,True
7UUY,329,421,p.Phe304Ser,304,F,F,304,280,LA280S,LA280S,280,L,OK,True,True,True,True,True
7UUY,330,422,p.Val305Met,305,V,V,305,281,AA281M,AA281M,281,A,OK,True,True,True,True,True
7UUY,331,423,p.Val305Ala,305,V,V,305,281,AA281A,AA281A,281,A,OK,True,True,True,True,True
7UUY,332,424,p.Tyr307Cys,307,Y,Y,307,283,LA283C,LA283C,283,L,OK,True,True,True,True,True
7UUY,333,425,p.Thr308Ala,308,T,K,308,284,VA284A,VA284A,284,V,OK,True,True,True,True,True
7UUY,334,426,p.Asp309Tyr,309,D,D,309,285,NA285Y,NA285Y,285,N,OK,True,True,True,True,True
7UUY,335,427,p.Cys310Phe,310,C,C,310,286,QA286F,QA286F,286,Q,OK,True,True,True,True,True
7UUY,336,428,p.Asp311Asn,311,D,D,311,287,LA287N,LA287N,287,L,OK,True,True,True,True,True
7UUY,337,429,p.Pro312Ser,312,P,P,312,288,GA288S,GA288S,288,G,OK,True,True,True,True,True
7UUY,338,430,p.Pro312Leu,312,P,P,312,288,GA288L,GA288L,288,G,OK,True,True,True,True,True
7UUY,339,431,p.Leu313Phe,313,L,L,313,289,LA289F,LA289F,289,L,OK,True,True,True,True,True
7UUY,340,432,p.Leu313Pro,313,L,L,313,289,LA289P,LA289P,289,L,OK,True,True,True,True,True
7UUY,341,433,p.Leu314Phe,314,L,L,314,290,FA290F,FA290F,290,F,OK,True,True,True,True,True
7UUY,342,434,p.Leu314Val,314,L,L,314,290,FA290V,FA290V,290,F,OK,True,True,True,True,True
7UUY,343,435,p.Leu314Ile,314,L,L,314,290,FA290I,FA290I,290,F,OK,True,True,True,True,True
7UUY,344,436,p.Leu315Gln,315,L,T,315,291,LA291Q,LA291Q,291,L,OK,True,True,True,True,True
7UUY,345,437,p.Arg317Ser,317,R,R,317,293,VA293S,VA293S,293,V,OK,True,True,True,True,True
7UUY,346,438,p.Arg317Gly,317,R,R,317,293,VA293G,VA293G,293,V,OK,True,True,True,True,True
7UUY,347,439,p.Arg317Cys,317,R,R,317,293,VA293C,VA293C,293,V,OK,True,True,True,True,True
7UUY,348,440,p.Arg317Leu,317,R,R,317,293,VA293L,VA293L,293,V,OK,True,True,True,True,True
7UUY,349,441,p.Arg317His,317,R,R,317,293,VA293H,VA293H,293,V,OK,True,True,True,True,True
7UUY,350,442,p.Ser319Pro,319,S,S,319,295,SA295P,SA295P,295,S,OK,True,True,True,True,True
7UUY,351,443,p.Ser319Cys,319,S,S,319,295,SA295C,SA295C,295,S,OK,True,True,True,True,True
7UUY,352,444,p.Ala320Thr,320,A,A,320,296,AA296T,AA296T,296,A,OK,True,True,True,True,True
7UUY,353,445,p.Pro321Ser,321,P,P,321,297,AA297S,AA297S,297,A,OK,True,True,True,True,True
7UUY,354,446,p.Asp322Val,322,D,D,322,298,CA298V,CA298V,298,C,OK,True,True,True,True,True
7UUY,355,447,p.Tyr324Asn,324,Y,Y,324,300,GA300N,GA300N,300,G,OK,True,True,True,True,True
7UUY,356,448,p.Tyr324His,324,Y,Y,324,300,GA300H,GA300H,300,G,OK,True,True,True,True,True
7UUY,357,449,p.Met325Val,325,M,M,325,301,IA301V,IA301V,301,I,OK,True,True,True,True,True
7UUY,358,450,p.Pro326Ser,326,P,P,326,302,VA302S,VA302S,302,V,OK,True,True,True,True,True
7UUY,359,451,p.Pro326Leu,326,P,P,326,302,VA302L,VA302L,302,V,OK,True,True,True,True,True
7UUY,360,452,p.Ile332Val,332,I,I,332,308,KA308V,KA308V,308,K,OK,True,True,True,True,True
7UUY,361,453,p.Phe333Leu,333,F,F,333,309,DA309L,DA309L,309,D,OK,True,True,True,True,True
7UUY,362,454,p.Glu334Gln,334,E,E,334,310,CA310Q,CA310Q,310,C,OK,True,True,True,True,True
7UUY,363,455,p.Glu334Lys,334,E,E,334,310,CA310K,CA310K,310,C,OK,True,True,True,True,True
7UUY,364,456,p.Asp335Tyr,335,D,D,335,311,DA311Y,DA311Y,311,D,OK,True,True,True,True,True
7UUY,365,457,p.Asp335Val,335,D,D,335,311,DA311V,DA311V,311,D,OK,True,True,True,True,True
7UUY,366,458,p.Asp335Gly,335,D,D,335,311,DA311G,DA311G,311,D,OK,True,True,True,True,True
7UUY,367,459,p.Pro337Ser,337,P,P,337,313,LA313S,LA313S,313,L,OK,True,True,True,True,True
7UUY,368,460,p.Pro337Leu,337,P,P,337,313,LA313L,LA313L,313,L,OK,True,True,True,True,True
7UUY,369,461,p.Val339Ala,339,V,V,339,315,TA315A,TA315A,315,T,OK,True,True,True,True,True
7UUY,370,462,p.Pro340Ser,340,P,P,340,316,GA316S,GA316S,316,G,OK,True,True,True,True,True
7UUY,371,463,p.Pro340Thr,340,P,P,340,316,GA316T,GA316T,316,G,OK,True,True,True,True,True
7UUY,372,464,p.Pro340Leu,340,P,P,340,316,GA316L,GA316L,316,G,OK,True,True,True,True,True
7UUY,373,465,p.Gly341Trp,341,G,G,341,317,RA317W,RA317W,317,R,OK,True,True,True,True,True
7UUY,374,466,p.Gly341Arg,341,G,G,341,317,RA317R,RA317R,317,R,OK,True,True,True,True,True
7UUY,375,467,p.Gly341Glu,341,G,G,341,317,RA317E,RA317E,317,R,OK,True,True,True,True,True
7UUY,376,468,p.Leu342Phe,342,L,L,342,318,IA318F,IA318F,318,I,OK,True,True,True,True,True
7UUY,377,469,p.Leu342Ile,342,L,L,342,318,IA318I,IA318I,318,I,OK,True,True,True,True,True
7UUY,378,470,p.Phe343Leu,343,F,F,343,319,SA319L,SA319L,319,S,OK,True,True,True,True,True
7UUY,379,471,p.Ala345Thr,345,A,A,345,321,PA321T,PA321T,321,P,OK,True,True,True,True,True
7UUY,380,472,p.Cys346Arg,346,C,C,346,322,DA322R,DA322R,322,D,OK,True,True,True,True,True
7UUY,381,473,p.Cys346Tyr,346,C,C,346,322,DA322Y,DA322Y,322,D,OK,True,True,True,True,True
7UUY,382,474,p.Ala347Val,347,A,A,347,323,QA323V,QA323V,323,Q,OK,True,True,True,True,True
7UUY,383,475,p.Ser349Gly,349,S,S,349,325,MA325G,MA325G,325,M,OK,True,True,True,True,True
7UUY,384,476,p.Ser349Arg,349,S,S,349,325,MA325R,MA325R,325,M,OK,True,True,True,True,True
7UUY,385,477,p.Thr351Ala,351,T,T,351,327,LA327A,LA327A,327,L,OK,True,True,True,True,True
7UUY,386,478,p.Thr351Ile,351,T,T,351,327,LA327I,LA327I,327,L,OK,True,True,True,True,True
7UUY,387,479,p.Thr351Asn,351,T,T,351,327,LA327N,LA327N,327,L,OK,True,True,True,True,True
7UUY,388,480,p.Ser353Asn,353,S,S,353,329,VA329N,VA329N,329,V,OK,True,True,True,True,True
7UUY,389,481,p.Thr354Pro,354,T,T,354,330,LA330P,LA330P,330,L,OK,True,True,True,True,True
7UUY,390,482,p.Ala355Glu,355,A,A,355,331,DA331E,DA331E,331,D,OK,True,True,True,True,True
7UUY,391,483,p.Ser358Asn,358,S,S,358,334,EA334N,EA334N,334,E,OK,True,True,True,True,True
7UUY,392,484,p.Ala361Val,361,A,A,361,337,PA337V,PA337V,337,P,OK,True,True,True,True,True
7UUY,393,485,p.Met362Val,362,M,M,362,338,GA338V,GA338V,338,G,OK,True,True,True,True,True
7UUY,394,486,p.Met362Leu,362,M,M,362,338,GA338L,GA338L,338,G,OK,True,True,True,True,True
7UUY,395,487,p.Met362Thr,362,M,M,362,338,GA338T,GA338T,338,G,OK,True,True,True,True,True
7UUY,396,488,p.Met362Ile,362,M,M,362,338,GA338I,GA338I,338,G,OK,True,True,True,True,True
7UUY,397,489,p.Ala364Pro,364,A,A,364,340,PA340P,PA340P,340,P,OK,True,True,True,True,True
7UUY,398,490,p.Ala364Ser,364,A,A,364,340,PA340S,PA340S,340,P,OK,True,True,True,True,True
7UUY,399,491,p.Ala364Thr,364,A,A,364,340,PA340T,PA340T,340,P,OK,True,True,True,True,True
7UUY,400,492,p.Thr366Ala,366,T,T,366,342,LA342A,LA342A,342,L,OK,True,True,True,True,True
7UUY,401,493,p.Thr366Pro,366,T,T,366,342,LA342P,LA342P,342,L,OK,True,True,True,True,True
7UUY,402,494,p.Val367Ile,367,V,V,367,343,FA343I,FA343I,343,F,OK,True,True,True,True,True
7UUY,403,495,p.Val367Ala,367,V,V,367,343,FA343A,FA343A,343,F,OK,True,True,True,True,True
7UUY,404,496,p.Asp369Gly,369,D,D,369,345,AA345G,AA345G,345,A,OK,True,True,True,True,True
7UUY,405,497,p.Leu370Phe,370,L,L,370,346,CA346F,CA346F,346,C,OK,True,True,True,True,True
7UUY,406,498,p.Leu370Pro,370,L,L,370,346,CA346P,CA346P,346,C,OK,True,True,True,True,True
7UUY,407,499,p.Pro373Ser,373,P,P,373,349,SA349S,SA349S,349,S,OK,True,True,True,True,True
7UUY,408,500,p.Pro373Thr,373,P,P,373,349,SA349T,SA349T,349,S,OK,True,True,True,True,True
7UUY,409,501,p.Pro373Leu,373,P,P,373,349,SA349L,SA349L,349,S,OK,True,True,True,True,True
7UUY,410,502,p.Arg374Trp,374,R,R,374,350,GA350W,GA350W,350,G,OK,True,True,True,True,True
7UUY,411,503,p.Arg374Gln,374,R,R,374,350,GA350Q,GA350Q,350,G,OK,True,True,True,True,True
7UUY,412,504,p.Leu375Arg,375,L,M,375,351,TA351R,TA351R,351,T,OK,True,True,True,True,True
7UUY,413,505,p.Arg376Trp,376,R,P,376,352,LA352W,LA352W,352,L,OK,True,True,True,True,True
7UUY,414,506,p.Arg376Gln,376,R,P,376,352,LA352Q,LA352Q,352,L,OK,True,True,True,True,True
7UUY,415,507,p.Ser377Asn,377,S,G,377,353,SA353N,SA353N,353,S,OK,True,True,True,True,True
7UUY,416,508,p.Ser377Arg,377,S,G,377,353,SA353R,SA353R,353,S,OK,True,True,True,True,True
7UUY,417,509,p.Ala379Ser,379,A,A,379,355,AA355S,AA355S,355,A,OK,True,True,True,True,True
7UUY,418,510,p.Ala379Glu,379,A,A,379,355,AA355E,AA355E,355,A,OK,True,True,True,True,True
7UUY,419,511,p.Pro380Ser,380,P,P,380,356,SA356S,SA356S,356,S,OK,True,True,True,True,True
7UUY,420,512,p.Arg381Gly,381,R,R,381,357,TA357G,TA357G,357,T,OK,True,True,True,True,True
7UUY,421,513,p.Arg381Ser,381,R,R,381,357,TA357S,TA357S,357,T,OK,True,True,True,True,True
7UUY,422,514,p.Lys382Thr,382,K,K,382,358,SA358T,SA358T,358,S,OK,True,True,True,True,True
7UUY,423,515,p.Leu383Val,383,L,L,383,359,IA359V,IA359V,359,I,OK,True,True,True,True,True
7UUY,424,516,p.Val384Met,384,V,V,384,360,NA360M,NA360M,360,N,OK,True,True,True,True,True
7UUY,425,517,p.Val384Leu,384,V,V,384,360,NA360L,NA360L,360,N,OK,True,True,True,True,True
7UUY,426,518,p.Val384Ala,384,V,V,384,360,NA360A,NA360A,360,N,OK,True,True,True,True,True
7UUY,427,519,p.Ile385Phe,385,I,F,385,361,AA361F,AA361F,361,A,OK,True,True,True,True,True
7UUY,428,520,p.Ile385Thr,385,I,F,385,361,AA361T,AA361T,361,A,OK,True,True,True,True,True
7UUY,429,521,p.Ile385Ser,385,I,F,385,361,AA361S,AA361S,361,A,OK,True,True,True,True,True
7UUY,430,522,p.Gly389Arg,389,G,G,389,365,VA365R,VA365R,365,V,OK,True,True,True,True,True
7UUY,431,523,p.Gly389Val,389,G,G,389,365,VA365V,VA365V,365,V,OK,True,True,True,True,True
7UUY,432,524,p.Gly389Ala,389,G,G,389,365,VA365A,VA365A,365,V,OK,True,True,True,True,True
7UUY,433,525,p.Leu390Phe,390,L,L,390,366,TA366F,TA366F,366,T,OK,True,True,True,True,True
7UUY,434,526,p.Ser391Leu,391,S,S,391,367,VA367L,VA367L,367,V,OK,True,True,True,True,True
7UUY,435,527,p.Leu392Phe,392,L,F,392,368,EA368F,EA368F,368,E,OK,True,True,True,True,True
7UUY,436,528,p.Ile393Ser,393,I,I,393,369,DA369S,DA369S,369,D,OK,True,True,True,True,True
7UUY,437,529,p.Gly395Arg,395,G,G,395,371,IA371R,IA371R,371,I,OK,True,True,True,True,True
7UUY,438,530,p.Gly395Glu,395,G,G,395,371,IA371E,IA371E,371,I,OK,True,True,True,True,True
7UUY,439,531,p.Ser396Leu,396,S,S,396,372,KA372L,KA372L,372,K,OK,True,True,True,True,True
7UUY,440,532,p.Ala397Pro,397,A,A,397,373,PA373P,PA373P,373,P,OK,True,True,True,True,True
7UUY,441,533,p.Ala397Ser,397,A,A,397,373,PA373S,PA373S,373,P,OK,True,True,True,True,True
7UUY,442,534,p.Ala397Val,397,A,A,397,373,PA373V,PA373V,373,P,OK,True,True,True,True,True
7UUY,443,535,p.Cys398Arg,398,C,C,398,374,RA374R,RA374R,374,R,OK,True,True,True,True,True
7UUY,444,536,p.Cys398Tyr,398,C,C,398,374,RA374Y,RA374Y,374,R,OK,True,True,True,True,True
7UUY,445,537,p.Thr400Ser,400,T,T,400,376,PA376S,PA376S,376,P,OK,True,True,True,True,True
7UUY,446,538,p.Val401Met,401,V,V,401,377,GA377M,GA377M,377,G,OK,True,True,True,True,True
7UUY,447,539,p.Val401Leu,401,V,V,401,377,GA377L,GA377L,377,G,OK,True,True,True,True,True
7UUY,448,540,p.Val401Leu,401,V,V,401,377,GA377L,GA377L,377,G,OK,True,True,True,True,True
7UUY,449,541,p.Val401Ala,401,V,V,401,377,GA377A,GA377A,377,G,OK,True,True,True,True,True
7UUY,450,542,p.Ala402Thr,402,A,A,402,378,LA378T,LA378T,378,L,OK,True,True,True,True,True
7UUY,451,543,p.Ala402Ser,402,A,A,402,378,LA378S,LA378S,378,L,OK,True,True,True,True,True
7UUY,452,544,p.Ala402Val,402,A,A,402,378,LA378V,LA378V,378,L,OK,True,True,True,True,True
7UUY,453,545,p.Ala403Asp,403,A,A,403,379,AA379D,AA379D,379,A,OK,True,True,True,True,True
7UUY,454,546,p.Ser405Phe,405,S,S,405,381,RA381F,RA381F,381,R,OK,True,True,True,True,True
7UUY,455,547,p.Ser405Tyr,405,S,S,405,381,RA381Y,RA381Y,381,R,OK,True,True,True,True,True
7UUY,456,548,p.Ser405Cys,405,S,S,405,381,RA381C,RA381C,381,R,OK,True,True,True,True,True
7UUY,457,549,p.Ser406Thr,406,S,S,406,382,KA382T,KA382T,382,K,OK,True,True,True,True,True
7UUY,458,550,p.Leu408Phe,408,L,L,408,384,VA384F,VA384F,384,V,OK,True,True,True,True,True
7UUY,459,551,p.Leu408Ile,408,L,L,408,384,VA384I,VA384I,384,V,OK,True,True,True,True,True
7UUY,460,552,p.Leu408Pro,408,L,L,408,384,VA384P,VA384P,384,V,OK,True,True,True,True,True
7UUY,461,553,p.Gly409Arg,409,G,G,409,385,FA385R,FA385R,385,F,OK,True,True,True,True,True
7UUY,462,554,p.Gly410Arg,410,G,G,410,386,IA386R,IA386R,386,I,OK,True,True,True,True,True
7UUY,463,555,p.Gly410Arg,410,G,G,410,386,IA386R,IA386R,386,I,OK,True,True,True,True,True
7UUY,464,556,p.Gly411Ser,411,G,G,411,387,SA387S,SA387S,387,S,OK,True,True,True,True,True
7UUY,465,557,p.Gly411Val,411,G,G,411,387,SA387V,SA387V,387,S,OK,True,True,True,True,True
7UUY,466,558,p.Val412Ile,412,V,V,412,388,KA388I,KA388I,388,K,OK,True,True,True,True,True
7UUY,467,559,p.Gln414His,414,Q,Q,414,390,LA390H,LA390H,390,L,OK,True,True,True,True,True
7UUY,468,560,p.Gln414His,414,Q,Q,414,390,LA390H,LA390H,390,L,OK,True,True,True,True,True
7UUY,469,561,p.Ser416Phe,416,S,S,416,392,FA392F,FA392F,392,F,OK,True,True,True,True,True
7UUY,470,562,p.Phe417Ser,417,F,F,417,393,IA393S,IA393S,393,I,OK,True,True,True,True,True
7UUY,471,563,p.Val419Ile,419,V,V,419,395,GA395I,GA395I,395,G,OK,True,True,True,True,True
7UUY,472,564,p.Val419Asp,419,V,V,419,395,GA395D,GA395D,395,G,OK,True,True,True,True,True
7UUY,473,565,p.Met420Leu,420,M,M,420,396,SA396L,SA396L,396,S,OK,True,True,True,True,True
7UUY,474,566,p.Met420Val,420,M,M,420,396,SA396V,SA396V,396,S,OK,True,True,True,True,True
7UUY,475,567,p.Met420Thr,420,M,M,420,396,SA396T,SA396T,396,S,OK,True,True,True,True,True
7UUY,476,568,p.Met420Lys,420,M,M,420,396,SA396K,SA396K,396,S,OK,True,True,True,True,True
7UUY,477,569,p.Met420Ile,420,M,M,420,396,SA396I,SA396I,396,S,OK,True,True,True,True,True
7UUY,478,570,p.Met420Ile,420,M,M,420,396,SA396I,SA396I,396,S,OK,True,True,True,True,True
7UUY,479,571,p.Val422Leu,422,V,V,422,398,CA398L,CA398L,398,C,OK,True,True,True,True,True
7UUY,480,572,p.Val422Ile,422,V,V,422,398,CA398I,CA398I,398,C,OK,True,True,True,True,True
7UUY,481,573,p.Ile423Thr,423,I,I,423,399,LA399T,LA399T,399,L,OK,True,True,True,True,True
7UUY,482,574,p.Ser424Arg,424,S,S,424,400,TA400R,TA400R,400,T,OK,True,True,True,True,True
7UUY,483,575,p.Gly425Cys,425,G,G,425,401,VA401C,VA401C,401,V,OK,True,True,True,True,True
7UUY,484,576,p.Gly425Ser,425,G,G,425,401,VA401S,VA401S,401,V,OK,True,True,True,True,True
7UUY,485,577,p.Gly425Ala,425,G,G,425,401,VA401A,VA401A,401,V,OK,True,True,True,True,True
7UUY,486,578,p.Pro426Leu,426,P,P,426,402,AA402L,AA402L,402,A,OK,True,True,True,True,True
7UUY,487,579,p.Leu427Gln,427,L,L,427,403,AA403Q,AA403Q,403,A,OK,True,True,True,True,True
7UUY,488,580,p.Leu428Met,428,L,L,428,404,LA404M,LA404M,404,L,OK,True,True,True,True,True
7UUY,489,581,p.Leu428Arg,428,L,L,428,404,LA404R,LA404R,404,L,OK,True,True,True,True,True
7UUY,490,582,p.Leu428Pro,428,L,L,428,404,LA404P,LA404P,404,L,OK,True,True,True,True,True
7UUY,491,583,p.Ala430Pro,430,A,A,430,406,SA406P,SA406P,406,S,OK,True,True,True,True,True
7UUY,492,584,p.Ala430Ser,430,A,A,430,406,SA406S,SA406S,406,S,OK,True,True,True,True,True
7UUY,493,585,p.Ala430Asp,430,A,A,430,406,SA406D,SA406D,406,S,OK,True,True,True,True,True
7UUY,494,586,p.Phe431Leu,431,F,F,431,407,LA407L,LA407L,407,L,OK,True,True,True,True,True
7UUY,495,587,p.Phe431Ser,431,F,F,431,407,LA407S,LA407S,407,L,OK,True,True,True,True,True
7UUY,496,588,p.Ile432Val,432,I,T,432,408,LA408V,LA408V,408,L,OK,True,True,True,True,True
7UUY,497,589,p.Ile432Thr,432,I,T,432,408,LA408T,LA408T,408,L,OK,True,True,True,True,True
7UUY,498,590,p.Ile432Asn,432,I,T,432,408,LA408N,LA408N,408,L,OK,True,True,True,True,True
7UUY,499,591,p.Gly434Ala,434,G,G,434,410,GA410A,GA410A,410,G,OK,True,True,True,True,True
7UUY,500,592,p.Met435Leu,435,M,M,435,411,GA411L,GA411L,411,G,OK,True,True,True,True,True
7UUY,501,593,p.Met435Thr,435,M,M,435,411,GA411T,GA411T,411,G,OK,True,True,True,True,True
7UUY,502,594,p.Phe436Tyr,436,F,L,436,412,VA412Y,VA412Y,412,V,OK,True,True,True,True,True
7UUY,503,595,p.Phe436Cys,436,F,L,436,412,VA412C,VA412C,412,V,OK,True,True,True,True,True
7UUY,504,596,p.Phe436Leu,436,F,L,436,412,VA412L,VA412L,412,V,OK,True,True,True,True,True
7UUY,505,597,p.Leu437Pro,437,L,L,437,413,LA413P,LA413P,413,L,OK,True,True,True,True,True
7UUY,506,598,p.Pro438Leu,438,P,P,438,414,QA414L,QA414L,414,Q,OK,True,True,True,True,True
7UUY,507,599,p.Ala439Pro,439,A,A,439,415,GA415P,GA415P,415,G,OK,True,True,True,True,True
7UUY,508,600,p.Ala439Asp,439,A,A,439,415,GA415D,GA415D,415,G,OK,True,True,True,True,True
7UUY,509,601,p.Cys440Gly,440,C,C,440,416,SA416G,SA416G,416,S,OK,True,True,True,True,True
7UUY,510,602,p.Cys440Arg,440,C,C,440,416,SA416R,SA416R,416,S,OK,True,True,True,True,True
7UUY,511,603,p.Cys440Ser,440,C,C,440,416,SA416S,SA416S,416,S,OK,True,True,True,True,True
7UUY,512,604,p.Cys440Tyr,440,C,C,440,416,SA416Y,SA416Y,416,S,OK,True,True,True,True,True
7UUY,513,605,p.Asn441Ser,441,N,N,441,417,FA417S,FA417S,417,F,OK,True,True,True,True,True
7UUY,514,606,p.Asn441Lys,441,N,N,441,417,FA417K,FA417K,417,F,OK,True,True,True,True,True
7UUY,515,607,p.Thr442Ala,442,T,T,442,418,TA418A,TA418A,418,T,OK,True,True,True,True,True
7UUY,516,608,p.Thr442Lys,442,T,T,442,418,TA418K,TA418K,418,T,OK,True,True,True,True,True
7UUY,517,609,p.Pro443Thr,443,P,P,443,419,VA419T,VA419T,419,V,OK,True,True,True,True,True
7UUY,518,610,p.Pro443Ala,443,P,P,443,419,VA419A,VA419A,419,V,OK,True,True,True,True,True
7UUY,519,611,p.Pro443Ser,443,P,P,443,419,VA419S,VA419S,419,V,OK,True,True,True,True,True
7UUY,520,612,p.Pro443Leu,443,P,P,443,419,VA419L,VA419L,419,V,OK,True,True,True,True,True
7UUY,521,613,p.Gly444Val,444,G,G,444,420,MA420V,MA420V,420,M,OK,True,True,True,True,True
7UUY,522,614,p.Val445Ile,445,V,V,445,421,GA421I,GA421I,421,G,OK,True,True,True,True,True
7UUY,523,615,p.Val445Phe,445,V,V,445,421,GA421F,GA421F,421,G,OK,True,True,True,True,True
7UUY,524,616,p.Val445Ala,445,V,V,445,421,GA421A,GA421A,421,G,OK,True,True,True,True,True
7UUY,525,617,p.Leu446Ile,446,L,L,446,422,VA422I,VA422I,422,V,OK,True,True,True,True,True
7UUY,526,618,p.Leu446Phe,446,L,L,446,422,VA422F,VA422F,422,V,OK,True,True,True,True,True
7UUY,527,619,p.Ala447Pro,447,A,S,447,423,IA423P,IA423P,423,I,OK,True,True,True,True,True
7UUY,528,620,p.Ala447Thr,447,A,S,447,423,IA423T,IA423T,423,I,OK,True,True,True,True,True
7UUY,529,621,p.Ala447Gly,447,A,S,447,423,IA423G,IA423G,423,I,OK,True,True,True,True,True
7UUY,530,622,p.Ala447Val,447,A,S,447,423,IA423V,IA423V,423,I,OK,True,True,True,True,True
7UUY,531,623,p.Leu449Ile,449,L,L,449,425,GA425I,GA425I,425,G,OK,True,True,True,True,True
7UUY,532,624,p.Gly450Arg,450,G,A,450,426,PA426R,PA426R,426,P,OK,True,True,True,True,True
7UUY,533,625,p.Gly450Ser,450,G,A,450,426,PA426S,PA426S,426,P,OK,True,True,True,True,True
7UUY,534,626,p.Ala451Thr,451,A,A,451,427,LA427T,LA427T,427,L,OK,True,True,True,True,True
7UUY,535,627,p.Ala451Val,451,A,A,451,427,LA427V,LA427V,427,L,OK,True,True,True,True,True
7UUY,536,628,p.Gly452Ser,452,G,G,452,428,LA428S,LA428S,428,L,OK,True,True,True,True,True
7UUY,537,629,p.Gly452Arg,452,G,G,452,428,LA428R,LA428R,428,L,OK,True,True,True,True,True
7UUY,538,630,p.Gly452Asp,452,G,G,452,428,LA428D,LA428D,428,L,OK,True,True,True,True,True
7UUY,539,631,p.Gly452Val,452,G,G,452,428,LA428V,LA428V,428,L,OK,True,True,True,True,True
7UUY,540,632,p.Leu453Ser,453,L,L,453,429,GA429S,GA429S,429,G,OK,True,True,True,True,True
7UUY,541,633,p.Ala454Thr,454,A,A,454,430,AA430T,AA430T,430,A,OK,True,True,True,True,True
7UUY,542,634,p.Ala454Pro,454,A,A,454,430,AA430P,AA430P,430,A,OK,True,True,True,True,True
7UUY,543,635,p.Ala454Glu,454,A,A,454,430,AA430E,AA430E,430,A,OK,True,True,True,True,True
7UUY,544,636,p.Ala454Val,454,A,A,454,430,AA430V,AA430V,430,A,OK,True,True,True,True,True
7UUY,545,637,p.Ser456Pro,456,S,S,456,432,TA432P,TA432P,432,T,OK,True,True,True,True,True
7UUY,546,638,p.Trp458Ser,458,W,W,458,434,GA434S,GA434S,434,G,OK,True,True,True,True,True
7UUY,547,639,p.Trp458Leu,458,W,W,458,434,GA434L,GA434L,434,G,OK,True,True,True,True,True
7UUY,548,640,p.Ala460Val,460,A,A,460,436,LA436V,LA436V,436,L,OK,True,True,True,True,True
7UUY,549,641,p.Gly462Ala,462,G,G,462,438,PA438A,PA438A,438,P,OK,True,True,True,True,True
7UUY,550,642,p.Ala463Thr,463,A,A,463,439,AA439T,AA439T,439,A,OK,True,True,True,True,True
7UUY,551,643,p.Ala463Asp,463,A,A,463,439,AA439D,AA439D,439,A,OK,True,True,True,True,True
7UUY,552,644,p.Thr464Ala,464,T,T,464,440,CA440A,CA440A,440,C,OK,True,True,True,True,True
7UUY,553,645,p.Pro467Ala,467,P,P,467,443,PA443A,PA443A,443,P,OK,True,True,True,True,True
7UUY,554,646,p.Pro467Leu,467,P,P,467,443,PA443L,PA443L,443,P,OK,True,True,True,True,True
7UUY,555,647,p.Pro468Ala,468,P,P,468,444,GA444A,GA444A,444,G,OK,True,True,True,True,True
7UUY,556,648,p.Pro468Leu,468,P,P,468,444,GA444L,GA444L,444,G,OK,True,True,True,True,True
7UUY,557,649,p.Ser469Gly,469,S,G,469,445,VA445G,VA445G,445,V,OK,True,True,True,True,True
7UUY,558,650,p.Ser469Arg,469,S,G,469,445,VA445R,VA445R,445,V,OK,True,True,True,True,True
7UUY,559,651,p.Ser469Arg,469,S,G,469,445,VA445R,VA445R,445,V,OK,True,True,True,True,True
7UUY,560,652,p.Glu470Lys,470,E,E,470,446,LA446K,LA446K,446,L,OK,True,True,True,True,True
7UUY,561,653,p.Glu470Gly,470,E,E,470,446,LA446G,LA446G,446,L,OK,True,True,True,True,True
7UUY,562,654,p.Glu470Asp,470,E,E,470,446,LA446D,LA446D,446,L,OK,True,True,True,True,True
7UUY,563,655,p.Thr472Pro,472,T,T,472,448,GA448P,GA448P,448,G,OK,True,True,True,True,True
7UUY,564,656,p.Thr472Asn,472,T,T,472,448,GA448N,GA448N,448,G,OK,True,True,True,True,True
7UUY,565,657,p.Met473Val,473,M,M,473,449,LA449V,LA449V,449,L,OK,True,True,True,True,True
7UUY,566,658,p.Met473Thr,473,M,M,473,449,LA449T,LA449T,449,L,OK,True,True,True,True,True
7UUY,567,659,p.Met473Ile,473,M,M,473,449,LA449I,LA449I,449,L,OK,True,True,True,True,True
7UUY,568,660,p.Met473Ile,473,M,M,473,449,LA449I,LA449I,449,L,OK,True,True,True,True,True
7UUY,569,661,p.Arg474Met,474,R,G,474,450,AA450M,AA450M,450,A,OK,True,True,True,True,True
7UUY,570,662,p.Arg474Lys,474,R,G,474,450,AA450K,AA450K,450,A,OK,True,True,True,True,True
7UUY,571,663,p.Val475Ala,475,V,V,475,451,AA451A,AA451A,451,A,OK,True,True,True,True,True
7UUY,572,664,p.Leu476Val,476,L,L,476,452,GA452V,GA452V,452,G,OK,True,True,True,True,True
7UUY,573,665,p.Ala481Asp,481,A,A,481,457,LA457D,LA457D,457,L,OK,True,True,True,True,True
7UUY,574,666,p.Ala481Val,481,A,A,481,457,LA457V,LA457V,457,L,OK,True,True,True,True,True
7UUY,575,667,p.Arg482Pro,482,R,G,482,458,WA458P,WA458P,458,W,OK,True,True,True,True,True
7UUY,576,668,p.Arg482His,482,R,G,482,458,WA458H,WA458H,458,W,OK,True,True,True,True,True
7UUY,577,712,p.Ser515Asn,515,S,G,515,460,AA460N,AA460N,460,A,OK,True,True,True,True,True
7UUY,578,713,p.Ser515Thr,515,S,G,515,460,AA460T,AA460T,460,A,OK,True,True,True,True,True
7UUY,579,714,p.Arg516Leu,516,R,R,516,461,VA461L,VA461L,461,V,OK,True,True,True,True,True
7UUY,580,715,p.Arg516Gln,516,R,R,516,461,VA461Q,VA461Q,461,V,OK,True,True,True,True,True
7UUY,581,716,p.Pro517Thr,517,P,P,517,462,GA462T,GA462T,462,G,OK,True,True,True,True,True
7UUY,582,717,p.Ala518Ser,518,A,A,518,463,AA463S,AA463S,463,A,OK,True,True,True,True,True
7UUY,583,718,p.Ala518Thr,518,A,A,518,463,AA463T,AA463T,463,A,OK,True,True,True,True,True
7UUY,584,719,p.Ala518Val,518,A,A,518,463,AA463V,AA463V,463,A,OK,True,True,True,True,True
7UUY,585,720,p.Leu519Ile,519,L,L,519,464,TA464I,TA464I,464,T,OK,True,True,True,True,True
7UUY,586,721,p.Ala520Gly,520,A,A,520,465,LA465G,LA465G,465,L,OK,True,True,True,True,True
7UUY,587,722,p.Asp521Gly,521,D,D,521,466,YA466G,YA466G,466,Y,OK,True,True,True,True,True
7UUY,588,723,p.Asp521Ala,521,D,D,521,466,YA466A,YA466A,466,Y,OK,True,True,True,True,True
7UUY,589,724,p.Ser522Gly,522,S,T,522,467,PA467G,PA467G,467,P,OK,True,True,True,True,True
7UUY,590,725,p.Ser522Ile,522,S,T,522,467,PA467I,PA467I,467,P,OK,True,True,True,True,True
7UUY,591,726,p.Phe523Ile,523,F,F,523,468,PA468I,PA468I,468,P,OK,True,True,True,True,True
7UUY,592,727,p.Tyr524His,524,Y,Y,524,469,GA469H,GA469H,469,G,OK,True,True,True,True,True
7UUY,593,728,p.Tyr524Cys,524,Y,Y,524,469,GA469C,GA469C,469,G,OK,True,True,True,True,True
7UUY,594,729,p.Ala525Val,525,A,A,525,470,EA470V,EA470V,470,E,OK,True,True,True,True,True
7UUY,595,730,p.Ile526Val,526,I,I,526,471,QA471V,QA471V,471,Q,OK,True,True,True,True,True
7UUY,596,731,p.Ser527Cys,527,S,S,527,472,TA472C,TA472C,472,T,OK,True,True,True,True,True
7UUY,597,732,p.Tyr528His,528,Y,Y,528,473,MA473H,MA473H,473,M,OK,True,True,True,True,True
7UUY,598,733,p.Leu529Phe,529,L,L,529,474,GA474F,GA474F,474,G,OK,True,True,True,True,True
7UUY,599,734,p.Leu529Arg,529,L,L,529,474,GA474R,GA474R,474,G,OK,True,True,True,True,True
7UUY,600,735,p.Tyr530His,530,Y,Y,530,475,VA475H,VA475H,475,V,OK,True,True,True,True,True
7UUY,601,736,p.Tyr530Cys,530,Y,Y,530,475,VA475C,VA475C,475,V,OK,True,True,True,True,True
7UUY,602,737,p.Gly532Cys,532,G,G,532,477,PA477C,PA477C,477,P,OK,True,True,True,True,True
7UUY,603,738,p.Gly532Ser,532,G,G,532,477,PA477S,PA477S,477,P,OK,True,True,True,True,True
7UUY,604,739,p.Ala533Thr,533,A,A,533,478,TA478T,TA478T,478,T,OK,True,True,True,True,True
7UUY,605,740,p.Ala533Asp,533,A,A,533,478,TA478D,TA478D,478,T,OK,True,True,True,True,True
7UUY,606,741,p.Leu534Pro,534,L,L,534,479,SA479P,SA479P,479,S,OK,True,True,True,True,True
7UUY,607,742,p.Gly535Ser,535,G,G,535,480,AA480S,AA480S,480,A,OK,True,True,True,True,True
7UUY,608,743,p.Gly535Asp,535,G,G,535,480,AA480D,AA480D,480,A,OK,True,True,True,True,True
7UUY,609,744,p.Thr536Met,536,T,T,536,481,AA481M,AA481M,481,A,OK,True,True,True,True,True
7UUY,610,745,p.Leu537Val,537,L,L,537,482,GA482V,GA482V,482,G,OK,True,True,True,True,True
7UUY,611,746,p.Leu537Pro,537,L,L,537,482,GA482P,GA482P,482,G,OK,True,True,True,True,True
7UUY,612,747,p.Thr538Ser,538,T,T,538,483,CA483S,CA483S,483,C,OK,True,True,True,True,True
7UUY,613,777,p.Asp566Glu,566,D,D,566,511,RA511E,RA511E,511,R,OK,True,True,True,True,True
7UUY,614,866,p.Gly93Arg,93,G,G,93,74,LA74R,LA74R,74,L,OK,True,True,True,True,True
7UUY,615,867,p.Tyr137*,137,Y,Y,137,118,YA118X,YA118X,118,Y,OK,True,True,True,True,True
7UUY,616,872,p.Asp191Gly,191,D,D,191,167,SA167G,SA167G,167,S,OK,True,True,True,True,True
7UUY,617,873,p.Thr221=,221,T,S,221,197,VA197X,VA197X,197,V,OK,True,True,True,True,True
7UUY,618,874,p.Gly250Val,250,G,G,250,226,HA226V,HA226V,226,H,OK,True,True,True,True,True
7UUY,619,875,p.Gln263Leu,263,Q,Q,263,239,RA239L,RA239L,239,R,OK,True,True,True,True,True
7UUY,620,876,p.Gln265Arg,265,Q,Q,265,241,RA241R,RA241R,241,R,OK,True,True,True,True,True
7UUY,621,877,p.Val270Glu,270,V,V,270,246,TA246E,TA246E,246,T,OK,True,True,True,True,True
7UUY,622,878,p.Cys272*,272,C,C,272,248,IA248X,IA248X,248,I,OK,True,True,True,True,True
7UUY,623,880,p.Cys310=,310,C,C,310,286,QA286X,QA286X,286,Q,OK,True,True,True,True,True
7UUY,624,882,p.Asp331Asn,331,D,D,331,307,YA307N,YA307N,307,Y,OK,True,True,True,True,True
7UUY,625,883,p.Tyr348Asp,348,Y,Y,348,324,YA324D,YA324D,324,Y,OK,True,True,True,True,True
7UUY,626,884,p.Gly350Asp,350,G,G,350,326,PA326D,PA326D,326,P,OK,True,True,True,True,True
7UUY,627,885,p.Ser356Phe,356,S,S,356,332,IA332F,IA332F,332,I,OK,True,True,True,True,True
7UUY,628,886,p.Asp369Val,369,D,D,369,345,AA345V,AA345V,345,A,OK,True,True,True,True,True
7UUY,629,887,p.Lys388*,388,K,K,388,364,AA364X,AA364X,364,A,OK,True,True,True,True,True
7UUY,630,888,p.Leu408=,408,L,L,408,384,VA384X,VA384X,384,V,OK,True,True,True,True,True
7UUY,631,889,p.Gly421Arg,421,G,G,421,397,AA397R,AA397R,397,A,OK,True,True,True,True,True
7UUY,632,891,p.Arg516*,516,R,R,516,461,VA461X,VA461X,461,V,OK,True,True,True,True,True
7UUZ,1,19,p.Thr11Ile,11,T,T,11,10,AA10I,AA10I,10,A,OK,True,True,True,True,True
7UUZ,2,20,p.Phe12Leu,12,F,F,12,11,TA11L,TA11L,11,T,OK,True,True,True,True,True
7UUZ,3,21,p.Trp15Leu,15,W,W,15,14,AA14L,AA14L,14,A,OK,True,True,True,True,True
7UUZ,4,22,p.Trp15Cys,15,W,W,15,14,AA14C,AA14C,14,A,OK,True,True,True,True,True
7UUZ,5,23,p.Trp15Cys,15,W,W,15,14,AA14C,AA14C,14,A,OK,True,True,True,True,True
7UUZ,6,24,p.Asp16Asn,16,D,D,16,15,WA15N,WA15N,15,W,OK,True,True,True,True,True
7UUZ,7,25,p.Asp16Gly,16,D,D,16,15,WA15G,WA15G,15,W,OK,True,True,True,True,True
7UUZ,8,26,p.Gly18Arg,18,G,G,18,17,YA17R,YA17R,17,Y,OK,True,True,True,True,True
7UUZ,9,27,p.Gly18Ala,18,G,G,18,17,YA17A,YA17A,17,Y,OK,True,True,True,True,True
7UUZ,10,28,p.Val19Ile,19,V,V,19,18,GA18I,GA18I,18,G,OK,True,True,True,True,True
7UUZ,11,29,p.Phe20Leu,20,F,F,20,19,VA19L,VA19L,19,V,OK,True,True,True,True,True
7UUZ,12,30,p.Leu22Phe,22,L,T,22,21,AA21F,AA21F,21,A,OK,True,True,True,True,True
7UUZ,13,31,p.Leu22Pro,22,L,T,22,21,AA21P,AA21P,21,A,OK,True,True,True,True,True
7UUZ,14,32,p.Met23Leu,23,M,M,23,22,TA22L,TA22L,22,T,OK,True,True,True,True,True
7UUZ,15,33,p.Met23Thr,23,M,M,23,22,TA22T,TA22T,22,T,OK,True,True,True,True,True
7UUZ,16,34,p.Leu24Val,24,L,L,24,23,MA23V,MA23V,23,M,OK,True,True,True,True,True
7UUZ,17,35,p.Val26Met,26,V,V,26,25,LA25M,LA25M,25,L,OK,True,True,True,True,True
7UUZ,18,36,p.Ser27Ala,27,S,S,27,26,VA26A,VA26A,26,V,OK,True,True,True,True,True
7UUZ,19,37,p.Thr28Ala,28,T,T,28,27,SA27A,SA27A,27,S,OK,True,True,True,True,True
7UUZ,20,38,p.Thr28Ser,28,T,T,28,27,SA27S,SA27S,27,S,OK,True,True,True,True,True
7UUZ,21,39,p.Thr28Ile,28,T,T,28,27,SA27I,SA27I,27,S,OK,True,True,True,True,True
7UUZ,22,40,p.Gly29Ser,29,G,G,29,28,TA28S,TA28S,28,T,OK,True,True,True,True,True
7UUZ,23,41,p.Ile30Met,30,I,I,30,29,GA29M,GA29M,29,G,OK,True,True,True,True,True
7UUZ,24,42,p.Gly31Arg,31,G,G,31,30,IA30R,IA30R,30,I,OK,True,True,True,True,True
7UUZ,25,43,p.Leu32Pro,32,L,L,32,31,GA31P,GA31P,31,G,OK,True,True,True,True,True
7UUZ,26,44,p.Leu32Gln,32,L,L,32,31,GA31Q,GA31Q,31,G,OK,True,True,True,True,True
7UUZ,27,45,p.Trp33Arg,33,W,W,33,32,LA32R,LA32R,32,L,OK,True,True,True,True,True
7UUZ,28,46,p.Trp33Ser,33,W,W,33,32,LA32S,LA32S,32,L,OK,True,True,True,True,True
7UUZ,29,47,p.Val34Asp,34,V,V,34,33,WA33D,WA33D,33,W,OK,True,True,True,True,True
7UUZ,30,48,p.Gly35Arg,35,G,G,35,34,VA34R,VA34R,34,V,OK,True,True,True,True,True
7UUZ,31,49,p.Gly35Arg,35,G,G,35,34,VA34R,VA34R,34,V,OK,True,True,True,True,True
7UUZ,32,50,p.Leu36Val,36,L,L,36,35,GA35V,GA35V,35,G,OK,True,True,True,True,True
7UUZ,33,51,p.Leu36Arg,36,L,L,36,35,GA35R,GA35R,35,G,OK,True,True,True,True,True
7UUZ,34,52,p.Ala37Ser,37,A,A,37,36,LA36S,LA36S,36,L,OK,True,True,True,True,True
7UUZ,35,105,p.Gln72Glu,72,Q,Q,72,55,AA55E,AA55E,55,A,OK,True,True,True,True,True
7UUZ,36,106,p.Gln72Arg,72,Q,Q,72,55,AA55R,AA55R,55,A,OK,True,True,True,True,True
7UUZ,37,107,p.Val73Leu,73,V,V,73,56,AA56L,AA56L,56,A,OK,True,True,True,True,True
7UUZ,38,108,p.Val73Met,73,V,V,73,56,AA56M,AA56M,56,A,OK,True,True,True,True,True
7UUZ,39,109,p.Gly75Arg,75,G,G,75,58,PA58R,PA58R,58,P,OK,True,True,True,True,True
7UUZ,40,110,p.Gly75Asp,75,G,G,75,58,PA58D,PA58D,58,P,OK,True,True,True,True,True
7UUZ,41,111,p.Val76Met,76,V,V,76,59,VA59M,VA59M,59,V,OK,True,True,True,True,True
7UUZ,42,112,p.Val76Leu,76,V,V,76,59,VA59L,VA59L,59,V,OK,True,True,True,True,True
7UUZ,43,113,p.Pro77Ser,77,P,P,77,60,GA60S,GA60S,60,G,OK,True,True,True,True,True
7UUZ,44,114,p.Pro77Leu,77,P,P,77,60,GA60L,GA60L,60,G,OK,True,True,True,True,True
7UUZ,45,115,p.Ser78Pro,78,S,A,78,61,LA61P,LA61P,61,L,OK,True,True,True,True,True
7UUZ,46,116,p.Ser78Leu,78,S,A,78,61,LA61L,LA61L,61,L,OK,True,True,True,True,True
7UUZ,47,117,p.Glu79Gly,79,E,E,79,62,SA62G,SA62G,62,S,OK,True,True,True,True,True
7UUZ,48,118,p.Tyr81Asn,81,Y,A,81,64,AA64N,AA64N,64,A,OK,True,True,True,True,True
7UUZ,49,119,p.Arg82Cys,82,R,R,82,65,AA65C,AA65C,65,A,OK,True,True,True,True,True
7UUZ,50,120,p.Arg82Leu,82,R,R,82,65,AA65L,AA65L,65,A,OK,True,True,True,True,True
7UUZ,51,121,p.Tyr83Cys,83,Y,Y,83,66,SA66C,SA66C,66,S,OK,True,True,True,True,True
7UUZ,52,122,p.Lys86Asn,86,K,K,86,69,SA69N,SA69N,69,S,OK,True,True,True,True,True
7UUZ,53,123,p.Leu88Pro,88,L,L,88,71,VA71P,VA71P,71,V,OK,True,True,True,True,True
7UUZ,54,124,p.Met90Thr,90,M,M,90,73,VA73T,VA73T,73,V,OK,True,True,True,True,True
7UUZ,55,125,p.Met90Ile,90,M,M,90,73,VA73I,VA73I,73,V,OK,True,True,True,True,True
7UUZ,56,126,p.Cys91Tyr,91,C,C,91,74,LA74Y,LA74Y,74,L,OK,True,True,True,True,True
7UUZ,57,127,p.Leu92Gln,92,L,A,92,75,GA75Q,GA75Q,75,G,OK,True,True,True,True,True
7UUZ,58,128,p.Leu92Arg,92,L,A,92,75,GA75R,GA75R,75,G,OK,True,True,True,True,True
7UUZ,59,129,p.Gly93Ser,93,G,G,93,76,VA76S,VA76S,76,V,OK,True,True,True,True,True
7UUZ,60,130,p.Gln94Lys,94,Q,Q,94,77,PA77K,PA77K,77,P,OK,True,True,True,True,True
7UUZ,61,131,p.Asn97Ser,97,N,N,97,80,AA80S,AA80S,80,A,OK,True,True,True,True,True
7UUZ,62,132,p.Ser98Thr,98,S,S,98,81,AA81T,AA81T,81,A,OK,True,True,True,True,True
7UUZ,63,133,p.Ser98Leu,98,S,S,98,81,AA81L,AA81L,81,A,OK,True,True,True,True,True
7UUZ,64,134,p.Val99Ile,99,V,L,99,82,RA82I,RA82I,82,R,OK,True,True,True,True,True
7UUZ,65,135,p.Val99Phe,99,V,L,99,82,RA82F,RA82F,82,R,OK,True,True,True,True,True
7UUZ,66,136,p.Val99Ala,99,V,L,99,82,RA82A,RA82A,82,R,OK,True,True,True,True,True
7UUZ,67,137,p.Val99Gly,99,V,L,99,82,RA82G,RA82G,82,R,OK,True,True,True,True,True
7UUZ,68,138,p.Leu100Val,100,L,L,100,83,YA83V,YA83V,83,Y,OK,True,True,True,True,True
7UUZ,69,139,p.Leu100Phe,100,L,L,100,83,YA83F,YA83F,83,Y,OK,True,True,True,True,True
7UUZ,70,140,p.Thr101Ile,101,T,T,101,84,GA84I,GA84I,84,G,OK,True,True,True,True,True
7UUZ,71,141,p.Ala102Thr,102,A,A,102,85,LA85T,LA85T,85,L,OK,True,True,True,True,True
7UUZ,72,142,p.Ala102Ser,102,A,A,102,85,LA85S,LA85S,85,L,OK,True,True,True,True,True
7UUZ,73,143,p.Ala102Asp,102,A,A,102,85,LA85D,LA85D,85,L,OK,True,True,True,True,True
7UUZ,74,144,p.Ala102Val,102,A,A,102,85,LA85V,LA85V,85,L,OK,True,True,True,True,True
7UUZ,75,145,p.Phe105Cys,105,F,F,105,88,LA88C,LA88C,88,L,OK,True,True,True,True,True
7UUZ,76,146,p.Phe105Ser,105,F,F,105,88,LA88S,LA88S,88,L,OK,True,True,True,True,True
7UUZ,77,147,p.Met106Val,106,M,L,106,89,WA89V,WA89V,89,W,OK,True,True,True,True,True
7UUZ,78,148,p.Val108Ile,108,V,I,108,91,CA91I,CA91I,91,C,OK,True,True,True,True,True
7UUZ,79,149,p.Val108Ala,108,V,I,108,91,CA91A,CA91A,91,C,OK,True,True,True,True,True
7UUZ,80,150,p.Phe109Ser,109,F,F,109,92,AA92S,AA92S,92,A,OK,True,True,True,True,True
7UUZ,81,151,p.Arg111His,111,R,R,111,94,QA94H,QA94H,94,Q,OK,True,True,True,True,True
7UUZ,82,152,p.Leu112Val,112,L,L,112,95,LA95V,LA95V,95,L,OK,True,True,True,True,True
7UUZ,83,153,p.Gly113Cys,113,G,G,113,96,LA96C,LA96C,96,L,OK,True,True,True,True,True
7UUZ,84,154,p.Gly113Ala,113,G,G,113,96,LA96A,LA96A,96,L,OK,True,True,True,True,True
7UUZ,85,155,p.Gly113Val,113,G,G,113,96,LA96V,LA96V,96,L,OK,True,True,True,True,True
7UUZ,86,156,p.Gly113Asp,113,G,G,113,96,LA96D,LA96D,96,L,OK,True,True,True,True,True
7UUZ,87,157,p.Thr115Ile,115,T,T,115,98,SA98I,SA98I,98,S,OK,True,True,True,True,True
7UUZ,88,158,p.Thr117Ser,117,T,T,117,100,LA100S,LA100S,100,L,OK,True,True,True,True,True
7UUZ,89,159,p.Tyr118Cys,118,Y,Y,118,101,TA101C,TA101C,101,T,OK,True,True,True,True,True
7UUZ,90,160,p.Tyr118Phe,118,Y,Y,118,101,TA101F,TA101F,101,T,OK,True,True,True,True,True
7UUZ,91,161,p.Glu119Lys,119,E,Q,119,102,AA102K,AA102K,102,A,OK,True,True,True,True,True
7UUZ,92,162,p.Glu119Ala,119,E,Q,119,102,AA102A,AA102A,102,A,OK,True,True,True,True,True
7UUZ,93,163,p.Glu122Lys,122,E,E,122,105,FA105K,FA105K,105,F,OK,True,True,True,True,True
7UUZ,94,164,p.Glu122Ala,122,E,E,122,105,FA105A,FA105A,105,F,OK,True,True,True,True,True
7UUZ,95,165,p.Met123Val,123,M,L,123,106,LA106V,LA106V,106,L,OK,True,True,True,True,True
7UUZ,96,166,p.Arg124Ser,124,R,R,124,107,PA107S,PA107S,107,P,OK,True,True,True,True,True
7UUZ,97,167,p.Arg124Gly,124,R,R,124,107,PA107G,PA107G,107,P,OK,True,True,True,True,True
7UUZ,98,168,p.Arg124Leu,124,R,R,124,107,PA107L,PA107L,107,P,OK,True,True,True,True,True
7UUZ,99,169,p.Arg124His,124,R,R,124,107,PA107H,PA107H,107,P,OK,True,True,True,True,True
7UUZ,100,170,p.Arg127Cys,127,R,R,127,110,YA110C,YA110C,110,Y,OK,True,True,True,True,True
7UUZ,101,171,p.Ala128Thr,128,A,A,128,111,RA111T,RA111T,111,R,OK,True,True,True,True,True
7UUZ,102,172,p.Ala128Ser,128,A,A,128,111,RA111S,RA111S,111,R,OK,True,True,True,True,True
7UUZ,103,173,p.Val129Met,129,V,V,129,112,LA112M,LA112M,112,L,OK,True,True,True,True,True
7UUZ,104,174,p.Arg130Pro,130,R,R,130,113,GA113P,GA113P,113,G,OK,True,True,True,True,True
7UUZ,105,175,p.Gly133Arg,133,G,G,133,116,SA116R,SA116R,116,S,OK,True,True,True,True,True
7UUZ,106,176,p.Thr134Ser,134,T,T,134,117,TA117S,TA117S,117,T,OK,True,True,True,True,True
7UUZ,107,177,p.Gln136Leu,136,Q,Q,136,119,QA119L,QA119L,119,Q,OK,True,True,True,True,True
7UUZ,108,178,p.Gln136Arg,136,Q,Q,136,119,QA119R,QA119R,119,Q,OK,True,True,True,True,True
7UUZ,109,179,p.Gln136His,136,Q,Q,136,119,QA119H,QA119H,119,Q,OK,True,True,True,True,True
7UUZ,110,180,p.Tyr137His,137,Y,Y,137,120,YA120H,YA120H,120,Y,OK,True,True,True,True,True
7UUZ,111,181,p.Ile138Phe,138,I,L,138,121,LA121F,LA121F,121,L,OK,True,True,True,True,True
7UUZ,112,182,p.Ile138Leu,138,I,L,138,121,LA121L,LA121L,121,L,OK,True,True,True,True,True
7UUZ,113,183,p.Ile138Val,138,I,L,138,121,LA121V,LA121V,121,L,OK,True,True,True,True,True
7UUZ,114,184,p.Ile138Thr,138,I,L,138,121,LA121T,LA121T,121,L,OK,True,True,True,True,True
7UUZ,115,185,p.Val139Ile,139,V,V,139,122,EA122I,EA122I,122,E,OK,True,True,True,True,True
7UUZ,116,186,p.Val139Ala,139,V,V,139,122,EA122A,EA122A,122,E,OK,True,True,True,True,True
7UUZ,117,187,p.Ala140Thr,140,A,A,140,123,LA123T,LA123T,123,L,OK,True,True,True,True,True
7UUZ,118,188,p.Ala140Val,140,A,A,140,123,LA123V,LA123V,123,L,OK,True,True,True,True,True
7UUZ,119,189,p.Thr141Pro,141,T,T,141,124,RA124P,RA124P,124,R,OK,True,True,True,True,True
7UUZ,120,190,p.Thr141Met,141,T,T,141,124,RA124M,RA124M,124,R,OK,True,True,True,True,True
7UUZ,121,191,p.Thr141Lys,141,T,T,141,124,RA124K,RA124K,124,R,OK,True,True,True,True,True
7UUZ,122,192,p.Met142Val,142,M,M,142,125,FA125V,FA125V,125,F,OK,True,True,True,True,True
7UUZ,123,193,p.Met142Leu,142,M,M,142,125,FA125L,FA125L,125,F,OK,True,True,True,True,True
7UUZ,124,194,p.Met142Thr,142,M,M,142,125,FA125T,FA125T,125,F,OK,True,True,True,True,True
7UUZ,125,195,p.Met142Ile,142,M,M,142,125,FA125I,FA125I,125,F,OK,True,True,True,True,True
7UUZ,126,196,p.Thr145Ala,145,T,T,145,128,AA128A,AA128A,128,A,OK,True,True,True,True,True
7UUZ,127,197,p.Thr145Ile,145,T,T,145,128,AA128I,AA128I,128,A,OK,True,True,True,True,True
7UUZ,128,198,p.Gly146Arg,146,G,G,146,129,VA129R,VA129R,129,V,OK,True,True,True,True,True
7UUZ,129,199,p.Gly146Cys,146,G,G,146,129,VA129C,VA129C,129,V,OK,True,True,True,True,True
7UUZ,130,200,p.Gly146Ser,146,G,G,146,129,VA129S,VA129S,129,V,OK,True,True,True,True,True
7UUZ,131,201,p.Gly146Asp,146,G,G,146,129,VA129D,VA129D,129,V,OK,True,True,True,True,True
7UUZ,132,202,p.Ile147Val,147,I,I,147,130,RA130V,RA130V,130,R,OK,True,True,True,True,True
7UUZ,133,203,p.Val148Ile,148,V,V,148,131,LA131I,LA131I,131,L,OK,True,True,True,True,True
7UUZ,134,204,p.Ile149Val,149,I,I,149,132,CA132V,CA132V,132,C,OK,True,True,True,True,True
7UUZ,135,205,p.Tyr150Cys,150,Y,Y,150,133,GA133C,GA133C,133,G,OK,True,True,True,True,True
7UUZ,136,206,p.Tyr150Phe,150,Y,Y,150,133,GA133F,GA133F,133,G,OK,True,True,True,True,True
7UUZ,137,207,p.Tyr150Ser,150,Y,Y,150,133,GA133S,GA133S,133,G,OK,True,True,True,True,True
7UUZ,138,208,p.Ala151Ser,151,A,A,151,134,TA134S,TA134S,134,T,OK,True,True,True,True,True
7UUZ,139,209,p.Pro152Leu,152,P,P,152,135,LA135L,LA135L,135,L,OK,True,True,True,True,True
7UUZ,140,210,p.Ala153Thr,153,A,A,153,136,QA136T,QA136T,136,Q,OK,True,True,True,True,True
7UUZ,141,211,p.Ile155Val,155,I,I,155,138,LA138V,LA138V,138,L,OK,True,True,True,True,True
7UUZ,142,212,p.Asn157Lys,157,N,N,157,140,AA140K,AA140K,140,A,OK,True,True,True,True,True
7UUZ,143,213,p.Gln158Pro,158,Q,Q,158,141,TA141P,TA141P,141,T,OK,True,True,True,True,True
7UUZ,144,214,p.Thr160Ser,160,T,T,160,143,LA143S,LA143S,143,L,OK,True,True,True,True,True
7UUZ,145,215,p.Gly161Arg,161,G,G,161,144,YA144R,YA144R,144,Y,OK,True,True,True,True,True
7UUZ,146,216,p.Gly161Glu,161,G,G,161,144,YA144E,YA144E,144,Y,OK,True,True,True,True,True
7UUZ,147,217,p.Gly161Val,161,G,G,161,144,YA144V,YA144V,144,Y,OK,True,True,True,True,True
7UUZ,148,218,p.Asp163Glu,163,D,D,163,146,GA146E,GA146E,146,G,OK,True,True,True,True,True
7UUZ,149,219,p.Ile164Phe,164,I,I,164,147,IA147F,IA147F,147,I,OK,True,True,True,True,True
7UUZ,150,220,p.Trp165Arg,165,W,W,165,148,VA148R,VA148R,148,V,OK,True,True,True,True,True
7UUZ,151,221,p.Ala166Thr,166,A,A,166,149,IA149T,IA149T,149,I,OK,True,True,True,True,True
7UUZ,152,222,p.Ala166Ser,166,A,A,166,149,IA149S,IA149S,149,I,OK,True,True,True,True,True
7UUZ,153,223,p.Leu168Phe,168,L,L,168,151,AA151F,AA151F,151,A,OK,True,True,True,True,True
7UUZ,154,224,p.Leu169Pro,169,L,L,169,152,PA152P,PA152P,152,P,OK,True,True,True,True,True
7UUZ,155,225,p.Ser170Cys,170,S,S,170,153,AA153C,AA153C,153,A,OK,True,True,True,True,True
7UUZ,156,226,p.Thr171Pro,171,T,T,171,154,LA154P,LA154P,154,L,OK,True,True,True,True,True
7UUZ,157,227,p.Thr171Ala,171,T,T,171,154,LA154A,LA154A,154,L,OK,True,True,True,True,True
7UUZ,158,228,p.Thr171Ser,171,T,T,171,154,LA154S,LA154S,154,L,OK,True,True,True,True,True
7UUZ,159,229,p.Cys175Ser,175,C,C,175,158,QA158S,QA158S,158,Q,OK,True,True,True,True,True
7UUZ,160,230,p.Thr176Pro,176,T,T,176,159,VA159P,VA159P,159,V,OK,True,True,True,True,True
7UUZ,161,231,p.Phe177Leu,177,F,L,177,160,TA160L,TA160L,160,T,OK,True,True,True,True,True
7UUZ,162,232,p.Phe177Ser,177,F,L,177,160,TA160S,TA160S,160,T,OK,True,True,True,True,True
7UUZ,163,233,p.Phe177Leu,177,F,L,177,160,TA160L,TA160L,160,T,OK,True,True,True,True,True
7UUZ,164,234,p.Tyr178His,178,Y,Y,178,161,GA161H,GA161H,161,G,OK,True,True,True,True,True
7UUZ,165,235,p.Thr179Lys,179,T,T,179,162,LA162K,LA162K,162,L,OK,True,True,True,True,True
7UUZ,166,236,p.Thr179Arg,179,T,T,179,162,LA162R,LA162R,162,L,OK,True,True,True,True,True
7UUZ,167,237,p.Thr179Met,179,T,T,179,162,LA162M,LA162M,162,L,OK,True,True,True,True,True
7UUZ,168,238,p.Ala180Ser,180,A,T,180,163,DA163S,DA163S,163,D,OK,True,True,True,True,True
7UUZ,169,239,p.Val181Met,181,V,V,181,164,IA164M,IA164M,164,I,OK,True,True,True,True,True
7UUZ,170,240,p.Val181Ala,181,V,V,181,164,IA164A,IA164A,164,I,OK,True,True,True,True,True
7UUZ,171,241,p.Gly182Ala,182,G,G,182,165,WA165A,WA165A,165,W,OK,True,True,True,True,True
7UUZ,172,242,p.Gly182Asp,182,G,G,182,165,WA165D,WA165D,165,W,OK,True,True,True,True,True
7UUZ,173,243,p.Gly183Ser,183,G,G,183,166,AA166S,AA166S,166,A,OK,True,True,True,True,True
7UUZ,174,244,p.Gly183Asp,183,G,G,183,166,AA166D,AA166D,166,A,OK,True,True,True,True,True
7UUZ,175,252,p.Trp189Arg,189,W,W,189,167,SA167R,SA167R,167,S,OK,True,True,True,True,True
7UUZ,176,253,p.Trp189Gly,189,W,W,189,167,SA167G,SA167G,167,S,OK,True,True,True,True,True
7UUZ,177,254,p.Thr190Ser,190,T,T,190,168,LA168S,LA168S,168,L,OK,True,True,True,True,True
7UUZ,178,255,p.Asp191Val,191,D,D,191,169,LA169V,LA169V,169,L,OK,True,True,True,True,True
7UUZ,179,256,p.Val192Leu,192,V,V,192,170,SA170L,SA170L,170,S,OK,True,True,True,True,True
7UUZ,180,257,p.Phe193Leu,193,F,F,193,171,TA171L,TA171L,171,T,OK,True,True,True,True,True
7UUZ,181,258,p.Phe193Leu,193,F,F,193,171,TA171L,TA171L,171,T,OK,True,True,True,True,True
7UUZ,182,259,p.Gln194His,194,Q,Q,194,172,GA172H,GA172H,172,G,OK,True,True,True,True,True
7UUZ,183,260,p.Val195Phe,195,V,V,195,173,IA173F,IA173F,173,I,OK,True,True,True,True,True
7UUZ,184,261,p.Val196Met,196,V,V,196,174,IA174M,IA174M,174,I,OK,True,True,True,True,True
7UUZ,185,262,p.Val196Leu,196,V,V,196,174,IA174L,IA174L,174,I,OK,True,True,True,True,True
7UUZ,186,263,p.Val197Leu,197,V,V,197,175,CA175L,CA175L,175,C,OK,True,True,True,True,True
7UUZ,187,264,p.Val197Gly,197,V,V,197,175,CA175G,CA175G,175,C,OK,True,True,True,True,True
7UUZ,188,265,p.Met198Val,198,M,M,198,176,TA176V,TA176V,176,T,OK,True,True,True,True,True
7UUZ,189,266,p.Met198Thr,198,M,M,198,176,TA176T,TA176T,176,T,OK,True,True,True,True,True
7UUZ,190,267,p.Leu199Pro,199,L,L,199,177,LA177P,LA177P,177,L,OK,True,True,True,True,True
7UUZ,191,268,p.Ser200Arg,200,S,V,200,178,YA178R,YA178R,178,Y,OK,True,True,True,True,True
7UUZ,192,269,p.Gly201Ser,201,G,G,201,179,TA179S,TA179S,179,T,OK,True,True,True,True,True
7UUZ,193,270,p.Gly201Ala,201,G,G,201,179,TA179A,TA179A,179,T,OK,True,True,True,True,True
7UUZ,194,271,p.Trp203Cys,203,W,W,203,181,VA181C,VA181C,181,V,OK,True,True,True,True,True
7UUZ,195,272,p.Val204Ile,204,V,V,204,182,GA182I,GA182I,182,G,OK,True,True,True,True,True
7UUZ,196,273,p.Val205Phe,205,V,I,205,183,GA183F,GA183F,183,G,OK,True,True,True,True,True
7UUZ,197,285,p.Met211Leu,211,M,I,211,189,WA189L,WA189L,189,W,OK,True,True,True,True,True
7UUZ,198,286,p.Met211Thr,211,M,I,211,189,WA189T,WA189T,189,W,OK,True,True,True,True,True
7UUZ,199,287,p.Leu212Pro,212,L,L,212,190,TA190P,TA190P,190,T,OK,True,True,True,True,True
7UUZ,200,288,p.Val213Leu,213,V,L,213,191,DA191L,DA191L,191,D,OK,True,True,True,True,True
7UUZ,201,289,p.Val213Gly,213,V,L,213,191,DA191G,DA191G,191,D,OK,True,True,True,True,True
7UUZ,202,290,p.Val213Ala,213,V,L,213,191,DA191A,DA191A,191,D,OK,True,True,True,True,True
7UUZ,203,291,p.Gly214Ser,214,G,G,214,192,VA192S,VA192S,192,V,OK,True,True,True,True,True
7UUZ,204,292,p.Gly214Asp,214,G,G,214,192,VA192D,VA192D,192,V,OK,True,True,True,True,True
7UUZ,205,293,p.Gly215Arg,215,G,G,215,193,FA193R,FA193R,193,F,OK,True,True,True,True,True
7UUZ,206,294,p.Pro216Thr,216,P,P,216,194,QA194T,QA194T,194,Q,OK,True,True,True,True,True
7UUZ,207,295,p.Pro216Ser,216,P,P,216,194,QA194S,QA194S,194,Q,OK,True,True,True,True,True
7UUZ,208,296,p.Arg217Cys,217,R,R,217,195,VA195C,VA195C,195,V,OK,True,True,True,True,True
7UUZ,209,297,p.Arg217His,217,R,R,217,195,VA195H,VA195H,195,V,OK,True,True,True,True,True
7UUZ,210,298,p.Val219Met,219,V,V,219,197,VA197M,VA197M,197,V,OK,True,True,True,True,True
7UUZ,211,299,p.Val219Gly,219,V,V,219,197,VA197G,VA197G,197,V,OK,True,True,True,True,True
7UUZ,212,300,p.Thr221Pro,221,T,S,221,199,LA199P,LA199P,199,L,OK,True,True,True,True,True
7UUZ,213,301,p.Thr221Met,221,T,S,221,199,LA199M,LA199M,199,L,OK,True,True,True,True,True
7UUZ,214,302,p.Thr221Lys,221,T,S,221,199,LA199K,LA199K,199,L,OK,True,True,True,True,True
7UUZ,215,303,p.Thr221Arg,221,T,S,221,199,LA199R,LA199R,199,L,OK,True,True,True,True,True
7UUZ,216,304,p.Ala223Ser,223,A,A,223,201,GA201S,GA201S,201,G,OK,True,True,True,True,True
7UUZ,217,305,p.His226Gln,226,H,H,226,204,VA204Q,VA204Q,204,V,OK,True,True,True,True,True
7UUZ,218,306,p.Ser227Thr,227,S,S,227,205,IA205T,IA205T,205,I,OK,True,True,True,True,True
7UUZ,219,307,p.Ser227Phe,227,S,S,227,205,IA205F,IA205F,205,I,OK,True,True,True,True,True
7UUZ,220,308,p.Arg228Gly,228,R,R,228,206,LA206G,LA206G,206,L,OK,True,True,True,True,True
7UUZ,221,309,p.Arg228Trp,228,R,R,228,206,LA206W,LA206W,206,L,OK,True,True,True,True,True
7UUZ,222,310,p.Arg228Gln,228,R,R,228,206,LA206Q,LA206Q,206,L,OK,True,True,True,True,True
7UUZ,223,311,p.Ile229Val,229,I,I,229,207,AA207V,AA207V,207,A,OK,True,True,True,True,True
7UUZ,224,312,p.Ile229Ser,229,I,I,229,207,AA207S,AA207S,207,A,OK,True,True,True,True,True
7UUZ,225,313,p.Asn230Ser,230,N,N,230,208,RA208S,RA208S,208,R,OK,True,True,True,True,True
7UUZ,226,314,p.Leu231Pro,231,L,L,231,209,GA209P,GA209P,209,G,OK,True,True,True,True,True
7UUZ,227,315,p.Met232Arg,232,M,M,232,210,VA210R,VA210R,210,V,OK,True,True,True,True,True
7UUZ,228,316,p.Met232Ile,232,M,M,232,210,VA210I,VA210I,210,V,OK,True,True,True,True,True
7UUZ,229,317,p.Asp233Ala,233,D,D,233,211,IA211A,IA211A,211,I,OK,True,True,True,True,True
7UUZ,230,318,p.Asp233Glu,233,D,D,233,211,IA211E,IA211E,211,I,OK,True,True,True,True,True
7UUZ,231,319,p.Phe234Cys,234,F,F,234,212,LA212C,LA212C,212,L,OK,True,True,True,True,True
7UUZ,232,320,p.Phe234Leu,234,F,F,234,212,LA212L,LA212L,212,L,OK,True,True,True,True,True
7UUZ,233,321,p.Asn235Asp,235,N,D,235,213,LA213D,LA213D,213,L,OK,True,True,True,True,True
7UUZ,234,322,p.Pro236Ser,236,P,P,236,214,GA214S,GA214S,214,G,OK,True,True,True,True,True
7UUZ,235,323,p.Pro236Thr,236,P,P,236,214,GA214T,GA214T,214,G,OK,True,True,True,True,True
7UUZ,236,324,p.Pro236Arg,236,P,P,236,214,GA214R,GA214R,214,G,OK,True,True,True,True,True
7UUZ,237,325,p.Pro236Leu,236,P,P,236,214,GA214L,GA214L,214,G,OK,True,True,True,True,True
7UUZ,238,326,p.Pro238Leu,238,P,P,238,216,PA216L,PA216L,216,P,OK,True,True,True,True,True
7UUZ,239,327,p.Pro238Arg,238,P,P,238,216,PA216R,PA216R,216,P,OK,True,True,True,True,True
7UUZ,240,328,p.Arg239Lys,239,R,R,239,217,RA217K,RA217K,217,R,OK,True,True,True,True,True
7UUZ,241,329,p.Ser240Cys,240,S,S,240,218,NA218C,NA218C,218,N,OK,True,True,True,True,True
7UUZ,242,330,p.Ser240Ile,240,S,S,240,218,NA218I,NA218I,218,N,OK,True,True,True,True,True
7UUZ,243,331,p.Ser240Asn,240,S,S,240,218,NA218N,NA218N,218,N,OK,True,True,True,True,True
7UUZ,244,332,p.Ser240Thr,240,S,S,240,218,NA218T,NA218T,218,N,OK,True,True,True,True,True
7UUZ,245,333,p.Arg241Cys,241,R,R,241,219,VA219C,VA219C,219,V,OK,True,True,True,True,True
7UUZ,246,334,p.Arg241His,241,R,R,241,219,VA219H,VA219H,219,V,OK,True,True,True,True,True
7UUZ,247,335,p.Tyr242Cys,242,Y,Y,242,220,LA220C,LA220C,220,L,OK,True,True,True,True,True
7UUZ,248,336,p.Tyr242Ser,242,Y,Y,242,220,LA220S,LA220S,220,L,OK,True,True,True,True,True
7UUZ,249,337,p.Thr243Ala,243,T,T,243,221,SA221A,SA221A,221,S,OK,True,True,True,True,True
7UUZ,250,338,p.Thr243Ile,243,T,T,243,221,SA221I,SA221I,221,S,OK,True,True,True,True,True
7UUZ,251,339,p.Phe244Ser,244,F,F,244,222,LA222S,LA222S,222,L,OK,True,True,True,True,True
7UUZ,252,340,p.Phe247Ile,247,F,F,247,225,QA225I,QA225I,225,Q,OK,True,True,True,True,True
7UUZ,253,341,p.Phe247Leu,247,F,F,247,225,QA225L,QA225L,225,Q,OK,True,True,True,True,True
7UUZ,254,342,p.Val248Leu,248,V,I,248,226,HA226L,HA226L,226,H,OK,True,True,True,True,True
7UUZ,255,343,p.Val248Ala,248,V,I,248,226,HA226A,HA226A,226,H,OK,True,True,True,True,True
7UUZ,256,344,p.Gly250Cys,250,G,G,250,228,RA228C,RA228C,228,R,OK,True,True,True,True,True
7UUZ,257,345,p.Gly250Ala,250,G,G,250,228,RA228A,RA228A,228,R,OK,True,True,True,True,True
7UUZ,258,346,p.Gly251Ser,251,G,G,251,229,IA229S,IA229S,229,I,OK,True,True,True,True,True
7UUZ,259,347,p.Gly251Asp,251,G,G,251,229,IA229D,IA229D,229,I,OK,True,True,True,True,True
7UUZ,260,348,p.Thr252Lys,252,T,T,252,230,NA230K,NA230K,230,N,OK,True,True,True,True,True
7UUZ,261,349,p.Thr252Met,252,T,T,252,230,NA230M,NA230M,230,N,OK,True,True,True,True,True
7UUZ,262,350,p.Leu256Ile,256,L,L,256,234,FA234I,FA234I,234,F,OK,True,True,True,True,True
7UUZ,263,351,p.Leu256Phe,256,L,L,256,234,FA234F,FA234F,234,F,OK,True,True,True,True,True
7UUZ,264,352,p.Met258Leu,258,M,M,258,236,PA236L,PA236L,236,P,OK,True,True,True,True,True
7UUZ,265,353,p.Met258Val,258,M,M,258,236,PA236V,PA236V,236,P,OK,True,True,True,True,True
7UUZ,266,354,p.Met258Ile,258,M,M,258,236,PA236I,PA236I,236,P,OK,True,True,True,True,True
7UUZ,267,355,p.Tyr259Cys,259,Y,Y,259,237,DA237C,DA237C,237,D,OK,True,True,True,True,True
7UUZ,268,356,p.Val261Met,261,V,V,261,239,RA239M,RA239M,239,R,OK,True,True,True,True,True
7UUZ,269,357,p.Val261Ala,261,V,V,261,239,RA239A,RA239A,239,R,OK,True,True,True,True,True
7UUZ,270,358,p.Asn262Ser,262,N,N,262,240,SA240S,SA240S,240,S,OK,True,True,True,True,True
7UUZ,271,359,p.Asn262Lys,262,N,N,262,240,SA240K,SA240K,240,S,OK,True,True,True,True,True
7UUZ,272,360,p.Ala264Ser,264,A,A,264,242,YA242S,YA242S,242,Y,OK,True,True,True,True,True
7UUZ,273,361,p.Ala264Glu,264,A,A,264,242,YA242E,YA242E,242,Y,OK,True,True,True,True,True
7UUZ,274,362,p.Ala264Val,264,A,A,264,242,YA242V,YA242V,242,Y,OK,True,True,True,True,True
7UUZ,275,363,p.Gln265Leu,265,Q,Q,265,243,TA243L,TA243L,243,T,OK,True,True,True,True,True
7UUZ,276,364,p.Gln265Pro,265,Q,Q,265,243,TA243P,TA243P,243,T,OK,True,True,True,True,True
7UUZ,277,365,p.Val266Met,266,V,V,266,244,FA244M,FA244M,244,F,OK,True,True,True,True,True
7UUZ,278,366,p.Val266Leu,266,V,V,266,244,FA244L,FA244L,244,F,OK,True,True,True,True,True
7UUZ,279,367,p.Val266Gly,266,V,V,266,244,FA244G,FA244G,244,F,OK,True,True,True,True,True
7UUZ,280,368,p.Val266Glu,266,V,V,266,244,FA244E,FA244E,244,F,OK,True,True,True,True,True
7UUZ,281,369,p.Gln267Glu,267,Q,Q,267,245,WA245E,WA245E,245,W,OK,True,True,True,True,True
7UUZ,282,370,p.Gln267Arg,267,Q,Q,267,245,WA245R,WA245R,245,W,OK,True,True,True,True,True
7UUZ,283,371,p.Gln267His,267,Q,Q,267,245,WA245H,WA245H,245,W,OK,True,True,True,True,True
7UUZ,284,372,p.Arg268Ser,268,R,R,268,246,TA246S,TA246S,246,T,OK,True,True,True,True,True
7UUZ,285,373,p.Arg268Cys,268,R,R,268,246,TA246C,TA246C,246,T,OK,True,True,True,True,True
7UUZ,286,374,p.Arg268His,268,R,R,268,246,TA246H,TA246H,246,T,OK,True,True,True,True,True
7UUZ,287,375,p.Val270Leu,270,V,V,270,248,IA248L,IA248L,248,I,OK,True,True,True,True,True
7UUZ,288,376,p.Val270Met,270,V,V,270,248,IA248M,IA248M,248,I,OK,True,True,True,True,True
7UUZ,289,377,p.Arg273Cys,273,R,H,273,251,GA251C,GA251C,251,G,OK,True,True,True,True,True
7UUZ,290,378,p.Arg273His,273,R,H,273,251,GA251H,GA251H,251,G,OK,True,True,True,True,True
7UUZ,291,379,p.Arg273Pro,273,R,H,273,251,GA251P,GA251P,251,G,OK,True,True,True,True,True
7UUZ,292,380,p.Thr274Arg,274,T,T,274,252,TA252R,TA252R,252,T,OK,True,True,True,True,True
7UUZ,293,381,p.Glu275Lys,275,E,E,275,253,LA253K,LA253K,253,L,OK,True,True,True,True,True
7UUZ,294,382,p.Lys276Gln,276,K,G,276,254,VA254Q,VA254Q,254,V,OK,True,True,True,True,True
7UUZ,295,383,p.Lys276Glu,276,K,G,276,254,VA254E,VA254E,254,V,OK,True,True,True,True,True
7UUZ,296,384,p.Ala278Thr,278,A,A,278,256,LA256T,LA256T,256,L,OK,True,True,True,True,True
7UUZ,297,385,p.Ala281Ser,281,A,A,281,259,YA259S,YA259S,259,Y,OK,True,True,True,True,True
7UUZ,298,386,p.Ala281Asp,281,A,A,281,259,YA259D,YA259D,259,Y,OK,True,True,True,True,True
7UUZ,299,387,p.Ala281Val,281,A,A,281,259,YA259V,YA259V,259,Y,OK,True,True,True,True,True
7UUZ,300,388,p.Ala281Gly,281,A,A,281,259,YA259G,YA259G,259,Y,OK,True,True,True,True,True
7UUZ,301,389,p.Ile284Phe,284,I,V,284,262,NA262F,NA262F,262,N,OK,True,True,True,True,True
7UUZ,302,390,p.Ile284Val,284,I,V,284,262,NA262V,NA262V,262,N,OK,True,True,True,True,True
7UUZ,303,391,p.Asn285Ser,285,N,N,285,263,QA263S,QA263S,263,Q,OK,True,True,True,True,True
7UUZ,304,392,p.Val287Ala,287,V,L,287,265,QA265A,QA265A,265,Q,OK,True,True,True,True,True
7UUZ,305,393,p.Gly288Ser,288,G,G,288,266,VA266S,VA266S,266,V,OK,True,True,True,True,True
7UUZ,306,394,p.Gly288Cys,288,G,G,288,266,VA266C,VA266C,266,V,OK,True,True,True,True,True
7UUZ,307,395,p.Gly288Asp,288,G,G,288,266,VA266D,VA266D,266,V,OK,True,True,True,True,True
7UUZ,308,396,p.Gly288Val,288,G,G,288,266,VA266V,VA266V,266,V,OK,True,True,True,True,True
7UUZ,309,397,p.Leu289Arg,289,L,L,289,267,QA267R,QA267R,267,Q,OK,True,True,True,True,True
7UUZ,310,398,p.Leu289Pro,289,L,L,289,267,QA267P,QA267P,267,Q,OK,True,True,True,True,True
7UUZ,311,399,p.Phe290Tyr,290,F,F,290,268,RA268Y,RA268Y,268,R,OK,True,True,True,True,True
7UUZ,312,400,p.Leu291Arg,291,L,L,291,269,YA269R,YA269R,269,Y,OK,True,True,True,True,True
7UUZ,313,401,p.Val293Met,293,V,V,293,271,AA271M,AA271M,271,A,OK,True,True,True,True,True
7UUZ,314,402,p.Val293Leu,293,V,V,293,271,AA271L,AA271L,271,A,OK,True,True,True,True,True
7UUZ,315,403,p.Ser294Phe,294,S,A,294,272,CA272F,CA272F,272,C,OK,True,True,True,True,True
7UUZ,316,404,p.Ala296Thr,296,A,A,296,274,TA274T,TA274T,274,T,OK,True,True,True,True,True
7UUZ,317,405,p.Ala296Pro,296,A,A,296,274,TA274P,TA274P,274,T,OK,True,True,True,True,True
7UUZ,318,406,p.Ala296Val,296,A,A,296,274,TA274V,TA274V,274,T,OK,True,True,True,True,True
7UUZ,319,407,p.Ala297Val,297,A,A,297,275,EA275V,EA275V,275,E,OK,True,True,True,True,True
7UUZ,320,408,p.Cys298Gly,298,C,C,298,276,GA276G,GA276G,276,G,OK,True,True,True,True,True
7UUZ,321,409,p.Cys298Ser,298,C,C,298,276,GA276S,GA276S,276,G,OK,True,True,True,True,True
7UUZ,322,410,p.Cys299Gly,299,C,C,299,277,KA277G,KA277G,277,K,OK,True,True,True,True,True
7UUZ,323,411,p.Cys299Tyr,299,C,C,299,277,KA277Y,KA277Y,277,K,OK,True,True,True,True,True
7UUZ,324,412,p.Gly300Asp,300,G,G,300,278,AA278D,AA278D,278,A,OK,True,True,True,True,True
7UUZ,325,413,p.Ile301Val,301,I,I,301,279,KA279V,KA279V,279,K,OK,True,True,True,True,True
7UUZ,326,414,p.Ile301Met,301,I,I,301,279,KA279M,KA279M,279,K,OK,True,True,True,True,True
7UUZ,327,415,p.Val302Ile,302,V,V,302,280,LA280I,LA280I,280,L,OK,True,True,True,True,True
7UUZ,328,416,p.Val302Leu,302,V,V,302,280,LA280L,LA280L,280,L,OK,True,True,True,True,True
7UUZ,329,417,p.Met303Leu,303,M,M,303,281,AA281L,AA281L,281,A,OK,True,True,True,True,True
7UUZ,330,418,p.Met303Leu,303,M,M,303,281,AA281L,AA281L,281,A,OK,True,True,True,True,True
7UUZ,331,419,p.Met303Val,303,M,M,303,281,AA281V,AA281V,281,A,OK,True,True,True,True,True
7UUZ,332,420,p.Phe304Cys,304,F,F,304,282,LA282C,LA282C,282,L,OK,True,True,True,True,True
7UUZ,333,421,p.Phe304Ser,304,F,F,304,282,LA282S,LA282S,282,L,OK,True,True,True,True,True
7UUZ,334,422,p.Val305Met,305,V,V,305,283,LA283M,LA283M,283,L,OK,True,True,True,True,True
7UUZ,335,423,p.Val305Ala,305,V,V,305,283,LA283A,LA283A,283,L,OK,True,True,True,True,True
7UUZ,336,424,p.Tyr307Cys,307,Y,Y,307,285,NA285C,NA285C,285,N,OK,True,True,True,True,True
7UUZ,337,425,p.Thr308Ala,308,T,K,308,286,QA286A,QA286A,286,Q,OK,True,True,True,True,True
7UUZ,338,426,p.Asp309Tyr,309,D,D,309,287,LA287Y,LA287Y,287,L,OK,True,True,True,True,True
7UUZ,339,427,p.Cys310Phe,310,C,C,310,288,GA288F,GA288F,288,G,OK,True,True,True,True,True
7UUZ,340,428,p.Asp311Asn,311,D,D,311,289,LA289N,LA289N,289,L,OK,True,True,True,True,True
7UUZ,341,429,p.Pro312Ser,312,P,P,312,290,FA290S,FA290S,290,F,OK,True,True,True,True,True
7UUZ,342,430,p.Pro312Leu,312,P,P,312,290,FA290L,FA290L,290,F,OK,True,True,True,True,True
7UUZ,343,431,p.Leu313Phe,313,L,L,313,291,LA291F,LA291F,291,L,OK,True,True,True,True,True
7UUZ,344,432,p.Leu313Pro,313,L,L,313,291,LA291P,LA291P,291,L,OK,True,True,True,True,True
7UUZ,345,433,p.Leu314Phe,314,L,L,314,292,IA292F,IA292F,292,I,OK,True,True,True,True,True
7UUZ,346,434,p.Leu314Val,314,L,L,314,292,IA292V,IA292V,292,I,OK,True,True,True,True,True
7UUZ,347,435,p.Leu314Ile,314,L,L,314,292,IA292I,IA292I,292,I,OK,True,True,True,True,True
7UUZ,348,436,p.Leu315Gln,315,L,T,315,293,VA293Q,VA293Q,293,V,OK,True,True,True,True,True
7UUZ,349,437,p.Arg317Ser,317,R,R,317,295,SA295S,SA295S,295,S,OK,True,True,True,True,True
7UUZ,350,438,p.Arg317Gly,317,R,R,317,295,SA295G,SA295G,295,S,OK,True,True,True,True,True
7UUZ,351,439,p.Arg317Cys,317,R,R,317,295,SA295C,SA295C,295,S,OK,True,True,True,True,True
7UUZ,352,440,p.Arg317Leu,317,R,R,317,295,SA295L,SA295L,295,S,OK,True,True,True,True,True
7UUZ,353,441,p.Arg317His,317,R,R,317,295,SA295H,SA295H,295,S,OK,True,True,True,True,True
7UUZ,354,442,p.Ser319Pro,319,S,S,319,297,AA297P,AA297P,297,A,OK,True,True,True,True,True
7UUZ,355,443,p.Ser319Cys,319,S,S,319,297,AA297C,AA297C,297,A,OK,True,True,True,True,True
7UUZ,356,444,p.Ala320Thr,320,A,A,320,298,CA298T,CA298T,298,C,OK,True,True,True,True,True
7UUZ,357,445,p.Pro321Ser,321,P,P,321,299,CA299S,CA299S,299,C,OK,True,True,True,True,True
7UUZ,358,446,p.Asp322Val,322,D,D,322,300,GA300V,GA300V,300,G,OK,True,True,True,True,True
7UUZ,359,447,p.Tyr324Asn,324,Y,Y,324,302,VA302N,VA302N,302,V,OK,True,True,True,True,True
7UUZ,360,448,p.Tyr324His,324,Y,Y,324,302,VA302H,VA302H,302,V,OK,True,True,True,True,True
7UUZ,361,449,p.Met325Val,325,M,M,325,303,MA303V,MA303V,303,M,OK,True,True,True,True,True
7UUZ,362,450,p.Pro326Ser,326,P,P,326,304,FA304S,FA304S,304,F,OK,True,True,True,True,True
7UUZ,363,451,p.Pro326Leu,326,P,P,326,304,FA304L,FA304L,304,F,OK,True,True,True,True,True
7UUZ,364,452,p.Ile332Val,332,I,I,332,310,CA310V,CA310V,310,C,OK,True,True,True,True,True
7UUZ,365,453,p.Phe333Leu,333,F,F,333,311,DA311L,DA311L,311,D,OK,True,True,True,True,True
7UUZ,366,454,p.Glu334Gln,334,E,E,334,312,PA312Q,PA312Q,312,P,OK,True,True,True,True,True
7UUZ,367,455,p.Glu334Lys,334,E,E,334,312,PA312K,PA312K,312,P,OK,True,True,True,True,True
7UUZ,368,456,p.Asp335Tyr,335,D,D,335,313,LA313Y,LA313Y,313,L,OK,True,True,True,True,True
7UUZ,369,457,p.Asp335Val,335,D,D,335,313,LA313V,LA313V,313,L,OK,True,True,True,True,True
7UUZ,370,458,p.Asp335Gly,335,D,D,335,313,LA313G,LA313G,313,L,OK,True,True,True,True,True
7UUZ,371,459,p.Pro337Ser,337,P,P,337,315,TA315S,TA315S,315,T,OK,True,True,True,True,True
7UUZ,372,460,p.Pro337Leu,337,P,P,337,315,TA315L,TA315L,315,T,OK,True,True,True,True,True
7UUZ,373,461,p.Val339Ala,339,V,V,339,317,RA317A,RA317A,317,R,OK,True,True,True,True,True
7UUZ,374,462,p.Pro340Ser,340,P,P,340,318,IA318S,IA318S,318,I,OK,True,True,True,True,True
7UUZ,375,463,p.Pro340Thr,340,P,P,340,318,IA318T,IA318T,318,I,OK,True,True,True,True,True
7UUZ,376,464,p.Pro340Leu,340,P,P,340,318,IA318L,IA318L,318,I,OK,True,True,True,True,True
7UUZ,377,465,p.Gly341Trp,341,G,G,341,319,SA319W,SA319W,319,S,OK,True,True,True,True,True
7UUZ,378,466,p.Gly341Arg,341,G,G,341,319,SA319R,SA319R,319,S,OK,True,True,True,True,True
7UUZ,379,467,p.Gly341Glu,341,G,G,341,319,SA319E,SA319E,319,S,OK,True,True,True,True,True
7UUZ,380,468,p.Leu342Phe,342,L,L,342,320,AA320F,AA320F,320,A,OK,True,True,True,True,True
7UUZ,381,469,p.Leu342Ile,342,L,L,342,320,AA320I,AA320I,320,A,OK,True,True,True,True,True
7UUZ,382,470,p.Phe343Leu,343,F,F,343,321,PA321L,PA321L,321,P,OK,True,True,True,True,True
7UUZ,383,471,p.Ala345Thr,345,A,A,345,323,QA323T,QA323T,323,Q,OK,True,True,True,True,True
7UUZ,384,472,p.Cys346Arg,346,C,C,346,324,YA324R,YA324R,324,Y,OK,True,True,True,True,True
7UUZ,385,473,p.Cys346Tyr,346,C,C,346,324,YA324Y,YA324Y,324,Y,OK,True,True,True,True,True
7UUZ,386,474,p.Ala347Val,347,A,A,347,325,MA325V,MA325V,325,M,OK,True,True,True,True,True
7UUZ,387,475,p.Ser349Gly,349,S,S,349,327,LA327G,LA327G,327,L,OK,True,True,True,True,True
7UUZ,388,476,p.Ser349Arg,349,S,S,349,327,LA327R,LA327R,327,L,OK,True,True,True,True,True
7UUZ,389,477,p.Thr351Ala,351,T,T,351,329,VA329A,VA329A,329,V,OK,True,True,True,True,True
7UUZ,390,478,p.Thr351Ile,351,T,T,351,329,VA329I,VA329I,329,V,OK,True,True,True,True,True
7UUZ,391,479,p.Thr351Asn,351,T,T,351,329,VA329N,VA329N,329,V,OK,True,True,True,True,True
7UUZ,392,480,p.Ser353Asn,353,S,S,353,331,DA331N,DA331N,331,D,OK,True,True,True,True,True
7UUZ,393,481,p.Thr354Pro,354,T,T,354,332,IA332P,IA332P,332,I,OK,True,True,True,True,True
7UUZ,394,482,p.Ala355Glu,355,A,A,355,333,FA333E,FA333E,333,F,OK,True,True,True,True,True
7UUZ,395,483,p.Ser358Asn,358,S,S,358,336,LA336N,LA336N,336,L,OK,True,True,True,True,True
7UUZ,396,484,p.Ala361Val,361,A,A,361,339,VA339V,VA339V,339,V,OK,True,True,True,True,True
7UUZ,397,485,p.Met362Val,362,M,M,362,340,PA340V,PA340V,340,P,OK,True,True,True,True,True
7UUZ,398,486,p.Met362Leu,362,M,M,362,340,PA340L,PA340L,340,P,OK,True,True,True,True,True
7UUZ,399,487,p.Met362Thr,362,M,M,362,340,PA340T,PA340T,340,P,OK,True,True,True,True,True
7UUZ,400,488,p.Met362Ile,362,M,M,362,340,PA340I,PA340I,340,P,OK,True,True,True,True,True
7UUZ,401,489,p.Ala364Pro,364,A,A,364,342,LA342P,LA342P,342,L,OK,True,True,True,True,True
7UUZ,402,490,p.Ala364Ser,364,A,A,364,342,LA342S,LA342S,342,L,OK,True,True,True,True,True
7UUZ,403,491,p.Ala364Thr,364,A,A,364,342,LA342T,LA342T,342,L,OK,True,True,True,True,True
7UUZ,404,492,p.Thr366Ala,366,T,T,366,344,LA344A,LA344A,344,L,OK,True,True,True,True,True
7UUZ,405,493,p.Thr366Pro,366,T,T,366,344,LA344P,LA344P,344,L,OK,True,True,True,True,True
7UUZ,406,494,p.Val367Ile,367,V,V,367,345,AA345I,AA345I,345,A,OK,True,True,True,True,True
7UUZ,407,495,p.Val367Ala,367,V,V,367,345,AA345A,AA345A,345,A,OK,True,True,True,True,True
7UUZ,408,496,p.Asp369Gly,369,D,D,369,347,AA347G,AA347G,347,A,OK,True,True,True,True,True
7UUZ,409,497,p.Leu370Phe,370,L,L,370,348,YA348F,YA348F,348,Y,OK,True,True,True,True,True
7UUZ,410,498,p.Leu370Pro,370,L,L,370,348,YA348P,YA348P,348,Y,OK,True,True,True,True,True
7UUZ,411,499,p.Pro373Ser,373,P,P,373,351,TA351S,TA351S,351,T,OK,True,True,True,True,True
7UUZ,412,500,p.Pro373Thr,373,P,P,373,351,TA351T,TA351T,351,T,OK,True,True,True,True,True
7UUZ,413,501,p.Pro373Leu,373,P,P,373,351,TA351L,TA351L,351,T,OK,True,True,True,True,True
7UUZ,414,502,p.Arg374Trp,374,R,R,374,352,LA352W,LA352W,352,L,OK,True,True,True,True,True
7UUZ,415,503,p.Arg374Gln,374,R,R,374,352,LA352Q,LA352Q,352,L,OK,True,True,True,True,True
7UUZ,416,504,p.Leu375Arg,375,L,M,375,353,SA353R,SA353R,353,S,OK,True,True,True,True,True
7UUZ,417,505,p.Arg376Trp,376,R,P,376,354,TA354W,TA354W,354,T,OK,True,True,True,True,True
7UUZ,418,506,p.Arg376Gln,376,R,P,376,354,TA354Q,TA354Q,354,T,OK,True,True,True,True,True
7UUZ,419,507,p.Ser377Asn,377,S,G,377,355,AA355N,AA355N,355,A,OK,True,True,True,True,True
7UUZ,420,508,p.Ser377Arg,377,S,G,377,355,AA355R,AA355R,355,A,OK,True,True,True,True,True
7UUZ,421,509,p.Ala379Ser,379,A,A,379,357,TA357S,TA357S,357,T,OK,True,True,True,True,True
7UUZ,422,510,p.Ala379Glu,379,A,A,379,357,TA357E,TA357E,357,T,OK,True,True,True,True,True
7UUZ,423,511,p.Pro380Ser,380,P,P,380,358,SA358S,SA358S,358,S,OK,True,True,True,True,True
7UUZ,424,512,p.Arg381Gly,381,R,R,381,359,IA359G,IA359G,359,I,OK,True,True,True,True,True
7UUZ,425,513,p.Arg381Ser,381,R,R,381,359,IA359S,IA359S,359,I,OK,True,True,True,True,True
7UUZ,426,514,p.Lys382Thr,382,K,K,382,360,NA360T,NA360T,360,N,OK,True,True,True,True,True
7UUZ,427,515,p.Leu383Val,383,L,L,383,361,AA361V,AA361V,361,A,OK,True,True,True,True,True
7UUZ,428,516,p.Val384Met,384,V,V,384,362,MA362M,MA362M,362,M,OK,True,True,True,True,True
7UUZ,429,517,p.Val384Leu,384,V,V,384,362,MA362L,MA362L,362,M,OK,True,True,True,True,True
7UUZ,430,518,p.Val384Ala,384,V,V,384,362,MA362A,MA362A,362,M,OK,True,True,True,True,True
7UUZ,431,519,p.Ile385Phe,385,I,F,385,363,AA363F,AA363F,363,A,OK,True,True,True,True,True
7UUZ,432,520,p.Ile385Thr,385,I,F,385,363,AA363T,AA363T,363,A,OK,True,True,True,True,True
7UUZ,433,521,p.Ile385Ser,385,I,F,385,363,AA363S,AA363S,363,A,OK,True,True,True,True,True
7UUZ,434,522,p.Gly389Arg,389,G,G,389,367,VA367R,VA367R,367,V,OK,True,True,True,True,True
7UUZ,435,523,p.Gly389Val,389,G,G,389,367,VA367V,VA367V,367,V,OK,True,True,True,True,True
7UUZ,436,524,p.Gly389Ala,389,G,G,389,367,VA367A,VA367A,367,V,OK,True,True,True,True,True
7UUZ,437,525,p.Leu390Phe,390,L,L,390,368,EA368F,EA368F,368,E,OK,True,True,True,True,True
7UUZ,438,526,p.Ser391Leu,391,S,S,391,369,DA369L,DA369L,369,D,OK,True,True,True,True,True
7UUZ,439,527,p.Leu392Phe,392,L,F,392,370,LA370F,LA370F,370,L,OK,True,True,True,True,True
7UUZ,440,528,p.Ile393Ser,393,I,I,393,371,IA371S,IA371S,371,I,OK,True,True,True,True,True
7UUZ,441,529,p.Gly395Arg,395,G,G,395,373,PA373R,PA373R,373,P,OK,True,True,True,True,True
7UUZ,442,530,p.Gly395Glu,395,G,G,395,373,PA373E,PA373E,373,P,OK,True,True,True,True,True
7UUZ,443,531,p.Ser396Leu,396,S,S,396,374,RA374L,RA374L,374,R,OK,True,True,True,True,True
7UUZ,444,532,p.Ala397Pro,397,A,A,397,375,MA375P,MA375P,375,M,OK,True,True,True,True,True
7UUZ,445,533,p.Ala397Ser,397,A,A,397,375,MA375S,MA375S,375,M,OK,True,True,True,True,True
7UUZ,446,534,p.Ala397Val,397,A,A,397,375,MA375V,MA375V,375,M,OK,True,True,True,True,True
7UUZ,447,535,p.Cys398Arg,398,C,C,398,376,PA376R,PA376R,376,P,OK,True,True,True,True,True
7UUZ,448,536,p.Cys398Tyr,398,C,C,398,376,PA376Y,PA376Y,376,P,OK,True,True,True,True,True
7UUZ,449,537,p.Thr400Ser,400,T,T,400,378,LA378S,LA378S,378,L,OK,True,True,True,True,True
7UUZ,450,538,p.Val401Met,401,V,V,401,379,AA379M,AA379M,379,A,OK,True,True,True,True,True
7UUZ,451,539,p.Val401Leu,401,V,V,401,379,AA379L,AA379L,379,A,OK,True,True,True,True,True
7UUZ,452,540,p.Val401Leu,401,V,V,401,379,AA379L,AA379L,379,A,OK,True,True,True,True,True
7UUZ,453,541,p.Val401Ala,401,V,V,401,379,AA379A,AA379A,379,A,OK,True,True,True,True,True
7UUZ,454,542,p.Ala402Thr,402,A,A,402,380,PA380T,PA380T,380,P,OK,True,True,True,True,True
7UUZ,455,543,p.Ala402Ser,402,A,A,402,380,PA380S,PA380S,380,P,OK,True,True,True,True,True
7UUZ,456,544,p.Ala402Val,402,A,A,402,380,PA380V,PA380V,380,P,OK,True,True,True,True,True
7UUZ,457,545,p.Ala403Asp,403,A,A,403,381,RA381D,RA381D,381,R,OK,True,True,True,True,True
7UUZ,458,546,p.Ser405Phe,405,S,S,405,383,LA383F,LA383F,383,L,OK,True,True,True,True,True
7UUZ,459,547,p.Ser405Tyr,405,S,S,405,383,LA383Y,LA383Y,383,L,OK,True,True,True,True,True
7UUZ,460,548,p.Ser405Cys,405,S,S,405,383,LA383C,LA383C,383,L,OK,True,True,True,True,True
7UUZ,461,549,p.Ser406Thr,406,S,S,406,384,VA384T,VA384T,384,V,OK,True,True,True,True,True
7UUZ,462,550,p.Leu408Phe,408,L,L,408,386,IA386F,IA386F,386,I,OK,True,True,True,True,True
7UUZ,463,551,p.Leu408Ile,408,L,L,408,386,IA386I,IA386I,386,I,OK,True,True,True,True,True
7UUZ,464,552,p.Leu408Pro,408,L,L,408,386,IA386P,IA386P,386,I,OK,True,True,True,True,True
7UUZ,465,553,p.Gly409Arg,409,G,G,409,387,SA387R,SA387R,387,S,OK,True,True,True,True,True
7UUZ,466,554,p.Gly410Arg,410,G,G,410,388,KA388R,KA388R,388,K,OK,True,True,True,True,True
7UUZ,467,555,p.Gly410Arg,410,G,G,410,388,KA388R,KA388R,388,K,OK,True,True,True,True,True
7UUZ,468,556,p.Gly411Ser,411,G,G,411,389,GA389S,GA389S,389,G,OK,True,True,True,True,True
7UUZ,469,557,p.Gly411Val,411,G,G,411,389,GA389V,GA389V,389,G,OK,True,True,True,True,True
7UUZ,470,558,p.Val412Ile,412,V,V,412,390,LA390I,LA390I,390,L,OK,True,True,True,True,True
7UUZ,471,559,p.Gln414His,414,Q,Q,414,392,FA392H,FA392H,392,F,OK,True,True,True,True,True
7UUZ,472,560,p.Gln414His,414,Q,Q,414,392,FA392H,FA392H,392,F,OK,True,True,True,True,True
7UUZ,473,561,p.Ser416Phe,416,S,S,416,394,YA394F,YA394F,394,Y,OK,True,True,True,True,True
7UUZ,474,562,p.Phe417Ser,417,F,F,417,395,GA395S,GA395S,395,G,OK,True,True,True,True,True
7UUZ,475,563,p.Val419Ile,419,V,V,419,397,AA397I,AA397I,397,A,OK,True,True,True,True,True
7UUZ,476,564,p.Val419Asp,419,V,V,419,397,AA397D,AA397D,397,A,OK,True,True,True,True,True
7UUZ,477,565,p.Met420Leu,420,M,M,420,398,CA398L,CA398L,398,C,OK,True,True,True,True,True
7UUZ,478,566,p.Met420Val,420,M,M,420,398,CA398V,CA398V,398,C,OK,True,True,True,True,True
7UUZ,479,567,p.Met420Thr,420,M,M,420,398,CA398T,CA398T,398,C,OK,True,True,True,True,True
7UUZ,480,568,p.Met420Lys,420,M,M,420,398,CA398K,CA398K,398,C,OK,True,True,True,True,True
7UUZ,481,569,p.Met420Ile,420,M,M,420,398,CA398I,CA398I,398,C,OK,True,True,True,True,True
7UUZ,482,570,p.Met420Ile,420,M,M,420,398,CA398I,CA398I,398,C,OK,True,True,True,True,True
7UUZ,483,571,p.Val422Leu,422,V,V,422,400,TA400L,TA400L,400,T,OK,True,True,True,True,True
7UUZ,484,572,p.Val422Ile,422,V,V,422,400,TA400I,TA400I,400,T,OK,True,True,True,True,True
7UUZ,485,573,p.Ile423Thr,423,I,I,423,401,VA401T,VA401T,401,V,OK,True,True,True,True,True
7UUZ,486,574,p.Ser424Arg,424,S,S,424,402,AA402R,AA402R,402,A,OK,True,True,True,True,True
7UUZ,487,575,p.Gly425Cys,425,G,G,425,403,AA403C,AA403C,403,A,OK,True,True,True,True,True
7UUZ,488,576,p.Gly425Ser,425,G,G,425,403,AA403S,AA403S,403,A,OK,True,True,True,True,True
7UUZ,489,577,p.Gly425Ala,425,G,G,425,403,AA403A,AA403A,403,A,OK,True,True,True,True,True
7UUZ,490,578,p.Pro426Leu,426,P,P,426,404,LA404L,LA404L,404,L,OK,True,True,True,True,True
7UUZ,491,579,p.Leu427Gln,427,L,L,427,405,SA405Q,SA405Q,405,S,OK,True,True,True,True,True
7UUZ,492,580,p.Leu428Met,428,L,L,428,406,SA406M,SA406M,406,S,OK,True,True,True,True,True
7UUZ,493,581,p.Leu428Arg,428,L,L,428,406,SA406R,SA406R,406,S,OK,True,True,True,True,True
7UUZ,494,582,p.Leu428Pro,428,L,L,428,406,SA406P,SA406P,406,S,OK,True,True,True,True,True
7UUZ,495,583,p.Ala430Pro,430,A,A,430,408,LA408P,LA408P,408,L,OK,True,True,True,True,True
7UUZ,496,584,p.Ala430Ser,430,A,A,430,408,LA408S,LA408S,408,L,OK,True,True,True,True,True
7UUZ,497,585,p.Ala430Asp,430,A,A,430,408,LA408D,LA408D,408,L,OK,True,True,True,True,True
7UUZ,498,586,p.Phe431Leu,431,F,F,431,409,GA409L,GA409L,409,G,OK,True,True,True,True,True
7UUZ,499,587,p.Phe431Ser,431,F,F,431,409,GA409S,GA409S,409,G,OK,True,True,True,True,True
7UUZ,500,588,p.Ile432Val,432,I,T,432,410,GA410V,GA410V,410,G,OK,True,True,True,True,True
7UUZ,501,589,p.Ile432Thr,432,I,T,432,410,GA410T,GA410T,410,G,OK,True,True,True,True,True
7UUZ,502,590,p.Ile432Asn,432,I,T,432,410,GA410N,GA410N,410,G,OK,True,True,True,True,True
7UUZ,503,591,p.Gly434Ala,434,G,G,434,412,VA412A,VA412A,412,V,OK,True,True,True,True,True
7UUZ,504,592,p.Met435Leu,435,M,M,435,413,LA413L,LA413L,413,L,OK,True,True,True,True,True
7UUZ,505,593,p.Met435Thr,435,M,M,435,413,LA413T,LA413T,413,L,OK,True,True,True,True,True
7UUZ,506,594,p.Phe436Tyr,436,F,L,436,414,QA414Y,QA414Y,414,Q,OK,True,True,True,True,True
7UUZ,507,595,p.Phe436Cys,436,F,L,436,414,QA414C,QA414C,414,Q,OK,True,True,True,True,True
7UUZ,508,596,p.Phe436Leu,436,F,L,436,414,QA414L,QA414L,414,Q,OK,True,True,True,True,True
7UUZ,509,597,p.Leu437Pro,437,L,L,437,415,GA415P,GA415P,415,G,OK,True,True,True,True,True
7UUZ,510,598,p.Pro438Leu,438,P,P,438,416,SA416L,SA416L,416,S,OK,True,True,True,True,True
7UUZ,511,599,p.Ala439Pro,439,A,A,439,417,FA417P,FA417P,417,F,OK,True,True,True,True,True
7UUZ,512,600,p.Ala439Asp,439,A,A,439,417,FA417D,FA417D,417,F,OK,True,True,True,True,True
7UUZ,513,601,p.Cys440Gly,440,C,C,440,418,TA418G,TA418G,418,T,OK,True,True,True,True,True
7UUZ,514,602,p.Cys440Arg,440,C,C,440,418,TA418R,TA418R,418,T,OK,True,True,True,True,True
7UUZ,515,603,p.Cys440Ser,440,C,C,440,418,TA418S,TA418S,418,T,OK,True,True,True,True,True
7UUZ,516,604,p.Cys440Tyr,440,C,C,440,418,TA418Y,TA418Y,418,T,OK,True,True,True,True,True
7UUZ,517,605,p.Asn441Ser,441,N,N,441,419,VA419S,VA419S,419,V,OK,True,True,True,True,True
7UUZ,518,606,p.Asn441Lys,441,N,N,441,419,VA419K,VA419K,419,V,OK,True,True,True,True,True
7UUZ,519,607,p.Thr442Ala,442,T,T,442,420,MA420A,MA420A,420,M,OK,True,True,True,True,True
7UUZ,520,608,p.Thr442Lys,442,T,T,442,420,MA420K,MA420K,420,M,OK,True,True,True,True,True
7UUZ,521,609,p.Pro443Thr,443,P,P,443,421,GA421T,GA421T,421,G,OK,True,True,True,True,True
7UUZ,522,610,p.Pro443Ala,443,P,P,443,421,GA421A,GA421A,421,G,OK,True,True,True,True,True
7UUZ,523,611,p.Pro443Ser,443,P,P,443,421,GA421S,GA421S,421,G,OK,True,True,True,True,True
7UUZ,524,612,p.Pro443Leu,443,P,P,443,421,GA421L,GA421L,421,G,OK,True,True,True,True,True
7UUZ,525,613,p.Gly444Val,444,G,G,444,422,VA422V,VA422V,422,V,OK,True,True,True,True,True
7UUZ,526,614,p.Val445Ile,445,V,V,445,423,IA423I,IA423I,423,I,OK,True,True,True,True,True
7UUZ,527,615,p.Val445Phe,445,V,V,445,423,IA423F,IA423F,423,I,OK,True,True,True,True,True
7UUZ,528,616,p.Val445Ala,445,V,V,445,423,IA423A,IA423A,423,I,OK,True,True,True,True,True
7UUZ,529,617,p.Leu446Ile,446,L,L,446,424,SA424I,SA424I,424,S,OK,True,True,True,True,True
7UUZ,530,618,p.Leu446Phe,446,L,L,446,424,SA424F,SA424F,424,S,OK,True,True,True,True,True
7UUZ,531,619,p.Ala447Pro,447,A,S,447,425,GA425P,GA425P,425,G,OK,True,True,True,True,True
7UUZ,532,620,p.Ala447Thr,447,A,S,447,425,GA425T,GA425T,425,G,OK,True,True,True,True,True
7UUZ,533,621,p.Ala447Gly,447,A,S,447,425,GA425G,GA425G,425,G,OK,True,True,True,True,True
7UUZ,534,622,p.Ala447Val,447,A,S,447,425,GA425V,GA425V,425,G,OK,True,True,True,True,True
7UUZ,535,623,p.Leu449Ile,449,L,L,449,427,LA427I,LA427I,427,L,OK,True,True,True,True,True
7UUZ,536,624,p.Gly450Arg,450,G,A,450,428,LA428R,LA428R,428,L,OK,True,True,True,True,True
7UUZ,537,625,p.Gly450Ser,450,G,A,450,428,LA428S,LA428S,428,L,OK,True,True,True,True,True
7UUZ,538,626,p.Ala451Thr,451,A,A,451,429,GA429T,GA429T,429,G,OK,True,True,True,True,True
7UUZ,539,627,p.Ala451Val,451,A,A,451,429,GA429V,GA429V,429,G,OK,True,True,True,True,True
7UUZ,540,628,p.Gly452Ser,452,G,G,452,430,AA430S,AA430S,430,A,OK,True,True,True,True,True
7UUZ,541,629,p.Gly452Arg,452,G,G,452,430,AA430R,AA430R,430,A,OK,True,True,True,True,True
7UUZ,542,630,p.Gly452Asp,452,G,G,452,430,AA430D,AA430D,430,A,OK,True,True,True,True,True
7UUZ,543,631,p.Gly452Val,452,G,G,452,430,AA430V,AA430V,430,A,OK,True,True,True,True,True
7UUZ,544,632,p.Leu453Ser,453,L,L,453,431,FA431S,FA431S,431,F,OK,True,True,True,True,True
7UUZ,545,633,p.Ala454Thr,454,A,A,454,432,TA432T,TA432T,432,T,OK,True,True,True,True,True
7UUZ,546,634,p.Ala454Pro,454,A,A,454,432,TA432P,TA432P,432,T,OK,True,True,True,True,True
7UUZ,547,635,p.Ala454Glu,454,A,A,454,432,TA432E,TA432E,432,T,OK,True,True,True,True,True
7UUZ,548,636,p.Ala454Val,454,A,A,454,432,TA432V,TA432V,432,T,OK,True,True,True,True,True
7UUZ,549,637,p.Ser456Pro,456,S,S,456,434,GA434P,GA434P,434,G,OK,True,True,True,True,True
7UUZ,550,638,p.Trp458Ser,458,W,W,458,436,LA436S,LA436S,436,L,OK,True,True,True,True,True
7UUZ,551,639,p.Trp458Leu,458,W,W,458,436,LA436L,LA436L,436,L,OK,True,True,True,True,True
7UUZ,552,640,p.Ala460Val,460,A,A,460,438,PA438V,PA438V,438,P,OK,True,True,True,True,True
7UUZ,553,641,p.Gly462Ala,462,G,G,462,440,CA440A,CA440A,440,C,OK,True,True,True,True,True
7UUZ,554,642,p.Ala463Thr,463,A,A,463,441,NA441T,NA441T,441,N,OK,True,True,True,True,True
7UUZ,555,643,p.Ala463Asp,463,A,A,463,441,NA441D,NA441D,441,N,OK,True,True,True,True,True
7UUZ,556,644,p.Thr464Ala,464,T,T,464,442,TA442A,TA442A,442,T,OK,True,True,True,True,True
7UUZ,557,645,p.Pro467Ala,467,P,P,467,445,VA445A,VA445A,445,V,OK,True,True,True,True,True
7UUZ,558,646,p.Pro467Leu,467,P,P,467,445,VA445L,VA445L,445,V,OK,True,True,True,True,True
7UUZ,559,647,p.Pro468Ala,468,P,P,468,446,LA446A,LA446A,446,L,OK,True,True,True,True,True
7UUZ,560,648,p.Pro468Leu,468,P,P,468,446,LA446L,LA446L,446,L,OK,True,True,True,True,True
7UUZ,561,649,p.Ser469Gly,469,S,G,469,447,SA447G,SA447G,447,S,OK,True,True,True,True,True
7UUZ,562,650,p.Ser469Arg,469,S,G,469,447,SA447R,SA447R,447,S,OK,True,True,True,True,True
7UUZ,563,651,p.Ser469Arg,469,S,G,469,447,SA447R,SA447R,447,S,OK,True,True,True,True,True
7UUZ,564,652,p.Glu470Lys,470,E,E,470,448,GA448K,GA448K,448,G,OK,True,True,True,True,True
7UUZ,565,653,p.Glu470Gly,470,E,E,470,448,GA448G,GA448G,448,G,OK,True,True,True,True,True
7UUZ,566,654,p.Glu470Asp,470,E,E,470,448,GA448D,GA448D,448,G,OK,True,True,True,True,True
7UUZ,567,655,p.Thr472Pro,472,T,T,472,450,AA450P,AA450P,450,A,OK,True,True,True,True,True
7UUZ,568,656,p.Thr472Asn,472,T,T,472,450,AA450N,AA450N,450,A,OK,True,True,True,True,True
7UUZ,569,657,p.Met473Val,473,M,M,473,451,AA451V,AA451V,451,A,OK,True,True,True,True,True
7UUZ,570,658,p.Met473Thr,473,M,M,473,451,AA451T,AA451T,451,A,OK,True,True,True,True,True
7UUZ,571,659,p.Met473Ile,473,M,M,473,451,AA451I,AA451I,451,A,OK,True,True,True,True,True
7UUZ,572,660,p.Met473Ile,473,M,M,473,451,AA451I,AA451I,451,A,OK,True,True,True,True,True
7UUZ,573,661,p.Arg474Met,474,R,G,474,452,GA452M,GA452M,452,G,OK,True,True,True,True,True
7UUZ,574,662,p.Arg474Lys,474,R,G,474,452,GA452K,GA452K,452,G,OK,True,True,True,True,True
7UUZ,575,663,p.Val475Ala,475,V,V,475,453,LA453A,LA453A,453,L,OK,True,True,True,True,True
7UUZ,576,664,p.Leu476Val,476,L,L,476,454,AA454V,AA454V,454,A,OK,True,True,True,True,True
7UUZ,577,665,p.Ala481Asp,481,A,A,481,459,VA459D,VA459D,459,V,OK,True,True,True,True,True
7UUZ,578,666,p.Ala481Val,481,A,A,481,459,VA459V,VA459V,459,V,OK,True,True,True,True,True
7UUZ,579,667,p.Arg482Pro,482,R,G,482,460,AA460P,AA460P,460,A,OK,True,True,True,True,True
7UUZ,580,668,p.Arg482His,482,R,G,482,460,AA460H,AA460H,460,A,OK,True,True,True,True,True
7UUZ,581,716,p.Pro517Thr,517,P,P,517,461,VA461T,VA461T,461,V,OK,True,True,True,True,True
7UUZ,582,717,p.Ala518Ser,518,A,A,518,462,GA462S,GA462S,462,G,OK,True,True,True,True,True
7UUZ,583,718,p.Ala518Thr,518,A,A,518,462,GA462T,GA462T,462,G,OK,True,True,True,True,True
7UUZ,584,719,p.Ala518Val,518,A,A,518,462,GA462V,GA462V,462,G,OK,True,True,True,True,True
7UUZ,585,720,p.Leu519Ile,519,L,L,519,463,AA463I,AA463I,463,A,OK,True,True,True,True,True
7UUZ,586,721,p.Ala520Gly,520,A,A,520,464,TA464G,TA464G,464,T,OK,True,True,True,True,True
7UUZ,587,722,p.Asp521Gly,521,D,D,521,465,LA465G,LA465G,465,L,OK,True,True,True,True,True
7UUZ,588,723,p.Asp521Ala,521,D,D,521,465,LA465A,LA465A,465,L,OK,True,True,True,True,True
7UUZ,589,724,p.Ser522Gly,522,S,T,522,466,YA466G,YA466G,466,Y,OK,True,True,True,True,True
7UUZ,590,725,p.Ser522Ile,522,S,T,522,466,YA466I,YA466I,466,Y,OK,True,True,True,True,True
7UUZ,591,726,p.Phe523Ile,523,F,F,523,467,PA467I,PA467I,467,P,OK,True,True,True,True,True
7UUZ,592,727,p.Tyr524His,524,Y,Y,524,468,PA468H,PA468H,468,P,OK,True,True,True,True,True
7UUZ,593,728,p.Tyr524Cys,524,Y,Y,524,468,PA468C,PA468C,468,P,OK,True,True,True,True,True
7UUZ,594,729,p.Ala525Val,525,A,A,525,469,GA469V,GA469V,469,G,OK,True,True,True,True,True
7UUZ,595,730,p.Ile526Val,526,I,I,526,470,EA470V,EA470V,470,E,OK,True,True,True,True,True
7UUZ,596,731,p.Ser527Cys,527,S,S,527,471,QA471C,QA471C,471,Q,OK,True,True,True,True,True
7UUZ,597,732,p.Tyr528His,528,Y,Y,528,472,TA472H,TA472H,472,T,OK,True,True,True,True,True
7UUZ,598,733,p.Leu529Phe,529,L,L,529,473,MA473F,MA473F,473,M,OK,True,True,True,True,True
7UUZ,599,734,p.Leu529Arg,529,L,L,529,473,MA473R,MA473R,473,M,OK,True,True,True,True,True
7UUZ,600,735,p.Tyr530His,530,Y,Y,530,474,GA474H,GA474H,474,G,OK,True,True,True,True,True
7UUZ,601,736,p.Tyr530Cys,530,Y,Y,530,474,GA474C,GA474C,474,G,OK,True,True,True,True,True
7UUZ,602,737,p.Gly532Cys,532,G,G,532,476,LA476C,LA476C,476,L,OK,True,True,True,True,True
7UUZ,603,738,p.Gly532Ser,532,G,G,532,476,LA476S,LA476S,476,L,OK,True,True,True,True,True
7UUZ,604,739,p.Ala533Thr,533,A,A,533,477,PA477T,PA477T,477,P,OK,True,True,True,True,True
7UUZ,605,740,p.Ala533Asp,533,A,A,533,477,PA477D,PA477D,477,P,OK,True,True,True,True,True
7UUZ,606,741,p.Leu534Pro,534,L,L,534,478,TA478P,TA478P,478,T,OK,True,True,True,True,True
7UUZ,607,742,p.Gly535Ser,535,G,G,535,479,SA479S,SA479S,479,S,OK,True,True,True,True,True
7UUZ,608,743,p.Gly535Asp,535,G,G,535,479,SA479D,SA479D,479,S,OK,True,True,True,True,True
7UUZ,609,744,p.Thr536Met,536,T,T,536,480,AA480M,AA480M,480,A,OK,True,True,True,True,True
7UUZ,610,745,p.Leu537Val,537,L,L,537,481,AA481V,AA481V,481,A,OK,True,True,True,True,True
7UUZ,611,746,p.Leu537Pro,537,L,L,537,481,AA481P,AA481P,481,A,OK,True,True,True,True,True
7UUZ,612,747,p.Thr538Ser,538,T,T,538,482,GA482S,GA482S,482,G,OK,True,True,True,True,True
7UUZ,613,865,p.Leu54Pro,54,L,L,54,37,AA37P,AA37P,37,A,OK,True,True,True,True,True
7UUZ,614,866,p.Gly93Arg,93,G,G,93,76,VA76R,VA76R,76,V,OK,True,True,True,True,True
7UUZ,615,867,p.Tyr137*,137,Y,Y,137,120,YA120X,YA120X,120,Y,OK,True,True,True,True,True
7UUZ,616,872,p.Asp191Gly,191,D,D,191,169,LA169G,LA169G,169,L,OK,True,True,True,True,True
7UUZ,617,873,p.Thr221=,221,T,S,221,199,LA199X,LA199X,199,L,OK,True,True,True,True,True
7UUZ,618,874,p.Gly250Val,250,G,G,250,228,RA228V,RA228V,228,R,OK,True,True,True,True,True
7UUZ,619,875,p.Gln263Leu,263,Q,Q,263,241,RA241L,RA241L,241,R,OK,True,True,True,True,True
7UUZ,620,876,p.Gln265Arg,265,Q,Q,265,243,TA243R,TA243R,243,T,OK,True,True,True,True,True
7UUZ,621,877,p.Val270Glu,270,V,V,270,248,IA248E,IA248E,248,I,OK,True,True,True,True,True
7UUZ,622,878,p.Cys272*,272,C,C,272,250,GA250X,GA250X,250,G,OK,True,True,True,True,True
7UUZ,623,880,p.Cys310=,310,C,C,310,288,GA288X,GA288X,288,G,OK,True,True,True,True,True
7UUZ,624,882,p.Asp331Asn,331,D,D,331,309,DA309N,DA309N,309,D,OK,True,True,True,True,True
7UUZ,625,883,p.Tyr348Asp,348,Y,Y,348,326,PA326D,PA326D,326,P,OK,True,True,True,True,True
7UUZ,626,884,p.Gly350Asp,350,G,G,350,328,LA328D,LA328D,328,L,OK,True,True,True,True,True
7UUZ,627,885,p.Ser356Phe,356,S,S,356,334,EA334F,EA334F,334,E,OK,True,True,True,True,True
7UUZ,628,886,p.Asp369Val,369,D,D,369,347,AA347V,AA347V,347,A,OK,True,True,True,True,True
7UUZ,629,887,p.Lys388*,388,K,K,388,366,TA366X,TA366X,366,T,OK,True,True,True,True,True
7UUZ,630,888,p.Leu408=,408,L,L,408,386,IA386X,IA386X,386,I,OK,True,True,True,True,True
7UUZ,631,889,p.Gly421Arg,421,G,G,421,399,LA399R,LA399R,399,L,OK,True,True,True,True,True
7UV0,1,19,p.Thr11Ile,11,T,T,11,10,AA10I,AA10I,10,A,OK,True,True,True,True,True
7UV0,2,20,p.Phe12Leu,12,F,F,12,11,TA11L,TA11L,11,T,OK,True,True,True,True,True
7UV0,3,21,p.Trp15Leu,15,W,W,15,14,AA14L,AA14L,14,A,OK,True,True,True,True,True
7UV0,4,22,p.Trp15Cys,15,W,W,15,14,AA14C,AA14C,14,A,OK,True,True,True,True,True
7UV0,5,23,p.Trp15Cys,15,W,W,15,14,AA14C,AA14C,14,A,OK,True,True,True,True,True
7UV0,6,24,p.Asp16Asn,16,D,D,16,15,WA15N,WA15N,15,W,OK,True,True,True,True,True
7UV0,7,25,p.Asp16Gly,16,D,D,16,15,WA15G,WA15G,15,W,OK,True,True,True,True,True
7UV0,8,26,p.Gly18Arg,18,G,G,18,17,YA17R,YA17R,17,Y,OK,True,True,True,True,True
7UV0,9,27,p.Gly18Ala,18,G,G,18,17,YA17A,YA17A,17,Y,OK,True,True,True,True,True
7UV0,10,28,p.Val19Ile,19,V,V,19,18,GA18I,GA18I,18,G,OK,True,True,True,True,True
7UV0,11,29,p.Phe20Leu,20,F,F,20,19,VA19L,VA19L,19,V,OK,True,True,True,True,True
7UV0,12,30,p.Leu22Phe,22,L,T,22,21,AA21F,AA21F,21,A,OK,True,True,True,True,True
7UV0,13,31,p.Leu22Pro,22,L,T,22,21,AA21P,AA21P,21,A,OK,True,True,True,True,True
7UV0,14,32,p.Met23Leu,23,M,M,23,22,TA22L,TA22L,22,T,OK,True,True,True,True,True
7UV0,15,33,p.Met23Thr,23,M,M,23,22,TA22T,TA22T,22,T,OK,True,True,True,True,True
7UV0,16,34,p.Leu24Val,24,L,L,24,23,MA23V,MA23V,23,M,OK,True,True,True,True,True
7UV0,17,35,p.Val26Met,26,V,V,26,25,LA25M,LA25M,25,L,OK,True,True,True,True,True
7UV0,18,36,p.Ser27Ala,27,S,S,27,26,VA26A,VA26A,26,V,OK,True,True,True,True,True
7UV0,19,37,p.Thr28Ala,28,T,T,28,27,SA27A,SA27A,27,S,OK,True,True,True,True,True
7UV0,20,38,p.Thr28Ser,28,T,T,28,27,SA27S,SA27S,27,S,OK,True,True,True,True,True
7UV0,21,39,p.Thr28Ile,28,T,T,28,27,SA27I,SA27I,27,S,OK,True,True,True,True,True
7UV0,22,40,p.Gly29Ser,29,G,G,29,28,TA28S,TA28S,28,T,OK,True,True,True,True,True
7UV0,23,41,p.Ile30Met,30,I,I,30,29,GA29M,GA29M,29,G,OK,True,True,True,True,True
7UV0,24,42,p.Gly31Arg,31,G,G,31,30,IA30R,IA30R,30,I,OK,True,True,True,True,True
7UV0,25,43,p.Leu32Pro,32,L,L,32,31,GA31P,GA31P,31,G,OK,True,True,True,True,True
7UV0,26,44,p.Leu32Gln,32,L,L,32,31,GA31Q,GA31Q,31,G,OK,True,True,True,True,True
7UV0,27,45,p.Trp33Arg,33,W,W,33,32,LA32R,LA32R,32,L,OK,True,True,True,True,True
7UV0,28,46,p.Trp33Ser,33,W,W,33,32,LA32S,LA32S,32,L,OK,True,True,True,True,True
7UV0,29,47,p.Val34Asp,34,V,V,34,33,WA33D,WA33D,33,W,OK,True,True,True,True,True
7UV0,30,48,p.Gly35Arg,35,G,G,35,34,VA34R,VA34R,34,V,OK,True,True,True,True,True
7UV0,31,49,p.Gly35Arg,35,G,G,35,34,VA34R,VA34R,34,V,OK,True,True,True,True,True
7UV0,32,87,p.Ala55Val,55,A,L,55,35,GA35V,GA35V,35,G,OK,True,True,True,True,True
7UV0,33,88,p.Ala55Gly,55,A,L,55,35,GA35G,GA35G,35,G,OK,True,True,True,True,True
7UV0,34,89,p.Ala56Thr,56,A,A,56,36,LA36T,LA36T,36,L,OK,True,True,True,True,True
7UV0,35,111,p.Val76Met,76,V,V,76,56,AA56M,AA56M,56,A,OK,True,True,True,True,True
7UV0,36,112,p.Val76Leu,76,V,V,76,56,AA56L,AA56L,56,A,OK,True,True,True,True,True
7UV0,37,113,p.Pro77Ser,77,P,P,77,57,VA57S,VA57S,57,V,OK,True,True,True,True,True
7UV0,38,114,p.Pro77Leu,77,P,P,77,57,VA57L,VA57L,57,V,OK,True,True,True,True,True
7UV0,39,115,p.Ser78Pro,78,S,A,78,58,PA58P,PA58P,58,P,OK,True,True,True,True,True
7UV0,40,116,p.Ser78Leu,78,S,A,78,58,PA58L,PA58L,58,P,OK,True,True,True,True,True
7UV0,41,117,p.Glu79Gly,79,E,E,79,59,VA59G,VA59G,59,V,OK,True,True,True,True,True
7UV0,42,118,p.Tyr81Asn,81,Y,A,81,61,LA61N,LA61N,61,L,OK,True,True,True,True,True
7UV0,43,119,p.Arg82Cys,82,R,R,82,62,SA62C,SA62C,62,S,OK,True,True,True,True,True
7UV0,44,120,p.Arg82Leu,82,R,R,82,62,SA62L,SA62L,62,S,OK,True,True,True,True,True
7UV0,45,121,p.Tyr83Cys,83,Y,Y,83,63,LA63C,LA63C,63,L,OK,True,True,True,True,True
7UV0,46,122,p.Lys86Asn,86,K,K,86,66,SA66N,SA66N,66,S,OK,True,True,True,True,True
7UV0,47,123,p.Leu88Pro,88,L,L,88,68,MA68P,MA68P,68,M,OK,True,True,True,True,True
7UV0,48,124,p.Met90Thr,90,M,M,90,70,AA70T,AA70T,70,A,OK,True,True,True,True,True
7UV0,49,125,p.Met90Ile,90,M,M,90,70,AA70I,AA70I,70,A,OK,True,True,True,True,True
7UV0,50,126,p.Cys91Tyr,91,C,C,91,71,VA71Y,VA71Y,71,V,OK,True,True,True,True,True
7UV0,51,127,p.Leu92Gln,92,L,A,92,72,QA72Q,QA72Q,72,Q,OK,True,True,True,True,True
7UV0,52,128,p.Leu92Arg,92,L,A,92,72,QA72R,QA72R,72,Q,OK,True,True,True,True,True
7UV0,53,129,p.Gly93Ser,93,G,G,93,73,VA73S,VA73S,73,V,OK,True,True,True,True,True
7UV0,54,130,p.Gln94Lys,94,Q,Q,94,74,LA74K,LA74K,74,L,OK,True,True,True,True,True
7UV0,55,131,p.Asn97Ser,97,N,N,97,77,PA77S,PA77S,77,P,OK,True,True,True,True,True
7UV0,56,132,p.Ser98Thr,98,S,S,98,78,AA78T,AA78T,78,A,OK,True,True,True,True,True
7UV0,57,133,p.Ser98Leu,98,S,S,98,78,AA78L,AA78L,78,A,OK,True,True,True,True,True
7UV0,58,134,p.Val99Ile,99,V,L,99,79,EA79I,EA79I,79,E,OK,True,True,True,True,True
7UV0,59,135,p.Val99Phe,99,V,L,99,79,EA79F,EA79F,79,E,OK,True,True,True,True,True
7UV0,60,136,p.Val99Ala,99,V,L,99,79,EA79A,EA79A,79,E,OK,True,True,True,True,True
7UV0,61,137,p.Val99Gly,99,V,L,99,79,EA79G,EA79G,79,E,OK,True,True,True,True,True
7UV0,62,138,p.Leu100Val,100,L,L,100,80,AA80V,AA80V,80,A,OK,True,True,True,True,True
7UV0,63,139,p.Leu100Phe,100,L,L,100,80,AA80F,AA80F,80,A,OK,True,True,True,True,True
7UV0,64,140,p.Thr101Ile,101,T,T,101,81,AA81I,AA81I,81,A,OK,True,True,True,True,True
7UV0,65,141,p.Ala102Thr,102,A,A,102,82,RA82T,RA82T,82,R,OK,True,True,True,True,True
7UV0,66,142,p.Ala102Ser,102,A,A,102,82,RA82S,RA82S,82,R,OK,True,True,True,True,True
7UV0,67,143,p.Ala102Asp,102,A,A,102,82,RA82D,RA82D,82,R,OK,True,True,True,True,True
7UV0,68,144,p.Ala102Val,102,A,A,102,82,RA82V,RA82V,82,R,OK,True,True,True,True,True
7UV0,69,145,p.Phe105Cys,105,F,F,105,85,LA85C,LA85C,85,L,OK,True,True,True,True,True
7UV0,70,146,p.Phe105Ser,105,F,F,105,85,LA85S,LA85S,85,L,OK,True,True,True,True,True
7UV0,71,147,p.Met106Val,106,M,L,106,86,KA86V,KA86V,86,K,OK,True,True,True,True,True
7UV0,72,148,p.Val108Ile,108,V,I,108,88,LA88I,LA88I,88,L,OK,True,True,True,True,True
7UV0,73,149,p.Val108Ala,108,V,I,108,88,LA88A,LA88A,88,L,OK,True,True,True,True,True
7UV0,74,150,p.Phe109Ser,109,F,F,109,89,WA89S,WA89S,89,W,OK,True,True,True,True,True
7UV0,75,151,p.Arg111His,111,R,R,111,91,CA91H,CA91H,91,C,OK,True,True,True,True,True
7UV0,76,152,p.Leu112Val,112,L,L,112,92,AA92V,AA92V,92,A,OK,True,True,True,True,True
7UV0,77,153,p.Gly113Cys,113,G,G,113,93,GA93C,GA93C,93,G,OK,True,True,True,True,True
7UV0,78,154,p.Gly113Ala,113,G,G,113,93,GA93A,GA93A,93,G,OK,True,True,True,True,True
7UV0,79,155,p.Gly113Val,113,G,G,113,93,GA93V,GA93V,93,G,OK,True,True,True,True,True
7UV0,80,156,p.Gly113Asp,113,G,G,113,93,GA93D,GA93D,93,G,OK,True,True,True,True,True
7UV0,81,157,p.Thr115Ile,115,T,T,115,95,LA95I,LA95I,95,L,OK,True,True,True,True,True
7UV0,82,158,p.Thr117Ser,117,T,T,117,97,NA97S,NA97S,97,N,OK,True,True,True,True,True
7UV0,83,159,p.Tyr118Cys,118,Y,Y,118,98,SA98C,SA98C,98,S,OK,True,True,True,True,True
7UV0,84,160,p.Tyr118Phe,118,Y,Y,118,98,SA98F,SA98F,98,S,OK,True,True,True,True,True
7UV0,85,161,p.Glu119Lys,119,E,Q,119,99,LA99K,LA99K,99,L,OK,True,True,True,True,True
7UV0,86,162,p.Glu119Ala,119,E,Q,119,99,LA99A,LA99A,99,L,OK,True,True,True,True,True
7UV0,87,163,p.Glu122Lys,122,E,E,122,102,AA102K,AA102K,102,A,OK,True,True,True,True,True
7UV0,88,164,p.Glu122Ala,122,E,E,122,102,AA102A,AA102A,102,A,OK,True,True,True,True,True
7UV0,89,165,p.Met123Val,123,M,L,123,103,FA103V,FA103V,103,F,OK,True,True,True,True,True
7UV0,90,166,p.Arg124Ser,124,R,R,124,104,LA104S,LA104S,104,L,OK,True,True,True,True,True
7UV0,91,167,p.Arg124Gly,124,R,R,124,104,LA104G,LA104G,104,L,OK,True,True,True,True,True
7UV0,92,168,p.Arg124Leu,124,R,R,124,104,LA104L,LA104L,104,L,OK,True,True,True,True,True
7UV0,93,169,p.Arg124His,124,R,R,124,104,LA104H,LA104H,104,L,OK,True,True,True,True,True
7UV0,94,170,p.Arg127Cys,127,R,R,127,107,PA107C,PA107C,107,P,OK,True,True,True,True,True
7UV0,95,171,p.Ala128Thr,128,A,A,128,108,IA108T,IA108T,108,I,OK,True,True,True,True,True
7UV0,96,172,p.Ala128Ser,128,A,A,128,108,IA108S,IA108S,108,I,OK,True,True,True,True,True
7UV0,97,173,p.Val129Met,129,V,V,129,109,FA109M,FA109M,109,F,OK,True,True,True,True,True
7UV0,98,174,p.Arg130Pro,130,R,R,130,110,YA110P,YA110P,110,Y,OK,True,True,True,True,True
7UV0,99,175,p.Gly133Arg,133,G,G,133,113,GA113R,GA113R,113,G,OK,True,True,True,True,True
7UV0,100,176,p.Thr134Ser,134,T,T,134,114,LA114S,LA114S,114,L,OK,True,True,True,True,True
7UV0,101,177,p.Gln136Leu,136,Q,Q,136,116,SA116L,SA116L,116,S,OK,True,True,True,True,True
7UV0,102,178,p.Gln136Arg,136,Q,Q,136,116,SA116R,SA116R,116,S,OK,True,True,True,True,True
7UV0,103,179,p.Gln136His,136,Q,Q,136,116,SA116H,SA116H,116,S,OK,True,True,True,True,True
7UV0,104,180,p.Tyr137His,137,Y,Y,137,117,TA117H,TA117H,117,T,OK,True,True,True,True,True
7UV0,105,181,p.Ile138Phe,138,I,L,138,118,YA118F,YA118F,118,Y,OK,True,True,True,True,True
7UV0,106,182,p.Ile138Leu,138,I,L,138,118,YA118L,YA118L,118,Y,OK,True,True,True,True,True
7UV0,107,183,p.Ile138Val,138,I,L,138,118,YA118V,YA118V,118,Y,OK,True,True,True,True,True
7UV0,108,184,p.Ile138Thr,138,I,L,138,118,YA118T,YA118T,118,Y,OK,True,True,True,True,True
7UV0,109,185,p.Val139Ile,139,V,V,139,119,QA119I,QA119I,119,Q,OK,True,True,True,True,True
7UV0,110,186,p.Val139Ala,139,V,V,139,119,QA119A,QA119A,119,Q,OK,True,True,True,True,True
7UV0,111,187,p.Ala140Thr,140,A,A,140,120,YA120T,YA120T,120,Y,OK,True,True,True,True,True
7UV0,112,188,p.Ala140Val,140,A,A,140,120,YA120V,YA120V,120,Y,OK,True,True,True,True,True
7UV0,113,189,p.Thr141Pro,141,T,T,141,121,LA121P,LA121P,121,L,OK,True,True,True,True,True
7UV0,114,190,p.Thr141Met,141,T,T,141,121,LA121M,LA121M,121,L,OK,True,True,True,True,True
7UV0,115,191,p.Thr141Lys,141,T,T,141,121,LA121K,LA121K,121,L,OK,True,True,True,True,True
7UV0,116,192,p.Met142Val,142,M,M,142,122,EA122V,EA122V,122,E,OK,True,True,True,True,True
7UV0,117,193,p.Met142Leu,142,M,M,142,122,EA122L,EA122L,122,E,OK,True,True,True,True,True
7UV0,118,194,p.Met142Thr,142,M,M,142,122,EA122T,EA122T,122,E,OK,True,True,True,True,True
7UV0,119,195,p.Met142Ile,142,M,M,142,122,EA122I,EA122I,122,E,OK,True,True,True,True,True
7UV0,120,196,p.Thr145Ala,145,T,T,145,125,FA125A,FA125A,125,F,OK,True,True,True,True,True
7UV0,121,197,p.Thr145Ile,145,T,T,145,125,FA125I,FA125I,125,F,OK,True,True,True,True,True
7UV0,122,198,p.Gly146Arg,146,G,G,146,126,SA126R,SA126R,126,S,OK,True,True,True,True,True
7UV0,123,199,p.Gly146Cys,146,G,G,146,126,SA126C,SA126C,126,S,OK,True,True,True,True,True
7UV0,124,200,p.Gly146Ser,146,G,G,146,126,SA126S,SA126S,126,S,OK,True,True,True,True,True
7UV0,125,201,p.Gly146Asp,146,G,G,146,126,SA126D,SA126D,126,S,OK,True,True,True,True,True
7UV0,126,202,p.Ile147Val,147,I,I,147,127,RA127V,RA127V,127,R,OK,True,True,True,True,True
7UV0,127,203,p.Val148Ile,148,V,V,148,128,AA128I,AA128I,128,A,OK,True,True,True,True,True
7UV0,128,204,p.Ile149Val,149,I,I,149,129,VA129V,VA129V,129,V,OK,True,True,True,True,True
7UV0,129,205,p.Tyr150Cys,150,Y,Y,150,130,RA130C,RA130C,130,R,OK,True,True,True,True,True
7UV0,130,206,p.Tyr150Phe,150,Y,Y,150,130,RA130F,RA130F,130,R,OK,True,True,True,True,True
7UV0,131,207,p.Tyr150Ser,150,Y,Y,150,130,RA130S,RA130S,130,R,OK,True,True,True,True,True
7UV0,132,208,p.Ala151Ser,151,A,A,151,131,LA131S,LA131S,131,L,OK,True,True,True,True,True
7UV0,133,209,p.Pro152Leu,152,P,P,152,132,CA132L,CA132L,132,C,OK,True,True,True,True,True
7UV0,134,210,p.Ala153Thr,153,A,A,153,133,GA133T,GA133T,133,G,OK,True,True,True,True,True
7UV0,135,211,p.Ile155Val,155,I,I,155,135,LA135V,LA135V,135,L,OK,True,True,True,True,True
7UV0,136,212,p.Asn157Lys,157,N,N,157,137,YA137K,YA137K,137,Y,OK,True,True,True,True,True
7UV0,137,213,p.Gln158Pro,158,Q,Q,158,138,LA138P,LA138P,138,L,OK,True,True,True,True,True
7UV0,138,214,p.Thr160Ser,160,T,T,160,140,AA140S,AA140S,140,A,OK,True,True,True,True,True
7UV0,139,215,p.Gly161Arg,161,G,G,161,141,TA141R,TA141R,141,T,OK,True,True,True,True,True
7UV0,140,216,p.Gly161Glu,161,G,G,161,141,TA141E,TA141E,141,T,OK,True,True,True,True,True
7UV0,141,217,p.Gly161Val,161,G,G,161,141,TA141V,TA141V,141,T,OK,True,True,True,True,True
7UV0,142,218,p.Asp163Glu,163,D,D,163,143,LA143E,LA143E,143,L,OK,True,True,True,True,True
7UV0,143,219,p.Ile164Phe,164,I,I,164,144,YA144F,YA144F,144,Y,OK,True,True,True,True,True
7UV0,144,220,p.Trp165Arg,165,W,W,165,145,TA145R,TA145R,145,T,OK,True,True,True,True,True
7UV0,145,221,p.Ala166Thr,166,A,A,166,146,GA146T,GA146T,146,G,OK,True,True,True,True,True
7UV0,146,222,p.Ala166Ser,166,A,A,166,146,GA146S,GA146S,146,G,OK,True,True,True,True,True
7UV0,147,223,p.Leu168Phe,168,L,L,168,148,VA148F,VA148F,148,V,OK,True,True,True,True,True
7UV0,148,224,p.Leu169Pro,169,L,L,169,149,IA149P,IA149P,149,I,OK,True,True,True,True,True
7UV0,149,225,p.Ser170Cys,170,S,S,170,150,YA150C,YA150C,150,Y,OK,True,True,True,True,True
7UV0,150,226,p.Thr171Pro,171,T,T,171,151,AA151P,AA151P,151,A,OK,True,True,True,True,True
7UV0,151,227,p.Thr171Ala,171,T,T,171,151,AA151A,AA151A,151,A,OK,True,True,True,True,True
7UV0,152,228,p.Thr171Ser,171,T,T,171,151,AA151S,AA151S,151,A,OK,True,True,True,True,True
7UV0,153,229,p.Cys175Ser,175,C,C,175,155,IA155S,IA155S,155,I,OK,True,True,True,True,True
7UV0,154,230,p.Thr176Pro,176,T,T,176,156,LA156P,LA156P,156,L,OK,True,True,True,True,True
7UV0,155,231,p.Phe177Leu,177,F,L,177,157,NA157L,NA157L,157,N,OK,True,True,True,True,True
7UV0,156,232,p.Phe177Ser,177,F,L,177,157,NA157S,NA157S,157,N,OK,True,True,True,True,True
7UV0,157,233,p.Phe177Leu,177,F,L,177,157,NA157L,NA157L,157,N,OK,True,True,True,True,True
7UV0,158,234,p.Tyr178His,178,Y,Y,178,158,QA158H,QA158H,158,Q,OK,True,True,True,True,True
7UV0,159,235,p.Thr179Lys,179,T,T,179,159,VA159K,VA159K,159,V,OK,True,True,True,True,True
7UV0,160,236,p.Thr179Arg,179,T,T,179,159,VA159R,VA159R,159,V,OK,True,True,True,True,True
7UV0,161,237,p.Thr179Met,179,T,T,179,159,VA159M,VA159M,159,V,OK,True,True,True,True,True
7UV0,162,238,p.Ala180Ser,180,A,T,180,160,TA160S,TA160S,160,T,OK,True,True,True,True,True
7UV0,163,239,p.Val181Met,181,V,V,181,161,GA161M,GA161M,161,G,OK,True,True,True,True,True
7UV0,164,240,p.Val181Ala,181,V,V,181,161,GA161A,GA161A,161,G,OK,True,True,True,True,True
7UV0,165,241,p.Gly182Ala,182,G,G,182,162,LA162A,LA162A,162,L,OK,True,True,True,True,True
7UV0,166,242,p.Gly182Asp,182,G,G,182,162,LA162D,LA162D,162,L,OK,True,True,True,True,True
7UV0,167,243,p.Gly183Ser,183,G,G,183,163,DA163S,DA163S,163,D,OK,True,True,True,True,True
7UV0,168,244,p.Gly183Asp,183,G,G,183,163,DA163D,DA163D,163,D,OK,True,True,True,True,True
7UV0,169,254,p.Thr190Ser,190,T,T,190,164,IA164S,IA164S,164,I,OK,True,True,True,True,True
7UV0,170,255,p.Asp191Val,191,D,D,191,165,WA165V,WA165V,165,W,OK,True,True,True,True,True
7UV0,171,256,p.Val192Leu,192,V,V,192,166,AA166L,AA166L,166,A,OK,True,True,True,True,True
7UV0,172,257,p.Phe193Leu,193,F,F,193,167,SA167L,SA167L,167,S,OK,True,True,True,True,True
7UV0,173,258,p.Phe193Leu,193,F,F,193,167,SA167L,SA167L,167,S,OK,True,True,True,True,True
7UV0,174,259,p.Gln194His,194,Q,Q,194,168,LA168H,LA168H,168,L,OK,True,True,True,True,True
7UV0,175,260,p.Val195Phe,195,V,V,195,169,LA169F,LA169F,169,L,OK,True,True,True,True,True
7UV0,176,261,p.Val196Met,196,V,V,196,170,SA170M,SA170M,170,S,OK,True,True,True,True,True
7UV0,177,262,p.Val196Leu,196,V,V,196,170,SA170L,SA170L,170,S,OK,True,True,True,True,True
7UV0,178,263,p.Val197Leu,197,V,V,197,171,TA171L,TA171L,171,T,OK,True,True,True,True,True
7UV0,179,264,p.Val197Gly,197,V,V,197,171,TA171G,TA171G,171,T,OK,True,True,True,True,True
7UV0,180,265,p.Met198Val,198,M,M,198,172,GA172V,GA172V,172,G,OK,True,True,True,True,True
7UV0,181,266,p.Met198Thr,198,M,M,198,172,GA172T,GA172T,172,G,OK,True,True,True,True,True
7UV0,182,267,p.Leu199Pro,199,L,L,199,173,IA173P,IA173P,173,I,OK,True,True,True,True,True
7UV0,183,268,p.Ser200Arg,200,S,V,200,174,IA174R,IA174R,174,I,OK,True,True,True,True,True
7UV0,184,269,p.Gly201Ser,201,G,G,201,175,CA175S,CA175S,175,C,OK,True,True,True,True,True
7UV0,185,270,p.Gly201Ala,201,G,G,201,175,CA175A,CA175A,175,C,OK,True,True,True,True,True
7UV0,186,271,p.Trp203Cys,203,W,W,203,177,LA177C,LA177C,177,L,OK,True,True,True,True,True
7UV0,187,272,p.Val204Ile,204,V,V,204,178,YA178I,YA178I,178,Y,OK,True,True,True,True,True
7UV0,188,273,p.Val205Phe,205,V,I,205,179,TA179F,TA179F,179,T,OK,True,True,True,True,True
7UV0,189,274,p.Ala207Val,207,A,A,207,181,VA181V,VA181V,181,V,OK,True,True,True,True,True
7UV0,190,275,p.Arg208Cys,208,R,R,208,182,GA182C,GA182C,182,G,OK,True,True,True,True,True
7UV0,191,276,p.Arg208Ser,208,R,R,208,182,GA182S,GA182S,182,G,OK,True,True,True,True,True
7UV0,192,277,p.Arg208Gly,208,R,R,208,182,GA182G,GA182G,182,G,OK,True,True,True,True,True
7UV0,193,278,p.Arg208His,208,R,R,208,182,GA182H,GA182H,182,G,OK,True,True,True,True,True
7UV0,194,279,p.Arg208Pro,208,R,R,208,182,GA182P,GA182P,182,G,OK,True,True,True,True,True
7UV0,195,280,p.Gly209Ser,209,G,G,209,183,GA183S,GA183S,183,G,OK,True,True,True,True,True
7UV0,196,281,p.Gly209Cys,209,G,G,209,183,GA183C,GA183C,183,G,OK,True,True,True,True,True
7UV0,197,282,p.Gly209Asp,209,G,G,209,183,GA183D,GA183D,183,G,OK,True,True,True,True,True
7UV0,198,294,p.Pro216Thr,216,P,P,216,190,TA190T,TA190T,190,T,OK,True,True,True,True,True
7UV0,199,295,p.Pro216Ser,216,P,P,216,190,TA190S,TA190S,190,T,OK,True,True,True,True,True
7UV0,200,296,p.Arg217Cys,217,R,R,217,191,DA191C,DA191C,191,D,OK,True,True,True,True,True
7UV0,201,297,p.Arg217His,217,R,R,217,191,DA191H,DA191H,191,D,OK,True,True,True,True,True
7UV0,202,298,p.Val219Met,219,V,V,219,193,FA193M,FA193M,193,F,OK,True,True,True,True,True
7UV0,203,299,p.Val219Gly,219,V,V,219,193,FA193G,FA193G,193,F,OK,True,True,True,True,True
7UV0,204,300,p.Thr221Pro,221,T,S,221,195,VA195P,VA195P,195,V,OK,True,True,True,True,True
7UV0,205,301,p.Thr221Met,221,T,S,221,195,VA195M,VA195M,195,V,OK,True,True,True,True,True
7UV0,206,302,p.Thr221Lys,221,T,S,221,195,VA195K,VA195K,195,V,OK,True,True,True,True,True
7UV0,207,303,p.Thr221Arg,221,T,S,221,195,VA195R,VA195R,195,V,OK,True,True,True,True,True
7UV0,208,304,p.Ala223Ser,223,A,A,223,197,VA197S,VA197S,197,V,OK,True,True,True,True,True
7UV0,209,305,p.His226Gln,226,H,H,226,200,VA200Q,VA200Q,200,V,OK,True,True,True,True,True
7UV0,210,306,p.Ser227Thr,227,S,S,227,201,GA201T,GA201T,201,G,OK,True,True,True,True,True
7UV0,211,307,p.Ser227Phe,227,S,S,227,201,GA201F,GA201F,201,G,OK,True,True,True,True,True
7UV0,212,308,p.Arg228Gly,228,R,R,228,202,FA202G,FA202G,202,F,OK,True,True,True,True,True
7UV0,213,309,p.Arg228Trp,228,R,R,228,202,FA202W,FA202W,202,F,OK,True,True,True,True,True
7UV0,214,310,p.Arg228Gln,228,R,R,228,202,FA202Q,FA202Q,202,F,OK,True,True,True,True,True
7UV0,215,311,p.Ile229Val,229,I,I,229,203,WA203V,WA203V,203,W,OK,True,True,True,True,True
7UV0,216,312,p.Ile229Ser,229,I,I,229,203,WA203S,WA203S,203,W,OK,True,True,True,True,True
7UV0,217,313,p.Asn230Ser,230,N,N,230,204,VA204S,VA204S,204,V,OK,True,True,True,True,True
7UV0,218,314,p.Leu231Pro,231,L,L,231,205,IA205P,IA205P,205,I,OK,True,True,True,True,True
7UV0,219,315,p.Met232Arg,232,M,M,232,206,LA206R,LA206R,206,L,OK,True,True,True,True,True
7UV0,220,316,p.Met232Ile,232,M,M,232,206,LA206I,LA206I,206,L,OK,True,True,True,True,True
7UV0,221,317,p.Asp233Ala,233,D,D,233,207,AA207A,AA207A,207,A,OK,True,True,True,True,True
7UV0,222,318,p.Asp233Glu,233,D,D,233,207,AA207E,AA207E,207,A,OK,True,True,True,True,True
7UV0,223,319,p.Phe234Cys,234,F,F,234,208,RA208C,RA208C,208,R,OK,True,True,True,True,True
7UV0,224,320,p.Phe234Leu,234,F,F,234,208,RA208L,RA208L,208,R,OK,True,True,True,True,True
7UV0,225,321,p.Asn235Asp,235,N,D,235,209,GA209D,GA209D,209,G,OK,True,True,True,True,True
7UV0,226,322,p.Pro236Ser,236,P,P,236,210,VA210S,VA210S,210,V,OK,True,True,True,True,True
7UV0,227,323,p.Pro236Thr,236,P,P,236,210,VA210T,VA210T,210,V,OK,True,True,True,True,True
7UV0,228,324,p.Pro236Arg,236,P,P,236,210,VA210R,VA210R,210,V,OK,True,True,True,True,True
7UV0,229,325,p.Pro236Leu,236,P,P,236,210,VA210L,VA210L,210,V,OK,True,True,True,True,True
7UV0,230,326,p.Pro238Leu,238,P,P,238,212,LA212L,LA212L,212,L,OK,True,True,True,True,True
7UV0,231,327,p.Pro238Arg,238,P,P,238,212,LA212R,LA212R,212,L,OK,True,True,True,True,True
7UV0,232,328,p.Arg239Lys,239,R,R,239,213,LA213K,LA213K,213,L,OK,True,True,True,True,True
7UV0,233,329,p.Ser240Cys,240,S,S,240,214,GA214C,GA214C,214,G,OK,True,True,True,True,True
7UV0,234,330,p.Ser240Ile,240,S,S,240,214,GA214I,GA214I,214,G,OK,True,True,True,True,True
7UV0,235,331,p.Ser240Asn,240,S,S,240,214,GA214N,GA214N,214,G,OK,True,True,True,True,True
7UV0,236,332,p.Ser240Thr,240,S,S,240,214,GA214T,GA214T,214,G,OK,True,True,True,True,True
7UV0,237,333,p.Arg241Cys,241,R,R,241,215,GA215C,GA215C,215,G,OK,True,True,True,True,True
7UV0,238,334,p.Arg241His,241,R,R,241,215,GA215H,GA215H,215,G,OK,True,True,True,True,True
7UV0,239,335,p.Tyr242Cys,242,Y,Y,242,216,PA216C,PA216C,216,P,OK,True,True,True,True,True
7UV0,240,336,p.Tyr242Ser,242,Y,Y,242,216,PA216S,PA216S,216,P,OK,True,True,True,True,True
7UV0,241,337,p.Thr243Ala,243,T,T,243,217,RA217A,RA217A,217,R,OK,True,True,True,True,True
7UV0,242,338,p.Thr243Ile,243,T,T,243,217,RA217I,RA217I,217,R,OK,True,True,True,True,True
7UV0,243,339,p.Phe244Ser,244,F,F,244,218,NA218S,NA218S,218,N,OK,True,True,True,True,True
7UV0,244,340,p.Phe247Ile,247,F,F,247,221,SA221I,SA221I,221,S,OK,True,True,True,True,True
7UV0,245,341,p.Phe247Leu,247,F,F,247,221,SA221L,SA221L,221,S,OK,True,True,True,True,True
7UV0,246,342,p.Val248Leu,248,V,I,248,222,LA222L,LA222L,222,L,OK,True,True,True,True,True
7UV0,247,343,p.Val248Ala,248,V,I,248,222,LA222A,LA222A,222,L,OK,True,True,True,True,True
7UV0,248,344,p.Gly250Cys,250,G,G,250,224,QA224C,QA224C,224,Q,OK,True,True,True,True,True
7UV0,249,345,p.Gly250Ala,250,G,G,250,224,QA224A,QA224A,224,Q,OK,True,True,True,True,True
7UV0,250,346,p.Gly251Ser,251,G,G,251,225,QA225S,QA225S,225,Q,OK,True,True,True,True,True
7UV0,251,347,p.Gly251Asp,251,G,G,251,225,QA225D,QA225D,225,Q,OK,True,True,True,True,True
7UV0,252,348,p.Thr252Lys,252,T,T,252,226,HA226K,HA226K,226,H,OK,True,True,True,True,True
7UV0,253,349,p.Thr252Met,252,T,T,252,226,HA226M,HA226M,226,H,OK,True,True,True,True,True
7UV0,254,350,p.Leu256Ile,256,L,L,256,230,NA230I,NA230I,230,N,OK,True,True,True,True,True
7UV0,255,351,p.Leu256Phe,256,L,L,256,230,NA230F,NA230F,230,N,OK,True,True,True,True,True
7UV0,256,352,p.Met258Leu,258,M,M,258,232,MA232L,MA232L,232,M,OK,True,True,True,True,True
7UV0,257,353,p.Met258Val,258,M,M,258,232,MA232V,MA232V,232,M,OK,True,True,True,True,True
7UV0,258,354,p.Met258Ile,258,M,M,258,232,MA232I,MA232I,232,M,OK,True,True,True,True,True
7UV0,259,355,p.Tyr259Cys,259,Y,Y,259,233,DA233C,DA233C,233,D,OK,True,True,True,True,True
7UV0,260,356,p.Val261Met,261,V,V,261,235,DA235M,DA235M,235,D,OK,True,True,True,True,True
7UV0,261,357,p.Val261Ala,261,V,V,261,235,DA235A,DA235A,235,D,OK,True,True,True,True,True
7UV0,262,358,p.Asn262Ser,262,N,N,262,236,PA236S,PA236S,236,P,OK,True,True,True,True,True
7UV0,263,359,p.Asn262Lys,262,N,N,262,236,PA236K,PA236K,236,P,OK,True,True,True,True,True
7UV0,264,360,p.Ala264Ser,264,A,A,264,238,PA238S,PA238S,238,P,OK,True,True,True,True,True
7UV0,265,361,p.Ala264Glu,264,A,A,264,238,PA238E,PA238E,238,P,OK,True,True,True,True,True
7UV0,266,362,p.Ala264Val,264,A,A,264,238,PA238V,PA238V,238,P,OK,True,True,True,True,True
7UV0,267,363,p.Gln265Leu,265,Q,Q,265,239,RA239L,RA239L,239,R,OK,True,True,True,True,True
7UV0,268,364,p.Gln265Pro,265,Q,Q,265,239,RA239P,RA239P,239,R,OK,True,True,True,True,True
7UV0,269,365,p.Val266Met,266,V,V,266,240,SA240M,SA240M,240,S,OK,True,True,True,True,True
7UV0,270,366,p.Val266Leu,266,V,V,266,240,SA240L,SA240L,240,S,OK,True,True,True,True,True
7UV0,271,367,p.Val266Gly,266,V,V,266,240,SA240G,SA240G,240,S,OK,True,True,True,True,True
7UV0,272,368,p.Val266Glu,266,V,V,266,240,SA240E,SA240E,240,S,OK,True,True,True,True,True
7UV0,273,369,p.Gln267Glu,267,Q,Q,267,241,RA241E,RA241E,241,R,OK,True,True,True,True,True
7UV0,274,370,p.Gln267Arg,267,Q,Q,267,241,RA241R,RA241R,241,R,OK,True,True,True,True,True
7UV0,275,371,p.Gln267His,267,Q,Q,267,241,RA241H,RA241H,241,R,OK,True,True,True,True,True
7UV0,276,372,p.Arg268Ser,268,R,R,268,242,YA242S,YA242S,242,Y,OK,True,True,True,True,True
7UV0,277,373,p.Arg268Cys,268,R,R,268,242,YA242C,YA242C,242,Y,OK,True,True,True,True,True
7UV0,278,374,p.Arg268His,268,R,R,268,242,YA242H,YA242H,242,Y,OK,True,True,True,True,True
7UV0,279,375,p.Val270Leu,270,V,V,270,244,FA244L,FA244L,244,F,OK,True,True,True,True,True
7UV0,280,376,p.Val270Met,270,V,V,270,244,FA244M,FA244M,244,F,OK,True,True,True,True,True
7UV0,281,377,p.Arg273Cys,273,R,H,273,247,FA247C,FA247C,247,F,OK,True,True,True,True,True
7UV0,282,378,p.Arg273His,273,R,H,273,247,FA247H,FA247H,247,F,OK,True,True,True,True,True
7UV0,283,379,p.Arg273Pro,273,R,H,273,247,FA247P,FA247P,247,F,OK,True,True,True,True,True
7UV0,284,380,p.Thr274Arg,274,T,T,274,248,IA248R,IA248R,248,I,OK,True,True,True,True,True
7UV0,285,381,p.Glu275Lys,275,E,E,275,249,VA249K,VA249K,249,V,OK,True,True,True,True,True
7UV0,286,382,p.Lys276Gln,276,K,G,276,250,GA250Q,GA250Q,250,G,OK,True,True,True,True,True
7UV0,287,383,p.Lys276Glu,276,K,G,276,250,GA250E,GA250E,250,G,OK,True,True,True,True,True
7UV0,288,384,p.Ala278Thr,278,A,A,278,252,TA252T,TA252T,252,T,OK,True,True,True,True,True
7UV0,289,385,p.Ala281Ser,281,A,A,281,255,WA255S,WA255S,255,W,OK,True,True,True,True,True
7UV0,290,386,p.Ala281Asp,281,A,A,281,255,WA255D,WA255D,255,W,OK,True,True,True,True,True
7UV0,291,387,p.Ala281Val,281,A,A,281,255,WA255V,WA255V,255,W,OK,True,True,True,True,True
7UV0,292,388,p.Ala281Gly,281,A,A,281,255,WA255G,WA255G,255,W,OK,True,True,True,True,True
7UV0,293,389,p.Ile284Phe,284,I,V,284,258,MA258F,MA258F,258,M,OK,True,True,True,True,True
7UV0,294,390,p.Ile284Val,284,I,V,284,258,MA258V,MA258V,258,M,OK,True,True,True,True,True
7UV0,295,391,p.Asn285Ser,285,N,N,285,259,YA259S,YA259S,259,Y,OK,True,True,True,True,True
7UV0,296,392,p.Val287Ala,287,V,L,287,261,VA261A,VA261A,261,V,OK,True,True,True,True,True
7UV0,297,393,p.Gly288Ser,288,G,G,288,262,NA262S,NA262S,262,N,OK,True,True,True,True,True
7UV0,298,394,p.Gly288Cys,288,G,G,288,262,NA262C,NA262C,262,N,OK,True,True,True,True,True
7UV0,299,395,p.Gly288Asp,288,G,G,288,262,NA262D,NA262D,262,N,OK,True,True,True,True,True
7UV0,300,396,p.Gly288Val,288,G,G,288,262,NA262V,NA262V,262,N,OK,True,True,True,True,True
7UV0,301,397,p.Leu289Arg,289,L,L,289,263,QA263R,QA263R,263,Q,OK,True,True,True,True,True
7UV0,302,398,p.Leu289Pro,289,L,L,289,263,QA263P,QA263P,263,Q,OK,True,True,True,True,True
7UV0,303,399,p.Phe290Tyr,290,F,F,290,264,AA264Y,AA264Y,264,A,OK,True,True,True,True,True
7UV0,304,400,p.Leu291Arg,291,L,L,291,265,QA265R,QA265R,265,Q,OK,True,True,True,True,True
7UV0,305,401,p.Val293Met,293,V,V,293,267,QA267M,QA267M,267,Q,OK,True,True,True,True,True
7UV0,306,402,p.Val293Leu,293,V,V,293,267,QA267L,QA267L,267,Q,OK,True,True,True,True,True
7UV0,307,403,p.Ser294Phe,294,S,A,294,268,RA268F,RA268F,268,R,OK,True,True,True,True,True
7UV0,308,404,p.Ala296Thr,296,A,A,296,270,VA270T,VA270T,270,V,OK,True,True,True,True,True
7UV0,309,405,p.Ala296Pro,296,A,A,296,270,VA270P,VA270P,270,V,OK,True,True,True,True,True
7UV0,310,406,p.Ala296Val,296,A,A,296,270,VA270V,VA270V,270,V,OK,True,True,True,True,True
7UV0,311,407,p.Ala297Val,297,A,A,297,271,AA271V,AA271V,271,A,OK,True,True,True,True,True
7UV0,312,408,p.Cys298Gly,298,C,C,298,272,CA272G,CA272G,272,C,OK,True,True,True,True,True
7UV0,313,409,p.Cys298Ser,298,C,C,298,272,CA272S,CA272S,272,C,OK,True,True,True,True,True
7UV0,314,410,p.Cys299Gly,299,C,C,299,273,HA273G,HA273G,273,H,OK,True,True,True,True,True
7UV0,315,411,p.Cys299Tyr,299,C,C,299,273,HA273Y,HA273Y,273,H,OK,True,True,True,True,True
7UV0,316,412,p.Gly300Asp,300,G,G,300,274,TA274D,TA274D,274,T,OK,True,True,True,True,True
7UV0,317,413,p.Ile301Val,301,I,I,301,275,EA275V,EA275V,275,E,OK,True,True,True,True,True
7UV0,318,414,p.Ile301Met,301,I,I,301,275,EA275M,EA275M,275,E,OK,True,True,True,True,True
7UV0,319,415,p.Val302Ile,302,V,V,302,276,GA276I,GA276I,276,G,OK,True,True,True,True,True
7UV0,320,416,p.Val302Leu,302,V,V,302,276,GA276L,GA276L,276,G,OK,True,True,True,True,True
7UV0,321,417,p.Met303Leu,303,M,M,303,277,KA277L,KA277L,277,K,OK,True,True,True,True,True
7UV0,322,418,p.Met303Leu,303,M,M,303,277,KA277L,KA277L,277,K,OK,True,True,True,True,True
7UV0,323,419,p.Met303Val,303,M,M,303,277,KA277V,KA277V,277,K,OK,True,True,True,True,True
7UV0,324,420,p.Phe304Cys,304,F,F,304,278,AA278C,AA278C,278,A,OK,True,True,True,True,True
7UV0,325,421,p.Phe304Ser,304,F,F,304,278,AA278S,AA278S,278,A,OK,True,True,True,True,True
7UV0,326,422,p.Val305Met,305,V,V,305,279,KA279M,KA279M,279,K,OK,True,True,True,True,True
7UV0,327,423,p.Val305Ala,305,V,V,305,279,KA279A,KA279A,279,K,OK,True,True,True,True,True
7UV0,328,424,p.Tyr307Cys,307,Y,Y,307,281,AA281C,AA281C,281,A,OK,True,True,True,True,True
7UV0,329,425,p.Thr308Ala,308,T,K,308,282,LA282A,LA282A,282,L,OK,True,True,True,True,True
7UV0,330,426,p.Asp309Tyr,309,D,D,309,283,LA283Y,LA283Y,283,L,OK,True,True,True,True,True
7UV0,331,427,p.Cys310Phe,310,C,C,310,284,VA284F,VA284F,284,V,OK,True,True,True,True,True
7UV0,332,428,p.Asp311Asn,311,D,D,311,285,NA285N,NA285N,285,N,OK,True,True,True,True,True
7UV0,333,429,p.Pro312Ser,312,P,P,312,286,QA286S,QA286S,286,Q,OK,True,True,True,True,True
7UV0,334,430,p.Pro312Leu,312,P,P,312,286,QA286L,QA286L,286,Q,OK,True,True,True,True,True
7UV0,335,431,p.Leu313Phe,313,L,L,313,287,LA287F,LA287F,287,L,OK,True,True,True,True,True
7UV0,336,432,p.Leu313Pro,313,L,L,313,287,LA287P,LA287P,287,L,OK,True,True,True,True,True
7UV0,337,433,p.Leu314Phe,314,L,L,314,288,GA288F,GA288F,288,G,OK,True,True,True,True,True
7UV0,338,434,p.Leu314Val,314,L,L,314,288,GA288V,GA288V,288,G,OK,True,True,True,True,True
7UV0,339,435,p.Leu314Ile,314,L,L,314,288,GA288I,GA288I,288,G,OK,True,True,True,True,True
7UV0,340,436,p.Leu315Gln,315,L,T,315,289,LA289Q,LA289Q,289,L,OK,True,True,True,True,True
7UV0,341,437,p.Arg317Ser,317,R,R,317,291,LA291S,LA291S,291,L,OK,True,True,True,True,True
7UV0,342,438,p.Arg317Gly,317,R,R,317,291,LA291G,LA291G,291,L,OK,True,True,True,True,True
7UV0,343,439,p.Arg317Cys,317,R,R,317,291,LA291C,LA291C,291,L,OK,True,True,True,True,True
7UV0,344,440,p.Arg317Leu,317,R,R,317,291,LA291L,LA291L,291,L,OK,True,True,True,True,True
7UV0,345,441,p.Arg317His,317,R,R,317,291,LA291H,LA291H,291,L,OK,True,True,True,True,True
7UV0,346,442,p.Ser319Pro,319,S,S,319,293,VA293P,VA293P,293,V,OK,True,True,True,True,True
7UV0,347,443,p.Ser319Cys,319,S,S,319,293,VA293C,VA293C,293,V,OK,True,True,True,True,True
7UV0,348,444,p.Ala320Thr,320,A,A,320,294,AA294T,AA294T,294,A,OK,True,True,True,True,True
7UV0,349,445,p.Pro321Ser,321,P,P,321,295,SA295S,SA295S,295,S,OK,True,True,True,True,True
7UV0,350,446,p.Asp322Val,322,D,D,322,296,AA296V,AA296V,296,A,OK,True,True,True,True,True
7UV0,351,447,p.Tyr324Asn,324,Y,Y,324,298,CA298N,CA298N,298,C,OK,True,True,True,True,True
7UV0,352,448,p.Tyr324His,324,Y,Y,324,298,CA298H,CA298H,298,C,OK,True,True,True,True,True
7UV0,353,449,p.Met325Val,325,M,M,325,299,CA299V,CA299V,299,C,OK,True,True,True,True,True
7UV0,354,450,p.Pro326Ser,326,P,P,326,300,GA300S,GA300S,300,G,OK,True,True,True,True,True
7UV0,355,451,p.Pro326Leu,326,P,P,326,300,GA300L,GA300L,300,G,OK,True,True,True,True,True
7UV0,356,452,p.Ile332Val,332,I,I,332,306,YA306V,YA306V,306,Y,OK,True,True,True,True,True
7UV0,357,453,p.Phe333Leu,333,F,F,333,307,YA307L,YA307L,307,Y,OK,True,True,True,True,True
7UV0,358,454,p.Glu334Gln,334,E,E,334,308,KA308Q,KA308Q,308,K,OK,True,True,True,True,True
7UV0,359,455,p.Glu334Lys,334,E,E,334,308,KA308K,KA308K,308,K,OK,True,True,True,True,True
7UV0,360,456,p.Asp335Tyr,335,D,D,335,309,DA309Y,DA309Y,309,D,OK,True,True,True,True,True
7UV0,361,457,p.Asp335Val,335,D,D,335,309,DA309V,DA309V,309,D,OK,True,True,True,True,True
7UV0,362,458,p.Asp335Gly,335,D,D,335,309,DA309G,DA309G,309,D,OK,True,True,True,True,True
7UV0,363,459,p.Pro337Ser,337,P,P,337,311,DA311S,DA311S,311,D,OK,True,True,True,True,True
7UV0,364,460,p.Pro337Leu,337,P,P,337,311,DA311L,DA311L,311,D,OK,True,True,True,True,True
7UV0,365,461,p.Val339Ala,339,V,V,339,313,LA313A,LA313A,313,L,OK,True,True,True,True,True
7UV0,366,462,p.Pro340Ser,340,P,P,340,314,LA314S,LA314S,314,L,OK,True,True,True,True,True
7UV0,367,463,p.Pro340Thr,340,P,P,340,314,LA314T,LA314T,314,L,OK,True,True,True,True,True
7UV0,368,464,p.Pro340Leu,340,P,P,340,314,LA314L,LA314L,314,L,OK,True,True,True,True,True
7UV0,369,465,p.Gly341Trp,341,G,G,341,315,TA315W,TA315W,315,T,OK,True,True,True,True,True
7UV0,370,466,p.Gly341Arg,341,G,G,341,315,TA315R,TA315R,315,T,OK,True,True,True,True,True
7UV0,371,467,p.Gly341Glu,341,G,G,341,315,TA315E,TA315E,315,T,OK,True,True,True,True,True
7UV0,372,468,p.Leu342Phe,342,L,L,342,316,GA316F,GA316F,316,G,OK,True,True,True,True,True
7UV0,373,469,p.Leu342Ile,342,L,L,342,316,GA316I,GA316I,316,G,OK,True,True,True,True,True
7UV0,374,470,p.Phe343Leu,343,F,F,343,317,RA317L,RA317L,317,R,OK,True,True,True,True,True
7UV0,375,471,p.Ala345Thr,345,A,A,345,319,SA319T,SA319T,319,S,OK,True,True,True,True,True
7UV0,376,472,p.Cys346Arg,346,C,C,346,320,AA320R,AA320R,320,A,OK,True,True,True,True,True
7UV0,377,473,p.Cys346Tyr,346,C,C,346,320,AA320Y,AA320Y,320,A,OK,True,True,True,True,True
7UV0,378,474,p.Ala347Val,347,A,A,347,321,PA321V,PA321V,321,P,OK,True,True,True,True,True
7UV0,379,475,p.Ser349Gly,349,S,S,349,323,QA323G,QA323G,323,Q,OK,True,True,True,True,True
7UV0,380,476,p.Ser349Arg,349,S,S,349,323,QA323R,QA323R,323,Q,OK,True,True,True,True,True
7UV0,381,477,p.Thr351Ala,351,T,T,351,325,MA325A,MA325A,325,M,OK,True,True,True,True,True
7UV0,382,478,p.Thr351Ile,351,T,T,351,325,MA325I,MA325I,325,M,OK,True,True,True,True,True
7UV0,383,479,p.Thr351Asn,351,T,T,351,325,MA325N,MA325N,325,M,OK,True,True,True,True,True
7UV0,384,480,p.Ser353Asn,353,S,S,353,327,LA327N,LA327N,327,L,OK,True,True,True,True,True
7UV0,385,481,p.Thr354Pro,354,T,T,354,328,LA328P,LA328P,328,L,OK,True,True,True,True,True
7UV0,386,482,p.Ala355Glu,355,A,A,355,329,VA329E,VA329E,329,V,OK,True,True,True,True,True
7UV0,387,483,p.Ser358Asn,358,S,S,358,332,IA332N,IA332N,332,I,OK,True,True,True,True,True
7UV0,388,484,p.Ala361Val,361,A,A,361,335,DA335V,DA335V,335,D,OK,True,True,True,True,True
7UV0,389,485,p.Met362Val,362,M,M,362,336,LA336V,LA336V,336,L,OK,True,True,True,True,True
7UV0,390,486,p.Met362Leu,362,M,M,362,336,LA336L,LA336L,336,L,OK,True,True,True,True,True
7UV0,391,487,p.Met362Thr,362,M,M,362,336,LA336T,LA336T,336,L,OK,True,True,True,True,True
7UV0,392,488,p.Met362Ile,362,M,M,362,336,LA336I,LA336I,336,L,OK,True,True,True,True,True
7UV0,393,489,p.Ala364Pro,364,A,A,364,338,GA338P,GA338P,338,G,OK,True,True,True,True,True
7UV0,394,490,p.Ala364Ser,364,A,A,364,338,GA338S,GA338S,338,G,OK,True,True,True,True,True
7UV0,395,491,p.Ala364Thr,364,A,A,364,338,GA338T,GA338T,338,G,OK,True,True,True,True,True
7UV0,396,492,p.Thr366Ala,366,T,T,366,340,PA340A,PA340A,340,P,OK,True,True,True,True,True
7UV0,397,493,p.Thr366Pro,366,T,T,366,340,PA340P,PA340P,340,P,OK,True,True,True,True,True
7UV0,398,494,p.Val367Ile,367,V,V,367,341,GA341I,GA341I,341,G,OK,True,True,True,True,True
7UV0,399,495,p.Val367Ala,367,V,V,367,341,GA341A,GA341A,341,G,OK,True,True,True,True,True
7UV0,400,496,p.Asp369Gly,369,D,D,369,343,FA343G,FA343G,343,F,OK,True,True,True,True,True
7UV0,401,497,p.Leu370Phe,370,L,L,370,344,LA344F,LA344F,344,L,OK,True,True,True,True,True
7UV0,402,498,p.Leu370Pro,370,L,L,370,344,LA344P,LA344P,344,L,OK,True,True,True,True,True
7UV0,403,499,p.Pro373Ser,373,P,P,373,347,AA347S,AA347S,347,A,OK,True,True,True,True,True
7UV0,404,500,p.Pro373Thr,373,P,P,373,347,AA347T,AA347T,347,A,OK,True,True,True,True,True
7UV0,405,501,p.Pro373Leu,373,P,P,373,347,AA347L,AA347L,347,A,OK,True,True,True,True,True
7UV0,406,502,p.Arg374Trp,374,R,R,374,348,YA348W,YA348W,348,Y,OK,True,True,True,True,True
7UV0,407,503,p.Arg374Gln,374,R,R,374,348,YA348Q,YA348Q,348,Y,OK,True,True,True,True,True
7UV0,408,504,p.Leu375Arg,375,L,M,375,349,SA349R,SA349R,349,S,OK,True,True,True,True,True
7UV0,409,505,p.Arg376Trp,376,R,P,376,350,GA350W,GA350W,350,G,OK,True,True,True,True,True
7UV0,410,506,p.Arg376Gln,376,R,P,376,350,GA350Q,GA350Q,350,G,OK,True,True,True,True,True
7UV0,411,507,p.Ser377Asn,377,S,G,377,351,TA351N,TA351N,351,T,OK,True,True,True,True,True
7UV0,412,508,p.Ser377Arg,377,S,G,377,351,TA351R,TA351R,351,T,OK,True,True,True,True,True
7UV0,413,509,p.Ala379Ser,379,A,A,379,353,SA353S,SA353S,353,S,OK,True,True,True,True,True
7UV0,414,510,p.Ala379Glu,379,A,A,379,353,SA353E,SA353E,353,S,OK,True,True,True,True,True
7UV0,415,511,p.Pro380Ser,380,P,P,380,354,TA354S,TA354S,354,T,OK,True,True,True,True,True
7UV0,416,512,p.Arg381Gly,381,R,R,381,355,AA355G,AA355G,355,A,OK,True,True,True,True,True
7UV0,417,513,p.Arg381Ser,381,R,R,381,355,AA355S,AA355S,355,A,OK,True,True,True,True,True
7UV0,418,514,p.Lys382Thr,382,K,K,382,356,SA356T,SA356T,356,S,OK,True,True,True,True,True
7UV0,419,515,p.Leu383Val,383,L,L,383,357,TA357V,TA357V,357,T,OK,True,True,True,True,True
7UV0,420,516,p.Val384Met,384,V,V,384,358,SA358M,SA358M,358,S,OK,True,True,True,True,True
7UV0,421,517,p.Val384Leu,384,V,V,384,358,SA358L,SA358L,358,S,OK,True,True,True,True,True
7UV0,422,518,p.Val384Ala,384,V,V,384,358,SA358A,SA358A,358,S,OK,True,True,True,True,True
7UV0,423,519,p.Ile385Phe,385,I,F,385,359,IA359F,IA359F,359,I,OK,True,True,True,True,True
7UV0,424,520,p.Ile385Thr,385,I,F,385,359,IA359T,IA359T,359,I,OK,True,True,True,True,True
7UV0,425,521,p.Ile385Ser,385,I,F,385,359,IA359S,IA359S,359,I,OK,True,True,True,True,True
7UV0,426,522,p.Gly389Arg,389,G,G,389,363,AA363R,AA363R,363,A,OK,True,True,True,True,True
7UV0,427,523,p.Gly389Val,389,G,G,389,363,AA363V,AA363V,363,A,OK,True,True,True,True,True
7UV0,428,524,p.Gly389Ala,389,G,G,389,363,AA363A,AA363A,363,A,OK,True,True,True,True,True
7UV0,429,525,p.Leu390Phe,390,L,L,390,364,AA364F,AA364F,364,A,OK,True,True,True,True,True
7UV0,430,526,p.Ser391Leu,391,S,S,391,365,VA365L,VA365L,365,V,OK,True,True,True,True,True
7UV0,431,527,p.Leu392Phe,392,L,F,392,366,TA366F,TA366F,366,T,OK,True,True,True,True,True
7UV0,432,528,p.Ile393Ser,393,I,I,393,367,VA367S,VA367S,367,V,OK,True,True,True,True,True
7UV0,433,529,p.Gly395Arg,395,G,G,395,369,DA369R,DA369R,369,D,OK,True,True,True,True,True
7UV0,434,530,p.Gly395Glu,395,G,G,395,369,DA369E,DA369E,369,D,OK,True,True,True,True,True
7UV0,435,531,p.Ser396Leu,396,S,S,396,370,LA370L,LA370L,370,L,OK,True,True,True,True,True
7UV0,436,532,p.Ala397Pro,397,A,A,397,371,IA371P,IA371P,371,I,OK,True,True,True,True,True
7UV0,437,533,p.Ala397Ser,397,A,A,397,371,IA371S,IA371S,371,I,OK,True,True,True,True,True
7UV0,438,534,p.Ala397Val,397,A,A,397,371,IA371V,IA371V,371,I,OK,True,True,True,True,True
7UV0,439,535,p.Cys398Arg,398,C,C,398,372,KA372R,KA372R,372,K,OK,True,True,True,True,True
7UV0,440,536,p.Cys398Tyr,398,C,C,398,372,KA372Y,KA372Y,372,K,OK,True,True,True,True,True
7UV0,441,537,p.Thr400Ser,400,T,T,400,374,RA374S,RA374S,374,R,OK,True,True,True,True,True
7UV0,442,538,p.Val401Met,401,V,V,401,375,MA375M,MA375M,375,M,OK,True,True,True,True,True
7UV0,443,539,p.Val401Leu,401,V,V,401,375,MA375L,MA375L,375,M,OK,True,True,True,True,True
7UV0,444,540,p.Val401Leu,401,V,V,401,375,MA375L,MA375L,375,M,OK,True,True,True,True,True
7UV0,445,541,p.Val401Ala,401,V,V,401,375,MA375A,MA375A,375,M,OK,True,True,True,True,True
7UV0,446,542,p.Ala402Thr,402,A,A,402,376,PA376T,PA376T,376,P,OK,True,True,True,True,True
7UV0,447,543,p.Ala402Ser,402,A,A,402,376,PA376S,PA376S,376,P,OK,True,True,True,True,True
7UV0,448,544,p.Ala402Val,402,A,A,402,376,PA376V,PA376V,376,P,OK,True,True,True,True,True
7UV0,449,545,p.Ala403Asp,403,A,A,403,377,GA377D,GA377D,377,G,OK,True,True,True,True,True
7UV0,450,546,p.Ser405Phe,405,S,S,405,379,AA379F,AA379F,379,A,OK,True,True,True,True,True
7UV0,451,547,p.Ser405Tyr,405,S,S,405,379,AA379Y,AA379Y,379,A,OK,True,True,True,True,True
7UV0,452,548,p.Ser405Cys,405,S,S,405,379,AA379C,AA379C,379,A,OK,True,True,True,True,True
7UV0,453,549,p.Ser406Thr,406,S,S,406,380,PA380T,PA380T,380,P,OK,True,True,True,True,True
7UV0,454,550,p.Leu408Phe,408,L,L,408,382,KA382F,KA382F,382,K,OK,True,True,True,True,True
7UV0,455,551,p.Leu408Ile,408,L,L,408,382,KA382I,KA382I,382,K,OK,True,True,True,True,True
7UV0,456,552,p.Leu408Pro,408,L,L,408,382,KA382P,KA382P,382,K,OK,True,True,True,True,True
7UV0,457,553,p.Gly409Arg,409,G,G,409,383,LA383R,LA383R,383,L,OK,True,True,True,True,True
7UV0,458,554,p.Gly410Arg,410,G,G,410,384,VA384R,VA384R,384,V,OK,True,True,True,True,True
7UV0,459,555,p.Gly410Arg,410,G,G,410,384,VA384R,VA384R,384,V,OK,True,True,True,True,True
7UV0,460,556,p.Gly411Ser,411,G,G,411,385,FA385S,FA385S,385,F,OK,True,True,True,True,True
7UV0,461,557,p.Gly411Val,411,G,G,411,385,FA385V,FA385V,385,F,OK,True,True,True,True,True
7UV0,462,558,p.Val412Ile,412,V,V,412,386,IA386I,IA386I,386,I,OK,True,True,True,True,True
7UV0,463,559,p.Gln414His,414,Q,Q,414,388,KA388H,KA388H,388,K,OK,True,True,True,True,True
7UV0,464,560,p.Gln414His,414,Q,Q,414,388,KA388H,KA388H,388,K,OK,True,True,True,True,True
7UV0,465,561,p.Ser416Phe,416,S,S,416,390,LA390F,LA390F,390,L,OK,True,True,True,True,True
7UV0,466,562,p.Phe417Ser,417,F,F,417,391,SA391S,SA391S,391,S,OK,True,True,True,True,True
7UV0,467,563,p.Val419Ile,419,V,V,419,393,IA393I,IA393I,393,I,OK,True,True,True,True,True
7UV0,468,564,p.Val419Asp,419,V,V,419,393,IA393D,IA393D,393,I,OK,True,True,True,True,True
7UV0,469,565,p.Met420Leu,420,M,M,420,394,YA394L,YA394L,394,Y,OK,True,True,True,True,True
7UV0,470,566,p.Met420Val,420,M,M,420,394,YA394V,YA394V,394,Y,OK,True,True,True,True,True
7UV0,471,567,p.Met420Thr,420,M,M,420,394,YA394T,YA394T,394,Y,OK,True,True,True,True,True
7UV0,472,568,p.Met420Lys,420,M,M,420,394,YA394K,YA394K,394,Y,OK,True,True,True,True,True
7UV0,473,569,p.Met420Ile,420,M,M,420,394,YA394I,YA394I,394,Y,OK,True,True,True,True,True
7UV0,474,570,p.Met420Ile,420,M,M,420,394,YA394I,YA394I,394,Y,OK,True,True,True,True,True
7UV0,475,571,p.Val422Leu,422,V,V,422,396,SA396L,SA396L,396,S,OK,True,True,True,True,True
7UV0,476,572,p.Val422Ile,422,V,V,422,396,SA396I,SA396I,396,S,OK,True,True,True,True,True
7UV0,477,573,p.Ile423Thr,423,I,I,423,397,AA397T,AA397T,397,A,OK,True,True,True,True,True
7UV0,478,574,p.Ser424Arg,424,S,S,424,398,CA398R,CA398R,398,C,OK,True,True,True,True,True
7UV0,479,575,p.Gly425Cys,425,G,G,425,399,LA399C,LA399C,399,L,OK,True,True,True,True,True
7UV0,480,576,p.Gly425Ser,425,G,G,425,399,LA399S,LA399S,399,L,OK,True,True,True,True,True
7UV0,481,577,p.Gly425Ala,425,G,G,425,399,LA399A,LA399A,399,L,OK,True,True,True,True,True
7UV0,482,578,p.Pro426Leu,426,P,P,426,400,TA400L,TA400L,400,T,OK,True,True,True,True,True
7UV0,483,579,p.Leu427Gln,427,L,L,427,401,VA401Q,VA401Q,401,V,OK,True,True,True,True,True
7UV0,484,580,p.Leu428Met,428,L,L,428,402,AA402M,AA402M,402,A,OK,True,True,True,True,True
7UV0,485,581,p.Leu428Arg,428,L,L,428,402,AA402R,AA402R,402,A,OK,True,True,True,True,True
7UV0,486,582,p.Leu428Pro,428,L,L,428,402,AA402P,AA402P,402,A,OK,True,True,True,True,True
7UV0,487,583,p.Ala430Pro,430,A,A,430,404,LA404P,LA404P,404,L,OK,True,True,True,True,True
7UV0,488,584,p.Ala430Ser,430,A,A,430,404,LA404S,LA404S,404,L,OK,True,True,True,True,True
7UV0,489,585,p.Ala430Asp,430,A,A,430,404,LA404D,LA404D,404,L,OK,True,True,True,True,True
7UV0,490,586,p.Phe431Leu,431,F,F,431,405,SA405L,SA405L,405,S,OK,True,True,True,True,True
7UV0,491,587,p.Phe431Ser,431,F,F,431,405,SA405S,SA405S,405,S,OK,True,True,True,True,True
7UV0,492,588,p.Ile432Val,432,I,T,432,406,SA406V,SA406V,406,S,OK,True,True,True,True,True
7UV0,493,589,p.Ile432Thr,432,I,T,432,406,SA406T,SA406T,406,S,OK,True,True,True,True,True
7UV0,494,590,p.Ile432Asn,432,I,T,432,406,SA406N,SA406N,406,S,OK,True,True,True,True,True
7UV0,495,591,p.Gly434Ala,434,G,G,434,408,LA408A,LA408A,408,L,OK,True,True,True,True,True
7UV0,496,592,p.Met435Leu,435,M,M,435,409,GA409L,GA409L,409,G,OK,True,True,True,True,True
7UV0,497,593,p.Met435Thr,435,M,M,435,409,GA409T,GA409T,409,G,OK,True,True,True,True,True
7UV0,498,594,p.Phe436Tyr,436,F,L,436,410,GA410Y,GA410Y,410,G,OK,True,True,True,True,True
7UV0,499,595,p.Phe436Cys,436,F,L,436,410,GA410C,GA410C,410,G,OK,True,True,True,True,True
7UV0,500,596,p.Phe436Leu,436,F,L,436,410,GA410L,GA410L,410,G,OK,True,True,True,True,True
7UV0,501,597,p.Leu437Pro,437,L,L,437,411,GA411P,GA411P,411,G,OK,True,True,True,True,True
7UV0,502,598,p.Pro438Leu,438,P,P,438,412,VA412L,VA412L,412,V,OK,True,True,True,True,True
7UV0,503,599,p.Ala439Pro,439,A,A,439,413,LA413P,LA413P,413,L,OK,True,True,True,True,True
7UV0,504,600,p.Ala439Asp,439,A,A,439,413,LA413D,LA413D,413,L,OK,True,True,True,True,True
7UV0,505,601,p.Cys440Gly,440,C,C,440,414,QA414G,QA414G,414,Q,OK,True,True,True,True,True
7UV0,506,602,p.Cys440Arg,440,C,C,440,414,QA414R,QA414R,414,Q,OK,True,True,True,True,True
7UV0,507,603,p.Cys440Ser,440,C,C,440,414,QA414S,QA414S,414,Q,OK,True,True,True,True,True
7UV0,508,604,p.Cys440Tyr,440,C,C,440,414,QA414Y,QA414Y,414,Q,OK,True,True,True,True,True
7UV0,509,605,p.Asn441Ser,441,N,N,441,415,GA415S,GA415S,415,G,OK,True,True,True,True,True
7UV0,510,606,p.Asn441Lys,441,N,N,441,415,GA415K,GA415K,415,G,OK,True,True,True,True,True
7UV0,511,607,p.Thr442Ala,442,T,T,442,416,SA416A,SA416A,416,S,OK,True,True,True,True,True
7UV0,512,608,p.Thr442Lys,442,T,T,442,416,SA416K,SA416K,416,S,OK,True,True,True,True,True
7UV0,513,609,p.Pro443Thr,443,P,P,443,417,FA417T,FA417T,417,F,OK,True,True,True,True,True
7UV0,514,610,p.Pro443Ala,443,P,P,443,417,FA417A,FA417A,417,F,OK,True,True,True,True,True
7UV0,515,611,p.Pro443Ser,443,P,P,443,417,FA417S,FA417S,417,F,OK,True,True,True,True,True
7UV0,516,612,p.Pro443Leu,443,P,P,443,417,FA417L,FA417L,417,F,OK,True,True,True,True,True
7UV0,517,613,p.Gly444Val,444,G,G,444,418,TA418V,TA418V,418,T,OK,True,True,True,True,True
7UV0,518,614,p.Val445Ile,445,V,V,445,419,VA419I,VA419I,419,V,OK,True,True,True,True,True
7UV0,519,615,p.Val445Phe,445,V,V,445,419,VA419F,VA419F,419,V,OK,True,True,True,True,True
7UV0,520,616,p.Val445Ala,445,V,V,445,419,VA419A,VA419A,419,V,OK,True,True,True,True,True
7UV0,521,617,p.Leu446Ile,446,L,L,446,420,MA420I,MA420I,420,M,OK,True,True,True,True,True
7UV0,522,618,p.Leu446Phe,446,L,L,446,420,MA420F,MA420F,420,M,OK,True,True,True,True,True
7UV0,523,619,p.Ala447Pro,447,A,S,447,421,GA421P,GA421P,421,G,OK,True,True,True,True,True
7UV0,524,620,p.Ala447Thr,447,A,S,447,421,GA421T,GA421T,421,G,OK,True,True,True,True,True
7UV0,525,621,p.Ala447Gly,447,A,S,447,421,GA421G,GA421G,421,G,OK,True,True,True,True,True
7UV0,526,622,p.Ala447Val,447,A,S,447,421,GA421V,GA421V,421,G,OK,True,True,True,True,True
7UV0,527,623,p.Leu449Ile,449,L,L,449,423,IA423I,IA423I,423,I,OK,True,True,True,True,True
7UV0,528,624,p.Gly450Arg,450,G,A,450,424,SA424R,SA424R,424,S,OK,True,True,True,True,True
7UV0,529,625,p.Gly450Ser,450,G,A,450,424,SA424S,SA424S,424,S,OK,True,True,True,True,True
7UV0,530,626,p.Ala451Thr,451,A,A,451,425,GA425T,GA425T,425,G,OK,True,True,True,True,True
7UV0,531,627,p.Ala451Val,451,A,A,451,425,GA425V,GA425V,425,G,OK,True,True,True,True,True
7UV0,532,628,p.Gly452Ser,452,G,G,452,426,PA426S,PA426S,426,P,OK,True,True,True,True,True
7UV0,533,629,p.Gly452Arg,452,G,G,452,426,PA426R,PA426R,426,P,OK,True,True,True,True,True
7UV0,534,630,p.Gly452Asp,452,G,G,452,426,PA426D,PA426D,426,P,OK,True,True,True,True,True
7UV0,535,631,p.Gly452Val,452,G,G,452,426,PA426V,PA426V,426,P,OK,True,True,True,True,True
7UV0,536,632,p.Leu453Ser,453,L,L,453,427,LA427S,LA427S,427,L,OK,True,True,True,True,True
7UV0,537,633,p.Ala454Thr,454,A,A,454,428,LA428T,LA428T,428,L,OK,True,True,True,True,True
7UV0,538,634,p.Ala454Pro,454,A,A,454,428,LA428P,LA428P,428,L,OK,True,True,True,True,True
7UV0,539,635,p.Ala454Glu,454,A,A,454,428,LA428E,LA428E,428,L,OK,True,True,True,True,True
7UV0,540,636,p.Ala454Val,454,A,A,454,428,LA428V,LA428V,428,L,OK,True,True,True,True,True
7UV0,541,637,p.Ser456Pro,456,S,S,456,430,AA430P,AA430P,430,A,OK,True,True,True,True,True
7UV0,542,638,p.Trp458Ser,458,W,W,458,432,TA432S,TA432S,432,T,OK,True,True,True,True,True
7UV0,543,639,p.Trp458Leu,458,W,W,458,432,TA432L,TA432L,432,T,OK,True,True,True,True,True
7UV0,544,640,p.Ala460Val,460,A,A,460,434,GA434V,GA434V,434,G,OK,True,True,True,True,True
7UV0,545,641,p.Gly462Ala,462,G,G,462,436,LA436A,LA436A,436,L,OK,True,True,True,True,True
7UV0,546,642,p.Ala463Thr,463,A,A,463,437,LA437T,LA437T,437,L,OK,True,True,True,True,True
7UV0,547,643,p.Ala463Asp,463,A,A,463,437,LA437D,LA437D,437,L,OK,True,True,True,True,True
7UV0,548,644,p.Thr464Ala,464,T,T,464,438,PA438A,PA438A,438,P,OK,True,True,True,True,True
7UV0,549,645,p.Pro467Ala,467,P,P,467,441,NA441A,NA441A,441,N,OK,True,True,True,True,True
7UV0,550,646,p.Pro467Leu,467,P,P,467,441,NA441L,NA441L,441,N,OK,True,True,True,True,True
7UV0,551,647,p.Pro468Ala,468,P,P,468,442,TA442A,TA442A,442,T,OK,True,True,True,True,True
7UV0,552,648,p.Pro468Leu,468,P,P,468,442,TA442L,TA442L,442,T,OK,True,True,True,True,True
7UV0,553,649,p.Ser469Gly,469,S,G,469,443,PA443G,PA443G,443,P,OK,True,True,True,True,True
7UV0,554,650,p.Ser469Arg,469,S,G,469,443,PA443R,PA443R,443,P,OK,True,True,True,True,True
7UV0,555,651,p.Ser469Arg,469,S,G,469,443,PA443R,PA443R,443,P,OK,True,True,True,True,True
7UV0,556,652,p.Glu470Lys,470,E,E,470,444,GA444K,GA444K,444,G,OK,True,True,True,True,True
7UV0,557,653,p.Glu470Gly,470,E,E,470,444,GA444G,GA444G,444,G,OK,True,True,True,True,True
7UV0,558,654,p.Glu470Asp,470,E,E,470,444,GA444D,GA444D,444,G,OK,True,True,True,True,True
7UV0,559,655,p.Thr472Pro,472,T,T,472,446,LA446P,LA446P,446,L,OK,True,True,True,True,True
7UV0,560,656,p.Thr472Asn,472,T,T,472,446,LA446N,LA446N,446,L,OK,True,True,True,True,True
7UV0,561,657,p.Met473Val,473,M,M,473,447,SA447V,SA447V,447,S,OK,True,True,True,True,True
7UV0,562,658,p.Met473Thr,473,M,M,473,447,SA447T,SA447T,447,S,OK,True,True,True,True,True
7UV0,563,659,p.Met473Ile,473,M,M,473,447,SA447I,SA447I,447,S,OK,True,True,True,True,True
7UV0,564,660,p.Met473Ile,473,M,M,473,447,SA447I,SA447I,447,S,OK,True,True,True,True,True
7UV0,565,661,p.Arg474Met,474,R,G,474,448,GA448M,GA448M,448,G,OK,True,True,True,True,True
7UV0,566,662,p.Arg474Lys,474,R,G,474,448,GA448K,GA448K,448,G,OK,True,True,True,True,True
7UV0,567,663,p.Val475Ala,475,V,V,475,449,LA449A,LA449A,449,L,OK,True,True,True,True,True
7UV0,568,664,p.Leu476Val,476,L,L,476,450,AA450V,AA450V,450,A,OK,True,True,True,True,True
7UV0,569,665,p.Ala481Asp,481,A,A,481,455,VA455D,VA455D,455,V,OK,True,True,True,True,True
7UV0,570,666,p.Ala481Val,481,A,A,481,455,VA455V,VA455V,455,V,OK,True,True,True,True,True
7UV0,571,667,p.Arg482Pro,482,R,G,482,456,SA456P,SA456P,456,S,OK,True,True,True,True,True
7UV0,572,668,p.Arg482His,482,R,G,482,456,SA456H,SA456H,456,S,OK,True,True,True,True,True
7UV0,573,712,p.Ser515Asn,515,S,G,515,458,WA458N,WA458N,458,W,OK,True,True,True,True,True
7UV0,574,713,p.Ser515Thr,515,S,G,515,458,WA458T,WA458T,458,W,OK,True,True,True,True,True
7UV0,575,714,p.Arg516Leu,516,R,R,516,459,VA459L,VA459L,459,V,OK,True,True,True,True,True
7UV0,576,715,p.Arg516Gln,516,R,R,516,459,VA459Q,VA459Q,459,V,OK,True,True,True,True,True
7UV0,577,716,p.Pro517Thr,517,P,P,517,460,AA460T,AA460T,460,A,OK,True,True,True,True,True
7UV0,578,717,p.Ala518Ser,518,A,A,518,461,VA461S,VA461S,461,V,OK,True,True,True,True,True
7UV0,579,718,p.Ala518Thr,518,A,A,518,461,VA461T,VA461T,461,V,OK,True,True,True,True,True
7UV0,580,719,p.Ala518Val,518,A,A,518,461,VA461V,VA461V,461,V,OK,True,True,True,True,True
7UV0,581,720,p.Leu519Ile,519,L,L,519,462,GA462I,GA462I,462,G,OK,True,True,True,True,True
7UV0,582,721,p.Ala520Gly,520,A,A,520,463,AA463G,AA463G,463,A,OK,True,True,True,True,True
7UV0,583,722,p.Asp521Gly,521,D,D,521,464,TA464G,TA464G,464,T,OK,True,True,True,True,True
7UV0,584,723,p.Asp521Ala,521,D,D,521,464,TA464A,TA464A,464,T,OK,True,True,True,True,True
7UV0,585,724,p.Ser522Gly,522,S,T,522,465,LA465G,LA465G,465,L,OK,True,True,True,True,True
7UV0,586,725,p.Ser522Ile,522,S,T,522,465,LA465I,LA465I,465,L,OK,True,True,True,True,True
7UV0,587,726,p.Phe523Ile,523,F,F,523,466,YA466I,YA466I,466,Y,OK,True,True,True,True,True
7UV0,588,727,p.Tyr524His,524,Y,Y,524,467,PA467H,PA467H,467,P,OK,True,True,True,True,True
7UV0,589,728,p.Tyr524Cys,524,Y,Y,524,467,PA467C,PA467C,467,P,OK,True,True,True,True,True
7UV0,590,729,p.Ala525Val,525,A,A,525,468,PA468V,PA468V,468,P,OK,True,True,True,True,True
7UV0,591,730,p.Ile526Val,526,I,I,526,469,GA469V,GA469V,469,G,OK,True,True,True,True,True
7UV0,592,731,p.Ser527Cys,527,S,S,527,470,EA470C,EA470C,470,E,OK,True,True,True,True,True
7UV0,593,732,p.Tyr528His,528,Y,Y,528,471,QA471H,QA471H,471,Q,OK,True,True,True,True,True
7UV0,594,733,p.Leu529Phe,529,L,L,529,472,TA472F,TA472F,472,T,OK,True,True,True,True,True
7UV0,595,734,p.Leu529Arg,529,L,L,529,472,TA472R,TA472R,472,T,OK,True,True,True,True,True
7UV0,596,735,p.Tyr530His,530,Y,Y,530,473,MA473H,MA473H,473,M,OK,True,True,True,True,True
7UV0,597,736,p.Tyr530Cys,530,Y,Y,530,473,MA473C,MA473C,473,M,OK,True,True,True,True,True
7UV0,598,737,p.Gly532Cys,532,G,G,532,475,VA475C,VA475C,475,V,OK,True,True,True,True,True
7UV0,599,738,p.Gly532Ser,532,G,G,532,475,VA475S,VA475S,475,V,OK,True,True,True,True,True
7UV0,600,739,p.Ala533Thr,533,A,A,533,476,LA476T,LA476T,476,L,OK,True,True,True,True,True
7UV0,601,740,p.Ala533Asp,533,A,A,533,476,LA476D,LA476D,476,L,OK,True,True,True,True,True
7UV0,602,741,p.Leu534Pro,534,L,L,534,477,PA477P,PA477P,477,P,OK,True,True,True,True,True
7UV0,603,742,p.Gly535Ser,535,G,G,535,478,TA478S,TA478S,478,T,OK,True,True,True,True,True
7UV0,604,743,p.Gly535Asp,535,G,G,535,478,TA478D,TA478D,478,T,OK,True,True,True,True,True
7UV0,605,744,p.Thr536Met,536,T,T,536,479,SA479M,SA479M,479,S,OK,True,True,True,True,True
7UV0,606,745,p.Leu537Val,537,L,L,537,480,AA480V,AA480V,480,A,OK,True,True,True,True,True
7UV0,607,746,p.Leu537Pro,537,L,L,537,480,AA480P,AA480P,480,A,OK,True,True,True,True,True
7UV0,608,747,p.Thr538Ser,538,T,T,538,481,AA481S,AA481S,481,A,OK,True,True,True,True,True
7UV0,609,866,p.Gly93Arg,93,G,G,93,73,VA73R,VA73R,73,V,OK,True,True,True,True,True
7UV0,610,867,p.Tyr137*,137,Y,Y,137,117,TA117X,TA117X,117,T,OK,True,True,True,True,True
7UV0,611,872,p.Asp191Gly,191,D,D,191,165,WA165G,WA165G,165,W,OK,True,True,True,True,True
7UV0,612,873,p.Thr221=,221,T,S,221,195,VA195X,VA195X,195,V,OK,True,True,True,True,True
7UV0,613,874,p.Gly250Val,250,G,G,250,224,QA224V,QA224V,224,Q,OK,True,True,True,True,True
7UV0,614,875,p.Gln263Leu,263,Q,Q,263,237,DA237L,DA237L,237,D,OK,True,True,True,True,True
7UV0,615,876,p.Gln265Arg,265,Q,Q,265,239,RA239R,RA239R,239,R,OK,True,True,True,True,True
7UV0,616,877,p.Val270Glu,270,V,V,270,244,FA244E,FA244E,244,F,OK,True,True,True,True,True
7UV0,617,878,p.Cys272*,272,C,C,272,246,TA246X,TA246X,246,T,OK,True,True,True,True,True
7UV0,618,880,p.Cys310=,310,C,C,310,284,VA284X,VA284X,284,V,OK,True,True,True,True,True
7UV0,619,882,p.Asp331Asn,331,D,D,331,305,VA305N,VA305N,305,V,OK,True,True,True,True,True
7UV0,620,883,p.Tyr348Asp,348,Y,Y,348,322,DA322D,DA322D,322,D,OK,True,True,True,True,True
7UV0,621,884,p.Gly350Asp,350,G,G,350,324,YA324D,YA324D,324,Y,OK,True,True,True,True,True
7UV0,622,885,p.Ser356Phe,356,S,S,356,330,LA330F,LA330F,330,L,OK,True,True,True,True,True
7UV0,623,886,p.Asp369Val,369,D,D,369,343,FA343V,FA343V,343,F,OK,True,True,True,True,True
7UV0,624,887,p.Lys388*,388,K,K,388,362,MA362X,MA362X,362,M,OK,True,True,True,True,True
7UV0,625,888,p.Leu408=,408,L,L,408,382,KA382X,KA382X,382,K,OK,True,True,True,True,True
7UV0,626,889,p.Gly421Arg,421,G,G,421,395,GA395R,GA395R,395,G,OK,True,True,True,True,True
7UV0,627,891,p.Arg516*,516,R,R,516,459,VA459X,VA459X,459,V,OK,True,True,True,True,True
AF,1,1,p.Met1?,1,M,M,1,1,MA1X,MA1X,1,M,OK,True,True,True,True,True
AF,2,2,p.Met1?,1,M,M,1,1,MA1X,MA1X,1,M,OK,True,True,True,True,True
AF,3,3,p.Met1?,1,M,M,1,1,MA1X,MA1X,1,M,OK,True,True,True,True,True
AF,4,4,p.Met1?,1,M,M,1,1,MA1X,MA1X,1,M,OK,True,True,True,True,True
AF,5,5,p.Met1?,1,M,M,1,1,MA1X,MA1X,1,M,OK,True,True,True,True,True
AF,6,6,p.Glu2Val,2,E,E,2,2,EA2V,EA2V,2,E,OK,True,True,True,True,True
AF,7,7,p.Ala3Asp,3,A,A,3,3,AA3D,AA3D,3,A,OK,True,True,True,True,True
AF,8,8,p.Glu5Gln,5,E,E,5,5,EA5Q,EA5Q,5,E,OK,True,True,True,True,True
AF,9,9,p.Thr6Ala,6,T,T,6,6,TA6A,TA6A,6,T,OK,True,True,True,True,True
AF,10,10,p.Thr6Ile,6,T,T,6,6,TA6I,TA6I,6,T,OK,True,True,True,True,True
AF,11,11,p.Gly7Arg,7,G,G,7,7,GA7R,GA7R,7,G,OK,True,True,True,True,True
AF,12,12,p.Gly7Arg,7,G,G,7,7,GA7R,GA7R,7,G,OK,True,True,True,True,True
AF,13,13,p.Gly7Glu,7,G,G,7,7,GA7E,GA7E,7,G,OK,True,True,True,True,True
AF,14,14,p.Glu8Lys,8,E,E,8,8,EA8K,EA8K,8,E,OK,True,True,True,True,True
AF,15,15,p.Arg9Trp,9,R,R,9,9,RA9W,RA9W,9,R,OK,True,True,True,True,True
AF,16,16,p.Arg9Pro,9,R,R,9,9,RA9P,RA9P,9,R,OK,True,True,True,True,True
AF,17,17,p.Arg9Gln,9,R,R,9,9,RA9Q,RA9Q,9,R,OK,True,True,True,True,True
AF,18,18,p.Pro10Leu,10,P,P,10,10,PA10L,PA10L,10,P,OK,True,True,True,True,True
AF,19,19,p.Thr11Ile,11,T,T,11,11,TA11I,TA11I,11,T,OK,True,True,True,True,True
AF,20,20,p.Phe12Leu,12,F,F,12,12,FA12L,FA12L,12,F,OK,True,True,True,True,True
AF,21,21,p.Trp15Leu,15,W,W,15,15,WA15L,WA15L,15,W,OK,True,True,True,True,True
AF,22,22,p.Trp15Cys,15,W,W,15,15,WA15C,WA15C,15,W,OK,True,True,True,True,True
AF,23,23,p.Trp15Cys,15,W,W,15,15,WA15C,WA15C,15,W,OK,True,True,True,True,True
AF,24,24,p.Asp16Asn,16,D,D,16,16,DA16N,DA16N,16,D,OK,True,True,True,True,True
AF,25,25,p.Asp16Gly,16,D,D,16,16,DA16G,DA16G,16,D,OK,True,True,True,True,True
AF,26,26,p.Gly18Arg,18,G,G,18,18,GA18R,GA18R,18,G,OK,True,True,True,True,True
AF,27,27,p.Gly18Ala,18,G,G,18,18,GA18A,GA18A,18,G,OK,True,True,True,True,True
AF,28,28,p.Val19Ile,19,V,V,19,19,VA19I,VA19I,19,V,OK,True,True,True,True,True
AF,29,29,p.Phe20Leu,20,F,F,20,20,FA20L,FA20L,20,F,OK,True,True,True,True,True
AF,30,30,p.Leu22Phe,22,L,L,22,22,LA22F,LA22F,22,L,OK,True,True,True,True,True
AF,31,31,p.Leu22Pro,22,L,L,22,22,LA22P,LA22P,22,L,OK,True,True,True,True,True
AF,32,32,p.Met23Leu,23,M,M,23,23,MA23L,MA23L,23,M,OK,True,True,True,True,True
AF,33,33,p.Met23Thr,23,M,M,23,23,MA23T,MA23T,23,M,OK,True,True,True,True,True
AF,34,34,p.Leu24Val,24,L,L,24,24,LA24V,LA24V,24,L,OK,True,True,True,True,True
AF,35,35,p.Val26Met,26,V,V,26,26,VA26M,VA26M,26,V,OK,True,True,True,True,True
AF,36,36,p.Ser27Ala,27,S,S,27,27,SA27A,SA27A,27,S,OK,True,True,True,True,True
AF,37,37,p.Thr28Ala,28,T,T,28,28,TA28A,TA28A,28,T,OK,True,True,True,True,True
AF,38,38,p.Thr28Ser,28,T,T,28,28,TA28S,TA28S,28,T,OK,True,True,True,True,True
AF,39,39,p.Thr28Ile,28,T,T,28,28,TA28I,TA28I,28,T,OK,True,True,True,True,True
AF,40,40,p.Gly29Ser,29,G,G,29,29,GA29S,GA29S,29,G,OK,True,True,True,True,True
AF,41,41,p.Ile30Met,30,I,I,30,30,IA30M,IA30M,30,I,OK,True,True,True,True,True
AF,42,42,p.Gly31Arg,31,G,G,31,31,GA31R,GA31R,31,G,OK,True,True,True,True,True
AF,43,43,p.Leu32Pro,32,L,L,32,32,LA32P,LA32P,32,L,OK,True,True,True,True,True
AF,44,44,p.Leu32Gln,32,L,L,32,32,LA32Q,LA32Q,32,L,OK,True,True,True,True,True
AF,45,45,p.Trp33Arg,33,W,W,33,33,WA33R,WA33R,33,W,OK,True,True,True,True,True
AF,46,46,p.Trp33Ser,33,W,W,33,33,WA33S,WA33S,33,W,OK,True,True,True,True,True
AF,47,47,p.Val34Asp,34,V,V,34,34,VA34D,VA34D,34,V,OK,True,True,True,True,True
AF,48,48,p.Gly35Arg,35,G,G,35,35,GA35R,GA35R,35,G,OK,True,True,True,True,True
AF,49,49,p.Gly35Arg,35,G,G,35,35,GA35R,GA35R,35,G,OK,True,True,True,True,True
AF,50,50,p.Leu36Val,36,L,L,36,36,LA36V,LA36V,36,L,OK,True,True,True,True,True
AF,51,51,p.Leu36Arg,36,L,L,36,36,LA36R,LA36R,36,L,OK,True,True,True,True,True
AF,52,52,p.Ala37Ser,37,A,A,37,37,AA37S,AA37S,37,A,OK,True,True,True,True,True
AF,53,53,p.Arg38Pro,38,R,R,38,38,RA38P,RA38P,38,R,OK,True,True,True,True,True
AF,54,54,p.Arg38Gln,38,R,R,38,38,RA38Q,RA38Q,38,R,OK,True,True,True,True,True
AF,55,55,p.Gly39Ser,39,G,G,39,39,GA39S,GA39S,39,G,OK,True,True,True,True,True
AF,56,56,p.Gly39Asp,39,G,G,39,39,GA39D,GA39D,39,G,OK,True,True,True,True,True
AF,57,57,p.Gly40Arg,40,G,G,40,40,GA40R,GA40R,40,G,OK,True,True,True,True,True
AF,58,58,p.Gln41Lys,41,Q,Q,41,41,QA41K,QA41K,41,Q,OK,True,True,True,True,True
AF,59,59,p.Gln41Arg,41,Q,Q,41,41,QA41R,QA41R,41,Q,OK,True,True,True,True,True
AF,60,60,p.Arg42Cys,42,R,R,42,42,RA42C,RA42C,42,R,OK,True,True,True,True,True
AF,61,61,p.Arg42Leu,42,R,R,42,42,RA42L,RA42L,42,R,OK,True,True,True,True,True
AF,62,62,p.Arg42His,42,R,R,42,42,RA42H,RA42H,42,R,OK,True,True,True,True,True
AF,63,63,p.Ser43Arg,43,S,S,43,43,SA43R,SA43R,43,S,OK,True,True,True,True,True
AF,64,64,p.Ser43Arg,43,S,S,43,43,SA43R,SA43R,43,S,OK,True,True,True,True,True
AF,65,65,p.Ala44Thr,44,A,A,44,44,AA44T,AA44T,44,A,OK,True,True,True,True,True
AF,66,66,p.Ala44Gly,44,A,A,44,44,AA44G,AA44G,44,A,OK,True,True,True,True,True
AF,67,67,p.Ala44Val,44,A,A,44,44,AA44V,AA44V,44,A,OK,True,True,True,True,True
AF,68,68,p.Glu45Lys,45,E,E,45,45,EA45K,EA45K,45,E,OK,True,True,True,True,True
AF,69,69,p.Asp46Tyr,46,D,D,46,46,DA46Y,DA46Y,46,D,OK,True,True,True,True,True
AF,70,70,p.Asp46His,46,D,D,46,46,DA46H,DA46H,46,D,OK,True,True,True,True,True
AF,71,71,p.Asp46Val,46,D,D,46,46,DA46V,DA46V,46,D,OK,True,True,True,True,True
AF,72,72,p.Phe48Ser,48,F,F,48,48,FA48S,FA48S,48,F,OK,True,True,True,True,True
AF,73,73,p.Thr49Ala,49,T,T,49,49,TA49A,TA49A,49,T,OK,True,True,True,True,True
AF,74,74,p.Thr49Pro,49,T,T,49,49,TA49P,TA49P,49,T,OK,True,True,True,True,True
AF,75,75,p.Gly50Arg,50,G,G,50,50,GA50R,GA50R,50,G,OK,True,True,True,True,True
AF,76,76,p.Gly50Arg,50,G,G,50,50,GA50R,GA50R,50,G,OK,True,True,True,True,True
AF,77,77,p.Gly50Glu,50,G,G,50,50,GA50E,GA50E,50,G,OK,True,True,True,True,True
AF,78,78,p.Gly51Cys,51,G,G,51,51,GA51C,GA51C,51,G,OK,True,True,True,True,True
AF,79,79,p.Gly51Asp,51,G,G,51,51,GA51D,GA51D,51,G,OK,True,True,True,True,True
AF,80,80,p.Gly51Ala,51,G,G,51,51,GA51A,GA51A,51,G,OK,True,True,True,True,True
AF,81,81,p.Arg52Gly,52,R,R,52,52,RA52G,RA52G,52,R,OK,True,True,True,True,True
AF,82,82,p.Arg52Gln,52,R,R,52,52,RA52Q,RA52Q,52,R,OK,True,True,True,True,True
AF,83,83,p.Arg53Gly,53,R,R,53,53,RA53G,RA53G,53,R,OK,True,True,True,True,True
AF,84,84,p.Arg53Pro,53,R,R,53,53,RA53P,RA53P,53,R,OK,True,True,True,True,True
AF,85,85,p.Arg53Leu,53,R,R,53,53,RA53L,RA53L,53,R,OK,True,True,True,True,True
AF,86,86,p.Arg53His,53,R,R,53,53,RA53H,RA53H,53,R,OK,True,True,True,True,True
AF,87,87,p.Ala55Val,55,A,A,55,55,AA55V,AA55V,55,A,OK,True,True,True,True,True
AF,88,88,p.Ala55Gly,55,A,A,55,55,AA55G,AA55G,55,A,OK,True,True,True,True,True
AF,89,89,p.Ala56Thr,56,A,A,56,56,AA56T,AA56T,56,A,OK,True,True,True,True,True
AF,90,90,p.Pro58Ser,58,P,P,58,58,PA58S,PA58S,58,P,OK,True,True,True,True,True
AF,91,91,p.Pro58Leu,58,P,P,58,58,PA58L,PA58L,58,P,OK,True,True,True,True,True
AF,92,92,p.Val59Leu,59,V,V,59,59,VA59L,VA59L,59,V,OK,True,True,True,True,True
AF,93,93,p.Val59Met,59,V,V,59,59,VA59M,VA59M,59,V,OK,True,True,True,True,True
AF,94,94,p.Val59Glu,59,V,V,59,59,VA59E,VA59E,59,V,OK,True,True,True,True,True
AF,95,95,p.Ala65Thr,65,A,A,65,65,AA65T,AA65T,65,A,OK,True,True,True,True,True
AF,96,96,p.Ala65Ser,65,A,A,65,65,AA65S,AA65S,65,A,OK,True,True,True,True,True
AF,97,97,p.Ser66Gly,66,S,S,66,66,SA66G,SA66G,66,S,OK,True,True,True,True,True
AF,98,98,p.Ser66Ile,66,S,S,66,66,SA66I,SA66I,66,S,OK,True,True,True,True,True
AF,99,99,p.Phe67Leu,67,F,F,67,67,FA67L,FA67L,67,F,OK,True,True,True,True,True
AF,100,100,p.Met68Val,68,M,M,68,68,MA68V,MA68V,68,M,OK,True,True,True,True,True
AF,101,101,p.Met68Thr,68,M,M,68,68,MA68T,MA68T,68,M,OK,True,True,True,True,True
AF,102,102,p.Met68Ile,68,M,M,68,68,MA68I,MA68I,68,M,OK,True,True,True,True,True
AF,103,103,p.Ser69Leu,69,S,S,69,69,SA69L,SA69L,69,S,OK,True,True,True,True,True
AF,104,104,p.Ala70Gly,70,A,A,70,70,AA70G,AA70G,70,A,OK,True,True,True,True,True
AF,105,105,p.Gln72Glu,72,Q,Q,72,72,QA72E,QA72E,72,Q,OK,True,True,True,True,True
AF,106,106,p.Gln72Arg,72,Q,Q,72,72,QA72R,QA72R,72,Q,OK,True,True,True,True,True
AF,107,107,p.Val73Leu,73,V,V,73,73,VA73L,VA73L,73,V,OK,True,True,True,True,True
AF,108,108,p.Val73Met,73,V,V,73,73,VA73M,VA73M,73,V,OK,True,True,True,True,True
AF,109,109,p.Gly75Arg,75,G,G,75,75,GA75R,GA75R,75,G,OK,True,True,True,True,True
AF,110,110,p.Gly75Asp,75,G,G,75,75,GA75D,GA75D,75,G,OK,True,True,True,True,True
AF,111,111,p.Val76Met,76,V,V,76,76,VA76M,VA76M,76,V,OK,True,True,True,True,True
AF,112,112,p.Val76Leu,76,V,V,76,76,VA76L,VA76L,76,V,OK,True,True,True,True,True
AF,113,113,p.Pro77Ser,77,P,P,77,77,PA77S,PA77S,77,P,OK,True,True,True,True,True
AF,114,114,p.Pro77Leu,77,P,P,77,77,PA77L,PA77L,77,P,OK,True,True,True,True,True
AF,115,115,p.Ser78Pro,78,S,S,78,78,SA78P,SA78P,78,S,OK,True,True,True,True,True
AF,116,116,p.Ser78Leu,78,S,S,78,78,SA78L,SA78L,78,S,OK,True,True,True,True,True
AF,117,117,p.Glu79Gly,79,E,E,79,79,EA79G,EA79G,79,E,OK,True,True,True,True,True
AF,118,118,p.Tyr81Asn,81,Y,Y,81,81,YA81N,YA81N,81,Y,OK,True,True,True,True,True
AF,119,119,p.Arg82Cys,82,R,R,82,82,RA82C,RA82C,82,R,OK,True,True,True,True,True
AF,120,120,p.Arg82Leu,82,R,R,82,82,RA82L,RA82L,82,R,OK,True,True,True,True,True
AF,121,121,p.Tyr83Cys,83,Y,Y,83,83,YA83C,YA83C,83,Y,OK,True,True,True,True,True
AF,122,122,p.Lys86Asn,86,K,K,86,86,KA86N,KA86N,86,K,OK,True,True,True,True,True
AF,123,123,p.Leu88Pro,88,L,L,88,88,LA88P,LA88P,88,L,OK,True,True,True,True,True
AF,124,124,p.Met90Thr,90,M,M,90,90,MA90T,MA90T,90,M,OK,True,True,True,True,True
AF,125,125,p.Met90Ile,90,M,M,90,90,MA90I,MA90I,90,M,OK,True,True,True,True,True
AF,126,126,p.Cys91Tyr,91,C,C,91,91,CA91Y,CA91Y,91,C,OK,True,True,True,True,True
AF,127,127,p.Leu92Gln,92,L,L,92,92,LA92Q,LA92Q,92,L,OK,True,True,True,True,True
AF,128,128,p.Leu92Arg,92,L,L,92,92,LA92R,LA92R,92,L,OK,True,True,True,True,True
AF,129,129,p.Gly93Ser,93,G,G,93,93,GA93S,GA93S,93,G,OK,True,True,True,True,True
AF,130,130,p.Gln94Lys,94,Q,Q,94,94,QA94K,QA94K,94,Q,OK,True,True,True,True,True
AF,131,131,p.Asn97Ser,97,N,N,97,97,NA97S,NA97S,97,N,OK,True,True,True,True,True
AF,132,132,p.Ser98Thr,98,S,S,98,98,SA98T,SA98T,98,S,OK,True,True,True,True,True
AF,133,133,p.Ser98Leu,98,S,S,98,98,SA98L,SA98L,98,S,OK,True,True,True,True,True
AF,134,134,p.Val99Ile,99,V,V,99,99,VA99I,VA99I,99,V,OK,True,True,True,True,True
AF,135,135,p.Val99Phe,99,V,V,99,99,VA99F,VA99F,99,V,OK,True,True,True,True,True
AF,136,136,p.Val99Ala,99,V,V,99,99,VA99A,VA99A,99,V,OK,True,True,True,True,True
AF,137,137,p.Val99Gly,99,V,V,99,99,VA99G,VA99G,99,V,OK,True,True,True,True,True
AF,138,138,p.Leu100Val,100,L,L,100,100,LA100V,LA100V,100,L,OK,True,True,True,True,True
AF,139,139,p.Leu100Phe,100,L,L,100,100,LA100F,LA100F,100,L,OK,True,True,True,True,True
AF,140,140,p.Thr101Ile,101,T,T,101,101,TA101I,TA101I,101,T,OK,True,True,True,True,True
AF,141,141,p.Ala102Thr,102,A,A,102,102,AA102T,AA102T,102,A,OK,True,True,True,True,True
AF,142,142,p.Ala102Ser,102,A,A,102,102,AA102S,AA102S,102,A,OK,True,True,True,True,True
AF,143,143,p.Ala102Asp,102,A,A,102,102,AA102D,AA102D,102,A,OK,True,True,True,True,True
AF,144,144,p.Ala102Val,102,A,A,102,102,AA102V,AA102V,102,A,OK,True,True,True,True,True
AF,145,145,p.Phe105Cys,105,F,F,105,105,FA105C,FA105C,105,F,OK,True,True,True,True,True
AF,146,146,p.Phe105Ser,105,F,F,105,105,FA105S,FA105S,105,F,OK,True,True,True,True,True
AF,147,147,p.Met106Val,106,M,M,106,106,MA106V,MA106V,106,M,OK,True,True,True,True,True
AF,148,148,p.Val108Ile,108,V,V,108,108,VA108I,VA108I,108,V,OK,True,True,True,True,True
AF,149,149,p.Val108Ala,108,V,V,108,108,VA108A,VA108A,108,V,OK,True,True,True,True,True
AF,150,150,p.Phe109Ser,109,F,F,109,109,FA109S,FA109S,109,F,OK,True,True,True,True,True
AF,151,151,p.Arg111His,111,R,R,111,111,RA111H,RA111H,111,R,OK,True,True,True,True,True
AF,152,152,p.Leu112Val,112,L,L,112,112,LA112V,LA112V,112,L,OK,True,True,True,True,True
AF,153,153,p.Gly113Cys,113,G,G,113,113,GA113C,GA113C,113,G,OK,True,True,True,True,True
AF,154,154,p.Gly113Ala,113,G,G,113,113,GA113A,GA113A,113,G,OK,True,True,True,True,True
AF,155,155,p.Gly113Val,113,G,G,113,113,GA113V,GA113V,113,G,OK,True,True,True,True,True
AF,156,156,p.Gly113Asp,113,G,G,113,113,GA113D,GA113D,113,G,OK,True,True,True,True,True
AF,157,157,p.Thr115Ile,115,T,T,115,115,TA115I,TA115I,115,T,OK,True,True,True,True,True
AF,158,158,p.Thr117Ser,117,T,T,117,117,TA117S,TA117S,117,T,OK,True,True,True,True,True
AF,159,159,p.Tyr118Cys,118,Y,Y,118,118,YA118C,YA118C,118,Y,OK,True,True,True,True,True
AF,160,160,p.Tyr118Phe,118,Y,Y,118,118,YA118F,YA118F,118,Y,OK,True,True,True,True,True
AF,161,161,p.Glu119Lys,119,E,E,119,119,EA119K,EA119K,119,E,OK,True,True,True,True,True
AF,162,162,p.Glu119Ala,119,E,E,119,119,EA119A,EA119A,119,E,OK,True,True,True,True,True
AF,163,163,p.Glu122Lys,122,E,E,122,122,EA122K,EA122K,122,E,OK,True,True,True,True,True
AF,164,164,p.Glu122Ala,122,E,E,122,122,EA122A,EA122A,122,E,OK,True,True,True,True,True
AF,165,165,p.Met123Val,123,M,M,123,123,MA123V,MA123V,123,M,OK,True,True,True,True,True
AF,166,166,p.Arg124Ser,124,R,R,124,124,RA124S,RA124S,124,R,OK,True,True,True,True,True
AF,167,167,p.Arg124Gly,124,R,R,124,124,RA124G,RA124G,124,R,OK,True,True,True,True,True
AF,168,168,p.Arg124Leu,124,R,R,124,124,RA124L,RA124L,124,R,OK,True,True,True,True,True
AF,169,169,p.Arg124His,124,R,R,124,124,RA124H,RA124H,124,R,OK,True,True,True,True,True
AF,170,170,p.Arg127Cys,127,R,R,127,127,RA127C,RA127C,127,R,OK,True,True,True,True,True
AF,171,171,p.Ala128Thr,128,A,A,128,128,AA128T,AA128T,128,A,OK,True,True,True,True,True
AF,172,172,p.Ala128Ser,128,A,A,128,128,AA128S,AA128S,128,A,OK,True,True,True,True,True
AF,173,173,p.Val129Met,129,V,V,129,129,VA129M,VA129M,129,V,OK,True,True,True,True,True
AF,174,174,p.Arg130Pro,130,R,R,130,130,RA130P,RA130P,130,R,OK,True,True,True,True,True
AF,175,175,p.Gly133Arg,133,G,G,133,133,GA133R,GA133R,133,G,OK,True,True,True,True,True
AF,176,176,p.Thr134Ser,134,T,T,134,134,TA134S,TA134S,134,T,OK,True,True,True,True,True
AF,177,177,p.Gln136Leu,136,Q,Q,136,136,QA136L,QA136L,136,Q,OK,True,True,True,True,True
AF,178,178,p.Gln136Arg,136,Q,Q,136,136,QA136R,QA136R,136,Q,OK,True,True,True,True,True
AF,179,179,p.Gln136His,136,Q,Q,136,136,QA136H,QA136H,136,Q,OK,True,True,True,True,True
AF,180,180,p.Tyr137His,137,Y,Y,137,137,YA137H,YA137H,137,Y,OK,True,True,True,True,True
AF,181,181,p.Ile138Phe,138,I,I,138,138,IA138F,IA138F,138,I,OK,True,True,True,True,True
AF,182,182,p.Ile138Leu,138,I,I,138,138,IA138L,IA138L,138,I,OK,True,True,True,True,True
AF,183,183,p.Ile138Val,138,I,I,138,138,IA138V,IA138V,138,I,OK,True,True,True,True,True
AF,184,184,p.Ile138Thr,138,I,I,138,138,IA138T,IA138T,138,I,OK,True,True,True,True,True
AF,185,185,p.Val139Ile,139,V,V,139,139,VA139I,VA139I,139,V,OK,True,True,True,True,True
AF,186,186,p.Val139Ala,139,V,V,139,139,VA139A,VA139A,139,V,OK,True,True,True,True,True
AF,187,187,p.Ala140Thr,140,A,A,140,140,AA140T,AA140T,140,A,OK,True,True,True,True,True
AF,188,188,p.Ala140Val,140,A,A,140,140,AA140V,AA140V,140,A,OK,True,True,True,True,True
AF,189,189,p.Thr141Pro,141,T,T,141,141,TA141P,TA141P,141,T,OK,True,True,True,True,True
AF,190,190,p.Thr141Met,141,T,T,141,141,TA141M,TA141M,141,T,OK,True,True,True,True,True
AF,191,191,p.Thr141Lys,141,T,T,141,141,TA141K,TA141K,141,T,OK,True,True,True,True,True
AF,192,192,p.Met142Val,142,M,M,142,142,MA142V,MA142V,142,M,OK,True,True,True,True,True
AF,193,193,p.Met142Leu,142,M,M,142,142,MA142L,MA142L,142,M,OK,True,True,True,True,True
AF,194,194,p.Met142Thr,142,M,M,142,142,MA142T,MA142T,142,M,OK,True,True,True,True,True
AF,195,195,p.Met142Ile,142,M,M,142,142,MA142I,MA142I,142,M,OK,True,True,True,True,True
AF,196,196,p.Thr145Ala,145,T,T,145,145,TA145A,TA145A,145,T,OK,True,True,True,True,True
AF,197,197,p.Thr145Ile,145,T,T,145,145,TA145I,TA145I,145,T,OK,True,True,True,True,True
AF,198,198,p.Gly146Arg,146,G,G,146,146,GA146R,GA146R,146,G,OK,True,True,True,True,True
AF,199,199,p.Gly146Cys,146,G,G,146,146,GA146C,GA146C,146,G,OK,True,True,True,True,True
AF,200,200,p.Gly146Ser,146,G,G,146,146,GA146S,GA146S,146,G,OK,True,True,True,True,True
AF,201,201,p.Gly146Asp,146,G,G,146,146,GA146D,GA146D,146,G,OK,True,True,True,True,True
AF,202,202,p.Ile147Val,147,I,I,147,147,IA147V,IA147V,147,I,OK,True,True,True,True,True
AF,203,203,p.Val148Ile,148,V,V,148,148,VA148I,VA148I,148,V,OK,True,True,True,True,True
AF,204,204,p.Ile149Val,149,I,I,149,149,IA149V,IA149V,149,I,OK,True,True,True,True,True
AF,205,205,p.Tyr150Cys,150,Y,Y,150,150,YA150C,YA150C,150,Y,OK,True,True,True,True,True
AF,206,206,p.Tyr150Phe,150,Y,Y,150,150,YA150F,YA150F,150,Y,OK,True,True,True,True,True
AF,207,207,p.Tyr150Ser,150,Y,Y,150,150,YA150S,YA150S,150,Y,OK,True,True,True,True,True
AF,208,208,p.Ala151Ser,151,A,A,151,151,AA151S,AA151S,151,A,OK,True,True,True,True,True
AF,209,209,p.Pro152Leu,152,P,P,152,152,PA152L,PA152L,152,P,OK,True,True,True,True,True
AF,210,210,p.Ala153Thr,153,A,A,153,153,AA153T,AA153T,153,A,OK,True,True,True,True,True
AF,211,211,p.Ile155Val,155,I,I,155,155,IA155V,IA155V,155,I,OK,True,True,True,True,True
AF,212,212,p.Asn157Lys,157,N,N,157,157,NA157K,NA157K,157,N,OK,True,True,True,True,True
AF,213,213,p.Gln158Pro,158,Q,Q,158,158,QA158P,QA158P,158,Q,OK,True,True,True,True,True
AF,214,214,p.Thr160Ser,160,T,T,160,160,TA160S,TA160S,160,T,OK,True,True,True,True,True
AF,215,215,p.Gly161Arg,161,G,G,161,161,GA161R,GA161R,161,G,OK,True,True,True,True,True
AF,216,216,p.Gly161Glu,161,G,G,161,161,GA161E,GA161E,161,G,OK,True,True,True,True,True
AF,217,217,p.Gly161Val,161,G,G,161,161,GA161V,GA161V,161,G,OK,True,True,True,True,True
AF,218,218,p.Asp163Glu,163,D,D,163,163,DA163E,DA163E,163,D,OK,True,True,True,True,True
AF,219,219,p.Ile164Phe,164,I,I,164,164,IA164F,IA164F,164,I,OK,True,True,True,True,True
AF,220,220,p.Trp165Arg,165,W,W,165,165,WA165R,WA165R,165,W,OK,True,True,True,True,True
AF,221,221,p.Ala166Thr,166,A,A,166,166,AA166T,AA166T,166,A,OK,True,True,True,True,True
AF,222,222,p.Ala166Ser,166,A,A,166,166,AA166S,AA166S,166,A,OK,True,True,True,True,True
AF,223,223,p.Leu168Phe,168,L,L,168,168,LA168F,LA168F,168,L,OK,True,True,True,True,True
AF,224,224,p.Leu169Pro,169,L,L,169,169,LA169P,LA169P,169,L,OK,True,True,True,True,True
AF,225,225,p.Ser170Cys,170,S,S,170,170,SA170C,SA170C,170,S,OK,True,True,True,True,True
AF,226,226,p.Thr171Pro,171,T,T,171,171,TA171P,TA171P,171,T,OK,True,True,True,True,True
AF,227,227,p.Thr171Ala,171,T,T,171,171,TA171A,TA171A,171,T,OK,True,True,True,True,True
AF,228,228,p.Thr171Ser,171,T,T,171,171,TA171S,TA171S,171,T,OK,True,True,True,True,True
AF,229,229,p.Cys175Ser,175,C,C,175,175,CA175S,CA175S,175,C,OK,True,True,True,True,True
AF,230,230,p.Thr176Pro,176,T,T,176,176,TA176P,TA176P,176,T,OK,True,True,True,True,True
AF,231,231,p.Phe177Leu,177,F,F,177,177,FA177L,FA177L,177,F,OK,True,True,True,True,True
AF,232,232,p.Phe177Ser,177,F,F,177,177,FA177S,FA177S,177,F,OK,True,True,True,True,True
AF,233,233,p.Phe177Leu,177,F,F,177,177,FA177L,FA177L,177,F,OK,True,True,True,True,True
AF,234,234,p.Tyr178His,178,Y,Y,178,178,YA178H,YA178H,178,Y,OK,True,True,True,True,True
AF,235,235,p.Thr179Lys,179,T,T,179,179,TA179K,TA179K,179,T,OK,True,True,True,True,True
AF,236,236,p.Thr179Arg,179,T,T,179,179,TA179R,TA179R,179,T,OK,True,True,True,True,True
AF,237,237,p.Thr179Met,179,T,T,179,179,TA179M,TA179M,179,T,OK,True,True,True,True,True
AF,238,238,p.Ala180Ser,180,A,A,180,180,AA180S,AA180S,180,A,OK,True,True,True,True,True
AF,239,239,p.Val181Met,181,V,V,181,181,VA181M,VA181M,181,V,OK,True,True,True,True,True
AF,240,240,p.Val181Ala,181,V,V,181,181,VA181A,VA181A,181,V,OK,True,True,True,True,True
AF,241,241,p.Gly182Ala,182,G,G,182,182,GA182A,GA182A,182,G,OK,True,True,True,True,True
AF,242,242,p.Gly182Asp,182,G,G,182,182,GA182D,GA182D,182,G,OK,True,True,True,True,True
AF,243,243,p.Gly183Ser,183,G,G,183,183,GA183S,GA183S,183,G,OK,True,True,True,True,True
AF,244,244,p.Gly183Asp,183,G,G,183,183,GA183D,GA183D,183,G,OK,True,True,True,True,True
AF,245,245,p.Met184Val,184,M,M,184,184,MA184V,MA184V,184,M,OK,True,True,True,True,True
AF,246,246,p.Met184Thr,184,M,M,184,184,MA184T,MA184T,184,M,OK,True,True,True,True,True
AF,247,247,p.Lys185Gln,185,K,K,185,185,KA185Q,KA185Q,185,K,OK,True,True,True,True,True
AF,248,248,p.Ala186Thr,186,A,A,186,186,AA186T,AA186T,186,A,OK,True,True,True,True,True
AF,249,249,p.Ala186Val,186,A,A,186,186,AA186V,AA186V,186,A,OK,True,True,True,True,True
AF,250,250,p.Val187Gly,187,V,V,187,187,VA187G,VA187G,187,V,OK,True,True,True,True,True
AF,251,251,p.Val188Ile,188,V,V,188,188,VA188I,VA188I,188,V,OK,True,True,True,True,True
AF,252,252,p.Trp189Arg,189,W,W,189,189,WA189R,WA189R,189,W,OK,True,True,True,True,True
AF,253,253,p.Trp189Gly,189,W,W,189,189,WA189G,WA189G,189,W,OK,True,True,True,True,True
AF,254,254,p.Thr190Ser,190,T,T,190,190,TA190S,TA190S,190,T,OK,True,True,True,True,True
AF,255,255,p.Asp191Val,191,D,D,191,191,DA191V,DA191V,191,D,OK,True,True,True,True,True
AF,256,256,p.Val192Leu,192,V,V,192,192,VA192L,VA192L,192,V,OK,True,True,True,True,True
AF,257,257,p.Phe193Leu,193,F,F,193,193,FA193L,FA193L,193,F,OK,True,True,True,True,True
AF,258,258,p.Phe193Leu,193,F,F,193,193,FA193L,FA193L,193,F,OK,True,True,True,True,True
AF,259,259,p.Gln194His,194,Q,Q,194,194,QA194H,QA194H,194,Q,OK,True,True,True,True,True
AF,260,260,p.Val195Phe,195,V,V,195,195,VA195F,VA195F,195,V,OK,True,True,True,True,True
AF,261,261,p.Val196Met,196,V,V,196,196,VA196M,VA196M,196,V,OK,True,True,True,True,True
AF,262,262,p.Val196Leu,196,V,V,196,196,VA196L,VA196L,196,V,OK,True,True,True,True,True
AF,263,263,p.Val197Leu,197,V,V,197,197,VA197L,VA197L,197,V,OK,True,True,True,True,True
AF,264,264,p.Val197Gly,197,V,V,197,197,VA197G,VA197G,197,V,OK,True,True,True,True,True
AF,265,265,p.Met198Val,198,M,M,198,198,MA198V,MA198V,198,M,OK,True,True,True,True,True
AF,266,266,p.Met198Thr,198,M,M,198,198,MA198T,MA198T,198,M,OK,True,True,True,True,True
AF,267,267,p.Leu199Pro,199,L,L,199,199,LA199P,LA199P,199,L,OK,True,True,True,True,True
AF,268,268,p.Ser200Arg,200,S,S,200,200,SA200R,SA200R,200,S,OK,True,True,True,True,True
AF,269,269,p.Gly201Ser,201,G,G,201,201,GA201S,GA201S,201,G,OK,True,True,True,True,True
AF,270,270,p.Gly201Ala,201,G,G,201,201,GA201A,GA201A,201,G,OK,True,True,True,True,True
AF,271,271,p.Trp203Cys,203,W,W,203,203,WA203C,WA203C,203,W,OK,True,True,True,True,True
AF,272,272,p.Val204Ile,204,V,V,204,204,VA204I,VA204I,204,V,OK,True,True,True,True,True
AF,273,273,p.Val205Phe,205,V,V,205,205,VA205F,VA205F,205,V,OK,True,True,True,True,True
AF,274,274,p.Ala207Val,207,A,A,207,207,AA207V,AA207V,207,A,OK,True,True,True,True,True
AF,275,275,p.Arg208Cys,208,R,R,208,208,RA208C,RA208C,208,R,OK,True,True,True,True,True
AF,276,276,p.Arg208Ser,208,R,R,208,208,RA208S,RA208S,208,R,OK,True,True,True,True,True
AF,277,277,p.Arg208Gly,208,R,R,208,208,RA208G,RA208G,208,R,OK,True,True,True,True,True
AF,278,278,p.Arg208His,208,R,R,208,208,RA208H,RA208H,208,R,OK,True,True,True,True,True
AF,279,279,p.Arg208Pro,208,R,R,208,208,RA208P,RA208P,208,R,OK,True,True,True,True,True
AF,280,280,p.Gly209Ser,209,G,G,209,209,GA209S,GA209S,209,G,OK,True,True,True,True,True
AF,281,281,p.Gly209Cys,209,G,G,209,209,GA209C,GA209C,209,G,OK,True,True,True,True,True
AF,282,282,p.Gly209Asp,209,G,G,209,209,GA209D,GA209D,209,G,OK,True,True,True,True,True
AF,283,283,p.Val210Ile,210,V,V,210,210,VA210I,VA210I,210,V,OK,True,True,True,True,True
AF,284,284,p.Val210Phe,210,V,V,210,210,VA210F,VA210F,210,V,OK,True,True,True,True,True
AF,285,285,p.Met211Leu,211,M,M,211,211,MA211L,MA211L,211,M,OK,True,True,True,True,True
AF,286,286,p.Met211Thr,211,M,M,211,211,MA211T,MA211T,211,M,OK,True,True,True,True,True
AF,287,287,p.Leu212Pro,212,L,L,212,212,LA212P,LA212P,212,L,OK,True,True,True,True,True
AF,288,288,p.Val213Leu,213,V,V,213,213,VA213L,VA213L,213,V,OK,True,True,True,True,True
AF,289,289,p.Val213Gly,213,V,V,213,213,VA213G,VA213G,213,V,OK,True,True,True,True,True
AF,290,290,p.Val213Ala,213,V,V,213,213,VA213A,VA213A,213,V,OK,True,True,True,True,True
AF,291,291,p.Gly214Ser,214,G,G,214,214,GA214S,GA214S,214,G,OK,True,True,True,True,True
AF,292,292,p.Gly214Asp,214,G,G,214,214,GA214D,GA214D,214,G,OK,True,True,True,True,True
AF,293,293,p.Gly215Arg,215,G,G,215,215,GA215R,GA215R,215,G,OK,True,True,True,True,True
AF,294,294,p.Pro216Thr,216,P,P,216,216,PA216T,PA216T,216,P,OK,True,True,True,True,True
AF,295,295,p.Pro216Ser,216,P,P,216,216,PA216S,PA216S,216,P,OK,True,True,True,True,True
AF,296,296,p.Arg217Cys,217,R,R,217,217,RA217C,RA217C,217,R,OK,True,True,True,True,True
AF,297,297,p.Arg217His,217,R,R,217,217,RA217H,RA217H,217,R,OK,True,True,True,True,True
AF,298,298,p.Val219Met,219,V,V,219,219,VA219M,VA219M,219,V,OK,True,True,True,True,True
AF,299,299,p.Val219Gly,219,V,V,219,219,VA219G,VA219G,219,V,OK,True,True,True,True,True
AF,300,300,p.Thr221Pro,221,T,T,221,221,TA221P,TA221P,221,T,OK,True,True,True,True,True
AF,301,301,p.Thr221Met,221,T,T,221,221,TA221M,TA221M,221,T,OK,True,True,True,True,True
AF,302,302,p.Thr221Lys,221,T,T,221,221,TA221K,TA221K,221,T,OK,True,True,True,True,True
AF,303,303,p.Thr221Arg,221,T,T,221,221,TA221R,TA221R,221,T,OK,True,True,True,True,True
AF,304,304,p.Ala223Ser,223,A,A,223,223,AA223S,AA223S,223,A,OK,True,True,True,True,True
AF,305,305,p.His226Gln,226,H,H,226,226,HA226Q,HA226Q,226,H,OK,True,True,True,True,True
AF,306,306,p.Ser227Thr,227,S,S,227,227,SA227T,SA227T,227,S,OK,True,True,True,True,True
AF,307,307,p.Ser227Phe,227,S,S,227,227,SA227F,SA227F,227,S,OK,True,True,True,True,True
AF,308,308,p.Arg228Gly,228,R,R,228,228,RA228G,RA228G,228,R,OK,True,True,True,True,True
AF,309,309,p.Arg228Trp,228,R,R,228,228,RA228W,RA228W,228,R,OK,True,True,True,True,True
AF,310,310,p.Arg228Gln,228,R,R,228,228,RA228Q,RA228Q,228,R,OK,True,True,True,True,True
AF,311,311,p.Ile229Val,229,I,I,229,229,IA229V,IA229V,229,I,OK,True,True,True,True,True
AF,312,312,p.Ile229Ser,229,I,I,229,229,IA229S,IA229S,229,I,OK,True,True,True,True,True
AF,313,313,p.Asn230Ser,230,N,N,230,230,NA230S,NA230S,230,N,OK,True,True,True,True,True
AF,314,314,p.Leu231Pro,231,L,L,231,231,LA231P,LA231P,231,L,OK,True,True,True,True,True
AF,315,315,p.Met232Arg,232,M,M,232,232,MA232R,MA232R,232,M,OK,True,True,True,True,True
AF,316,316,p.Met232Ile,232,M,M,232,232,MA232I,MA232I,232,M,OK,True,True,True,True,True
AF,317,317,p.Asp233Ala,233,D,D,233,233,DA233A,DA233A,233,D,OK,True,True,True,True,True
AF,318,318,p.Asp233Glu,233,D,D,233,233,DA233E,DA233E,233,D,OK,True,True,True,True,True
AF,319,319,p.Phe234Cys,234,F,F,234,234,FA234C,FA234C,234,F,OK,True,True,True,True,True
AF,320,320,p.Phe234Leu,234,F,F,234,234,FA234L,FA234L,234,F,OK,True,True,True,True,True
AF,321,321,p.Asn235Asp,235,N,N,235,235,NA235D,NA235D,235,N,OK,True,True,True,True,True
AF,322,322,p.Pro236Ser,236,P,P,236,236,PA236S,PA236S,236,P,OK,True,True,True,True,True
AF,323,323,p.Pro236Thr,236,P,P,236,236,PA236T,PA236T,236,P,OK,True,True,True,True,True
AF,324,324,p.Pro236Arg,236,P,P,236,236,PA236R,PA236R,236,P,OK,True,True,True,True,True
AF,325,325,p.Pro236Leu,236,P,P,236,236,PA236L,PA236L,236,P,OK,True,True,True,True,True
AF,326,326,p.Pro238Leu,238,P,P,238,238,PA238L,PA238L,238,P,OK,True,True,True,True,True
AF,327,327,p.Pro238Arg,238,P,P,238,238,PA238R,PA238R,238,P,OK,True,True,True,True,True
AF,328,328,p.Arg239Lys,239,R,R,239,239,RA239K,RA239K,239,R,OK,True,True,True,True,True
AF,329,329,p.Ser240Cys,240,S,S,240,240,SA240C,SA240C,240,S,OK,True,True,True,True,True
AF,330,330,p.Ser240Ile,240,S,S,240,240,SA240I,SA240I,240,S,OK,True,True,True,True,True
AF,331,331,p.Ser240Asn,240,S,S,240,240,SA240N,SA240N,240,S,OK,True,True,True,True,True
AF,332,332,p.Ser240Thr,240,S,S,240,240,SA240T,SA240T,240,S,OK,True,True,True,True,True
AF,333,333,p.Arg241Cys,241,R,R,241,241,RA241C,RA241C,241,R,OK,True,True,True,True,True
AF,334,334,p.Arg241His,241,R,R,241,241,RA241H,RA241H,241,R,OK,True,True,True,True,True
AF,335,335,p.Tyr242Cys,242,Y,Y,242,242,YA242C,YA242C,242,Y,OK,True,True,True,True,True
AF,336,336,p.Tyr242Ser,242,Y,Y,242,242,YA242S,YA242S,242,Y,OK,True,True,True,True,True
AF,337,337,p.Thr243Ala,243,T,T,243,243,TA243A,TA243A,243,T,OK,True,True,True,True,True
AF,338,338,p.Thr243Ile,243,T,T,243,243,TA243I,TA243I,243,T,OK,True,True,True,True,True
AF,339,339,p.Phe244Ser,244,F,F,244,244,FA244S,FA244S,244,F,OK,True,True,True,True,True
AF,340,340,p.Phe247Ile,247,F,F,247,247,FA247I,FA247I,247,F,OK,True,True,True,True,True
AF,341,341,p.Phe247Leu,247,F,F,247,247,FA247L,FA247L,247,F,OK,True,True,True,True,True
AF,342,342,p.Val248Leu,248,V,V,248,248,VA248L,VA248L,248,V,OK,True,True,True,True,True
AF,343,343,p.Val248Ala,248,V,V,248,248,VA248A,VA248A,248,V,OK,True,True,True,True,True
AF,344,344,p.Gly250Cys,250,G,G,250,250,GA250C,GA250C,250,G,OK,True,True,True,True,True
AF,345,345,p.Gly250Ala,250,G,G,250,250,GA250A,GA250A,250,G,OK,True,True,True,True,True
AF,346,346,p.Gly251Ser,251,G,G,251,251,GA251S,GA251S,251,G,OK,True,True,True,True,True
AF,347,347,p.Gly251Asp,251,G,G,251,251,GA251D,GA251D,251,G,OK,True,True,True,True,True
AF,348,348,p.Thr252Lys,252,T,T,252,252,TA252K,TA252K,252,T,OK,True,True,True,True,True
AF,349,349,p.Thr252Met,252,T,T,252,252,TA252M,TA252M,252,T,OK,True,True,True,True,True
AF,350,350,p.Leu256Ile,256,L,L,256,256,LA256I,LA256I,256,L,OK,True,True,True,True,True
AF,351,351,p.Leu256Phe,256,L,L,256,256,LA256F,LA256F,256,L,OK,True,True,True,True,True
AF,352,352,p.Met258Leu,258,M,M,258,258,MA258L,MA258L,258,M,OK,True,True,True,True,True
AF,353,353,p.Met258Val,258,M,M,258,258,MA258V,MA258V,258,M,OK,True,True,True,True,True
AF,354,354,p.Met258Ile,258,M,M,258,258,MA258I,MA258I,258,M,OK,True,True,True,True,True
AF,355,355,p.Tyr259Cys,259,Y,Y,259,259,YA259C,YA259C,259,Y,OK,True,True,True,True,True
AF,356,356,p.Val261Met,261,V,V,261,261,VA261M,VA261M,261,V,OK,True,True,True,True,True
AF,357,357,p.Val261Ala,261,V,V,261,261,VA261A,VA261A,261,V,OK,True,True,True,True,True
AF,358,358,p.Asn262Ser,262,N,N,262,262,NA262S,NA262S,262,N,OK,True,True,True,True,True
AF,359,359,p.Asn262Lys,262,N,N,262,262,NA262K,NA262K,262,N,OK,True,True,True,True,True
AF,360,360,p.Ala264Ser,264,A,A,264,264,AA264S,AA264S,264,A,OK,True,True,True,True,True
AF,361,361,p.Ala264Glu,264,A,A,264,264,AA264E,AA264E,264,A,OK,True,True,True,True,True
AF,362,362,p.Ala264Val,264,A,A,264,264,AA264V,AA264V,264,A,OK,True,True,True,True,True
AF,363,363,p.Gln265Leu,265,Q,Q,265,265,QA265L,QA265L,265,Q,OK,True,True,True,True,True
AF,364,364,p.Gln265Pro,265,Q,Q,265,265,QA265P,QA265P,265,Q,OK,True,True,True,True,True
AF,365,365,p.Val266Met,266,V,V,266,266,VA266M,VA266M,266,V,OK,True,True,True,True,True
AF,366,366,p.Val266Leu,266,V,V,266,266,VA266L,VA266L,266,V,OK,True,True,True,True,True
AF,367,367,p.Val266Gly,266,V,V,266,266,VA266G,VA266G,266,V,OK,True,True,True,True,True
AF,368,368,p.Val266Glu,266,V,V,266,266,VA266E,VA266E,266,V,OK,True,True,True,True,True
AF,369,369,p.Gln267Glu,267,Q,Q,267,267,QA267E,QA267E,267,Q,OK,True,True,True,True,True
AF,370,370,p.Gln267Arg,267,Q,Q,267,267,QA267R,QA267R,267,Q,OK,True,True,True,True,True
AF,371,371,p.Gln267His,267,Q,Q,267,267,QA267H,QA267H,267,Q,OK,True,True,True,True,True
AF,372,372,p.Arg268Ser,268,R,R,268,268,RA268S,RA268S,268,R,OK,True,True,True,True,True
AF,373,373,p.Arg268Cys,268,R,R,268,268,RA268C,RA268C,268,R,OK,True,True,True,True,True
AF,374,374,p.Arg268His,268,R,R,268,268,RA268H,RA268H,268,R,OK,True,True,True,True,True
AF,375,375,p.Val270Leu,270,V,V,270,270,VA270L,VA270L,270,V,OK,True,True,True,True,True
AF,376,376,p.Val270Met,270,V,V,270,270,VA270M,VA270M,270,V,OK,True,True,True,True,True
AF,377,377,p.Arg273Cys,273,R,R,273,273,RA273C,RA273C,273,R,OK,True,True,True,True,True
AF,378,378,p.Arg273His,273,R,R,273,273,RA273H,RA273H,273,R,OK,True,True,True,True,True
AF,379,379,p.Arg273Pro,273,R,R,273,273,RA273P,RA273P,273,R,OK,True,True,True,True,True
AF,380,380,p.Thr274Arg,274,T,T,274,274,TA274R,TA274R,274,T,OK,True,True,True,True,True
AF,381,381,p.Glu275Lys,275,E,E,275,275,EA275K,EA275K,275,E,OK,True,True,True,True,True
AF,382,382,p.Lys276Gln,276,K,K,276,276,KA276Q,KA276Q,276,K,OK,True,True,True,True,True
AF,383,383,p.Lys276Glu,276,K,K,276,276,KA276E,KA276E,276,K,OK,True,True,True,True,True
AF,384,384,p.Ala278Thr,278,A,A,278,278,AA278T,AA278T,278,A,OK,True,True,True,True,True
AF,385,385,p.Ala281Ser,281,A,A,281,281,AA281S,AA281S,281,A,OK,True,True,True,True,True
AF,386,386,p.Ala281Asp,281,A,A,281,281,AA281D,AA281D,281,A,OK,True,True,True,True,True
AF,387,387,p.Ala281Val,281,A,A,281,281,AA281V,AA281V,281,A,OK,True,True,True,True,True
AF,388,388,p.Ala281Gly,281,A,A,281,281,AA281G,AA281G,281,A,OK,True,True,True,True,True
AF,389,389,p.Ile284Phe,284,I,I,284,284,IA284F,IA284F,284,I,OK,True,True,True,True,True
AF,390,390,p.Ile284Val,284,I,I,284,284,IA284V,IA284V,284,I,OK,True,True,True,True,True
AF,391,391,p.Asn285Ser,285,N,N,285,285,NA285S,NA285S,285,N,OK,True,True,True,True,True
AF,392,392,p.Val287Ala,287,V,V,287,287,VA287A,VA287A,287,V,OK,True,True,True,True,True
AF,393,393,p.Gly288Ser,288,G,G,288,288,GA288S,GA288S,288,G,OK,True,True,True,True,True
AF,394,394,p.Gly288Cys,288,G,G,288,288,GA288C,GA288C,288,G,OK,True,True,True,True,True
AF,395,395,p.Gly288Asp,288,G,G,288,288,GA288D,GA288D,288,G,OK,True,True,True,True,True
AF,396,396,p.Gly288Val,288,G,G,288,288,GA288V,GA288V,288,G,OK,True,True,True,True,True
AF,397,397,p.Leu289Arg,289,L,L,289,289,LA289R,LA289R,289,L,OK,True,True,True,True,True
AF,398,398,p.Leu289Pro,289,L,L,289,289,LA289P,LA289P,289,L,OK,True,True,True,True,True
AF,399,399,p.Phe290Tyr,290,F,F,290,290,FA290Y,FA290Y,290,F,OK,True,True,True,True,True
AF,400,400,p.Leu291Arg,291,L,L,291,291,LA291R,LA291R,291,L,OK,True,True,True,True,True
AF,401,401,p.Val293Met,293,V,V,293,293,VA293M,VA293M,293,V,OK,True,True,True,True,True
AF,402,402,p.Val293Leu,293,V,V,293,293,VA293L,VA293L,293,V,OK,True,True,True,True,True
AF,403,403,p.Ser294Phe,294,S,S,294,294,SA294F,SA294F,294,S,OK,True,True,True,True,True
AF,404,404,p.Ala296Thr,296,A,A,296,296,AA296T,AA296T,296,A,OK,True,True,True,True,True
AF,405,405,p.Ala296Pro,296,A,A,296,296,AA296P,AA296P,296,A,OK,True,True,True,True,True
AF,406,406,p.Ala296Val,296,A,A,296,296,AA296V,AA296V,296,A,OK,True,True,True,True,True
AF,407,407,p.Ala297Val,297,A,A,297,297,AA297V,AA297V,297,A,OK,True,True,True,True,True
AF,408,408,p.Cys298Gly,298,C,C,298,298,CA298G,CA298G,298,C,OK,True,True,True,True,True
AF,409,409,p.Cys298Ser,298,C,C,298,298,CA298S,CA298S,298,C,OK,True,True,True,True,True
AF,410,410,p.Cys299Gly,299,C,C,299,299,CA299G,CA299G,299,C,OK,True,True,True,True,True
AF,411,411,p.Cys299Tyr,299,C,C,299,299,CA299Y,CA299Y,299,C,OK,True,True,True,True,True
AF,412,412,p.Gly300Asp,300,G,G,300,300,GA300D,GA300D,300,G,OK,True,True,True,True,True
AF,413,413,p.Ile301Val,301,I,I,301,301,IA301V,IA301V,301,I,OK,True,True,True,True,True
AF,414,414,p.Ile301Met,301,I,I,301,301,IA301M,IA301M,301,I,OK,True,True,True,True,True
AF,415,415,p.Val302Ile,302,V,V,302,302,VA302I,VA302I,302,V,OK,True,True,True,True,True
AF,416,416,p.Val302Leu,302,V,V,302,302,VA302L,VA302L,302,V,OK,True,True,True,True,True
AF,417,417,p.Met303Leu,303,M,M,303,303,MA303L,MA303L,303,M,OK,True,True,True,True,True
AF,418,418,p.Met303Leu,303,M,M,303,303,MA303L,MA303L,303,M,OK,True,True,True,True,True
AF,419,419,p.Met303Val,303,M,M,303,303,MA303V,MA303V,303,M,OK,True,True,True,True,True
AF,420,420,p.Phe304Cys,304,F,F,304,304,FA304C,FA304C,304,F,OK,True,True,True,True,True
AF,421,421,p.Phe304Ser,304,F,F,304,304,FA304S,FA304S,304,F,OK,True,True,True,True,True
AF,422,422,p.Val305Met,305,V,V,305,305,VA305M,VA305M,305,V,OK,True,True,True,True,True
AF,423,423,p.Val305Ala,305,V,V,305,305,VA305A,VA305A,305,V,OK,True,True,True,True,True
AF,424,424,p.Tyr307Cys,307,Y,Y,307,307,YA307C,YA307C,307,Y,OK,True,True,True,True,True
AF,425,425,p.Thr308Ala,308,T,T,308,308,TA308A,TA308A,308,T,OK,True,True,True,True,True
AF,426,426,p.Asp309Tyr,309,D,D,309,309,DA309Y,DA309Y,309,D,OK,True,True,True,True,True
AF,427,427,p.Cys310Phe,310,C,C,310,310,CA310F,CA310F,310,C,OK,True,True,True,True,True
AF,428,428,p.Asp311Asn,311,D,D,311,311,DA311N,DA311N,311,D,OK,True,True,True,True,True
AF,429,429,p.Pro312Ser,312,P,P,312,312,PA312S,PA312S,312,P,OK,True,True,True,True,True
AF,430,430,p.Pro312Leu,312,P,P,312,312,PA312L,PA312L,312,P,OK,True,True,True,True,True
AF,431,431,p.Leu313Phe,313,L,L,313,313,LA313F,LA313F,313,L,OK,True,True,True,True,True
AF,432,432,p.Leu313Pro,313,L,L,313,313,LA313P,LA313P,313,L,OK,True,True,True,True,True
AF,433,433,p.Leu314Phe,314,L,L,314,314,LA314F,LA314F,314,L,OK,True,True,True,True,True
AF,434,434,p.Leu314Val,314,L,L,314,314,LA314V,LA314V,314,L,OK,True,True,True,True,True
AF,435,435,p.Leu314Ile,314,L,L,314,314,LA314I,LA314I,314,L,OK,True,True,True,True,True
AF,436,436,p.Leu315Gln,315,L,L,315,315,LA315Q,LA315Q,315,L,OK,True,True,True,True,True
AF,437,437,p.Arg317Ser,317,R,R,317,317,RA317S,RA317S,317,R,OK,True,True,True,True,True
AF,438,438,p.Arg317Gly,317,R,R,317,317,RA317G,RA317G,317,R,OK,True,True,True,True,True
AF,439,439,p.Arg317Cys,317,R,R,317,317,RA317C,RA317C,317,R,OK,True,True,True,True,True
AF,440,440,p.Arg317Leu,317,R,R,317,317,RA317L,RA317L,317,R,OK,True,True,True,True,True
AF,441,441,p.Arg317His,317,R,R,317,317,RA317H,RA317H,317,R,OK,True,True,True,True,True
AF,442,442,p.Ser319Pro,319,S,S,319,319,SA319P,SA319P,319,S,OK,True,True,True,True,True
AF,443,443,p.Ser319Cys,319,S,S,319,319,SA319C,SA319C,319,S,OK,True,True,True,True,True
AF,444,444,p.Ala320Thr,320,A,A,320,320,AA320T,AA320T,320,A,OK,True,True,True,True,True
AF,445,445,p.Pro321Ser,321,P,P,321,321,PA321S,PA321S,321,P,OK,True,True,True,True,True
AF,446,446,p.Asp322Val,322,D,D,322,322,DA322V,DA322V,322,D,OK,True,True,True,True,True
AF,447,447,p.Tyr324Asn,324,Y,Y,324,324,YA324N,YA324N,324,Y,OK,True,True,True,True,True
AF,448,448,p.Tyr324His,324,Y,Y,324,324,YA324H,YA324H,324,Y,OK,True,True,True,True,True
AF,449,449,p.Met325Val,325,M,M,325,325,MA325V,MA325V,325,M,OK,True,True,True,True,True
AF,450,450,p.Pro326Ser,326,P,P,326,326,PA326S,PA326S,326,P,OK,True,True,True,True,True
AF,451,451,p.Pro326Leu,326,P,P,326,326,PA326L,PA326L,326,P,OK,True,True,True,True,True
AF,452,452,p.Ile332Val,332,I,I,332,332,IA332V,IA332V,332,I,OK,True,True,True,True,True
AF,453,453,p.Phe333Leu,333,F,F,333,333,FA333L,FA333L,333,F,OK,True,True,True,True,True
AF,454,454,p.Glu334Gln,334,E,E,334,334,EA334Q,EA334Q,334,E,OK,True,True,True,True,True
AF,455,455,p.Glu334Lys,334,E,E,334,334,EA334K,EA334K,334,E,OK,True,True,True,True,True
AF,456,456,p.Asp335Tyr,335,D,D,335,335,DA335Y,DA335Y,335,D,OK,True,True,True,True,True
AF,457,457,p.Asp335Val,335,D,D,335,335,DA335V,DA335V,335,D,OK,True,True,True,True,True
AF,458,458,p.Asp335Gly,335,D,D,335,335,DA335G,DA335G,335,D,OK,True,True,True,True,True
AF,459,459,p.Pro337Ser,337,P,P,337,337,PA337S,PA337S,337,P,OK,True,True,True,True,True
AF,460,460,p.Pro337Leu,337,P,P,337,337,PA337L,PA337L,337,P,OK,True,True,True,True,True
AF,461,461,p.Val339Ala,339,V,V,339,339,VA339A,VA339A,339,V,OK,True,True,True,True,True
AF,462,462,p.Pro340Ser,340,P,P,340,340,PA340S,PA340S,340,P,OK,True,True,True,True,True
AF,463,463,p.Pro340Thr,340,P,P,340,340,PA340T,PA340T,340,P,OK,True,True,True,True,True
AF,464,464,p.Pro340Leu,340,P,P,340,340,PA340L,PA340L,340,P,OK,True,True,True,True,True
AF,465,465,p.Gly341Trp,341,G,G,341,341,GA341W,GA341W,341,G,OK,True,True,True,True,True
AF,466,466,p.Gly341Arg,341,G,G,341,341,GA341R,GA341R,341,G,OK,True,True,True,True,True
AF,467,467,p.Gly341Glu,341,G,G,341,341,GA341E,GA341E,341,G,OK,True,True,True,True,True
AF,468,468,p.Leu342Phe,342,L,L,342,342,LA342F,LA342F,342,L,OK,True,True,True,True,True
AF,469,469,p.Leu342Ile,342,L,L,342,342,LA342I,LA342I,342,L,OK,True,True,True,True,True
AF,470,470,p.Phe343Leu,343,F,F,343,343,FA343L,FA343L,343,F,OK,True,True,True,True,True
AF,471,471,p.Ala345Thr,345,A,A,345,345,AA345T,AA345T,345,A,OK,True,True,True,True,True
AF,472,472,p.Cys346Arg,346,C,C,346,346,CA346R,CA346R,346,C,OK,True,True,True,True,True
AF,473,473,p.Cys346Tyr,346,C,C,346,346,CA346Y,CA346Y,346,C,OK,True,True,True,True,True
AF,474,474,p.Ala347Val,347,A,A,347,347,AA347V,AA347V,347,A,OK,True,True,True,True,True
AF,475,475,p.Ser349Gly,349,S,S,349,349,SA349G,SA349G,349,S,OK,True,True,True,True,True
AF,476,476,p.Ser349Arg,349,S,S,349,349,SA349R,SA349R,349,S,OK,True,True,True,True,True
AF,477,477,p.Thr351Ala,351,T,T,351,351,TA351A,TA351A,351,T,OK,True,True,True,True,True
AF,478,478,p.Thr351Ile,351,T,T,351,351,TA351I,TA351I,351,T,OK,True,True,True,True,True
AF,479,479,p.Thr351Asn,351,T,T,351,351,TA351N,TA351N,351,T,OK,True,True,True,True,True
AF,480,480,p.Ser353Asn,353,S,S,353,353,SA353N,SA353N,353,S,OK,True,True,True,True,True
AF,481,481,p.Thr354Pro,354,T,T,354,354,TA354P,TA354P,354,T,OK,True,True,True,True,True
AF,482,482,p.Ala355Glu,355,A,A,355,355,AA355E,AA355E,355,A,OK,True,True,True,True,True
AF,483,483,p.Ser358Asn,358,S,S,358,358,SA358N,SA358N,358,S,OK,True,True,True,True,True
AF,484,484,p.Ala361Val,361,A,A,361,361,AA361V,AA361V,361,A,OK,True,True,True,True,True
AF,485,485,p.Met362Val,362,M,M,362,362,MA362V,MA362V,362,M,OK,True,True,True,True,True
AF,486,486,p.Met362Leu,362,M,M,362,362,MA362L,MA362L,362,M,OK,True,True,True,True,True
AF,487,487,p.Met362Thr,362,M,M,362,362,MA362T,MA362T,362,M,OK,True,True,True,True,True
AF,488,488,p.Met362Ile,362,M,M,362,362,MA362I,MA362I,362,M,OK,True,True,True,True,True
AF,489,489,p.Ala364Pro,364,A,A,364,364,AA364P,AA364P,364,A,OK,True,True,True,True,True
AF,490,490,p.Ala364Ser,364,A,A,364,364,AA364S,AA364S,364,A,OK,True,True,True,True,True
AF,491,491,p.Ala364Thr,364,A,A,364,364,AA364T,AA364T,364,A,OK,True,True,True,True,True
AF,492,492,p.Thr366Ala,366,T,T,366,366,TA366A,TA366A,366,T,OK,True,True,True,True,True
AF,493,493,p.Thr366Pro,366,T,T,366,366,TA366P,TA366P,366,T,OK,True,True,True,True,True
AF,494,494,p.Val367Ile,367,V,V,367,367,VA367I,VA367I,367,V,OK,True,True,True,True,True
AF,495,495,p.Val367Ala,367,V,V,367,367,VA367A,VA367A,367,V,OK,True,True,True,True,True
AF,496,496,p.Asp369Gly,369,D,D,369,369,DA369G,DA369G,369,D,OK,True,True,True,True,True
AF,497,497,p.Leu370Phe,370,L,L,370,370,LA370F,LA370F,370,L,OK,True,True,True,True,True
AF,498,498,p.Leu370Pro,370,L,L,370,370,LA370P,LA370P,370,L,OK,True,True,True,True,True
AF,499,499,p.Pro373Ser,373,P,P,373,373,PA373S,PA373S,373,P,OK,True,True,True,True,True
AF,500,500,p.Pro373Thr,373,P,P,373,373,PA373T,PA373T,373,P,OK,True,True,True,True,True
AF,501,501,p.Pro373Leu,373,P,P,373,373,PA373L,PA373L,373,P,OK,True,True,True,True,True
AF,502,502,p.Arg374Trp,374,R,R,374,374,RA374W,RA374W,374,R,OK,True,True,True,True,True
AF,503,503,p.Arg374Gln,374,R,R,374,374,RA374Q,RA374Q,374,R,OK,True,True,True,True,True
AF,504,504,p.Leu375Arg,375,L,L,375,375,LA375R,LA375R,375,L,OK,True,True,True,True,True
AF,505,505,p.Arg376Trp,376,R,R,376,376,RA376W,RA376W,376,R,OK,True,True,True,True,True
AF,506,506,p.Arg376Gln,376,R,R,376,376,RA376Q,RA376Q,376,R,OK,True,True,True,True,True
AF,507,507,p.Ser377Asn,377,S,S,377,377,SA377N,SA377N,377,S,OK,True,True,True,True,True
AF,508,508,p.Ser377Arg,377,S,S,377,377,SA377R,SA377R,377,S,OK,True,True,True,True,True
AF,509,509,p.Ala379Ser,379,A,A,379,379,AA379S,AA379S,379,A,OK,True,True,True,True,True
AF,510,510,p.Ala379Glu,379,A,A,379,379,AA379E,AA379E,379,A,OK,True,True,True,True,True
AF,511,511,p.Pro380Ser,380,P,P,380,380,PA380S,PA380S,380,P,OK,True,True,True,True,True
AF,512,512,p.Arg381Gly,381,R,R,381,381,RA381G,RA381G,381,R,OK,True,True,True,True,True
AF,513,513,p.Arg381Ser,381,R,R,381,381,RA381S,RA381S,381,R,OK,True,True,True,True,True
AF,514,514,p.Lys382Thr,382,K,K,382,382,KA382T,KA382T,382,K,OK,True,True,True,True,True
AF,515,515,p.Leu383Val,383,L,L,383,383,LA383V,LA383V,383,L,OK,True,True,True,True,True
AF,516,516,p.Val384Met,384,V,V,384,384,VA384M,VA384M,384,V,OK,True,True,True,True,True
AF,517,517,p.Val384Leu,384,V,V,384,384,VA384L,VA384L,384,V,OK,True,True,True,True,True
AF,518,518,p.Val384Ala,384,V,V,384,384,VA384A,VA384A,384,V,OK,True,True,True,True,True
AF,519,519,p.Ile385Phe,385,I,I,385,385,IA385F,IA385F,385,I,OK,True,True,True,True,True
AF,520,520,p.Ile385Thr,385,I,I,385,385,IA385T,IA385T,385,I,OK,True,True,True,True,True
AF,521,521,p.Ile385Ser,385,I,I,385,385,IA385S,IA385S,385,I,OK,True,True,True,True,True
AF,522,522,p.Gly389Arg,389,G,G,389,389,GA389R,GA389R,389,G,OK,True,True,True,True,True
AF,523,523,p.Gly389Val,389,G,G,389,389,GA389V,GA389V,389,G,OK,True,True,True,True,True
AF,524,524,p.Gly389Ala,389,G,G,389,389,GA389A,GA389A,389,G,OK,True,True,True,True,True
AF,525,525,p.Leu390Phe,390,L,L,390,390,LA390F,LA390F,390,L,OK,True,True,True,True,True
AF,526,526,p.Ser391Leu,391,S,S,391,391,SA391L,SA391L,391,S,OK,True,True,True,True,True
AF,527,527,p.Leu392Phe,392,L,L,392,392,LA392F,LA392F,392,L,OK,True,True,True,True,True
AF,528,528,p.Ile393Ser,393,I,I,393,393,IA393S,IA393S,393,I,OK,True,True,True,True,True
AF,529,529,p.Gly395Arg,395,G,G,395,395,GA395R,GA395R,395,G,OK,True,True,True,True,True
AF,530,530,p.Gly395Glu,395,G,G,395,395,GA395E,GA395E,395,G,OK,True,True,True,True,True
AF,531,531,p.Ser396Leu,396,S,S,396,396,SA396L,SA396L,396,S,OK,True,True,True,True,True
AF,532,532,p.Ala397Pro,397,A,A,397,397,AA397P,AA397P,397,A,OK,True,True,True,True,True
AF,533,533,p.Ala397Ser,397,A,A,397,397,AA397S,AA397S,397,A,OK,True,True,True,True,True
AF,534,534,p.Ala397Val,397,A,A,397,397,AA397V,AA397V,397,A,OK,True,True,True,True,True
AF,535,535,p.Cys398Arg,398,C,C,398,398,CA398R,CA398R,398,C,OK,True,True,True,True,True
AF,536,536,p.Cys398Tyr,398,C,C,398,398,CA398Y,CA398Y,398,C,OK,True,True,True,True,True
AF,537,537,p.Thr400Ser,400,T,T,400,400,TA400S,TA400S,400,T,OK,True,True,True,True,True
AF,538,538,p.Val401Met,401,V,V,401,401,VA401M,VA401M,401,V,OK,True,True,True,True,True
AF,539,539,p.Val401Leu,401,V,V,401,401,VA401L,VA401L,401,V,OK,True,True,True,True,True
AF,540,540,p.Val401Leu,401,V,V,401,401,VA401L,VA401L,401,V,OK,True,True,True,True,True
AF,541,541,p.Val401Ala,401,V,V,401,401,VA401A,VA401A,401,V,OK,True,True,True,True,True
AF,542,542,p.Ala402Thr,402,A,A,402,402,AA402T,AA402T,402,A,OK,True,True,True,True,True
AF,543,543,p.Ala402Ser,402,A,A,402,402,AA402S,AA402S,402,A,OK,True,True,True,True,True
AF,544,544,p.Ala402Val,402,A,A,402,402,AA402V,AA402V,402,A,OK,True,True,True,True,True
AF,545,545,p.Ala403Asp,403,A,A,403,403,AA403D,AA403D,403,A,OK,True,True,True,True,True
AF,546,546,p.Ser405Phe,405,S,S,405,405,SA405F,SA405F,405,S,OK,True,True,True,True,True
AF,547,547,p.Ser405Tyr,405,S,S,405,405,SA405Y,SA405Y,405,S,OK,True,True,True,True,True
AF,548,548,p.Ser405Cys,405,S,S,405,405,SA405C,SA405C,405,S,OK,True,True,True,True,True
AF,549,549,p.Ser406Thr,406,S,S,406,406,SA406T,SA406T,406,S,OK,True,True,True,True,True
AF,550,550,p.Leu408Phe,408,L,L,408,408,LA408F,LA408F,408,L,OK,True,True,True,True,True
AF,551,551,p.Leu408Ile,408,L,L,408,408,LA408I,LA408I,408,L,OK,True,True,True,True,True
AF,552,552,p.Leu408Pro,408,L,L,408,408,LA408P,LA408P,408,L,OK,True,True,True,True,True
AF,553,553,p.Gly409Arg,409,G,G,409,409,GA409R,GA409R,409,G,OK,True,True,True,True,True
AF,554,554,p.Gly410Arg,410,G,G,410,410,GA410R,GA410R,410,G,OK,True,True,True,True,True
AF,555,555,p.Gly410Arg,410,G,G,410,410,GA410R,GA410R,410,G,OK,True,True,True,True,True
AF,556,556,p.Gly411Ser,411,G,G,411,411,GA411S,GA411S,411,G,OK,True,True,True,True,True
AF,557,557,p.Gly411Val,411,G,G,411,411,GA411V,GA411V,411,G,OK,True,True,True,True,True
AF,558,558,p.Val412Ile,412,V,V,412,412,VA412I,VA412I,412,V,OK,True,True,True,True,True
AF,559,559,p.Gln414His,414,Q,Q,414,414,QA414H,QA414H,414,Q,OK,True,True,True,True,True
AF,560,560,p.Gln414His,414,Q,Q,414,414,QA414H,QA414H,414,Q,OK,True,True,True,True,True
AF,561,561,p.Ser416Phe,416,S,S,416,416,SA416F,SA416F,416,S,OK,True,True,True,True,True
AF,562,562,p.Phe417Ser,417,F,F,417,417,FA417S,FA417S,417,F,OK,True,True,True,True,True
AF,563,563,p.Val419Ile,419,V,V,419,419,VA419I,VA419I,419,V,OK,True,True,True,True,True
AF,564,564,p.Val419Asp,419,V,V,419,419,VA419D,VA419D,419,V,OK,True,True,True,True,True
AF,565,565,p.Met420Leu,420,M,M,420,420,MA420L,MA420L,420,M,OK,True,True,True,True,True
AF,566,566,p.Met420Val,420,M,M,420,420,MA420V,MA420V,420,M,OK,True,True,True,True,True
AF,567,567,p.Met420Thr,420,M,M,420,420,MA420T,MA420T,420,M,OK,True,True,True,True,True
AF,568,568,p.Met420Lys,420,M,M,420,420,MA420K,MA420K,420,M,OK,True,True,True,True,True
AF,569,569,p.Met420Ile,420,M,M,420,420,MA420I,MA420I,420,M,OK,True,True,True,True,True
AF,570,570,p.Met420Ile,420,M,M,420,420,MA420I,MA420I,420,M,OK,True,True,True,True,True
AF,571,571,p.Val422Leu,422,V,V,422,422,VA422L,VA422L,422,V,OK,True,True,True,True,True
AF,572,572,p.Val422Ile,422,V,V,422,422,VA422I,VA422I,422,V,OK,True,True,True,True,True
AF,573,573,p.Ile423Thr,423,I,I,423,423,IA423T,IA423T,423,I,OK,True,True,True,True,True
AF,574,574,p.Ser424Arg,424,S,S,424,424,SA424R,SA424R,424,S,OK,True,True,True,True,True
AF,575,575,p.Gly425Cys,425,G,G,425,425,GA425C,GA425C,425,G,OK,True,True,True,True,True
AF,576,576,p.Gly425Ser,425,G,G,425,425,GA425S,GA425S,425,G,OK,True,True,True,True,True
AF,577,577,p.Gly425Ala,425,G,G,425,425,GA425A,GA425A,425,G,OK,True,True,True,True,True
AF,578,578,p.Pro426Leu,426,P,P,426,426,PA426L,PA426L,426,P,OK,True,True,True,True,True
AF,579,579,p.Leu427Gln,427,L,L,427,427,LA427Q,LA427Q,427,L,OK,True,True,True,True,True
AF,580,580,p.Leu428Met,428,L,L,428,428,LA428M,LA428M,428,L,OK,True,True,True,True,True
AF,581,581,p.Leu428Arg,428,L,L,428,428,LA428R,LA428R,428,L,OK,True,True,True,True,True
AF,582,582,p.Leu428Pro,428,L,L,428,428,LA428P,LA428P,428,L,OK,True,True,True,True,True
AF,583,583,p.Ala430Pro,430,A,A,430,430,AA430P,AA430P,430,A,OK,True,True,True,True,True
AF,584,584,p.Ala430Ser,430,A,A,430,430,AA430S,AA430S,430,A,OK,True,True,True,True,True
AF,585,585,p.Ala430Asp,430,A,A,430,430,AA430D,AA430D,430,A,OK,True,True,True,True,True
AF,586,586,p.Phe431Leu,431,F,F,431,431,FA431L,FA431L,431,F,OK,True,True,True,True,True
AF,587,587,p.Phe431Ser,431,F,F,431,431,FA431S,FA431S,431,F,OK,True,True,True,True,True
AF,588,588,p.Ile432Val,432,I,I,432,432,IA432V,IA432V,432,I,OK,True,True,True,True,True
AF,589,589,p.Ile432Thr,432,I,I,432,432,IA432T,IA432T,432,I,OK,True,True,True,True,True
AF,590,590,p.Ile432Asn,432,I,I,432,432,IA432N,IA432N,432,I,OK,True,True,True,True,True
AF,591,591,p.Gly434Ala,434,G,G,434,434,GA434A,GA434A,434,G,OK,True,True,True,True,True
AF,592,592,p.Met435Leu,435,M,M,435,435,MA435L,MA435L,435,M,OK,True,True,True,True,True
AF,593,593,p.Met435Thr,435,M,M,435,435,MA435T,MA435T,435,M,OK,True,True,True,True,True
AF,594,594,p.Phe436Tyr,436,F,F,436,436,FA436Y,FA436Y,436,F,OK,True,True,True,True,True
AF,595,595,p.Phe436Cys,436,F,F,436,436,FA436C,FA436C,436,F,OK,True,True,True,True,True
AF,596,596,p.Phe436Leu,436,F,F,436,436,FA436L,FA436L,436,F,OK,True,True,True,True,True
AF,597,597,p.Leu437Pro,437,L,L,437,437,LA437P,LA437P,437,L,OK,True,True,True,True,True
AF,598,598,p.Pro438Leu,438,P,P,438,438,PA438L,PA438L,438,P,OK,True,True,True,True,True
AF,599,599,p.Ala439Pro,439,A,A,439,439,AA439P,AA439P,439,A,OK,True,True,True,True,True
AF,600,600,p.Ala439Asp,439,A,A,439,439,AA439D,AA439D,439,A,OK,True,True,True,True,True
AF,601,601,p.Cys440Gly,440,C,C,440,440,CA440G,CA440G,440,C,OK,True,True,True,True,True
AF,602,602,p.Cys440Arg,440,C,C,440,440,CA440R,CA440R,440,C,OK,True,True,True,True,True
AF,603,603,p.Cys440Ser,440,C,C,440,440,CA440S,CA440S,440,C,OK,True,True,True,True,True
AF,604,604,p.Cys440Tyr,440,C,C,440,440,CA440Y,CA440Y,440,C,OK,True,True,True,True,True
AF,605,605,p.Asn441Ser,441,N,N,441,441,NA441S,NA441S,441,N,OK,True,True,True,True,True
AF,606,606,p.Asn441Lys,441,N,N,441,441,NA441K,NA441K,441,N,OK,True,True,True,True,True
AF,607,607,p.Thr442Ala,442,T,T,442,442,TA442A,TA442A,442,T,OK,True,True,True,True,True
AF,608,608,p.Thr442Lys,442,T,T,442,442,TA442K,TA442K,442,T,OK,True,True,True,True,True
AF,609,609,p.Pro443Thr,443,P,P,443,443,PA443T,PA443T,443,P,OK,True,True,True,True,True
AF,610,610,p.Pro443Ala,443,P,P,443,443,PA443A,PA443A,443,P,OK,True,True,True,True,True
AF,611,611,p.Pro443Ser,443,P,P,443,443,PA443S,PA443S,443,P,OK,True,True,True,True,True
AF,612,612,p.Pro443Leu,443,P,P,443,443,PA443L,PA443L,443,P,OK,True,True,True,True,True
AF,613,613,p.Gly444Val,444,G,G,444,444,GA444V,GA444V,444,G,OK,True,True,True,True,True
AF,614,614,p.Val445Ile,445,V,V,445,445,VA445I,VA445I,445,V,OK,True,True,True,True,True
AF,615,615,p.Val445Phe,445,V,V,445,445,VA445F,VA445F,445,V,OK,True,True,True,True,True
AF,616,616,p.Val445Ala,445,V,V,445,445,VA445A,VA445A,445,V,OK,True,True,True,True,True
AF,617,617,p.Leu446Ile,446,L,L,446,446,LA446I,LA446I,446,L,OK,True,True,True,True,True
AF,618,618,p.Leu446Phe,446,L,L,446,446,LA446F,LA446F,446,L,OK,True,True,True,True,True
AF,619,619,p.Ala447Pro,447,A,A,447,447,AA447P,AA447P,447,A,OK,True,True,True,True,True
AF,620,620,p.Ala447Thr,447,A,A,447,447,AA447T,AA447T,447,A,OK,True,True,True,True,True
AF,621,621,p.Ala447Gly,447,A,A,447,447,AA447G,AA447G,447,A,OK,True,True,True,True,True
AF,622,622,p.Ala447Val,447,A,A,447,447,AA447V,AA447V,447,A,OK,True,True,True,True,True
AF,623,623,p.Leu449Ile,449,L,L,449,449,LA449I,LA449I,449,L,OK,True,True,True,True,True
AF,624,624,p.Gly450Arg,450,G,G,450,450,GA450R,GA450R,450,G,OK,True,True,True,True,True
AF,625,625,p.Gly450Ser,450,G,G,450,450,GA450S,GA450S,450,G,OK,True,True,True,True,True
AF,626,626,p.Ala451Thr,451,A,A,451,451,AA451T,AA451T,451,A,OK,True,True,True,True,True
AF,627,627,p.Ala451Val,451,A,A,451,451,AA451V,AA451V,451,A,OK,True,True,True,True,True
AF,628,628,p.Gly452Ser,452,G,G,452,452,GA452S,GA452S,452,G,OK,True,True,True,True,True
AF,629,629,p.Gly452Arg,452,G,G,452,452,GA452R,GA452R,452,G,OK,True,True,True,True,True
AF,630,630,p.Gly452Asp,452,G,G,452,452,GA452D,GA452D,452,G,OK,True,True,True,True,True
AF,631,631,p.Gly452Val,452,G,G,452,452,GA452V,GA452V,452,G,OK,True,True,True,True,True
AF,632,632,p.Leu453Ser,453,L,L,453,453,LA453S,LA453S,453,L,OK,True,True,True,True,True
AF,633,633,p.Ala454Thr,454,A,A,454,454,AA454T,AA454T,454,A,OK,True,True,True,True,True
AF,634,634,p.Ala454Pro,454,A,A,454,454,AA454P,AA454P,454,A,OK,True,True,True,True,True
AF,635,635,p.Ala454Glu,454,A,A,454,454,AA454E,AA454E,454,A,OK,True,True,True,True,True
AF,636,636,p.Ala454Val,454,A,A,454,454,AA454V,AA454V,454,A,OK,True,True,True,True,True
AF,637,637,p.Ser456Pro,456,S,S,456,456,SA456P,SA456P,456,S,OK,True,True,True,True,True
AF,638,638,p.Trp458Ser,458,W,W,458,458,WA458S,WA458S,458,W,OK,True,True,True,True,True
AF,639,639,p.Trp458Leu,458,W,W,458,458,WA458L,WA458L,458,W,OK,True,True,True,True,True
AF,640,640,p.Ala460Val,460,A,A,460,460,AA460V,AA460V,460,A,OK,True,True,True,True,True
AF,641,641,p.Gly462Ala,462,G,G,462,462,GA462A,GA462A,462,G,OK,True,True,True,True,True
AF,642,642,p.Ala463Thr,463,A,A,463,463,AA463T,AA463T,463,A,OK,True,True,True,True,True
AF,643,643,p.Ala463Asp,463,A,A,463,463,AA463D,AA463D,463,A,OK,True,True,True,True,True
AF,644,644,p.Thr464Ala,464,T,T,464,464,TA464A,TA464A,464,T,OK,True,True,True,True,True
AF,645,645,p.Pro467Ala,467,P,P,467,467,PA467A,PA467A,467,P,OK,True,True,True,True,True
AF,646,646,p.Pro467Leu,467,P,P,467,467,PA467L,PA467L,467,P,OK,True,True,True,True,True
AF,647,647,p.Pro468Ala,468,P,P,468,468,PA468A,PA468A,468,P,OK,True,True,True,True,True
AF,648,648,p.Pro468Leu,468,P,P,468,468,PA468L,PA468L,468,P,OK,True,True,True,True,True
AF,649,649,p.Ser469Gly,469,S,S,469,469,SA469G,SA469G,469,S,OK,True,True,True,True,True
AF,650,650,p.Ser469Arg,469,S,S,469,469,SA469R,SA469R,469,S,OK,True,True,True,True,True
AF,651,651,p.Ser469Arg,469,S,S,469,469,SA469R,SA469R,469,S,OK,True,True,True,True,True
AF,652,652,p.Glu470Lys,470,E,E,470,470,EA470K,EA470K,470,E,OK,True,True,True,True,True
AF,653,653,p.Glu470Gly,470,E,E,470,470,EA470G,EA470G,470,E,OK,True,True,True,True,True
AF,654,654,p.Glu470Asp,470,E,E,470,470,EA470D,EA470D,470,E,OK,True,True,True,True,True
AF,655,655,p.Thr472Pro,472,T,T,472,472,TA472P,TA472P,472,T,OK,True,True,True,True,True
AF,656,656,p.Thr472Asn,472,T,T,472,472,TA472N,TA472N,472,T,OK,True,True,True,True,True
AF,657,657,p.Met473Val,473,M,M,473,473,MA473V,MA473V,473,M,OK,True,True,True,True,True
AF,658,658,p.Met473Thr,473,M,M,473,473,MA473T,MA473T,473,M,OK,True,True,True,True,True
AF,659,659,p.Met473Ile,473,M,M,473,473,MA473I,MA473I,473,M,OK,True,True,True,True,True
AF,660,660,p.Met473Ile,473,M,M,473,473,MA473I,MA473I,473,M,OK,True,True,True,True,True
AF,661,661,p.Arg474Met,474,R,R,474,474,RA474M,RA474M,474,R,OK,True,True,True,True,True
AF,662,662,p.Arg474Lys,474,R,R,474,474,RA474K,RA474K,474,R,OK,True,True,True,True,True
AF,663,663,p.Val475Ala,475,V,V,475,475,VA475A,VA475A,475,V,OK,True,True,True,True,True
AF,664,664,p.Leu476Val,476,L,L,476,476,LA476V,LA476V,476,L,OK,True,True,True,True,True
AF,665,665,p.Ala481Asp,481,A,A,481,481,AA481D,AA481D,481,A,OK,True,True,True,True,True
AF,666,666,p.Ala481Val,481,A,A,481,481,AA481V,AA481V,481,A,OK,True,True,True,True,True
AF,667,667,p.Arg482Pro,482,R,R,482,482,RA482P,RA482P,482,R,OK,True,True,True,True,True
AF,668,668,p.Arg482His,482,R,R,482,482,RA482H,RA482H,482,R,OK,True,True,True,True,True
AF,669,669,p.Val484Met,484,V,V,484,484,VA484M,VA484M,484,V,OK,True,True,True,True,True
AF,670,670,p.Ala485Thr,485,A,A,485,485,AA485T,AA485T,485,A,OK,True,True,True,True,True
AF,671,671,p.Leu486Val,486,L,L,486,486,LA486V,LA486V,486,L,OK,True,True,True,True,True
AF,672,672,p.Val488Leu,488,V,V,488,488,VA488L,VA488L,488,V,OK,True,True,True,True,True
AF,673,673,p.Ala490Pro,490,A,A,490,490,AA490P,AA490P,490,A,OK,True,True,True,True,True
AF,674,674,p.Ala490Thr,490,A,A,490,490,AA490T,AA490T,490,A,OK,True,True,True,True,True
AF,675,675,p.Ala490Val,490,A,A,490,490,AA490V,AA490V,490,A,OK,True,True,True,True,True
AF,676,676,p.Leu493Ile,493,L,L,493,493,LA493I,LA493I,493,L,OK,True,True,True,True,True
AF,677,677,p.Leu493Pro,493,L,L,493,493,LA493P,LA493P,493,L,OK,True,True,True,True,True
AF,678,678,p.Leu494Val,494,L,L,494,494,LA494V,LA494V,494,L,OK,True,True,True,True,True
AF,679,679,p.Leu494Arg,494,L,L,494,494,LA494R,LA494R,494,L,OK,True,True,True,True,True
AF,680,680,p.Asp495His,495,D,D,495,495,DA495H,DA495H,495,D,OK,True,True,True,True,True
AF,681,681,p.Asp495Tyr,495,D,D,495,495,DA495Y,DA495Y,495,D,OK,True,True,True,True,True
AF,682,682,p.Pro496Thr,496,P,P,496,496,PA496T,PA496T,496,P,OK,True,True,True,True,True
AF,683,683,p.Pro496Gln,496,P,P,496,496,PA496Q,PA496Q,496,P,OK,True,True,True,True,True
AF,684,684,p.Pro496Arg,496,P,P,496,496,PA496R,PA496R,496,P,OK,True,True,True,True,True
AF,685,685,p.Pro496Leu,496,P,P,496,496,PA496L,PA496L,496,P,OK,True,True,True,True,True
AF,686,686,p.Ala497Thr,497,A,A,497,497,AA497T,AA497T,497,A,OK,True,True,True,True,True
AF,687,687,p.Ala497Val,497,A,A,497,497,AA497V,AA497V,497,A,OK,True,True,True,True,True
AF,688,688,p.Leu498Phe,498,L,L,498,498,LA498F,LA498F,498,L,OK,True,True,True,True,True
AF,689,689,p.Leu498Val,498,L,L,498,498,LA498V,LA498V,498,L,OK,True,True,True,True,True
AF,690,690,p.Pro500Arg,500,P,P,500,500,PA500R,PA500R,500,P,OK,True,True,True,True,True
AF,691,691,p.Pro500Leu,500,P,P,500,500,PA500L,PA500L,500,P,OK,True,True,True,True,True
AF,692,692,p.Ala501Val,501,A,A,501,501,AA501V,AA501V,501,A,OK,True,True,True,True,True
AF,693,693,p.Asn502Asp,502,N,N,502,502,NA502D,NA502D,502,N,OK,True,True,True,True,True
AF,694,694,p.Asn502Lys,502,N,N,502,502,NA502K,NA502K,502,N,OK,True,True,True,True,True
AF,695,695,p.Asp503Asn,503,D,D,503,503,DA503N,DA503N,503,D,OK,True,True,True,True,True
AF,696,696,p.Ser504Pro,504,S,S,504,504,SA504P,SA504P,504,S,OK,True,True,True,True,True
AF,697,697,p.Ser505Gly,505,S,S,505,505,SA505G,SA505G,505,S,OK,True,True,True,True,True
AF,698,698,p.Ser505Ile,505,S,S,505,505,SA505I,SA505I,505,S,OK,True,True,True,True,True
AF,699,699,p.Arg506Thr,506,R,R,506,506,RA506T,RA506T,506,R,OK,True,True,True,True,True
AF,700,700,p.Ala507Val,507,A,A,507,507,AA507V,AA507V,507,A,OK,True,True,True,True,True
AF,701,701,p.Ala507Asp,507,A,A,507,507,AA507D,AA507D,507,A,OK,True,True,True,True,True
AF,702,702,p.Pro508Thr,508,P,P,508,508,PA508T,PA508T,508,P,OK,True,True,True,True,True
AF,703,703,p.Pro508Arg,508,P,P,508,508,PA508R,PA508R,508,P,OK,True,True,True,True,True
AF,704,704,p.Pro508Leu,508,P,P,508,508,PA508L,PA508L,508,P,OK,True,True,True,True,True
AF,705,705,p.Ser509Gly,509,S,S,509,509,SA509G,SA509G,509,S,OK,True,True,True,True,True
AF,706,706,p.Ser510Leu,510,S,S,510,510,SA510L,SA510L,510,S,OK,True,True,True,True,True
AF,707,707,p.Gly511Glu,511,G,G,511,511,GA511E,GA511E,511,G,OK,True,True,True,True,True
AF,708,708,p.Met512Ile,512,M,M,512,512,MA512I,MA512I,512,M,OK,True,True,True,True,True
AF,709,709,p.Ala514Thr,514,A,A,514,514,AA514T,AA514T,514,A,OK,True,True,True,True,True
AF,710,710,p.Ala514Ser,514,A,A,514,514,AA514S,AA514S,514,A,OK,True,True,True,True,True
AF,711,711,p.Ala514Val,514,A,A,514,514,AA514V,AA514V,514,A,OK,True,True,True,True,True
AF,712,712,p.Ser515Asn,515,S,S,515,515,SA515N,SA515N,515,S,OK,True,True,True,True,True
AF,713,713,p.Ser515Thr,515,S,S,515,515,SA515T,SA515T,515,S,OK,True,True,True,True,True
AF,714,714,p.Arg516Leu,516,R,R,516,516,RA516L,RA516L,516,R,OK,True,True,True,True,True
AF,715,715,p.Arg516Gln,516,R,R,516,516,RA516Q,RA516Q,516,R,OK,True,True,True,True,True
AF,716,716,p.Pro517Thr,517,P,P,517,517,PA517T,PA517T,517,P,OK,True,True,True,True,True
AF,717,717,p.Ala518Ser,518,A,A,518,518,AA518S,AA518S,518,A,OK,True,True,True,True,True
AF,718,718,p.Ala518Thr,518,A,A,518,518,AA518T,AA518T,518,A,OK,True,True,True,True,True
AF,719,719,p.Ala518Val,518,A,A,518,518,AA518V,AA518V,518,A,OK,True,True,True,True,True
AF,720,720,p.Leu519Ile,519,L,L,519,519,LA519I,LA519I,519,L,OK,True,True,True,True,True
AF,721,721,p.Ala520Gly,520,A,A,520,520,AA520G,AA520G,520,A,OK,True,True,True,True,True
AF,722,722,p.Asp521Gly,521,D,D,521,521,DA521G,DA521G,521,D,OK,True,True,True,True,True
AF,723,723,p.Asp521Ala,521,D,D,521,521,DA521A,DA521A,521,D,OK,True,True,True,True,True
AF,724,724,p.Ser522Gly,522,S,S,522,522,SA522G,SA522G,522,S,OK,True,True,True,True,True
AF,725,725,p.Ser522Ile,522,S,S,522,522,SA522I,SA522I,522,S,OK,True,True,True,True,True
AF,726,726,p.Phe523Ile,523,F,F,523,523,FA523I,FA523I,523,F,OK,True,True,True,True,True
AF,727,727,p.Tyr524His,524,Y,Y,524,524,YA524H,YA524H,524,Y,OK,True,True,True,True,True
AF,728,728,p.Tyr524Cys,524,Y,Y,524,524,YA524C,YA524C,524,Y,OK,True,True,True,True,True
AF,729,729,p.Ala525Val,525,A,A,525,525,AA525V,AA525V,525,A,OK,True,True,True,True,True
AF,730,730,p.Ile526Val,526,I,I,526,526,IA526V,IA526V,526,I,OK,True,True,True,True,True
AF,731,731,p.Ser527Cys,527,S,S,527,527,SA527C,SA527C,527,S,OK,True,True,True,True,True
AF,732,732,p.Tyr528His,528,Y,Y,528,528,YA528H,YA528H,528,Y,OK,True,True,True,True,True
AF,733,733,p.Leu529Phe,529,L,L,529,529,LA529F,LA529F,529,L,OK,True,True,True,True,True
AF,734,734,p.Leu529Arg,529,L,L,529,529,LA529R,LA529R,529,L,OK,True,True,True,True,True
AF,735,735,p.Tyr530His,530,Y,Y,530,530,YA530H,YA530H,530,Y,OK,True,True,True,True,True
AF,736,736,p.Tyr530Cys,530,Y,Y,530,530,YA530C,YA530C,530,Y,OK,True,True,True,True,True
AF,737,737,p.Gly532Cys,532,G,G,532,532,GA532C,GA532C,532,G,OK,True,True,True,True,True
AF,738,738,p.Gly532Ser,532,G,G,532,532,GA532S,GA532S,532,G,OK,True,True,True,True,True
AF,739,739,p.Ala533Thr,533,A,A,533,533,AA533T,AA533T,533,A,OK,True,True,True,True,True
AF,740,740,p.Ala533Asp,533,A,A,533,533,AA533D,AA533D,533,A,OK,True,True,True,True,True
AF,741,741,p.Leu534Pro,534,L,L,534,534,LA534P,LA534P,534,L,OK,True,True,True,True,True
AF,742,742,p.Gly535Ser,535,G,G,535,535,GA535S,GA535S,535,G,OK,True,True,True,True,True
AF,743,743,p.Gly535Asp,535,G,G,535,535,GA535D,GA535D,535,G,OK,True,True,True,True,True
AF,744,744,p.Thr536Met,536,T,T,536,536,TA536M,TA536M,536,T,OK,True,True,True,True,True
AF,745,745,p.Leu537Val,537,L,L,537,537,LA537V,LA537V,537,L,OK,True,True,True,True,True
AF,746,746,p.Leu537Pro,537,L,L,537,537,LA537P,LA537P,537,L,OK,True,True,True,True,True
AF,747,747,p.Thr538Ser,538,T,T,538,538,TA538S,TA538S,538,T,OK,True,True,True,True,True
AF,748,748,p.Leu541Pro,541,L,L,541,541,LA541P,LA541P,541,L,OK,True,True,True,True,True
AF,749,749,p.Gly543Arg,543,G,G,543,543,GA543R,GA543R,543,G,OK,True,True,True,True,True
AF,750,750,p.Ala544Asp,544,A,A,544,544,AA544D,AA544D,544,A,OK,True,True,True,True,True
AF,751,751,p.Leu545Phe,545,L,L,545,545,LA545F,LA545F,545,L,OK,True,True,True,True,True
AF,752,752,p.Ile546Leu,546,I,I,546,546,IA546L,IA546L,546,I,OK,True,True,True,True,True
AF,753,753,p.Ser547Gly,547,S,S,547,547,SA547G,SA547G,547,S,OK,True,True,True,True,True
AF,754,754,p.Ser547Ile,547,S,S,547,547,SA547I,SA547I,547,S,OK,True,True,True,True,True
AF,755,755,p.Cys548Tyr,548,C,C,548,548,CA548Y,CA548Y,548,C,OK,True,True,True,True,True
AF,756,756,p.Thr550Arg,550,T,T,550,550,TA550R,TA550R,550,T,OK,True,True,True,True,True
AF,757,757,p.Gly551Arg,551,G,G,551,551,GA551R,GA551R,551,G,OK,True,True,True,True,True
AF,758,758,p.Gly551Cys,551,G,G,551,551,GA551C,GA551C,551,G,OK,True,True,True,True,True
AF,759,759,p.Gly551Asp,551,G,G,551,551,GA551D,GA551D,551,G,OK,True,True,True,True,True
AF,760,760,p.Pro552Ser,552,P,P,552,552,PA552S,PA552S,552,P,OK,True,True,True,True,True
AF,761,761,p.Pro552Leu,552,P,P,552,552,PA552L,PA552L,552,P,OK,True,True,True,True,True
AF,762,762,p.Thr553Asn,553,T,T,553,553,TA553N,TA553N,553,T,OK,True,True,True,True,True
AF,763,763,p.Lys554Arg,554,K,K,554,554,KA554R,KA554R,554,K,OK,True,True,True,True,True
AF,764,764,p.Lys554Asn,554,K,K,554,554,KA554N,KA554N,554,K,OK,True,True,True,True,True
AF,765,765,p.Arg555Cys,555,R,R,555,555,RA555C,RA555C,555,R,OK,True,True,True,True,True
AF,766,766,p.Arg555Leu,555,R,R,555,555,RA555L,RA555L,555,R,OK,True,True,True,True,True
AF,767,767,p.Arg555His,555,R,R,555,555,RA555H,RA555H,555,R,OK,True,True,True,True,True
AF,768,768,p.Arg555Pro,555,R,R,555,555,RA555P,RA555P,555,R,OK,True,True,True,True,True
AF,769,769,p.Ser556Asn,556,S,S,556,556,SA556N,SA556N,556,S,OK,True,True,True,True,True
AF,770,770,p.Thr557Ile,557,T,T,557,557,TA557I,TA557I,557,T,OK,True,True,True,True,True
AF,771,771,p.Ala559Asp,559,A,A,559,559,AA559D,AA559D,559,A,OK,True,True,True,True,True
AF,772,772,p.Pro560Ala,560,P,P,560,560,PA560A,PA560A,560,P,OK,True,True,True,True,True
AF,773,773,p.Pro560Leu,560,P,P,560,560,PA560L,PA560L,560,P,OK,True,True,True,True,True
AF,774,774,p.Gly561Glu,561,G,G,561,561,GA561E,GA561E,561,G,OK,True,True,True,True,True
AF,775,775,p.Trp564Arg,564,W,W,564,564,WA564R,WA564R,564,W,OK,True,True,True,True,True
AF,776,776,p.Trp564Ser,564,W,W,564,564,WA564S,WA564S,564,W,OK,True,True,True,True,True
AF,777,777,p.Asp566Glu,566,D,D,566,566,DA566E,DA566E,566,D,OK,True,True,True,True,True
AF,778,778,p.Leu567Ile,567,L,L,567,567,LA567I,LA567I,567,L,OK,True,True,True,True,True
AF,779,779,p.Ala568Pro,568,A,A,568,568,AA568P,AA568P,568,A,OK,True,True,True,True,True
AF,780,780,p.Ala568Thr,568,A,A,568,568,AA568T,AA568T,568,A,OK,True,True,True,True,True
AF,781,781,p.Arg569Trp,569,R,R,569,569,RA569W,RA569W,569,R,OK,True,True,True,True,True
AF,782,782,p.Arg569Gln,569,R,R,569,569,RA569Q,RA569Q,569,R,OK,True,True,True,True,True
AF,783,783,p.Gln570His,570,Q,Q,570,570,QA570H,QA570H,570,Q,OK,True,True,True,True,True
AF,784,784,p.Thr571Ile,571,T,T,571,571,TA571I,TA571I,571,T,OK,True,True,True,True,True
AF,785,785,p.Ala572Val,572,A,A,572,572,AA572V,AA572V,572,A,OK,True,True,True,True,True
AF,786,786,p.Pro576Ser,576,P,P,576,576,PA576S,PA576S,576,P,OK,True,True,True,True,True
AF,787,787,p.Lys577Glu,577,K,K,577,577,KA577E,KA577E,577,K,OK,True,True,True,True,True
AF,788,788,p.Lys577Arg,577,K,K,577,577,KA577R,KA577R,577,K,OK,True,True,True,True,True
AF,789,789,p.Ala581Asp,581,A,A,581,581,AA581D,AA581D,581,A,OK,True,True,True,True,True
AF,790,790,p.Asp584Tyr,584,D,D,584,584,DA584Y,DA584Y,584,D,OK,True,True,True,True,True
AF,791,791,p.Asp584Ala,584,D,D,584,584,DA584A,DA584A,584,D,OK,True,True,True,True,True
AF,792,792,p.Asp585Gly,585,D,D,585,585,DA585G,DA585G,585,D,OK,True,True,True,True,True
AF,793,793,p.Asp585Glu,585,D,D,585,585,DA585E,DA585E,585,D,OK,True,True,True,True,True
AF,794,794,p.Asn586Ser,586,N,N,586,586,NA586S,NA586S,586,N,OK,True,True,True,True,True
AF,795,795,p.Leu587Phe,587,L,L,587,587,LA587F,LA587F,587,L,OK,True,True,True,True,True
AF,796,796,p.Val588Ile,588,V,V,588,588,VA588I,VA588I,588,V,OK,True,True,True,True,True
AF,797,797,p.Val588Asp,588,V,V,588,588,VA588D,VA588D,588,V,OK,True,True,True,True,True
AF,798,798,p.Lys589Glu,589,K,K,589,589,KA589E,KA589E,589,K,OK,True,True,True,True,True
AF,799,799,p.Lys589Asn,589,K,K,589,589,KA589N,KA589N,589,K,OK,True,True,True,True,True
AF,800,800,p.Gly590Arg,590,G,G,590,590,GA590R,GA590R,590,G,OK,True,True,True,True,True
AF,801,801,p.Gly590Ser,590,G,G,590,590,GA590S,GA590S,590,G,OK,True,True,True,True,True
AF,802,802,p.Glu592Val,592,E,E,592,592,EA592V,EA592V,592,E,OK,True,True,True,True,True
AF,803,803,p.Leu594Phe,594,L,L,594,594,LA594F,LA594F,594,L,OK,True,True,True,True,True
AF,804,804,p.Leu594Pro,594,L,L,594,594,LA594P,LA594P,594,L,OK,True,True,True,True,True
AF,805,805,p.Pro595Arg,595,P,P,595,595,PA595R,PA595R,595,P,OK,True,True,True,True,True
AF,806,806,p.Thr596Ala,596,T,T,596,596,TA596A,TA596A,596,T,OK,True,True,True,True,True
AF,807,807,p.Gly597Arg,597,G,G,597,597,GA597R,GA597R,597,G,OK,True,True,True,True,True
AF,808,808,p.Asn598Lys,598,N,N,598,598,NA598K,NA598K,598,N,OK,True,True,True,True,True
AF,809,809,p.Lys599Glu,599,K,K,599,599,KA599E,KA599E,599,K,OK,True,True,True,True,True
AF,810,810,p.Lys599Gln,599,K,K,599,599,KA599Q,KA599Q,599,K,OK,True,True,True,True,True
AF,811,811,p.Lys600Asn,600,K,K,600,600,KA600N,KA600N,600,K,OK,True,True,True,True,True
AF,812,812,p.Pro601Thr,601,P,P,601,601,PA601T,PA601T,601,P,OK,True,True,True,True,True
AF,813,813,p.Pro601Ser,601,P,P,601,601,PA601S,PA601S,601,P,OK,True,True,True,True,True
AF,814,814,p.Pro602Ser,602,P,P,602,602,PA602S,PA602S,602,P,OK,True,True,True,True,True
AF,815,815,p.Pro602Thr,602,P,P,602,602,PA602T,PA602T,602,P,OK,True,True,True,True,True
AF,816,816,p.Phe604Leu,604,F,F,604,604,FA604L,FA604L,604,F,OK,True,True,True,True,True
AF,817,817,p.Leu605Val,605,L,L,605,605,LA605V,LA605V,605,L,OK,True,True,True,True,True
AF,818,818,p.Pro606Thr,606,P,P,606,606,PA606T,PA606T,606,P,OK,True,True,True,True,True
AF,819,819,p.Pro606Leu,606,P,P,606,606,PA606L,PA606L,606,P,OK,True,True,True,True,True
AF,820,820,p.Thr607Ala,607,T,T,607,607,TA607A,TA607A,607,T,OK,True,True,True,True,True
AF,821,821,p.Thr607Ile,607,T,T,607,607,TA607I,TA607I,607,T,OK,True,True,True,True,True
AF,822,822,p.Asn608Ser,608,N,N,608,608,NA608S,NA608S,608,N,OK,True,True,True,True,True
AF,823,823,p.Asn608Lys,608,N,N,608,608,NA608K,NA608K,608,N,OK,True,True,True,True,True
AF,824,824,p.Glu609Lys,609,E,E,609,609,EA609K,EA609K,609,E,OK,True,True,True,True,True
AF,825,825,p.Arg611Ser,611,R,R,611,611,RA611S,RA611S,611,R,OK,True,True,True,True,True
AF,826,826,p.Arg611Cys,611,R,R,611,611,RA611C,RA611C,611,R,OK,True,True,True,True,True
AF,827,827,p.Arg611His,611,R,R,611,611,RA611H,RA611H,611,R,OK,True,True,True,True,True
AF,828,828,p.Phe614Ser,614,F,F,614,614,FA614S,FA614S,614,F,OK,True,True,True,True,True
AF,829,829,p.Phe614Leu,614,F,F,614,614,FA614L,FA614L,614,F,OK,True,True,True,True,True
AF,830,830,p.Leu615Phe,615,L,L,615,615,LA615F,LA615F,615,L,OK,True,True,True,True,True
AF,831,831,p.Gln617Arg,617,Q,Q,617,617,QA617R,QA617R,617,Q,OK,True,True,True,True,True
AF,832,832,p.Lys618Met,618,K,K,618,618,KA618M,KA618M,618,K,OK,True,True,True,True,True
AF,833,833,p.Lys618Arg,618,K,K,618,618,KA618R,KA618R,618,K,OK,True,True,True,True,True
AF,834,834,p.Leu620Val,620,L,L,620,620,LA620V,LA620V,620,L,OK,True,True,True,True,True
AF,835,835,p.Leu620Pro,620,L,L,620,620,LA620P,LA620P,620,L,OK,True,True,True,True,True
AF,836,836,p.Glu621Lys,621,E,E,621,621,EA621K,EA621K,621,E,OK,True,True,True,True,True
AF,837,837,p.Glu621Gln,621,E,E,621,621,EA621Q,EA621Q,621,E,OK,True,True,True,True,True
AF,838,838,p.Glu621Asp,621,E,E,621,621,EA621D,EA621D,621,E,OK,True,True,True,True,True
AF,839,839,p.Gly622Arg,622,G,G,622,622,GA622R,GA622R,622,G,OK,True,True,True,True,True
AF,840,840,p.Gly622Glu,622,G,G,622,622,GA622E,GA622E,622,G,OK,True,True,True,True,True
AF,841,841,p.Gly622Val,622,G,G,622,622,GA622V,GA622V,622,G,OK,True,True,True,True,True
AF,842,842,p.Ala623Pro,623,A,A,623,623,AA623P,AA623P,623,A,OK,True,True,True,True,True
AF,843,843,p.Ala623Thr,623,A,A,623,623,AA623T,AA623T,623,A,OK,True,True,True,True,True
AF,844,844,p.Ala623Ser,623,A,A,623,623,AA623S,AA623S,623,A,OK,True,True,True,True,True
AF,845,845,p.Gly624Cys,624,G,G,624,624,GA624C,GA624C,624,G,OK,True,True,True,True,True
AF,846,846,p.Ser625Cys,625,S,S,625,625,SA625C,SA625C,625,S,OK,True,True,True,True,True
AF,847,847,p.Trp626Leu,626,W,W,626,626,WA626L,WA626L,626,W,OK,True,True,True,True,True
AF,848,848,p.Thr627Asn,627,T,T,627,627,TA627N,TA627N,627,T,OK,True,True,True,True,True
AF,849,849,p.Pro628Leu,628,P,P,628,628,PA628L,PA628L,628,P,OK,True,True,True,True,True
AF,850,850,p.Pro628His,628,P,P,628,628,PA628H,PA628H,628,P,OK,True,True,True,True,True
AF,851,851,p.Cys629Arg,629,C,C,629,629,CA629R,CA629R,629,C,OK,True,True,True,True,True
AF,852,852,p.Cys629Tyr,629,C,C,629,629,CA629Y,CA629Y,629,C,OK,True,True,True,True,True
AF,853,853,p.Gly631Val,631,G,G,631,631,GA631V,GA631V,631,G,OK,True,True,True,True,True
AF,854,854,p.Gly634Ser,634,G,G,634,634,GA634S,GA634S,634,G,OK,True,True,True,True,True
AF,855,855,p.Gly635Cys,635,G,G,635,635,GA635C,GA635C,635,G,OK,True,True,True,True,True
AF,856,856,p.Arg636Gln,636,R,R,636,636,RA636Q,RA636Q,636,R,OK,True,True,True,True,True
AF,857,857,p.Arg636Pro,636,R,R,636,636,RA636P,RA636P,636,R,OK,True,True,True,True,True
AF,858,858,p.Arg636Leu,636,R,R,636,636,RA636L,RA636L,636,R,OK,True,True,True,True,True
AF,859,859,p.Gln638Lys,638,Q,Q,638,638,QA638K,QA638K,638,Q,OK,True,True,True,True,True
AF,860,860,p.Gln639Lys,639,Q,Q,639,639,QA639K,QA639K,639,Q,OK,True,True,True,True,True
AF,861,861,p.Glu640Ala,640,E,E,640,640,EA640A,EA640A,640,E,OK,True,True,True,True,True
AF,862,862,p.Thr641Ile,641,T,T,641,641,TA641I,TA641I,641,T,OK,True,True,True,True,True
AF,863,863,p.Leu643Val,643,L,L,643,643,LA643V,LA643V,643,L,OK,True,True,True,True,True
AF,864,865,p.Leu54Pro,54,L,L,54,54,LA54P,LA54P,54,L,OK,True,True,True,True,True
AF,865,866,p.Gly93Arg,93,G,G,93,93,GA93R,GA93R,93,G,OK,True,True,True,True,True
AF,866,867,p.Tyr137*,137,Y,Y,137,137,YA137X,YA137X,137,Y,OK,True,True,True,True,True
AF,867,872,p.Asp191Gly,191,D,D,191,191,DA191G,DA191G,191,D,OK,True,True,True,True,True
AF,868,873,p.Thr221=,221,T,T,221,221,TA221X,TA221X,221,T,OK,True,True,True,True,True
AF,869,874,p.Gly250Val,250,G,G,250,250,GA250V,GA250V,250,G,OK,True,True,True,True,True
AF,870,875,p.Gln263Leu,263,Q,Q,263,263,QA263L,QA263L,263,Q,OK,True,True,True,True,True
AF,871,876,p.Gln265Arg,265,Q,Q,265,265,QA265R,QA265R,265,Q,OK,True,True,True,True,True
AF,872,877,p.Val270Glu,270,V,V,270,270,VA270E,VA270E,270,V,OK,True,True,True,True,True
AF,873,878,p.Cys272*,272,C,C,272,272,CA272X,CA272X,272,C,OK,True,True,True,True,True
AF,874,880,p.Cys310=,310,C,C,310,310,CA310X,CA310X,310,C,OK,True,True,True,True,True
AF,875,882,p.Asp331Asn,331,D,D,331,331,DA331N,DA331N,331,D,OK,True,True,True,True,True
AF,876,883,p.Tyr348Asp,348,Y,Y,348,348,YA348D,YA348D,348,Y,OK,True,True,True,True,True
AF,877,884,p.Gly350Asp,350,G,G,350,350,GA350D,GA350D,350,G,OK,True,True,True,True,True
AF,878,885,p.Ser356Phe,356,S,S,356,356,SA356F,SA356F,356,S,OK,True,True,True,True,True
AF,879,886,p.Asp369Val,369,D,D,369,369,DA369V,DA369V,369,D,OK,True,True,True,True,True
AF,880,887,p.Lys388*,388,K,K,388,388,KA388X,KA388X,388,K,OK,True,True,True,True,True
AF,881,888,p.Leu408=,408,L,L,408,408,LA408X,LA408X,408,L,OK,True,True,True,True,True
AF,882,889,p.Gly421Arg,421,G,G,421,421,GA421R,GA421R,421,G,OK,True,True,True,True,True
AF,883,891,p.Arg516*,516,R,R,516,516,RA516X,RA516X,516,R,OK,True,True,True,True,True
AF,884,893,p.Cys542=,542,C,C,542,542,CA542X,CA542X,542,C,OK,True,True,True,True,True
AF,885,894,p.Gly543Glu,543,G,G,543,543,GA543E,GA543E,543,G,OK,True,True,True,True,True
AF,886,895,p.Ser547Arg,547,S,S,547,547,SA547R,SA547R,547,S,OK,True,True,True,True,True
AF,887,896,p.Leu562Met,562,L,L,562,562,LA562M,LA562M,562,L,OK,True,True,True,True,True
AF,888,897,p.Arg636*,636,R,R,636,636,RA636X,RA636X,636,R,OK,True,True,True,True,True
